job_id,title,company,location,description,skills,role_family,raw_title,title_short,country,schedule_type,work_from_home,source
1,Data Scientist II,"Radwell International, LLC",Anywhere,"Title short: Data Scientist. Schedule: Full-time. Remote: True. Country: United States. Skills: azure, excel, mongodb, pandas, python, r, spark, sql, sql server, windows.",azure;excel;mongodb;pandas;python;r;spark;sql;sql server;windows,data_science,Data Scientist II,Data Scientist,United States,Full-time,True,lukebarousse/data_jobs
2,Data Science Team Lead,Johns Hopkins Applied Physics Laboratory,"Laurel, MD","Title short: Data Scientist. Schedule: Full-time. Remote: False. Country: United States. Skills: apl, excel, go.",apl;excel;go,data_science,Data Science Team Lead,Data Scientist,United States,Full-time,False,lukebarousse/data_jobs
3,Data Scientist,Bitwise Solutions,"Pune, Maharashtra, India","Title short: Data Scientist. Schedule: Full-time. Remote: False. Country: India. Skills: c++, hadoop, java, python, r, scala, sql, tableau.",c++;hadoop;java;python;r;scala;sql;tableau,data_science,Data Scientist,Data Scientist,India,Full-time,False,lukebarousse/data_jobs
4,Data Scientist,Devoteam,"Zaventem, Belgium","Title short: Data Scientist. Schedule: Full-time. Remote: False. Country: Belgium. Skills: hadoop, matplotlib, numpy, pandas, python, r, scikit-learn, spark, sql.",hadoop;matplotlib;numpy;pandas;python;r;scikit-learn;spark;sql,data_science,Data Scientist,Data Scientist,Belgium,Full-time,False,lukebarousse/data_jobs
5,Data Scientist (DataLab Team),Semrush,Anywhere,Title short: Data Scientist. Schedule: Full-time. Remote: True. Country: Serbia. Skills: python.,python,data_science,Data Scientist (DataLab Team),Data Scientist,Serbia,Full-time,True,lukebarousse/data_jobs
6,CRM Data Specialist,Netskope,"San José Province, San José, Costa Rica","Title short: Data Scientist. Schedule: Full-time. Remote: False. Country: Costa Rica. Skills: excel, gdpr.",excel;gdpr,data_science,CRM Data Specialist,Data Scientist,Costa Rica,Full-time,False,lukebarousse/data_jobs
7,Sr. Data Scientist (NLP) - Full-time / Part-time,MCKESSON,"Dallas, TX","Title short: Data Scientist. Schedule: Full-time. Remote: False. Country: United States. Skills: azure, databricks, hadoop, nltk, pandas, pyspark, python, spark.",azure;databricks;hadoop;nltk;pandas;pyspark;python;spark,data_science,Sr. Data Scientist (NLP) - Full-time / Part-time,Data Scientist,United States,Full-time,False,lukebarousse/data_jobs
8,Data Scientist I,Appalachian Regional Healthcare,"Paris, KY","Title short: Data Scientist. Schedule: Full-time. Remote: False. Country: United States. Skills: c++, hadoop, java, python, r, scala, sql, tableau.",c++;hadoop;java;python;r;scala;sql;tableau,data_science,Data Scientist I,Data Scientist,United States,Full-time,False,lukebarousse/data_jobs
9,Binance Accelerator Program - Data Scientist (Risk Management),Binance,Singapore,"Title short: Data Scientist. Schedule: Contractor. Remote: False. Country: Singapore. Skills: java, python, scala.",java;python;scala,data_science,Binance Accelerator Program - Data Scientist (Risk Management),Data Scientist,Singapore,Contractor,False,lukebarousse/data_jobs
10,Data Scientist SME or Program Manager,Mavinsys,"Austin, TX","Title short: Data Scientist. Schedule: Contractor. Remote: False. Country: United States. Skills: css, databricks, git, html, javascript, linux, lua, redshift, snowflake, sql, tableau.",css;databricks;git;html;javascript;linux;lua;redshift;snowflake;sql;tableau,data_science,Data Scientist SME or Program Manager,Data Scientist,United States,Contractor,False,lukebarousse/data_jobs
11,Data Scientist,Mars,"São Paulo, State of São Paulo, Brazil","Title short: Data Scientist. Schedule: Full-time. Remote: False. Country: Brazil. Skills: azure, python, sql.",azure;python;sql,data_science,Data Scientist,Data Scientist,Brazil,Full-time,False,lukebarousse/data_jobs
12,Senior Data Scientist,Europcar Mobility Group,"Paris, France","Title short: Senior Data Scientist. Schedule: Full-time. Remote: False. Country: France. Skills: aws, gcp, python.",aws;gcp;python,data_science,Senior Data Scientist,Senior Data Scientist,France,Full-time,False,lukebarousse/data_jobs
13,Data Scientist,ClosedLoop,"Austin, TX","Title short: Data Scientist. Schedule: Full-time. Remote: False. Country: Sudan. Skills: go, python.",go;python,data_science,Data Scientist,Data Scientist,Sudan,Full-time,False,lukebarousse/data_jobs
14,Data Scientist,Infineon Technologies AG,"Villach, Austria","Title short: Data Scientist. Schedule: Full-time and Part-time. Remote: False. Country: Austria. Skills: git, javascript, jira, linux, matlab, perl, python, r, sql.",git;javascript;jira;linux;matlab;perl;python;r;sql,data_science,Data Scientist,Data Scientist,Austria,Full-time and Part-time,False,lukebarousse/data_jobs
15,Data Science,Pfizer,Brazil,"Title short: Data Scientist. Schedule: Full-time. Remote: False. Country: Brazil. Skills: airflow, angular, aws, git, javascript, jenkins, kubernetes, python, r, react, snowflake, sql.",airflow;angular;aws;git;javascript;jenkins;kubernetes;python;r;react;snowflake;sql,data_science,Data Science,Data Scientist,Brazil,Full-time,False,lukebarousse/data_jobs
16,Data Science Team Lead,GovTech Singapore,Singapore,"Title short: Data Scientist. Schedule: Full-time. Remote: False. Country: Singapore. Skills: python, qlik, r, tableau.",python;qlik;r;tableau,data_science,Data Science Team Lead,Data Scientist,Singapore,Full-time,False,lukebarousse/data_jobs
17,Data Scientist,Concurrent Technologies Corporation,Australia,"Title short: Data Scientist. Schedule: Full-time. Remote: False. Country: Australia. Skills: bash, git, hadoop, java, python, r, react, spark, sql, tableau, unix.",bash;git;hadoop;java;python;r;react;spark;sql;tableau;unix,data_science,Data Scientist,Data Scientist,Australia,Full-time,False,lukebarousse/data_jobs
18,Data Scientist,Talently,"Temuco, Chile","Title short: Data Scientist. Schedule: Full-time. Remote: False. Country: Chile. Skills: excel, numpy, pandas, python, sql, tableau, tensorflow.",excel;numpy;pandas;python;sql;tableau;tensorflow,data_science,Data Scientist,Data Scientist,Chile,Full-time,False,lukebarousse/data_jobs
19,"Data Scientist, Risk Data Mining - USDS",TikTok,"Mountain View, CA","Title short: Data Scientist. Schedule: Full-time. Remote: False. Country: United States. Skills: express, python, r, sql.",express;python;r;sql,data_science,"Data Scientist, Risk Data Mining - USDS",Data Scientist,United States,Full-time,False,lukebarousse/data_jobs
20,Data Scientist,Avangarde Consulting,"Rome, Metropolitan City of Rome Capital, Italy","Title short: Data Scientist. Schedule: Full-time. Remote: False. Country: Italy. Skills: java, python, r, sql.",java;python;r;sql,data_science,Data Scientist,Data Scientist,Italy,Full-time,False,lukebarousse/data_jobs
21,Data Scientist,University of Colorado Anschutz Medical Campus,"Aurora, CO","Title short: Data Scientist. Schedule: Full-time. Remote: False. Country: Sudan. Skills: aurora, bash, docker, git, linux, matplotlib, numpy, pandas, python, sql.",aurora;bash;docker;git;linux;matplotlib;numpy;pandas;python;sql,data_science,Data Scientist,Data Scientist,Sudan,Full-time,False,lukebarousse/data_jobs
22,Data Scientist,Stantec,"Atlanta, GA","Title short: Data Scientist. Schedule: Full-time. Remote: False. Country: United States. Skills: c#, python, r, sql.",c#;python;r;sql,data_science,Data Scientist,Data Scientist,United States,Full-time,False,lukebarousse/data_jobs
23,Azure Big Data Engineer,FHIOS Smart Knowledge,"Madrid, Spain","Title short: Data Scientist. Schedule: Full-time. Remote: False. Country: Spain. Skills: azure, scala.",azure;scala,data_science,Azure Big Data Engineer,Data Scientist,Spain,Full-time,False,lukebarousse/data_jobs
24,Data Scientist,4 Corner Resources,Anywhere,"Title short: Data Scientist. Schedule: Full-time. Remote: True. Country: United States. Skills: hadoop, python, r, spark, sql, t-sql, tableau.",hadoop;python;r;spark;sql;t-sql;tableau,data_science,Data Scientist,Data Scientist,United States,Full-time,True,lukebarousse/data_jobs
25,Global Data Scientist,Kimberly-Clark,Anywhere,"Title short: Data Scientist. Schedule: Full-time. Remote: True. Country: United States. Skills: azure, excel, power bi, powerpoint, python, r, sap, snowflake, sql.",azure;excel;power bi;powerpoint;python;r;sap;snowflake;sql,data_science,Global Data Scientist,Data Scientist,United States,Full-time,True,lukebarousse/data_jobs
26,DATA SCIENTIST,Joboss,"Madrid, Spain","Title short: Data Scientist. Schedule: Full-time. Remote: False. Country: Spain. Skills: git, hadoop, jira, python, r, spark, sql.",git;hadoop;jira;python;r;spark;sql,data_science,DATA SCIENTIST,Data Scientist,Spain,Full-time,False,lukebarousse/data_jobs
27,Data Scientist,LotusFlare,"Sunnyvale, CA","Title short: Data Scientist. Schedule: Full-time. Remote: False. Country: United States. Skills: aws, nosql, python, sql.",aws;nosql;python;sql,data_science,Data Scientist,Data Scientist,United States,Full-time,False,lukebarousse/data_jobs
28,Data Scientist Senior,Alaya Digital Solutions,"Santiago, Chile","Title short: Senior Data Scientist. Schedule: Full-time. Remote: False. Country: Chile. Skills: aws, azure, matlab, python, sql.",aws;azure;matlab;python;sql,data_science,Data Scientist Senior,Senior Data Scientist,Chile,Full-time,False,lukebarousse/data_jobs
29,Mid/ Senior Data Scientist with NLP,Trans.eu Group,Anywhere,"Title short: Data Scientist. Schedule: Full-time. Remote: True. Country: Poland. Skills: airflow, aws, git, keras, pyspark, python, pytorch, scikit-learn, snowflake, sql, tensorflow.",airflow;aws;git;keras;pyspark;python;pytorch;scikit-learn;snowflake;sql;tensorflow,data_science,Mid/ Senior Data Scientist with NLP,Data Scientist,Poland,Full-time,True,lukebarousse/data_jobs
30,Senior Data Scientist,Ratepay,"Berlin, Germany","Title short: Senior Data Scientist. Schedule: Full-time. Remote: False. Country: Germany. Skills: aws, python, sql, word.",aws;python;sql;word,data_science,Senior Data Scientist,Senior Data Scientist,Germany,Full-time,False,lukebarousse/data_jobs
31,Data Science Team Lead,StepStone Group,Anywhere,"Title short: Data Scientist. Schedule: Full-time. Remote: True. Country: United Kingdom. Skills: docker, react.",docker;react,data_science,Data Science Team Lead,Data Scientist,United Kingdom,Full-time,True,lukebarousse/data_jobs
32,Data Scientist I,Truist Inc,"Charlotte, NC","Title short: Data Scientist. Schedule: Full-time. Remote: False. Country: United States. Skills: hadoop, jquery, nosql, python, r, sas, spark, sql.",hadoop;jquery;nosql;python;r;sas;spark;sql,data_science,Data Scientist I,Data Scientist,United States,Full-time,False,lukebarousse/data_jobs
33,Data scientist - Actuaire Réassurance (H/F),ACM GIE,"Strasbourg, France","Title short: Data Scientist. Schedule: Full-time. Remote: False. Country: France. Skills: sas, vba.",sas;vba,data_science,Data scientist - Actuaire Réassurance (H/F),Data Scientist,France,Full-time,False,lukebarousse/data_jobs
34,Data Scientist,MAS Management Network,Anywhere,"Title short: Data Scientist. Schedule: Full-time. Remote: True. Country: Italy. Skills: airflow, gcp, github, microstrategy, oracle, power bi, sql.",airflow;gcp;github;microstrategy;oracle;power bi;sql,data_science,Data Scientist,Data Scientist,Italy,Full-time,True,lukebarousse/data_jobs
35,"Mission Data Scientist, Senior - Security Clearance Required",Booz Allen Hamilton,"Fayetteville, NC","Title short: Senior Data Scientist. Schedule: Full-time. Remote: False. Country: United States. Skills: docker, kubernetes, pandas, postgresql, python, r, splunk, tableau.",docker;kubernetes;pandas;postgresql;python;r;splunk;tableau,data_science,"Mission Data Scientist, Senior - Security Clearance Required",Senior Data Scientist,United States,Full-time,False,lukebarousse/data_jobs
36,"Data Scientist, Mid Jobs",Booz Allen Hamilton,"Washington, DC","Title short: Data Scientist. Schedule: Full-time. Remote: False. Country: United States. Skills: aws, azure, c++, docker, hadoop, java, kubernetes, python, r, spark.",aws;azure;c++;docker;hadoop;java;kubernetes;python;r;spark,data_science,"Data Scientist, Mid Jobs",Data Scientist,United States,Full-time,False,lukebarousse/data_jobs
37,Data Scientist Manager,Deloitte,Luxembourg,Title short: Data Scientist. Schedule: Full-time. Remote: False. Country: Luxembourg. Skills: sql.,sql,data_science,Data Scientist Manager,Data Scientist,Luxembourg,Full-time,False,lukebarousse/data_jobs
38,"Digital Analyst, Innovation",Cathay Pacific Airways Ltd,Hong Kong,"Title short: Data Scientist. Schedule: Full-time. Remote: False. Country: Hong Kong. Skills: confluence, jira.",confluence;jira,data_science,"Digital Analyst, Innovation",Data Scientist,Hong Kong,Full-time,False,lukebarousse/data_jobs
39,Senior Data Scientist,The Trade Desk,"London, UK","Title short: Senior Data Scientist. Schedule: Full-time. Remote: False. Country: United Kingdom. Skills: java, python, scala, spark, sql.",java;python;scala;spark;sql,data_science,Senior Data Scientist,Senior Data Scientist,United Kingdom,Full-time,False,lukebarousse/data_jobs
40,Biostatistician / Data Scientist,Leidos,"College Park, MD",Title short: Data Scientist. Schedule: Full-time. Remote: False. Country: United States. Skills: r.,r,data_science,Biostatistician / Data Scientist,Data Scientist,United States,Full-time,False,lukebarousse/data_jobs
41,Senior Data Scientist,TRM Labs,Anywhere,"Title short: Senior Data Scientist. Schedule: Full-time. Remote: True. Country: Sudan. Skills: git, python, sql.",git;python;sql,data_science,Senior Data Scientist,Senior Data Scientist,Sudan,Full-time,True,lukebarousse/data_jobs
42,Data Scientist (f/m/d) | Recommendation,eduki,Anywhere,"Title short: Data Scientist. Schedule: Full-time. Remote: True. Country: Germany. Skills: go, python, sql, windows.",go;python;sql;windows,data_science,Data Scientist (f/m/d) | Recommendation,Data Scientist,Germany,Full-time,True,lukebarousse/data_jobs
43,"Associate Director - Data Scientist, Ex-US Omni Channel",Gilead Sciences,"Foster City, CA",Title short: Data Scientist. Schedule: Full-time. Remote: False. Country: United States. Skills: aws.,aws,data_science,"Associate Director - Data Scientist, Ex-US Omni Channel",Data Scientist,United States,Full-time,False,lukebarousse/data_jobs
44,"Data / AI Scientist (Boston, MA)",Takeda,"Lexington, KY","Title short: Data Scientist. Schedule: Full-time. Remote: False. Country: United States. Skills: confluence, databricks, jira, python, r, spark.",confluence;databricks;jira;python;r;spark,data_science,"Data / AI Scientist (Boston, MA)",Data Scientist,United States,Full-time,False,lukebarousse/data_jobs
45,NATOIS-0008 Data Scientist (NS) - TUE 13 Jun,"EMW, Inc.","Brussels, Belgium","Title short: Data Scientist. Schedule: Full-time. Remote: False. Country: Belgium. Skills: aws, azure, c, hadoop, python, r, sql, tableau.",aws;azure;c;hadoop;python;r;sql;tableau,data_science,NATOIS-0008 Data Scientist (NS) - TUE 13 Jun,Data Scientist,Belgium,Full-time,False,lukebarousse/data_jobs
46,Data Scientist,JobLeads GmbH,"Milan, Metropolitan City of Milan, Italy","Title short: Data Scientist. Schedule: Full-time. Remote: False. Country: Italy. Skills: alteryx, c++, github, java, power bi, python, r, sap, scala, shell, sql.",alteryx;c++;github;java;power bi;python;r;sap;scala;shell;sql,data_science,Data Scientist,Data Scientist,Italy,Full-time,False,lukebarousse/data_jobs
47,Senior Clinical Data Scientist with focus on Statistical Programming,"Boehringer Ingelheim Pharmaceuticals, Inc",Anywhere,"Title short: Senior Data Scientist. Schedule: Full-time. Remote: True. Country: United States. Skills: r, sas.",r;sas,data_science,Senior Clinical Data Scientist with focus on Statistical Programming,Senior Data Scientist,United States,Full-time,True,lukebarousse/data_jobs
48,Power BI Data Analytics & Data Scientist,Emerson,"Maharashtra, India",Title short: Data Scientist. Schedule: Full-time. Remote: False. Country: India. Skills: power bi.,power bi,data_science,Power BI Data Analytics & Data Scientist,Data Scientist,India,Full-time,False,lukebarousse/data_jobs
49,Data Scientist,Nesine.com,Anywhere,"Title short: Data Scientist. Schedule: Full-time. Remote: True. Country: Turkey. Skills: elasticsearch, hadoop, kafka, keras, nosql, numpy, python, pytorch, scikit-learn, spark, sql, tableau, tensorflow.",elasticsearch;hadoop;kafka;keras;nosql;numpy;python;pytorch;scikit-learn;spark;sql;tableau;tensorflow,data_science,Data Scientist,Data Scientist,Turkey,Full-time,True,lukebarousse/data_jobs
50,Data Scientist,Kforce Inc,"Lewisville, TX","Title short: Data Scientist. Schedule: Contractor. Remote: False. Country: Sudan. Skills: matlab, python, r, sas, snowflake, sql.",matlab;python;r;sas;snowflake;sql,data_science,Data Scientist,Data Scientist,Sudan,Contractor,False,lukebarousse/data_jobs
51,Senior Bioinformatics Research Scientist- Data Scientist,St. Jude Children's Research Hospital,"Brighton, TN","Title short: Data Scientist. Schedule: Full-time. Remote: False. Country: United States. Skills: electron, r.",electron;r,data_science,Senior Bioinformatics Research Scientist- Data Scientist,Data Scientist,United States,Full-time,False,lukebarousse/data_jobs
52,Data Scientist Technology Risk (w/m/d),Ernst & Young GmbH,"Munich, Germany","Title short: Data Scientist. Schedule: Full-time. Remote: False. Country: Germany. Skills: excel, outlook, powerpoint, word.",excel;outlook;powerpoint;word,data_science,Data Scientist Technology Risk (w/m/d),Data Scientist,Germany,Full-time,False,lukebarousse/data_jobs
53,Sr. Data Scientist,McKesson,"Dallas, TX","Title short: Data Scientist. Schedule: Full-time. Remote: False. Country: United States. Skills: azure, databricks, hadoop, nltk, pandas, pyspark, python, spark.",azure;databricks;hadoop;nltk;pandas;pyspark;python;spark,data_science,Sr. Data Scientist,Data Scientist,United States,Full-time,False,lukebarousse/data_jobs
54,Data Scientist (m/w/d),Deutsche Bundesbank,"Frankfurt, Germany","Title short: Data Scientist. Schedule: Full-time. Remote: False. Country: Germany. Skills: aws, azure, java, python, r, sql.",aws;azure;java;python;r;sql,data_science,Data Scientist (m/w/d),Data Scientist,Germany,Full-time,False,lukebarousse/data_jobs
55,Chatbot Data Scientist,Futuri,Anywhere,"Title short: Data Scientist. Schedule: Full-time. Remote: True. Country: United States. Skills: aws, excel, git, javascript, mysql, nosql, python.",aws;excel;git;javascript;mysql;nosql;python,data_science,Chatbot Data Scientist,Data Scientist,United States,Full-time,True,lukebarousse/data_jobs
56,Mid level Data Scientist,HireMeFast LLC - Career Accelerator - Land A Job,Anywhere,"Title short: Data Scientist. Schedule: Full-time. Remote: True. Country: Canada. Skills: aws, gcp, python, r, sql.",aws;gcp;python;r;sql,data_science,Mid level Data Scientist,Data Scientist,Canada,Full-time,True,lukebarousse/data_jobs
57,Senior Data Scientist,DESAISIV,"Amman, Jordan","Title short: Senior Data Scientist. Schedule: Full-time. Remote: False. Country: Jordan. Skills: aws, azure, matplotlib, pandas, python, r, scala.",aws;azure;matplotlib;pandas;python;r;scala,data_science,Senior Data Scientist,Senior Data Scientist,Jordan,Full-time,False,lukebarousse/data_jobs
58,"Senior Data Scientist, Marketing",Vinted,"Amsterdam, Netherlands","Title short: Senior Data Scientist. Schedule: Full-time. Remote: False. Country: Netherlands. Skills: looker, python, r, sql, tableau.",looker;python;r;sql;tableau,data_science,"Senior Data Scientist, Marketing",Senior Data Scientist,Netherlands,Full-time,False,lukebarousse/data_jobs
59,"Data Scientist, Liquidity Management",Stripe,Anywhere,"Title short: Data Scientist. Schedule: Full-time. Remote: True. Country: Sudan. Skills: c++, matlab, python, r, spark, sql.",c++;matlab;python;r;spark;sql,data_science,"Data Scientist, Liquidity Management",Data Scientist,Sudan,Full-time,True,lukebarousse/data_jobs
60,Data Scientist 3 (8783) Jobs,HII Mission Technologies,"Fort Meade, MD",Title short: Data Scientist. Schedule: Full-time. Remote: False. Country: United States. Skills: go.,go,data_science,Data Scientist 3 (8783) Jobs,Data Scientist,United States,Full-time,False,lukebarousse/data_jobs
61,Data Scientist,SoKat,"Washington, DC","Title short: Data Scientist. Schedule: Full-time. Remote: False. Country: United States. Skills: aws, python, sql.",aws;python;sql,data_science,Data Scientist,Data Scientist,United States,Full-time,False,lukebarousse/data_jobs
62,Compensation HCM Analyst,Flexential,Texas,Title short: Data Scientist. Schedule: Full-time. Remote: False. Country: Sudan. Skills: excel.,excel,data_science,Compensation HCM Analyst,Data Scientist,Sudan,Full-time,False,lukebarousse/data_jobs
63,Marketing Data Scientist,Smartly Video and Display,"Taguig, Metro Manila, Philippines","Title short: Data Scientist. Schedule: nan. Remote: False. Country: Philippines. Skills: python, r, sql.",python;r;sql,data_science,Marketing Data Scientist,Data Scientist,Philippines,,False,lukebarousse/data_jobs
64,"Lead Data Scientist (Bangkok based, relocation provided)",Agoda,"Atlanta, GA","Title short: Data Scientist. Schedule: Full-time. Remote: False. Country: United States. Skills: pyspark, python, scala, sql.",pyspark;python;scala;sql,data_science,"Lead Data Scientist (Bangkok based, relocation provided)",Data Scientist,United States,Full-time,False,lukebarousse/data_jobs
65,Geospatial Intelligence Analyst,Fire and Emergency New Zealand,"Wellington, New Zealand","Title short: Data Scientist. Schedule: Full-time. Remote: False. Country: New Zealand. Skills: python, sql, sql server.",python;sql;sql server,data_science,Geospatial Intelligence Analyst,Data Scientist,New Zealand,Full-time,False,lukebarousse/data_jobs
66,Analytics Engineer,Epidemic Sound,"Stockholm, Sweden","Title short: Data Scientist. Schedule: Full-time. Remote: False. Country: Sweden. Skills: airflow, aws, bigquery, gcp, looker, python, snowflake, sql, terraform.",airflow;aws;bigquery;gcp;looker;python;snowflake;sql;terraform,data_science,Analytics Engineer,Data Scientist,Sweden,Full-time,False,lukebarousse/data_jobs
67,Senior Data Scientist,CAE,"Orlando, FL","Title short: Senior Data Scientist. Schedule: Full-time. Remote: False. Country: United States. Skills: aws, azure, c, hadoop, kafka, matlab, nosql, python, r, sas, sql, tensorflow.",aws;azure;c;hadoop;kafka;matlab;nosql;python;r;sas;sql;tensorflow,data_science,Senior Data Scientist,Senior Data Scientist,United States,Full-time,False,lukebarousse/data_jobs
68,Senior Data Scientist,MMS,"Miami, FL","Title short: Senior Data Scientist. Schedule: Full-time. Remote: False. Country: United States. Skills: java, julia, power bi, python, r.",java;julia;power bi;python;r,data_science,Senior Data Scientist,Senior Data Scientist,United States,Full-time,False,lukebarousse/data_jobs
69,Full Stack Data Scientist,Professional Engineering Consultants,"Wichita, KS","Title short: Data Scientist. Schedule: Full-time. Remote: False. Country: United States. Skills: angular, asp.net, c#, css, fortran, java, javascript, jquery, mongodb, mysql, node.js, php, python, r, react, sql.",angular;asp.net;c#;css;fortran;java;javascript;jquery;mongodb;mysql;node.js;php;python;r;react;sql,data_science,Full Stack Data Scientist,Data Scientist,United States,Full-time,False,lukebarousse/data_jobs
70,Forecasting Analyst,Straive,Anywhere,Title short: Data Scientist. Schedule: Full-time. Remote: True. Country: India. Skills: excel.,excel,data_science,Forecasting Analyst,Data Scientist,India,Full-time,True,lukebarousse/data_jobs
71,Data Scientist/Architect,Keysight Technologies,Singapore,"Title short: Data Scientist. Schedule: Full-time. Remote: False. Country: Singapore. Skills: mongo, mongodb, nosql.",mongo;mongodb;nosql,data_science,Data Scientist/Architect,Data Scientist,Singapore,Full-time,False,lukebarousse/data_jobs
72,Data Scientist,Médiane Système,"Brussels, Belgium","Title short: Data Scientist. Schedule: Full-time. Remote: False. Country: Belgium. Skills: hadoop, kafka, python, spark.",hadoop;kafka;python;spark,data_science,Data Scientist,Data Scientist,Belgium,Full-time,False,lukebarousse/data_jobs
73,Modeller Data Scientist,Nestlé,"Esplugues de Llobregat, Spain","Title short: Data Scientist. Schedule: Full-time. Remote: False. Country: Spain. Skills: excel, python, r, sql.",excel;python;r;sql,data_science,Modeller Data Scientist,Data Scientist,Spain,Full-time,False,lukebarousse/data_jobs
74,Senior Big Data Engineer/Data Scientist,"ECS Federal, LLC","Washington, DC","Title short: Data Scientist. Schedule: Full-time. Remote: False. Country: United States. Skills: git, linux, python, r.",git;linux;python;r,data_science,Senior Big Data Engineer/Data Scientist,Data Scientist,United States,Full-time,False,lukebarousse/data_jobs
75,Head of Data Science at Hire Resolve,Hire Resolve,South Africa,Title short: Data Scientist. Schedule: Full-time. Remote: False. Country: South Africa. Skills: c.,c,data_science,Head of Data Science at Hire Resolve,Data Scientist,South Africa,Full-time,False,lukebarousse/data_jobs
76,ML & Data Science - Working Student - B2B Solutions,JustWatch,Anywhere,"Title short: Data Scientist. Schedule: Part-time. Remote: True. Country: Germany. Skills: python, pytorch, snowflake.",python;pytorch;snowflake,data_science,ML & Data Science - Working Student - B2B Solutions,Data Scientist,Germany,Part-time,True,lukebarousse/data_jobs
77,Business analist/Data scientist,Gemeente Amsterdam,"Amsterdam, Netherlands",Title short: Data Scientist. Schedule: Full-time. Remote: False. Country: Netherlands. Skills: word.,word,data_science,Business analist/Data scientist,Data Scientist,Netherlands,Full-time,False,lukebarousse/data_jobs
78,Data Scientist/Analyst,Peraton,United States,Title short: Data Scientist. Schedule: Full-time. Remote: False. Country: United States. Skills: python.,python,data_science,Data Scientist/Analyst,Data Scientist,United States,Full-time,False,lukebarousse/data_jobs
79,Data Scientist,Deloitte,"Atlanta, GA","Title short: Data Scientist. Schedule: Full-time. Remote: False. Country: United States. Skills: aws, azure, docker, gcp, jupyter, keras, pandas, python, pytorch, scikit-learn, tensorflow.",aws;azure;docker;gcp;jupyter;keras;pandas;python;pytorch;scikit-learn;tensorflow,data_science,Data Scientist,Data Scientist,United States,Full-time,False,lukebarousse/data_jobs
80,Junior Data Scientist,Arkin,"Rotterdam, Netherlands","Title short: Data Scientist. Schedule: Full-time. Remote: False. Country: Netherlands. Skills: python, sql, word.",python;sql;word,data_science,Junior Data Scientist,Data Scientist,Netherlands,Full-time,False,lukebarousse/data_jobs
81,"Anaplan Consultant, Strategic Analytics - Data Science",Deloitte,"Panama City, FL","Title short: Data Scientist. Schedule: Full-time. Remote: False. Country: United States. Skills: datarobot, excel, outlook, powerpoint, python, r, sql, tableau.",datarobot;excel;outlook;powerpoint;python;r;sql;tableau,data_science,"Anaplan Consultant, Strategic Analytics - Data Science",Data Scientist,United States,Full-time,False,lukebarousse/data_jobs
82,Data Scientist,Digital India Corporation,"New Delhi, Delhi, India","Title short: Data Scientist. Schedule: Contractor. Remote: False. Country: India. Skills: excel, powerpoint, sas, sql, tableau.",excel;powerpoint;sas;sql;tableau,data_science,Data Scientist,Data Scientist,India,Contractor,False,lukebarousse/data_jobs
83,Data Scientist,Magna International,India,"Title short: Data Scientist. Schedule: Full-time. Remote: False. Country: India. Skills: azure, databricks, gdpr, power bi, unity.",azure;databricks;gdpr;power bi;unity,data_science,Data Scientist,Data Scientist,India,Full-time,False,lukebarousse/data_jobs
84,Lead AI Speech Data Scientist,TIGI HR ®,"Bengaluru, Karnataka, India","Title short: Data Scientist. Schedule: Full-time. Remote: False. Country: India. Skills: aws, bash, c++, gcp, java, python, pytorch, tensorflow.",aws;bash;c++;gcp;java;python;pytorch;tensorflow,data_science,Lead AI Speech Data Scientist,Data Scientist,India,Full-time,False,lukebarousse/data_jobs
85,Data Scientist,PublicisGroupe,"Kuala Lumpur, Federal Territory of Kuala Lumpur, Malaysia","Title short: Data Scientist. Schedule: Full-time. Remote: False. Country: Malaysia. Skills: aws, hadoop, linux, python, r, spark, sql.",aws;hadoop;linux;python;r;spark;sql,data_science,Data Scientist,Data Scientist,Malaysia,Full-time,False,lukebarousse/data_jobs
86,"Manager/Assistant Manager (Data Scientist/Engineer), SCALE ...",National University of Singapore,Singapore,"Title short: Data Engineer. Schedule: Full-time. Remote: False. Country: Singapore. Skills: numpy, pandas, power bi, python, qlik, sql, tableau.",numpy;pandas;power bi;python;qlik;sql;tableau,data_science,"Manager/Assistant Manager (Data Scientist/Engineer), SCALE ...",Data Engineer,Singapore,Full-time,False,lukebarousse/data_jobs
87,Data Scientist - Business Analytics - Chase,Jobleads-UK,"London, UK","Title short: Data Scientist. Schedule: Full-time. Remote: False. Country: United Kingdom. Skills: python, sql.",python;sql,data_science,Data Scientist - Business Analytics - Chase,Data Scientist,United Kingdom,Full-time,False,lukebarousse/data_jobs
88,Data Scientist III,Conduent,Anywhere,"Title short: Data Scientist. Schedule: Full-time. Remote: True. Country: Sudan. Skills: azure, sql, ssis.",azure;sql;ssis,data_science,Data Scientist III,Data Scientist,Sudan,Full-time,True,lukebarousse/data_jobs
89,Senior People Analytics and Surveys Specialist - Remote,Hempel A/S,Anywhere,Title short: Data Scientist. Schedule: Full-time. Remote: True. Country: Poland. Skills: r.,r,data_science,Senior People Analytics and Surveys Specialist - Remote,Data Scientist,Poland,Full-time,True,lukebarousse/data_jobs
90,AI/ML Health Data Scientist Managing Consultant,Guidehouse,"Dallas, TX","Title short: Data Scientist. Schedule: Full-time. Remote: False. Country: Sudan. Skills: power bi, python, r, sas, tableau.",power bi;python;r;sas;tableau,data_science,AI/ML Health Data Scientist Managing Consultant,Data Scientist,Sudan,Full-time,False,lukebarousse/data_jobs
91,Lead Data Scientist,The Hong Kong Jockey Club,Hong Kong,"Title short: Data Scientist. Schedule: Full-time. Remote: False. Country: Hong Kong. Skills: c#, python, r, sql, vba.",c#;python;r;sql;vba,data_science,Lead Data Scientist,Data Scientist,Hong Kong,Full-time,False,lukebarousse/data_jobs
92,Data Scientist Technical Specialist,Peraton,"Reston, VA",Title short: Data Scientist. Schedule: Full-time. Remote: False. Country: United States. Skills: tableau.,tableau,data_science,Data Scientist Technical Specialist,Data Scientist,United States,Full-time,False,lukebarousse/data_jobs
93,Data Scientist,DeepScenario GmbH,"Stuttgart, Germany",Title short: Data Scientist. Schedule: Full-time. Remote: False. Country: Germany. Skills: python.,python,data_science,Data Scientist,Data Scientist,Germany,Full-time,False,lukebarousse/data_jobs
94,Junior Data Scientist,ATS Relab,"Milan, Metropolitan City of Milan, Italy","Title short: Data Scientist. Schedule: Full-time. Remote: False. Country: Italy. Skills: aws, azure, elasticsearch, flow, mongodb, nosql, postgresql, python.",aws;azure;elasticsearch;flow;mongodb;nosql;postgresql;python,data_science,Junior Data Scientist,Data Scientist,Italy,Full-time,False,lukebarousse/data_jobs
95,Data Scientist,Hiring Machine,"Brasília - Brasilia, Federal District, Brazil","Title short: Data Scientist. Schedule: Full-time. Remote: False. Country: Brazil. Skills: matplotlib, numpy, pandas, python, scikit-learn, sql.",matplotlib;numpy;pandas;python;scikit-learn;sql,data_science,Data Scientist,Data Scientist,Brazil,Full-time,False,lukebarousse/data_jobs
96,Jnr Data Scientist for exciting projects with Global Clients ...,Upwork,Anywhere,"Title short: Data Scientist. Schedule: Full-time. Remote: True. Country: Sudan. Skills: aws, azure, excel, powerpoint, python, r, tidyverse.",aws;azure;excel;powerpoint;python;r;tidyverse,data_science,Jnr Data Scientist for exciting projects with Global Clients ...,Data Scientist,Sudan,Full-time,True,lukebarousse/data_jobs
97,Data Defense Developer - USDS,TikTok,"Mountain View, CA","Title short: Data Scientist. Schedule: Full-time. Remote: False. Country: United States. Skills: aws, bitbucket, express, github, go, java, kafka, mongo, numpy, pandas, python, redis.",aws;bitbucket;express;github;go;java;kafka;mongo;numpy;pandas;python;redis,data_science,Data Defense Developer - USDS,Data Scientist,United States,Full-time,False,lukebarousse/data_jobs
98,Data Scientist,Beonit,"Barcelona, Spain","Title short: Data Scientist. Schedule: Full-time. Remote: False. Country: Spain. Skills: oracle, pyspark, r, spark.",oracle;pyspark;r;spark,data_science,Data Scientist,Data Scientist,Spain,Full-time,False,lukebarousse/data_jobs
99,AI/ML Health Data Scientist - Senior Consultant,Guidehouse,"Union City, GA","Title short: Senior Data Scientist. Schedule: Full-time. Remote: False. Country: United States. Skills: power bi, python, r, sas, tableau.",power bi;python;r;sas;tableau,data_science,AI/ML Health Data Scientist - Senior Consultant,Senior Data Scientist,United States,Full-time,False,lukebarousse/data_jobs
100,OSINT Analyst Jobs,Booz Allen Hamilton,"Kaunas, Kaunas City Municipality, Lithuania",Title short: Data Scientist. Schedule: Full-time. Remote: False. Country: Lithuania. Skills: c.,c,data_science,OSINT Analyst Jobs,Data Scientist,Lithuania,Full-time,False,lukebarousse/data_jobs
101,Senior or Principal Data Scientist (m/w/d),Boehringer Ingelheim,"Biberach, Germany","Title short: Data Scientist. Schedule: Full-time. Remote: False. Country: Germany. Skills: julia, python, r.",julia;python;r,data_science,Senior or Principal Data Scientist (m/w/d),Data Scientist,Germany,Full-time,False,lukebarousse/data_jobs
102,Data Scientist,Talently,"Agricultura 4-A, Ecatepec de Morelos, Méx., Mexico","Title short: Data Scientist. Schedule: Full-time. Remote: False. Country: Mexico. Skills: excel, numpy, pandas, python, sql, tableau, tensorflow.",excel;numpy;pandas;python;sql;tableau;tensorflow,data_science,Data Scientist,Data Scientist,Mexico,Full-time,False,lukebarousse/data_jobs
103,"Data Scientist, Computational Biology",NewLimit,"South San Francisco, CA","Title short: Data Scientist. Schedule: Full-time. Remote: False. Country: United States. Skills: numpy, pandas, python, unix.",numpy;pandas;python;unix,data_science,"Data Scientist, Computational Biology",Data Scientist,United States,Full-time,False,lukebarousse/data_jobs
104,Data Scientist,MRJ Recruitment,United Kingdom,"Title short: Data Scientist. Schedule: Full-time. Remote: False. Country: United Kingdom. Skills: python, sql.",python;sql,data_science,Data Scientist,Data Scientist,United Kingdom,Full-time,False,lukebarousse/data_jobs
105,Data Science (NLP Research and Analytics) work from home...,IGurus Consultancy Services LLP,Anywhere,"Title short: Data Scientist. Schedule: Part-time. Remote: True. Country: India. Skills: django, flask, flow, python.",django;flask;flow;python,data_science,Data Science (NLP Research and Analytics) work from home...,Data Scientist,India,Part-time,True,lukebarousse/data_jobs
106,Consultor/A Big Data,Krell Consulting,"Las Palmas de Gran Canaria, Spain","Title short: Data Scientist. Schedule: Full-time. Remote: False. Country: Spain. Skills: julia, microstrategy, power bi, sas.",julia;microstrategy;power bi;sas,data_science,Consultor/A Big Data,Data Scientist,Spain,Full-time,False,lukebarousse/data_jobs
107,Sr People Analytics Data Scientist,Workday,"Dublin, Ireland","Title short: Data Scientist. Schedule: Full-time. Remote: False. Country: Ireland. Skills: python, r.",python;r,data_science,Sr People Analytics Data Scientist,Data Scientist,Ireland,Full-time,False,lukebarousse/data_jobs
108,Data Scientist – Flexible Hybrid Model,Archer Recruitment,Anywhere,Title short: Data Scientist. Schedule: Full-time. Remote: True. Country: Ireland. Skills: python.,python,data_science,Data Scientist – Flexible Hybrid Model,Data Scientist,Ireland,Full-time,True,lukebarousse/data_jobs
109,Data Scientist - Clearance Required - Security Clearance Required,LMI,"Springfield, VA","Title short: Data Scientist. Schedule: Full-time. Remote: False. Country: United States. Skills: python, sql.",python;sql,data_science,Data Scientist - Clearance Required - Security Clearance Required,Data Scientist,United States,Full-time,False,lukebarousse/data_jobs
110,Data Scientist,NTT DATA,"Hyderabad, Telangana, India","Title short: Data Scientist. Schedule: Full-time. Remote: False. Country: India. Skills: azure, flow, power bi, python, r, sap, tableau, tensorflow.",azure;flow;power bi;python;r;sap;tableau;tensorflow,data_science,Data Scientist,Data Scientist,India,Full-time,False,lukebarousse/data_jobs
111,Senior Data Scientist (REMOTE POSITION),"UpHealth, Inc.",Anywhere,"Title short: Senior Data Scientist. Schedule: Full-time. Remote: True. Country: India. Skills: aws, azure, gcp.",aws;azure;gcp,data_science,Senior Data Scientist (REMOTE POSITION),Senior Data Scientist,India,Full-time,True,lukebarousse/data_jobs
112,Regalix India - Data Scientist - Machine Learning/Tableau,Regalix India Pvt Ltd,"Bengaluru, Karnataka, India","Title short: Data Scientist. Schedule: Full-time. Remote: False. Country: India. Skills: sas, tableau.",sas;tableau,data_science,Regalix India - Data Scientist - Machine Learning/Tableau,Data Scientist,India,Full-time,False,lukebarousse/data_jobs
113,Senior Data Scientist (Remote),Prime Holding,"Plovdiv, Bulgaria","Title short: Senior Data Scientist. Schedule: Full-time. Remote: False. Country: Bulgaria. Skills: go, python, r, tableau.",go;python;r;tableau,data_science,Senior Data Scientist (Remote),Senior Data Scientist,Bulgaria,Full-time,False,lukebarousse/data_jobs
114,Senior Data Scientist,Walmart,"Carrollton, GA","Title short: Senior Data Scientist. Schedule: Full-time. Remote: False. Country: United States. Skills: gcp, nosql, python, r, scala, spark, sql, tensorflow.",gcp;nosql;python;r;scala;spark;sql;tensorflow,data_science,Senior Data Scientist,Senior Data Scientist,United States,Full-time,False,lukebarousse/data_jobs
115,Senior Data Analyst/Data Scientist,Adecco,"Mantua, Province of Mantua, Italy","Title short: Senior Data Analyst. Schedule: Full-time. Remote: False. Country: Italy. Skills: aws, azure, bash, c, gcp, git, hadoop, java, mongodb, neo4j, nosql, power bi, pyspark, python, qlik, r, scala, spark, sql, tableau.",aws;azure;bash;c;gcp;git;hadoop;java;mongodb;neo4j;nosql;power bi;pyspark;python;qlik;r;scala;spark;sql;tableau,data_science,Senior Data Analyst/Data Scientist,Senior Data Analyst,Italy,Full-time,False,lukebarousse/data_jobs
116,Experienced Data Scientist,BOEING,"Bengaluru, Karnataka, India","Title short: Data Scientist. Schedule: Full-time. Remote: False. Country: India. Skills: c++, matlab, power bi, python, pytorch, r, tableau, tensorflow.",c++;matlab;power bi;python;pytorch;r;tableau;tensorflow,data_science,Experienced Data Scientist,Data Scientist,India,Full-time,False,lukebarousse/data_jobs
117,Data Scientist I,MasterCard,United States,"Title short: Data Scientist. Schedule: Full-time. Remote: False. Country: Sudan. Skills: hadoop, keras, python, pytorch, r, spark, sql, tensorflow.",hadoop;keras;python;pytorch;r;spark;sql;tensorflow,data_science,Data Scientist I,Data Scientist,Sudan,Full-time,False,lukebarousse/data_jobs
118,Deep learning engineer/ Data scientist (computer vision or nlp...,Paxcom India Pvt. Ltd,"New Delhi, Delhi, India","Title short: Data Scientist. Schedule: Full-time. Remote: False. Country: India. Skills: angular, aws, bash, docker, java, jenkins, kubernetes, linux, matplotlib, numpy, postgresql, python, pytorch, scikit-learn, spark, tensorflow.",angular;aws;bash;docker;java;jenkins;kubernetes;linux;matplotlib;numpy;postgresql;python;pytorch;scikit-learn;spark;tensorflow,data_science,Deep learning engineer/ Data scientist (computer vision or nlp...,Data Scientist,India,Full-time,False,lukebarousse/data_jobs
119,"Intern, Data Science",Munich Re,Singapore,"Title short: Data Scientist. Schedule: Internship. Remote: False. Country: Singapore. Skills: azure, c#, power bi, python, r, rshiny.",azure;c#;power bi;python;r;rshiny,data_science,"Intern, Data Science",Data Scientist,Singapore,Internship,False,lukebarousse/data_jobs
120,Data Scientist with German (m/f/d),Magna International,"Graz, Austria","Title short: Data Scientist. Schedule: Full-time. Remote: False. Country: Austria. Skills: aws, docker, gdpr, git, hadoop, python, r, spark, sql, tableau, tensorflow, unity.",aws;docker;gdpr;git;hadoop;python;r;spark;sql;tableau;tensorflow;unity,data_science,Data Scientist with German (m/f/d),Data Scientist,Austria,Full-time,False,lukebarousse/data_jobs
121,"Senior Data Scientist, Product",Shakepay Inc.,Canada,"Title short: Senior Data Scientist. Schedule: Full-time. Remote: False. Country: Canada. Skills: python, r, snowflake, sql.",python;r;snowflake;sql,data_science,"Senior Data Scientist, Product",Senior Data Scientist,Canada,Full-time,False,lukebarousse/data_jobs
122,Senior Data Scientist - AI/ML,TIAA,"Frisco, TX","Title short: Senior Data Scientist. Schedule: Full-time. Remote: False. Country: United States. Skills: aws, azure, css, docker, html, javascript, kubernetes, python.",aws;azure;css;docker;html;javascript;kubernetes;python,data_science,Senior Data Scientist - AI/ML,Senior Data Scientist,United States,Full-time,False,lukebarousse/data_jobs
123,Data Scientist,Kforce Inc,"Rockledge, FL","Title short: Data Scientist. Schedule: Contractor. Remote: False. Country: United States. Skills: excel, qlik, sql, tableau.",excel;qlik;sql;tableau,data_science,Data Scientist,Data Scientist,United States,Contractor,False,lukebarousse/data_jobs
124,Senior Data Scientist,Deloitte,"Gilbert, AZ","Title short: Senior Data Scientist. Schedule: Full-time. Remote: False. Country: Sudan. Skills: aws, azure, docker, excel, gcp, jenkins, kubernetes, linux, matlab, nosql, r, sas, spark, spss, sql, windows.",aws;azure;docker;excel;gcp;jenkins;kubernetes;linux;matlab;nosql;r;sas;spark;spss;sql;windows,data_science,Senior Data Scientist,Senior Data Scientist,Sudan,Full-time,False,lukebarousse/data_jobs
125,Junior Data Scientist,Orbis Operations,United States,"Title short: Data Scientist. Schedule: Full-time. Remote: False. Country: United States. Skills: excel, oracle, python, r, sql.",excel;oracle;python;r;sql,data_science,Junior Data Scientist,Data Scientist,United States,Full-time,False,lukebarousse/data_jobs
126,Senior Data Scientist,SOSi,"Semmes, AL","Title short: Senior Data Scientist. Schedule: Full-time. Remote: False. Country: United States. Skills: gitlab, kafka, kubernetes, linux, neo4j, numpy, python, pytorch, r, sql, tableau, tensorflow.",gitlab;kafka;kubernetes;linux;neo4j;numpy;python;pytorch;r;sql;tableau;tensorflow,data_science,Senior Data Scientist,Senior Data Scientist,United States,Full-time,False,lukebarousse/data_jobs
127,Data Scientist,Algoscale,Anywhere,"Title short: Data Scientist. Schedule: Full-time. Remote: True. Country: India. Skills: aws, java, mongodb, nosql, postgresql, python, r, sql.",aws;java;mongodb;nosql;postgresql;python;r;sql,data_science,Data Scientist,Data Scientist,India,Full-time,True,lukebarousse/data_jobs
128,Product Director Data Science,Metropolitan Transportation Authority (MTA),United States,"Title short: Data Scientist. Schedule: Full-time. Remote: False. Country: Sudan. Skills: docker, git, go, python, r.",docker;git;go;python;r,data_science,Product Director Data Science,Data Scientist,Sudan,Full-time,False,lukebarousse/data_jobs
129,Data Scientist (Remote),PriceLabs,"Chicago, IL",Title short: Data Scientist. Schedule: Full-time. Remote: False. Country: United States. Skills: sql.,sql,data_science,Data Scientist (Remote),Data Scientist,United States,Full-time,False,lukebarousse/data_jobs
130,Data Scientist (Mid-Level) (Remote),USAA,"Rocky Mount, NC",Title short: Data Scientist. Schedule: Full-time. Remote: False. Country: United States. Skills: python.,python,data_science,Data Scientist (Mid-Level) (Remote),Data Scientist,United States,Full-time,False,lukebarousse/data_jobs
131,"Data Scientist, Journeyman Jobs",BigBear.ai,"Arlington, TX","Title short: Data Scientist. Schedule: Full-time. Remote: False. Country: United States. Skills: spark, sql.",spark;sql,data_science,"Data Scientist, Journeyman Jobs",Data Scientist,United States,Full-time,False,lukebarousse/data_jobs
132,"Director, Data Science",American Credit Acceptance,"Spartanburg, SC","Title short: Data Scientist. Schedule: Full-time. Remote: False. Country: United States. Skills: go, python, r, sql, tableau.",go;python;r;sql;tableau,data_science,"Director, Data Science",Data Scientist,United States,Full-time,False,lukebarousse/data_jobs
133,BI and Data Visualization Specialist,"Rollins, Inc.","Atlanta, GA","Title short: Data Scientist. Schedule: Full-time. Remote: False. Country: United States. Skills: azure, excel, oracle, power bi, powershell, spreadsheet, sql, ssis, vba, visual basic, windows.",azure;excel;oracle;power bi;powershell;spreadsheet;sql;ssis;vba;visual basic;windows,data_science,BI and Data Visualization Specialist,Data Scientist,United States,Full-time,False,lukebarousse/data_jobs
134,Senior Data Scientist,Capgemini,Luxembourg,"Title short: Senior Data Scientist. Schedule: Full-time. Remote: False. Country: Luxembourg. Skills: aws, azure, c, c++, git, java, python, pytorch, scala, tensorflow, vue.",aws;azure;c;c++;git;java;python;pytorch;scala;tensorflow;vue,data_science,Senior Data Scientist,Senior Data Scientist,Luxembourg,Full-time,False,lukebarousse/data_jobs
135,Lead Data Scientist,Adform Sp. z o.o.,Finland,"Title short: Data Scientist. Schedule: Full-time. Remote: False. Country: Finland. Skills: aws, git, hadoop, java, nosql, python, scala, spark, sql, word.",aws;git;hadoop;java;nosql;python;scala;spark;sql;word,data_science,Lead Data Scientist,Data Scientist,Finland,Full-time,False,lukebarousse/data_jobs
136,Data Analytics Developer,E*Pro Inc,"Culver City, CA","Title short: Data Scientist. Schedule: Full-time. Remote: False. Country: United States. Skills: oracle, shell, snowflake, sql, sql server, unix.",oracle;shell;snowflake;sql;sql server;unix,data_science,Data Analytics Developer,Data Scientist,United States,Full-time,False,lukebarousse/data_jobs
137,Data Scientist - Pricing analyst,Careermap,United Kingdom,"Title short: Data Scientist. Schedule: Full-time. Remote: False. Country: United Kingdom. Skills: python, r, sql.",python;r;sql,data_science,Data Scientist - Pricing analyst,Data Scientist,United Kingdom,Full-time,False,lukebarousse/data_jobs
138,Data Scientist,IQVIA,Anywhere,"Title short: Data Scientist. Schedule: Full-time. Remote: True. Country: United States. Skills: airflow, aws, elasticsearch, git, keras, nosql, power bi, python, pytorch, redshift, sas, scikit-learn, spark, tableau, tensorflow.",airflow;aws;elasticsearch;git;keras;nosql;power bi;python;pytorch;redshift;sas;scikit-learn;spark;tableau;tensorflow,data_science,Data Scientist,Data Scientist,United States,Full-time,True,lukebarousse/data_jobs
139,Data Scientist Jobs,Barbaricum,"Tampa, FL","Title short: Data Scientist. Schedule: Full-time. Remote: False. Country: United States. Skills: c++, python, r.",c++;python;r,data_science,Data Scientist Jobs,Data Scientist,United States,Full-time,False,lukebarousse/data_jobs
140,Data Scientist,Tyrads PTE. LTD.,"Bali, Indonesia","Title short: Data Scientist. Schedule: Full-time. Remote: False. Country: Indonesia. Skills: aws, azure, gcp, hadoop, power bi, python, r, spark, tableau.",aws;azure;gcp;hadoop;power bi;python;r;spark;tableau,data_science,Data Scientist,Data Scientist,Indonesia,Full-time,False,lukebarousse/data_jobs
141,Reports Analyst,WorldSource Healthcare,"Manila, Metro Manila, Philippines","Title short: Data Scientist. Schedule: Full-time. Remote: False. Country: Philippines. Skills: excel, spreadsheet.",excel;spreadsheet,data_science,Reports Analyst,Data Scientist,Philippines,Full-time,False,lukebarousse/data_jobs
142,"BAU-Data Scientist, Azure- Reinforcement",Wipro,"Hyderabad, Telangana, India",Title short: Data Scientist. Schedule: Full-time. Remote: False. Country: India. Skills: flow.,flow,data_science,"BAU-Data Scientist, Azure- Reinforcement",Data Scientist,India,Full-time,False,lukebarousse/data_jobs
143,Entry Level Programmer/Coder/Developer/Data Scientist/Analyst/Engineer,SynergisticIT,"Indianapolis, IN","Title short: Data Scientist. Schedule: Part-time and Contractor. Remote: False. Country: United States. Skills: django, python, scala.",django;python;scala,data_science,Entry Level Programmer/Coder/Developer/Data Scientist/Analyst/Engineer,Data Scientist,United States,Part-time and Contractor,False,lukebarousse/data_jobs
144,Data Scientist(Junior),SynergisticIT,"Columbia, SC","Title short: Data Scientist. Schedule: Part-time. Remote: False. Country: United States. Skills: django, python, scala.",django;python;scala,data_science,Data Scientist(Junior),Data Scientist,United States,Part-time,False,lukebarousse/data_jobs
145,"Chengdu/KDC, Data Scientist, DA D&A, Advisory",KPMG China,China,"Title short: Data Scientist. Schedule: Full-time. Remote: False. Country: China. Skills: alteryx, power bi, python, r, sql, tableau, vba.",alteryx;power bi;python;r;sql;tableau;vba,data_science,"Chengdu/KDC, Data Scientist, DA D&A, Advisory",Data Scientist,China,Full-time,False,lukebarousse/data_jobs
146,Data Science- ML,LTIMindtree,"Kolkata, West Bengal, India","Title short: Data Scientist. Schedule: Full-time. Remote: False. Country: India. Skills: julia, python.",julia;python,data_science,Data Science- ML,Data Scientist,India,Full-time,False,lukebarousse/data_jobs
147,Data scientist,Aristocrat IT Solutions Pvt Ltd,United States,"Title short: Data Scientist. Schedule: Full-time. Remote: False. Country: United States. Skills: c++, hadoop, java, python, r, scala, sql, tableau.",c++;hadoop;java;python;r;scala;sql;tableau,data_science,Data scientist,Data Scientist,United States,Full-time,False,lukebarousse/data_jobs
148,Data Scientist H/F,Open,"Strasbourg, France","Title short: Data Scientist. Schedule: Full-time. Remote: False. Country: France. Skills: python, sql.",python;sql,data_science,Data Scientist H/F,Data Scientist,France,Full-time,False,lukebarousse/data_jobs
149,Data Scientist - Sr. Data Scientist,FedEx Ground,Anywhere,"Title short: Senior Data Scientist. Schedule: Full-time. Remote: True. Country: United States. Skills: oracle, python, r, ruby, sql, tableau.",oracle;python;r;ruby;sql;tableau,data_science,Data Scientist - Sr. Data Scientist,Senior Data Scientist,United States,Full-time,True,lukebarousse/data_jobs
150,Senior Data Scientist,TEKsystems (Allegis Group Singapore Pte Ltd),Singapore,"Title short: Senior Data Scientist. Schedule: Full-time. Remote: False. Country: Singapore. Skills: python, spark, sql.",python;spark;sql,data_science,Senior Data Scientist,Senior Data Scientist,Singapore,Full-time,False,lukebarousse/data_jobs
151,Senior Data Scientist,Walmart,"San Bruno, CA","Title short: Senior Data Scientist. Schedule: Full-time and Part-time. Remote: False. Country: United States. Skills: python, r, scala, spark, sql, tensorflow.",python;r;scala;spark;sql;tensorflow,data_science,Senior Data Scientist,Senior Data Scientist,United States,Full-time and Part-time,False,lukebarousse/data_jobs
152,Data Scientist (m/f/d),Magna International,"Graz, Austria","Title short: Data Scientist. Schedule: Full-time. Remote: False. Country: Austria. Skills: aws, docker, gdpr, git, hadoop, python, r, spark, sql, tableau, tensorflow, unity.",aws;docker;gdpr;git;hadoop;python;r;spark;sql;tableau;tensorflow;unity,data_science,Data Scientist (m/f/d),Data Scientist,Austria,Full-time,False,lukebarousse/data_jobs
153,Principal Associate Data Scientist - Community Impact & Investment,Capital One,"McLean, VA","Title short: Data Scientist. Schedule: Full-time. Remote: False. Country: United States. Skills: aws, python, r, scala, sql.",aws;python;r;scala;sql,data_science,Principal Associate Data Scientist - Community Impact & Investment,Data Scientist,United States,Full-time,False,lukebarousse/data_jobs
154,Data Scientist,SynergisticIT,"Boerne, TX","Title short: Data Scientist. Schedule: Full-time. Remote: False. Country: Sudan. Skills: c++, java, python, r, scala, sql.",c++;java;python;r;scala;sql,data_science,Data Scientist,Data Scientist,Sudan,Full-time,False,lukebarousse/data_jobs
155,Internship - Data Project Manager - Paris,numberly,"Paris, France","Title short: Data Scientist. Schedule: Internship. Remote: False. Country: France. Skills: dax, hadoop, power bi, python, spark, sql.",dax;hadoop;power bi;python;spark;sql,data_science,Internship - Data Project Manager - Paris,Data Scientist,France,Internship,False,lukebarousse/data_jobs
156,Senior Data Scientist,Transformco,"Miami, FL","Title short: Senior Data Scientist. Schedule: Full-time. Remote: False. Country: United States. Skills: excel, java, linux, matlab, python, r, sql, unix.",excel;java;linux;matlab;python;r;sql;unix,data_science,Senior Data Scientist,Senior Data Scientist,United States,Full-time,False,lukebarousse/data_jobs
157,Data Scientist-Marketing,Loyalytics AI,"Bengaluru, Karnataka, India","Title short: Data Scientist. Schedule: Full-time. Remote: False. Country: India. Skills: numpy, pandas, python, r, scikit-learn, sql.",numpy;pandas;python;r;scikit-learn;sql,data_science,Data Scientist-Marketing,Data Scientist,India,Full-time,False,lukebarousse/data_jobs
158,"Postdoctoral Fellowship, Pathology - Translational Research & Data...",Genmab,"Princeton, NJ","Title short: Data Scientist. Schedule: Full-time. Remote: False. Country: United States. Skills: java, matlab, python, pytorch, scikit-learn, tensorflow.",java;matlab;python;pytorch;scikit-learn;tensorflow,data_science,"Postdoctoral Fellowship, Pathology - Translational Research & Data...",Data Scientist,United States,Full-time,False,lukebarousse/data_jobs
159,"Data Scientist - NLP, regex, OpenCV, Python, AWS - Contract to Hire",Upwork,Anywhere,"Title short: Data Scientist. Schedule: Contractor. Remote: True. Country: United States. Skills: aws, python.",aws;python,data_science,"Data Scientist - NLP, regex, OpenCV, Python, AWS - Contract to Hire",Data Scientist,United States,Contractor,True,lukebarousse/data_jobs
160,Data Science Solutions Manager,UCB,"Braine-l'Alleud, Belgium",Title short: Data Scientist. Schedule: Full-time. Remote: False. Country: Belgium. Skills: express.,express,data_science,Data Science Solutions Manager,Data Scientist,Belgium,Full-time,False,lukebarousse/data_jobs
161,Data Scientist,Elevance Health,"Miami, FL","Title short: Data Scientist. Schedule: Full-time. Remote: False. Country: United States. Skills: go, hadoop, python, r, sas.",go;hadoop;python;r;sas,data_science,Data Scientist,Data Scientist,United States,Full-time,False,lukebarousse/data_jobs
162,Sr. Artificial Intelligence and Machine Learning Data Scientist...,Martin's Point Health Care,Anywhere,"Title short: Data Scientist. Schedule: Full-time. Remote: True. Country: United States. Skills: excel, hadoop, jupyter, keras, matplotlib, numpy, pandas, pyspark, python, r, scikit-learn, sql, sql server, tableau.",excel;hadoop;jupyter;keras;matplotlib;numpy;pandas;pyspark;python;r;scikit-learn;sql;sql server;tableau,data_science,Sr. Artificial Intelligence and Machine Learning Data Scientist...,Data Scientist,United States,Full-time,True,lukebarousse/data_jobs
163,Data Scientist,D3S,"Grenoble, France",Title short: Data Scientist. Schedule: Full-time. Remote: False. Country: France. Skills: python.,python,data_science,Data Scientist,Data Scientist,France,Full-time,False,lukebarousse/data_jobs
164,Associate Data Scientist,World Wide Technology,"Edmond, OK","Title short: Data Scientist. Schedule: Full-time. Remote: False. Country: Sudan. Skills: git, keras, matplotlib, numpy, pandas, python, pytorch, scikit-learn, tensorflow.",git;keras;matplotlib;numpy;pandas;python;pytorch;scikit-learn;tensorflow,data_science,Associate Data Scientist,Data Scientist,Sudan,Full-time,False,lukebarousse/data_jobs
165,"Senior Data Scientist - Revenue Acceleration, Recommendation...",Shopify,"Atlanta, GA","Title short: Senior Data Scientist. Schedule: Full-time. Remote: False. Country: United States. Skills: excel, python, sql.",excel;python;sql,data_science,"Senior Data Scientist - Revenue Acceleration, Recommendation...",Senior Data Scientist,United States,Full-time,False,lukebarousse/data_jobs
166,Python for Data Science,TEKGENCE INC,"Hyderabad, Telangana, India",Title short: Data Scientist. Schedule: Full-time. Remote: False. Country: India. Skills: python.,python,data_science,Python for Data Science,Data Scientist,India,Full-time,False,lukebarousse/data_jobs
167,Data Scientist,T+O+M Executive Ireland,"Dublin, Ireland","Title short: Data Scientist. Schedule: Full-time. Remote: False. Country: Ireland. Skills: databricks, python, r, sql.",databricks;python;r;sql,data_science,Data Scientist,Data Scientist,Ireland,Full-time,False,lukebarousse/data_jobs
168,Sr Data Scientist-Supply Chain,Honeywell,"Charlotte, NC","Title short: Data Scientist. Schedule: Full-time. Remote: False. Country: United States. Skills: express, flow, python, snowflake, sql.",express;flow;python;snowflake;sql,data_science,Sr Data Scientist-Supply Chain,Data Scientist,United States,Full-time,False,lukebarousse/data_jobs
169,Data Scientist,CNH Industrial,"Zedelgem, Belgium",Title short: Data Scientist. Schedule: Full-time. Remote: False. Country: Belgium. Skills: azure.,azure,data_science,Data Scientist,Data Scientist,Belgium,Full-time,False,lukebarousse/data_jobs
170,Data Science Manager,IKEA Gruppe,"Assen, Netherlands","Title short: Data Scientist. Schedule: Full-time. Remote: False. Country: Netherlands. Skills: python, sql.",python;sql,data_science,Data Science Manager,Data Scientist,Netherlands,Full-time,False,lukebarousse/data_jobs
171,Data Scientist,TELUS,"Calgary, AB, Canada","Title short: Data Scientist. Schedule: Full-time. Remote: False. Country: Canada. Skills: aws, azure, gcp, github, numpy, pandas, python, scikit-learn, sql, tensorflow.",aws;azure;gcp;github;numpy;pandas;python;scikit-learn;sql;tensorflow,data_science,Data Scientist,Data Scientist,Canada,Full-time,False,lukebarousse/data_jobs
172,Data Scientist,Toss Bank(토스뱅크),"Seoul, South Korea","Title short: Data Scientist. Schedule: Full-time. Remote: False. Country: South Korea. Skills: python, pytorch, r, spark, sql, tensorflow.",python;pytorch;r;spark;sql;tensorflow,data_science,Data Scientist,Data Scientist,South Korea,Full-time,False,lukebarousse/data_jobs
173,"Senior Data Scientist (Greater Boston Area, MA)",Deloitte,,"Title short: Senior Data Scientist. Schedule: Full-time. Remote: False. Country: United States. Skills: aws, azure, docker, gcp, jupyter, keras, pandas, python, pytorch, scikit-learn, tensorflow.",aws;azure;docker;gcp;jupyter;keras;pandas;python;pytorch;scikit-learn;tensorflow,data_science,"Senior Data Scientist (Greater Boston Area, MA)",Senior Data Scientist,United States,Full-time,False,lukebarousse/data_jobs
174,HR Data Scientist,"Tyler Technologies, Inc.","Yarmouth, ME","Title short: Data Scientist. Schedule: Full-time. Remote: False. Country: United States. Skills: hadoop, java, julia, python, r, sas, spark, sql.",hadoop;java;julia;python;r;sas;spark;sql,data_science,HR Data Scientist,Data Scientist,United States,Full-time,False,lukebarousse/data_jobs
175,Lead Data Scientist,Honeywell,"Johnson City, TN","Title short: Data Scientist. Schedule: Full-time. Remote: False. Country: United States. Skills: flow, hadoop, microstrategy, python, r, spark, sql, tableau.",flow;hadoop;microstrategy;python;r;spark;sql;tableau,data_science,Lead Data Scientist,Data Scientist,United States,Full-time,False,lukebarousse/data_jobs
176,Manager Data Scientist H/F,Page Personnel,"Paris, France","Title short: Data Scientist. Schedule: Full-time. Remote: False. Country: France. Skills: aws, chef, gcp, python, r, sql.",aws;chef;gcp;python;r;sql,data_science,Manager Data Scientist H/F,Data Scientist,France,Full-time,False,lukebarousse/data_jobs
177,Data Scientist - Clearance Required Jobs,LMI Government Consulting (Logistics Management Institute),"Tysons, VA","Title short: Data Scientist. Schedule: Full-time. Remote: False. Country: United States. Skills: c++, java, matlab, oracle, plotly, power bi, pyspark, python, qlik, r, rshiny, sas, scikit-learn, spark, sql, tableau.",c++;java;matlab;oracle;plotly;power bi;pyspark;python;qlik;r;rshiny;sas;scikit-learn;spark;sql;tableau,data_science,Data Scientist - Clearance Required Jobs,Data Scientist,United States,Full-time,False,lukebarousse/data_jobs
178,Sr. Data Scientist - Customer Experience Analytics (US REMOTE),Splunk,"Tampa, FL","Title short: Data Scientist. Schedule: Full-time. Remote: False. Country: United States. Skills: matplotlib, python, seaborn, snowflake, splunk, sql, tableau.",matplotlib;python;seaborn;snowflake;splunk;sql;tableau,data_science,Sr. Data Scientist - Customer Experience Analytics (US REMOTE),Data Scientist,United States,Full-time,False,lukebarousse/data_jobs
179,Data Analytics Engineer / Data Scientist III,"Progress Rail, A Caterpillar Company","La Grange, IL","Title short: Data Scientist. Schedule: Full-time. Remote: False. Country: United States. Skills: aws, cassandra, hadoop, matplotlib, nosql, numpy, pandas, pyspark, python, r, snowflake, spark, sql, tableau.",aws;cassandra;hadoop;matplotlib;nosql;numpy;pandas;pyspark;python;r;snowflake;spark;sql;tableau,data_science,Data Analytics Engineer / Data Scientist III,Data Scientist,United States,Full-time,False,lukebarousse/data_jobs
180,Data Scientist,Zen Strategics LLC,"Vienna, VA","Title short: Data Scientist. Schedule: Full-time. Remote: False. Country: United States. Skills: git, hadoop, python, r, spark.",git;hadoop;python;r;spark,data_science,Data Scientist,Data Scientist,United States,Full-time,False,lukebarousse/data_jobs
181,Senior Data Scientist,Tata Group,"Shannon, County Clare, Ireland","Title short: Senior Data Scientist. Schedule: Full-time. Remote: False. Country: Ireland. Skills: aws, python, r, sql.",aws;python;r;sql,data_science,Senior Data Scientist,Senior Data Scientist,Ireland,Full-time,False,lukebarousse/data_jobs
182,Data Scientist Senior/Lead - H/F,Assystem,"Courbevoie, France","Title short: Data Scientist. Schedule: Full-time. Remote: False. Country: France. Skills: airflow, aws, azure, dynamodb, elasticsearch, hadoop, java, kafka, python, scala, spark.",airflow;aws;azure;dynamodb;elasticsearch;hadoop;java;kafka;python;scala;spark,data_science,Data Scientist Senior/Lead - H/F,Data Scientist,France,Full-time,False,lukebarousse/data_jobs
183,Senior Data Scientist,Idexcel,"Herndon, VA","Title short: Senior Data Scientist. Schedule: Full-time. Remote: False. Country: United States. Skills: aws, bitbucket, ggplot2, github, javascript, matplotlib, numpy, pandas, python, r, scikit-learn, seaborn, sql.",aws;bitbucket;ggplot2;github;javascript;matplotlib;numpy;pandas;python;r;scikit-learn;seaborn;sql,data_science,Senior Data Scientist,Senior Data Scientist,United States,Full-time,False,lukebarousse/data_jobs
184,Lead Data Scientist,Honeywell,"Phoenix, AZ","Title short: Data Scientist. Schedule: Full-time. Remote: False. Country: United States. Skills: flow, hadoop, microstrategy, python, r, spark, sql, tableau.",flow;hadoop;microstrategy;python;r;spark;sql;tableau,data_science,Lead Data Scientist,Data Scientist,United States,Full-time,False,lukebarousse/data_jobs
185,Data Scientist,Maruti Suzuki India Ltd,"New Delhi, Delhi, India","Title short: Data Scientist. Schedule: Full-time. Remote: False. Country: India. Skills: python, r, sas, sql.",python;r;sas;sql,data_science,Data Scientist,Data Scientist,India,Full-time,False,lukebarousse/data_jobs
186,Data Scientist & Analyst expérimenté,Eulidia,"Paris, France","Title short: Data Scientist. Schedule: Full-time. Remote: False. Country: France. Skills: python, sql, tableau.",python;sql;tableau,data_science,Data Scientist & Analyst expérimenté,Data Scientist,France,Full-time,False,lukebarousse/data_jobs
187,DATA SCIENTIST F/H,Assistance Publique Hôpitaux de Paris,"Paris, France","Title short: Data Scientist. Schedule: Full-time. Remote: False. Country: France. Skills: git, python, r, sas, spark, sql.",git;python;r;sas;spark;sql,data_science,DATA SCIENTIST F/H,Data Scientist,France,Full-time,False,lukebarousse/data_jobs
188,Data Scientist,Small Business Administration,"Herndon, VA","Title short: Data Scientist. Schedule: Full-time and Part-time. Remote: False. Country: United States. Skills: oracle, sql.",oracle;sql,data_science,Data Scientist,Data Scientist,United States,Full-time and Part-time,False,lukebarousse/data_jobs
189,Data Scientist (Mid) - Customer Analytics,Experis,"St. Louis, MO","Title short: Data Scientist. Schedule: Full-time. Remote: False. Country: United States. Skills: aws, docker, flask, git, python, r, sql.",aws;docker;flask;git;python;r;sql,data_science,Data Scientist (Mid) - Customer Analytics,Data Scientist,United States,Full-time,False,lukebarousse/data_jobs
190,Mid Data Scientist,Saxon Global,"Texas City, TX","Title short: Data Scientist. Schedule: Full-time. Remote: False. Country: Sudan. Skills: aws, azure, kubernetes, numpy, python, pytorch, spark, sql, tensorflow.",aws;azure;kubernetes;numpy;python;pytorch;spark;sql;tensorflow,data_science,Mid Data Scientist,Data Scientist,Sudan,Full-time,False,lukebarousse/data_jobs
191,Data Scientist,Techvilla Solutions,Anywhere,"Title short: Data Scientist. Schedule: Full-time. Remote: True. Country: United States. Skills: pyspark, python, sql.",pyspark;python;sql,data_science,Data Scientist,Data Scientist,United States,Full-time,True,lukebarousse/data_jobs
192,Data Scientist - Full-time / Part-time,MCKESSON,"Irving, TX","Title short: Data Scientist. Schedule: Full-time. Remote: False. Country: United States. Skills: excel, powerpoint, python, sas, sql, word.",excel;powerpoint;python;sas;sql;word,data_science,Data Scientist - Full-time / Part-time,Data Scientist,United States,Full-time,False,lukebarousse/data_jobs
193,"Científico de Datos Big Data Remoto, Madrid",CAS TRAINING,"Madrid, Spain","Title short: Data Scientist. Schedule: Full-time. Remote: False. Country: Spain. Skills: python, spark.",python;spark,data_science,"Científico de Datos Big Data Remoto, Madrid",Data Scientist,Spain,Full-time,False,lukebarousse/data_jobs
194,Data Scientist Consultant- Top Secret Clearance Required,Deloitte,"Arlington, VA","Title short: Data Scientist. Schedule: Full-time. Remote: False. Country: United States. Skills: confluence, flow, hadoop, java, jira, python, r, scala, spark, sql, windows.",confluence;flow;hadoop;java;jira;python;r;scala;spark;sql;windows,data_science,Data Scientist Consultant- Top Secret Clearance Required,Data Scientist,United States,Full-time,False,lukebarousse/data_jobs
195,Data Scientist,MindQuad Solutions,"Ahmedabad, Gujarat, India","Title short: Data Scientist. Schedule: Full-time. Remote: False. Country: India. Skills: ggplot2, matplotlib, python, r, sas, sql, tableau.",ggplot2;matplotlib;python;r;sas;sql;tableau,data_science,Data Scientist,Data Scientist,India,Full-time,False,lukebarousse/data_jobs
196,QC Data Scientist,Johnson Matthey,"West Deptford, NJ","Title short: Data Scientist. Schedule: Full-time. Remote: False. Country: United States. Skills: alteryx, power bi, tableau, vba.",alteryx;power bi;tableau;vba,data_science,QC Data Scientist,Data Scientist,United States,Full-time,False,lukebarousse/data_jobs
197,Data Scientist Risque de crédit - RQTH,Mission Handicap,"Champigny-sur-Marne, France","Title short: Data Scientist. Schedule: Full-time. Remote: False. Country: France. Skills: r, sas.",r;sas,data_science,Data Scientist Risque de crédit - RQTH,Data Scientist,France,Full-time,False,lukebarousse/data_jobs
198,Data Scientist,Robert Walters,"Taguig, Metro Manila, Philippines","Title short: Data Scientist. Schedule: Full-time. Remote: False. Country: Philippines. Skills: aws, docker, linux, python.",aws;docker;linux;python,data_science,Data Scientist,Data Scientist,Philippines,Full-time,False,lukebarousse/data_jobs
199,Senior Data Scientist,Nova Futur Ltd,"London, UK","Title short: Senior Data Scientist. Schedule: Full-time. Remote: False. Country: United Kingdom. Skills: bigquery, docker, flask, gcp, git, hadoop, python, spark, sql.",bigquery;docker;flask;gcp;git;hadoop;python;spark;sql,data_science,Senior Data Scientist,Senior Data Scientist,United Kingdom,Full-time,False,lukebarousse/data_jobs
200,Data Scientist,Harnham,"San Francisco, CA","Title short: Data Scientist. Schedule: Full-time. Remote: False. Country: United States. Skills: python, sql.",python;sql,data_science,Data Scientist,Data Scientist,United States,Full-time,False,lukebarousse/data_jobs
201,Senior Data Scientist,Crimtan,"Cardiff, UK","Title short: Senior Data Scientist. Schedule: Full-time. Remote: False. Country: United Kingdom. Skills: airflow, bash, docker, git, hadoop, linux, numpy, pandas, postgresql, pyspark, python, shell, spark, sql.",airflow;bash;docker;git;hadoop;linux;numpy;pandas;postgresql;pyspark;python;shell;spark;sql,data_science,Senior Data Scientist,Senior Data Scientist,United Kingdom,Full-time,False,lukebarousse/data_jobs
202,Data Visualization Consultant,Capgemini Belgium,Belgium,"Title short: Data Scientist. Schedule: Full-time and Part-time. Remote: False. Country: Belgium. Skills: microstrategy, power bi, qlik, sap, sas, tableau.",microstrategy;power bi;qlik;sap;sas;tableau,data_science,Data Visualization Consultant,Data Scientist,Belgium,Full-time and Part-time,False,lukebarousse/data_jobs
203,Data Scientist Jobs,ManTech International,"Hanover, MD","Title short: Data Scientist. Schedule: Full-time. Remote: False. Country: United States. Skills: matlab, python, r, sas.",matlab;python;r;sas,data_science,Data Scientist Jobs,Data Scientist,United States,Full-time,False,lukebarousse/data_jobs
204,Data Scientist,Inchcape Digital,Philippines,"Title short: Data Scientist. Schedule: Full-time. Remote: False. Country: Philippines. Skills: aws, azure, git.",aws;azure;git,data_science,Data Scientist,Data Scientist,Philippines,Full-time,False,lukebarousse/data_jobs
205,Principal Data Scientist (Hybrid),Tremor Video,"New York, NY","Title short: Data Scientist. Schedule: Full-time. Remote: False. Country: Sudan. Skills: keras, mongodb, pandas, python, pytorch, redis, scala, spark, sql, tensorflow.",keras;mongodb;pandas;python;pytorch;redis;scala;spark;sql;tensorflow,data_science,Principal Data Scientist (Hybrid),Data Scientist,Sudan,Full-time,False,lukebarousse/data_jobs
206,AI Data Science SME - Python | R + SQL | NoSQL | Apache - Hybrid ...,Deloitte,"Arlington, VA","Title short: Data Scientist. Schedule: Full-time. Remote: False. Country: United States. Skills: hadoop, java, nosql, python, qlik, r, spark, sql, tableau.",hadoop;java;nosql;python;qlik;r;spark;sql;tableau,data_science,AI Data Science SME - Python | R + SQL | NoSQL | Apache - Hybrid ...,Data Scientist,United States,Full-time,False,lukebarousse/data_jobs
207,Data Scientist,MANGO,"Barcelona, Spain","Title short: Data Scientist. Schedule: Full-time. Remote: False. Country: Spain. Skills: airflow, aws, databricks, dynamodb, python, scala, spark.",airflow;aws;databricks;dynamodb;python;scala;spark,data_science,Data Scientist,Data Scientist,Spain,Full-time,False,lukebarousse/data_jobs
208,Data Scientist II,UTHealth,"Center, TX","Title short: Data Scientist. Schedule: Full-time. Remote: False. Country: Sudan. Skills: excel, hadoop, java, matlab, python, r, sas, spss, sql, tableau.",excel;hadoop;java;matlab;python;r;sas;spss;sql;tableau,data_science,Data Scientist II,Data Scientist,Sudan,Full-time,False,lukebarousse/data_jobs
209,lead data scientist with machine learning,McKesson,"Irving, TX","Title short: Data Scientist. Schedule: Full-time. Remote: False. Country: United States. Skills: java, linux, power bi, python, pytorch, r, shell, snowflake, sql, tableau, tensorflow.",java;linux;power bi;python;pytorch;r;shell;snowflake;sql;tableau;tensorflow,data_science,lead data scientist with machine learning,Data Scientist,United States,Full-time,False,lukebarousse/data_jobs
210,2024 Analytics and Data Science Graduate Programme,Le Boat,United Kingdom,"Title short: Data Scientist. Schedule: Full-time and Part-time. Remote: False. Country: United Kingdom. Skills: c, express.",c;express,data_science,2024 Analytics and Data Science Graduate Programme,Data Scientist,United Kingdom,Full-time and Part-time,False,lukebarousse/data_jobs
211,Data Analyst/Data science,PSRTEK,"Rowlett, TX","Title short: Data Scientist. Schedule: Full-time. Remote: False. Country: Sudan. Skills: excel, sql, sql server.",excel;sql;sql server,data_science,Data Analyst/Data science,Data Scientist,Sudan,Full-time,False,lukebarousse/data_jobs
212,"Assistant Vice President Data Scientist, Credit Risk Modeler",HSBC,"New York, NY","Title short: Data Scientist. Schedule: Full-time. Remote: False. Country: United States. Skills: python, r, spark, sql.",python;r;spark;sql,data_science,"Assistant Vice President Data Scientist, Credit Risk Modeler",Data Scientist,United States,Full-time,False,lukebarousse/data_jobs
213,Datenwissenschaftler/in und Ingenieur/in,CTcon,"Frankfurt, Germany","Title short: Data Scientist. Schedule: Full-time. Remote: False. Country: Germany. Skills: dax, julia, nosql, python, qlik, r, sql, tableau.",dax;julia;nosql;python;qlik;r;sql;tableau,data_science,Datenwissenschaftler/in und Ingenieur/in,Data Scientist,Germany,Full-time,False,lukebarousse/data_jobs
214,Sr Data Scientist,Bayer Sp. z o.o.,Finland,"Title short: Data Scientist. Schedule: Full-time. Remote: False. Country: Finland. Skills: flow, java, python, r, scala, sql.",flow;java;python;r;scala;sql,data_science,Sr Data Scientist,Data Scientist,Finland,Full-time,False,lukebarousse/data_jobs
215,Senior Data Scientist [команда Поиска],СберМаркет,"Moscow, Russia","Title short: Senior Data Scientist. Schedule: Full-time. Remote: False. Country: Russia. Skills: airflow, jupyter, kubernetes, python, sql.",airflow;jupyter;kubernetes;python;sql,data_science,Senior Data Scientist [команда Поиска],Senior Data Scientist,Russia,Full-time,False,lukebarousse/data_jobs
216,Senior Data Scientist,JAGGAER,"Belgrade, Serbia","Title short: Senior Data Scientist. Schedule: Full-time. Remote: False. Country: Serbia. Skills: aws, azure, gcp, git, jira, python, pytorch, react, symfony, tensorflow.",aws;azure;gcp;git;jira;python;pytorch;react;symfony;tensorflow,data_science,Senior Data Scientist,Senior Data Scientist,Serbia,Full-time,False,lukebarousse/data_jobs
217,Senior Data Scientist,Capgemini Engineering,"Barcelona, Spain","Title short: Senior Data Scientist. Schedule: Full-time. Remote: False. Country: Spain. Skills: aws, azure, keras, pandas, python, pytorch, tensorflow.",aws;azure;keras;pandas;python;pytorch;tensorflow,data_science,Senior Data Scientist,Senior Data Scientist,Spain,Full-time,False,lukebarousse/data_jobs
218,Data Scientist,Experfy,"Texas City, TX","Title short: Data Scientist. Schedule: Full-time. Remote: False. Country: United States. Skills: python, r.",python;r,data_science,Data Scientist,Data Scientist,United States,Full-time,False,lukebarousse/data_jobs
219,Senior Data Scientist,Galaxy i technologies Inc,"Austin, TX","Title short: Senior Data Scientist. Schedule: Contractor. Remote: False. Country: Sudan. Skills: perl, python, sql.",perl;python;sql,data_science,Senior Data Scientist,Senior Data Scientist,Sudan,Contractor,False,lukebarousse/data_jobs
220,R&D Data Scientist,Joblift,"Aix-en-Provence, France","Title short: Data Scientist. Schedule: Temp work. Remote: False. Country: France. Skills: hadoop, python, r, spark.",hadoop;python;r;spark,data_science,R&D Data Scientist,Data Scientist,France,Temp work,False,lukebarousse/data_jobs
221,"Data Scientist - R, Python","ArnAmy, Inc.","Tallahassee, FL","Title short: Data Scientist. Schedule: Contractor. Remote: False. Country: United States. Skills: azure, hadoop, pandas, python, r, spark, sql.",azure;hadoop;pandas;python;r;spark;sql,data_science,"Data Scientist - R, Python",Data Scientist,United States,Contractor,False,lukebarousse/data_jobs
222,Research Protocol Analyst (Remote),City of Hope,Anywhere,Title short: Data Scientist. Schedule: Full-time. Remote: True. Country: United States. Skills: phoenix.,phoenix,data_science,Research Protocol Analyst (Remote),Data Scientist,United States,Full-time,True,lukebarousse/data_jobs
223,"Data Scientist, Customer AI Engineering",Tractable,"London, UK","Title short: Data Scientist. Schedule: Full-time. Remote: False. Country: United Kingdom. Skills: numpy, pandas, python, scikit-learn.",numpy;pandas;python;scikit-learn,data_science,"Data Scientist, Customer AI Engineering",Data Scientist,United Kingdom,Full-time,False,lukebarousse/data_jobs
224,Part Time Professor- Data Science,LINC Education,Anywhere,"Title short: Data Scientist. Schedule: Part-time and Contractor. Remote: True. Country: India. Skills: keras, power bi, python, pytorch, r, tableau, tensorflow.",keras;power bi;python;pytorch;r;tableau;tensorflow,data_science,Part Time Professor- Data Science,Data Scientist,India,Part-time and Contractor,True,lukebarousse/data_jobs
225,Data Scientist,"GE Appliances, a Haier company",Anywhere,"Title short: Data Scientist. Schedule: Full-time. Remote: True. Country: United States. Skills: angular, aws, docker, flask, jupyter, kubernetes, oracle, python, r, redshift, sas, sql, tableau.",angular;aws;docker;flask;jupyter;kubernetes;oracle;python;r;redshift;sas;sql;tableau,data_science,Data Scientist,Data Scientist,United States,Full-time,True,lukebarousse/data_jobs
226,Data & Applied Intelligence #hub,Accenture,"Buenos Aires, Argentina","Title short: Data Scientist. Schedule: Full-time. Remote: False. Country: Argentina. Skills: angular, aws, azure, gcp, postgresql, python, react, sql, sql server.",angular;aws;azure;gcp;postgresql;python;react;sql;sql server,data_science,Data & Applied Intelligence #hub,Data Scientist,Argentina,Full-time,False,lukebarousse/data_jobs
227,"Senior Data Scientist, Data Analytics",United Overseas Bank,"Kuala Lumpur, Federal Territory of Kuala Lumpur, Malaysia",Title short: Senior Data Scientist. Schedule: Full-time. Remote: False. Country: Malaysia. Skills: python.,python,data_science,"Senior Data Scientist, Data Analytics",Senior Data Scientist,Malaysia,Full-time,False,lukebarousse/data_jobs
228,JPC - 599 - Data Modeler,Flexon Technologies,"Sunnyvale, CA",Title short: Data Scientist. Schedule: Full-time. Remote: False. Country: United States. Skills: sql.,sql,data_science,JPC - 599 - Data Modeler,Data Scientist,United States,Full-time,False,lukebarousse/data_jobs
229,"Director of Data Science, New Initiatives",Dropbox,"Phoenix, AZ",Title short: Data Scientist. Schedule: Full-time. Remote: False. Country: Sudan. Skills: sql.,sql,data_science,"Director of Data Science, New Initiatives",Data Scientist,Sudan,Full-time,False,lukebarousse/data_jobs
230,Data Scientist,Elder Research Inc,"Arlington, VA","Title short: Data Scientist. Schedule: Full-time. Remote: False. Country: United States. Skills: flask, javascript, nosql, python, r, react, spark, sql.",flask;javascript;nosql;python;r;react;spark;sql,data_science,Data Scientist,Data Scientist,United States,Full-time,False,lukebarousse/data_jobs
231,Data Scientist,Rapinno Tech Inc,"Houston, TX","Title short: Data Scientist. Schedule: Full-time. Remote: False. Country: Sudan. Skills: aws, azure, keras, numpy, pandas, pyspark, python, pytorch, r, spark, sql, tensorflow.",aws;azure;keras;numpy;pandas;pyspark;python;pytorch;r;spark;sql;tensorflow,data_science,Data Scientist,Data Scientist,Sudan,Full-time,False,lukebarousse/data_jobs
232,Data Scientist,Plastic Omnium,India,"Title short: Data Scientist. Schedule: Full-time. Remote: False. Country: India. Skills: node, python, r.",node;python;r,data_science,Data Scientist,Data Scientist,India,Full-time,False,lukebarousse/data_jobs
233,Senior Data Scientist,Coinbase,"Raleigh, NC","Title short: Senior Data Scientist. Schedule: Full-time. Remote: False. Country: United States. Skills: gdpr, python, sql.",gdpr;python;sql,data_science,Senior Data Scientist,Senior Data Scientist,United States,Full-time,False,lukebarousse/data_jobs
234,Data Analyst Specialist,Hitachi Careers,"Madonna del Piano, Switzerland","Title short: Data Scientist. Schedule: Full-time. Remote: False. Country: Switzerland. Skills: power bi, sql, tableau.",power bi;sql;tableau,data_science,Data Analyst Specialist,Data Scientist,Switzerland,Full-time,False,lukebarousse/data_jobs
235,Data Scientist (Remote),SynergisticIT,Anywhere,"Title short: Data Scientist. Schedule: Contractor. Remote: True. Country: United States. Skills: c++, docker, java, javascript, jenkins, oracle, python, sas, spring, tableau.",c++;docker;java;javascript;jenkins;oracle;python;sas;spring;tableau,data_science,Data Scientist (Remote),Data Scientist,United States,Contractor,True,lukebarousse/data_jobs
236,DATA SCIENTIST - MHO - Now Hiring,"Universal Health Services, Inc.","Lewisville, TX","Title short: Data Scientist. Schedule: Full-time. Remote: False. Country: United States. Skills: flow, python, r, sas, spss, sql.",flow;python;r;sas;spss;sql,data_science,DATA SCIENTIST - MHO - Now Hiring,Data Scientist,United States,Full-time,False,lukebarousse/data_jobs
237,Senior Data Scientist,Peraton,"Reston, VA","Title short: Senior Data Scientist. Schedule: Full-time. Remote: False. Country: United States. Skills: aws, c#, c++, github, hadoop, java, nosql, oracle, perl, python, r, sharepoint, sql, tableau, windows.",aws;c#;c++;github;hadoop;java;nosql;oracle;perl;python;r;sharepoint;sql;tableau;windows,data_science,Senior Data Scientist,Senior Data Scientist,United States,Full-time,False,lukebarousse/data_jobs
238,Senior Principal Data Scientist,Walgreens,"Deerfield, IL","Title short: Senior Data Scientist. Schedule: Full-time. Remote: False. Country: United States. Skills: c, databricks, hadoop, python, r, snowflake, spark, sql.",c;databricks;hadoop;python;r;snowflake;spark;sql,data_science,Senior Principal Data Scientist,Senior Data Scientist,United States,Full-time,False,lukebarousse/data_jobs
239,Data Scientist,Robert Walters,Indonesia,"Title short: Data Scientist. Schedule: Full-time. Remote: False. Country: Indonesia. Skills: python, sql.",python;sql,data_science,Data Scientist,Data Scientist,Indonesia,Full-time,False,lukebarousse/data_jobs
240,"Senior Advisor, Data Science",Dell Technologies,"Jackson, MS","Title short: Data Scientist. Schedule: Full-time. Remote: False. Country: United States. Skills: python, r, sql.",python;r;sql,data_science,"Senior Advisor, Data Science",Data Scientist,United States,Full-time,False,lukebarousse/data_jobs
241,Lead Supply Chain Data Scientist - Remote | WFH,Get It Recruit - Transportation,Anywhere,"Title short: Data Scientist. Schedule: Full-time. Remote: True. Country: United States. Skills: azure, databricks, python, r, snowflake, sql.",azure;databricks;python;r;snowflake;sql,data_science,Lead Supply Chain Data Scientist - Remote | WFH,Data Scientist,United States,Full-time,True,lukebarousse/data_jobs
242,"Data Scientist ( Onsite - Dallas, TX)",Tietoevry,"Dallas, TX","Title short: Data Scientist. Schedule: Contractor and Temp work. Remote: False. Country: United States. Skills: azure, databricks, keras, matplotlib, numpy, pandas, pyspark, python, snowflake, sql, tensorflow.",azure;databricks;keras;matplotlib;numpy;pandas;pyspark;python;snowflake;sql;tensorflow,data_science,"Data Scientist ( Onsite - Dallas, TX)",Data Scientist,United States,Contractor and Temp work,False,lukebarousse/data_jobs
243,DATA SCIENTIST,MH Solutions,"Pretoria, South Africa","Title short: Data Scientist. Schedule: Full-time. Remote: False. Country: South Africa. Skills: power bi, python, r, sql, tableau.",power bi;python;r;sql;tableau,data_science,DATA SCIENTIST,Data Scientist,South Africa,Full-time,False,lukebarousse/data_jobs
244,Data Scientist,General Dynamics Corp,"Fort Belvoir, VA","Title short: Data Scientist. Schedule: Full-time. Remote: False. Country: United States. Skills: airflow, aws, c++, gcp, go, julia, kafka, linux, python, r, spark, tensorflow.",airflow;aws;c++;gcp;go;julia;kafka;linux;python;r;spark;tensorflow,data_science,Data Scientist,Data Scientist,United States,Full-time,False,lukebarousse/data_jobs
245,Data Scientist,ASML,"Veldhoven, Netherlands","Title short: Data Scientist. Schedule: Full-time. Remote: False. Country: Netherlands. Skills: alteryx, azure, excel, planner, python, r, spark, sql.",alteryx;azure;excel;planner;python;r;spark;sql,data_science,Data Scientist,Data Scientist,Netherlands,Full-time,False,lukebarousse/data_jobs
246,Lead Data Scientist,Intellias,Anywhere,"Title short: Data Scientist. Schedule: Full-time. Remote: True. Country: Spain. Skills: python, sql.",python;sql,data_science,Lead Data Scientist,Data Scientist,Spain,Full-time,True,lukebarousse/data_jobs
247,Senior Data Scientist,Productsup,"'s-Hertogenbosch, Netherlands","Title short: Senior Data Scientist. Schedule: Full-time. Remote: False. Country: Netherlands. Skills: pandas, python, pytorch.",pandas;python;pytorch,data_science,Senior Data Scientist,Senior Data Scientist,Netherlands,Full-time,False,lukebarousse/data_jobs
248,Senior Data Scientist,Qualogy,Netherlands,"Title short: Senior Data Scientist. Schedule: Full-time. Remote: False. Country: Netherlands. Skills: hadoop, java, python, r.",hadoop;java;python;r,data_science,Senior Data Scientist,Senior Data Scientist,Netherlands,Full-time,False,lukebarousse/data_jobs
249,Data Scientist,Target,"Minneapolis, MN","Title short: Data Scientist. Schedule: Full-time. Remote: False. Country: United States. Skills: java, kotlin, python, r, scala, spark, sql.",java;kotlin;python;r;scala;spark;sql,data_science,Data Scientist,Data Scientist,United States,Full-time,False,lukebarousse/data_jobs
250,Data Science - (10+ Years),Speridian Technologies,Anywhere,"Title short: Data Scientist. Schedule: Contractor. Remote: True. Country: United States. Skills: aws, kubernetes.",aws;kubernetes,data_science,Data Science - (10+ Years),Data Scientist,United States,Contractor,True,lukebarousse/data_jobs
251,Senior Data Scientist - Remote | WFH,Get It Recruit - Healthcare,Anywhere,"Title short: Senior Data Scientist. Schedule: Full-time. Remote: True. Country: United States. Skills: aws, azure, gcp, power bi, python, sql, tableau.",aws;azure;gcp;power bi;python;sql;tableau,data_science,Senior Data Scientist - Remote | WFH,Senior Data Scientist,United States,Full-time,True,lukebarousse/data_jobs
252,Data Science Specialist,The Ohio State University,"Columbus, OH",Title short: Data Scientist. Schedule: Full-time. Remote: False. Country: United States. Skills: c.,c,data_science,Data Science Specialist,Data Scientist,United States,Full-time,False,lukebarousse/data_jobs
253,Information Analyst,Norwegian Refugee Council,"Bogotá, Bogota, Colombia","Title short: Data Scientist. Schedule: Contractor. Remote: False. Country: Colombia. Skills: excel, python, r, tableau.",excel;python;r;tableau,data_science,Information Analyst,Data Scientist,Colombia,Contractor,False,lukebarousse/data_jobs
254,Senior Data Scientist,Snipebridge,"Houston, TX","Title short: Senior Data Scientist. Schedule: Full-time. Remote: False. Country: United States. Skills: hadoop, python, r, sas, spark, sql.",hadoop;python;r;sas;spark;sql,data_science,Senior Data Scientist,Senior Data Scientist,United States,Full-time,False,lukebarousse/data_jobs
255,Data Scientist Lead,UCB,"Atlanta, GA","Title short: Data Scientist. Schedule: Full-time. Remote: False. Country: United States. Skills: go, python, r.",go;python;r,data_science,Data Scientist Lead,Data Scientist,United States,Full-time,False,lukebarousse/data_jobs
256,Data scientist,JobBusters,"Stockholm, Sweden","Title short: Data Scientist. Schedule: Full-time. Remote: False. Country: Sweden. Skills: aws, azure, pandas, plotly, scikit-learn, sql.",aws;azure;pandas;plotly;scikit-learn;sql,data_science,Data scientist,Data Scientist,Sweden,Full-time,False,lukebarousse/data_jobs
257,Data scientist,E-Works,France,"Title short: Data Scientist. Schedule: Full-time. Remote: False. Country: France. Skills: python, sas.",python;sas,data_science,Data scientist,Data Scientist,France,Full-time,False,lukebarousse/data_jobs
258,Senior Data Scientist - Insights (Product),Preply,Anywhere,"Title short: Senior Data Scientist. Schedule: Full-time. Remote: True. Country: Netherlands. Skills: databricks, express, github, gitlab, looker, pyspark.",databricks;express;github;gitlab;looker;pyspark,data_science,Senior Data Scientist - Insights (Product),Senior Data Scientist,Netherlands,Full-time,True,lukebarousse/data_jobs
259,Stability Research Scientist,CHS,"Los Angeles, CA",Title short: Senior Data Analyst. Schedule: Full-time. Remote: False. Country: United States. Skills: sap.,sap,data_science,Stability Research Scientist,Senior Data Analyst,United States,Full-time,False,lukebarousse/data_jobs
260,VP Data Science - Practice Lead,Fidelity Investments,"Boston, MA","Title short: Data Scientist. Schedule: Full-time. Remote: False. Country: United States. Skills: docker, go, keras, mxnet, python, tensorflow.",docker;go;keras;mxnet;python;tensorflow,data_science,VP Data Science - Practice Lead,Data Scientist,United States,Full-time,False,lukebarousse/data_jobs
261,(Senior) Data Scientist,HolidayCheck Group AG,"Munich, Germany","Title short: Senior Data Scientist. Schedule: Full-time. Remote: False. Country: Germany. Skills: bigquery, express, linux, macos, python, r, sql, windows.",bigquery;express;linux;macos;python;r;sql;windows,data_science,(Senior) Data Scientist,Senior Data Scientist,Germany,Full-time,False,lukebarousse/data_jobs
262,Senior Data Scientist,Pave,"San Francisco, CA","Title short: Senior Data Scientist. Schedule: Full-time. Remote: False. Country: United States. Skills: airtable, bigquery, go, looker, python, r, sql.",airtable;bigquery;go;looker;python;r;sql,data_science,Senior Data Scientist,Senior Data Scientist,United States,Full-time,False,lukebarousse/data_jobs
263,Data Science Manager,IQVIA LLC,"State Line, PA","Title short: Data Scientist. Schedule: Full-time. Remote: False. Country: United States. Skills: hadoop, python, r, sas, spark, sql, tableau.",hadoop;python;r;sas;spark;sql;tableau,data_science,Data Science Manager,Data Scientist,United States,Full-time,False,lukebarousse/data_jobs
264,Junior Data Scientist,"Fut-Ure Recruitment & Technology, SL","Graz, Austria","Title short: Data Scientist. Schedule: Full-time. Remote: False. Country: Austria. Skills: aws, azure, gcp, python, r, sql.",aws;azure;gcp;python;r;sql,data_science,Junior Data Scientist,Data Scientist,Austria,Full-time,False,lukebarousse/data_jobs
265,"Senior Data Scientist, Venmo",Venmo,"Mexico City, CDMX, Mexico","Title short: Senior Data Scientist. Schedule: Full-time. Remote: False. Country: Mexico. Skills: python, r, sql.",python;r;sql,data_science,"Senior Data Scientist, Venmo",Senior Data Scientist,Mexico,Full-time,False,lukebarousse/data_jobs
266,Data Scientist,Keskinäinen Vakuutusyhtiö Fennia,Anywhere,"Title short: Data Scientist. Schedule: Full-time. Remote: True. Country: Finland. Skills: aws, python, sql, tableau.",aws;python;sql;tableau,data_science,Data Scientist,Data Scientist,Finland,Full-time,True,lukebarousse/data_jobs
267,Sr Data Scientist,"Horizon Therapeutics , Inc. Defunct","Arlington, TX","Title short: Data Scientist. Schedule: Full-time. Remote: False. Country: Sudan. Skills: pyspark, python, sql.",pyspark;python;sql,data_science,Sr Data Scientist,Data Scientist,Sudan,Full-time,False,lukebarousse/data_jobs
268,"Senior Data Scientist, AI Products",Red Ventures,"Charlotte, NC","Title short: Senior Data Scientist. Schedule: Full-time. Remote: False. Country: United States. Skills: databricks, go, python.",databricks;go;python,data_science,"Senior Data Scientist, AI Products",Senior Data Scientist,United States,Full-time,False,lukebarousse/data_jobs
269,Data Scientist,Cardinal Health,"Houston, TX","Title short: Data Scientist. Schedule: Full-time. Remote: False. Country: United States. Skills: gcp, python, pytorch.",gcp;python;pytorch,data_science,Data Scientist,Data Scientist,United States,Full-time,False,lukebarousse/data_jobs
270,Data Scientist 2,Humana,"Baltimore, MD","Title short: Data Scientist. Schedule: Full-time. Remote: False. Country: United States. Skills: aws, azure, databricks, gcp, pyspark, python.",aws;azure;databricks;gcp;pyspark;python,data_science,Data Scientist 2,Data Scientist,United States,Full-time,False,lukebarousse/data_jobs
271,Senior Data Scientist,ECS,"Springfield, MA","Title short: Senior Data Scientist. Schedule: Full-time. Remote: False. Country: United States. Skills: java, javascript, matplotlib, plotly, python, r, sas, spss, sql, tableau.",java;javascript;matplotlib;plotly;python;r;sas;spss;sql;tableau,data_science,Senior Data Scientist,Senior Data Scientist,United States,Full-time,False,lukebarousse/data_jobs
272,stage – data science llm et chain tree of thoughts – h/f,CHAPSVISION,"Lille, France","Title short: Data Scientist. Schedule: Temp work and Internship. Remote: False. Country: France. Skills: python, shell, visio.",python;shell;visio,data_science,stage – data science llm et chain tree of thoughts – h/f,Data Scientist,France,Temp work and Internship,False,lukebarousse/data_jobs
273,Master Data Management Plants (f/m/div.),Bosch Group,"Karlsruhe, Germany",Title short: Data Scientist. Schedule: Full-time. Remote: False. Country: Germany. Skills: spark.,spark,data_science,Master Data Management Plants (f/m/div.),Data Scientist,Germany,Full-time,False,lukebarousse/data_jobs
274,"Data Scientist confirmé - ""English Fluent""",DataScientest.com,"Puteaux, France","Title short: Data Scientist. Schedule: Full-time. Remote: False. Country: France. Skills: aws, azure.",aws;azure,data_science,"Data Scientist confirmé - ""English Fluent""",Data Scientist,France,Full-time,False,lukebarousse/data_jobs
275,Data Scientist,Communicate,"Johannesburg, South Africa","Title short: Data Scientist. Schedule: Full-time. Remote: False. Country: South Africa. Skills: c, c++, java, python, visual basic.",c;c++;java;python;visual basic,data_science,Data Scientist,Data Scientist,South Africa,Full-time,False,lukebarousse/data_jobs
276,Data Scientist,Insight Global,Anywhere,"Title short: Data Scientist. Schedule: Contractor. Remote: True. Country: Sudan. Skills: python, r, sas, sql.",python;r;sas;sql,data_science,Data Scientist,Data Scientist,Sudan,Contractor,True,lukebarousse/data_jobs
277,"SPDR ETF Capital Markets Data Scientist, State Street Global...",Gdziepracujemy.pl,"Kraków, Poland","Title short: Data Scientist. Schedule: Full-time. Remote: False. Country: Poland. Skills: excel, flow, python, r, sql, terminal.",excel;flow;python;r;sql;terminal,data_science,"SPDR ETF Capital Markets Data Scientist, State Street Global...",Data Scientist,Poland,Full-time,False,lukebarousse/data_jobs
278,Data Scientist II,University of Wisconsin-Madison,"Madison, WI","Title short: Data Scientist. Schedule: Full-time. Remote: False. Country: United States. Skills: python, r, sas, spss.",python;r;sas;spss,data_science,Data Scientist II,Data Scientist,United States,Full-time,False,lukebarousse/data_jobs
279,Data Analytics Tech Lead,BairesDev,"Pereira, Risaralda, Colombia","Title short: Data Scientist. Schedule: Full-time. Remote: False. Country: Colombia. Skills: python, r, sql.",python;r;sql,data_science,Data Analytics Tech Lead,Data Scientist,Colombia,Full-time,False,lukebarousse/data_jobs
280,Sr Data Scientist,"Agile Resources, Inc.",Anywhere,"Title short: Data Scientist. Schedule: Contractor. Remote: True. Country: United States. Skills: aws, gcp, python, sql.",aws;gcp;python;sql,data_science,Sr Data Scientist,Data Scientist,United States,Contractor,True,lukebarousse/data_jobs
281,Data Scientist,Wisenetix,"Brasília - Brasilia, Federal District, Brazil",Title short: Data Scientist. Schedule: Full-time. Remote: False. Country: Brazil. Skills: go.,go,data_science,Data Scientist,Data Scientist,Brazil,Full-time,False,lukebarousse/data_jobs
282,Data Scientist,WorkNomads,Anywhere,"Title short: Data Scientist. Schedule: Full-time. Remote: True. Country: Bulgaria. Skills: azure, python.",azure;python,data_science,Data Scientist,Data Scientist,Bulgaria,Full-time,True,lukebarousse/data_jobs
283,"Data Scientist/Senior Data Scientist, Statistical Genetics",Calico Life Sciences,"South San Francisco, CA","Title short: Data Scientist. Schedule: Full-time. Remote: False. Country: United States. Skills: python, r.",python;r,data_science,"Data Scientist/Senior Data Scientist, Statistical Genetics",Data Scientist,United States,Full-time,False,lukebarousse/data_jobs
284,Data Scientist,Insight Global,Anywhere,"Title short: Data Scientist. Schedule: Contractor. Remote: True. Country: United States. Skills: aws, excel, microsoft teams, oracle, outlook, planner, power bi, powerpoint, python, sql, sql server.",aws;excel;microsoft teams;oracle;outlook;planner;power bi;powerpoint;python;sql;sql server,data_science,Data Scientist,Data Scientist,United States,Contractor,True,lukebarousse/data_jobs
285,Data Scientist,AOS,India,"Title short: Data Scientist. Schedule: Full-time. Remote: False. Country: India. Skills: excel, python, sql.",excel;python;sql,data_science,Data Scientist,Data Scientist,India,Full-time,False,lukebarousse/data_jobs
286,(Junior) onderzoeker / data scientist,ABF Research,"Delft, Netherlands",Title short: Data Scientist. Schedule: Full-time. Remote: False. Country: Netherlands. Skills: python.,python,data_science,(Junior) onderzoeker / data scientist,Data Scientist,Netherlands,Full-time,False,lukebarousse/data_jobs
287,Data Scientist,MAM Gruppe,"Frankfurt, Germany","Title short: Data Scientist. Schedule: Full-time. Remote: False. Country: Germany. Skills: azure, mariadb.",azure;mariadb,data_science,Data Scientist,Data Scientist,Germany,Full-time,False,lukebarousse/data_jobs
288,Data Team Lead (Knowledge Graphs),Frontiers,Anywhere,"Title short: Data Scientist. Schedule: Full-time. Remote: True. Country: Sweden. Skills: bigquery, databricks, elasticsearch, gcp, kafka, mongodb, neo4j, postgresql, pyspark.",bigquery;databricks;elasticsearch;gcp;kafka;mongodb;neo4j;postgresql;pyspark,data_science,Data Team Lead (Knowledge Graphs),Data Scientist,Sweden,Full-time,True,lukebarousse/data_jobs
289,Data Scientist,Customer Value Partners,"Washington, DC","Title short: Data Scientist. Schedule: Full-time. Remote: False. Country: United States. Skills: aws, github, microstrategy, plotly, power bi, python, sap, tableau.",aws;github;microstrategy;plotly;power bi;python;sap;tableau,data_science,Data Scientist,Data Scientist,United States,Full-time,False,lukebarousse/data_jobs
290,Senior Data Scientist,Peach IT Professionals Inc,"Plano, TX","Title short: Senior Data Scientist. Schedule: Contractor. Remote: False. Country: United States. Skills: hadoop, java, python, r, spark, sql.",hadoop;java;python;r;spark;sql,data_science,Senior Data Scientist,Senior Data Scientist,United States,Contractor,False,lukebarousse/data_jobs
291,"Manager, Data Science",Hubbell Incorporated,United States,"Title short: Data Scientist. Schedule: Full-time. Remote: False. Country: Sudan. Skills: assembly, azure, databricks, dax, power bi, pyspark, python, sap, sql.",assembly;azure;databricks;dax;power bi;pyspark;python;sap;sql,data_science,"Manager, Data Science",Data Scientist,Sudan,Full-time,False,lukebarousse/data_jobs
292,SOCOM Data Scientist with Security Clearance,USGI,"Hopewell, FL","Title short: Data Scientist. Schedule: Full-time. Remote: False. Country: United States. Skills: excel, flow, python, r, sharepoint, word.",excel;flow;python;r;sharepoint;word,data_science,SOCOM Data Scientist with Security Clearance,Data Scientist,United States,Full-time,False,lukebarousse/data_jobs
293,Data Science Instructor,Xaltius,"Gurugram, Haryana, India","Title short: Data Scientist. Schedule: Contractor. Remote: False. Country: India. Skills: python, sql.",python;sql,data_science,Data Science Instructor,Data Scientist,India,Contractor,False,lukebarousse/data_jobs
294,Middle Data Scientist/Engineer,Data Science UA,"Kyiv, Ukraine","Title short: Data Scientist. Schedule: Full-time. Remote: False. Country: Ukraine. Skills: flask, nosql, numpy, pandas, scikit-learn, sql.",flask;nosql;numpy;pandas;scikit-learn;sql,data_science,Middle Data Scientist/Engineer,Data Scientist,Ukraine,Full-time,False,lukebarousse/data_jobs
295,"Assistant Manager (Data Scientist), AIO Innovation Office (Contract)",National University Health System,Singapore,"Title short: Data Scientist. Schedule: Contractor. Remote: False. Country: Singapore. Skills: aws, azure, gcp, python, pytorch, scikit-learn, tensorflow.",aws;azure;gcp;python;pytorch;scikit-learn;tensorflow,data_science,"Assistant Manager (Data Scientist), AIO Innovation Office (Contract)",Data Scientist,Singapore,Contractor,False,lukebarousse/data_jobs
296,Data Scientist,Estrada International Staffing Solutions,"Lagos, Nigeria","Title short: Data Scientist. Schedule: Full-time. Remote: False. Country: Nigeria. Skills: hadoop, power bi, python, r, spark, tableau.",hadoop;power bi;python;r;spark;tableau,data_science,Data Scientist,Data Scientist,Nigeria,Full-time,False,lukebarousse/data_jobs
297,Data Scientist,Zyoin,"Bengaluru, Karnataka, India","Title short: Data Scientist. Schedule: Full-time. Remote: False. Country: India. Skills: keras, python, tensorflow, theano.",keras;python;tensorflow;theano,data_science,Data Scientist,Data Scientist,India,Full-time,False,lukebarousse/data_jobs
298,Data Scientist (m/w/d),Sopra Steria,Germany   (+6 others),"Title short: Data Scientist. Schedule: Full-time. Remote: False. Country: Germany. Skills: oracle, power bi, python, r, tableau.",oracle;power bi;python;r;tableau,data_science,Data Scientist (m/w/d),Data Scientist,Germany,Full-time,False,lukebarousse/data_jobs
299,Data Scientist to Froda,Ants,"Stockholm, Sweden","Title short: Data Scientist. Schedule: Full-time. Remote: False. Country: Sweden. Skills: c#, java, python, r, sql.",c#;java;python;r;sql,data_science,Data Scientist to Froda,Data Scientist,Sweden,Full-time,False,lukebarousse/data_jobs
300,"Data Scientist/Data Modeler, Remote","The ACI Group, Inc.","Baltimore, MD","Title short: Data Scientist. Schedule: Contractor. Remote: False. Country: United States. Skills: power bi, python, r, sas, splunk, sql.",power bi;python;r;sas;splunk;sql,data_science,"Data Scientist/Data Modeler, Remote",Data Scientist,United States,Contractor,False,lukebarousse/data_jobs
301,Senior Data Scientist,Harnham,"London, UK",Title short: Senior Data Scientist. Schedule: Full-time. Remote: False. Country: United Kingdom. Skills: python.,python,data_science,Senior Data Scientist,Senior Data Scientist,United Kingdom,Full-time,False,lukebarousse/data_jobs
302,Graduate Data Scientist,Arup,Hong Kong,"Title short: Data Scientist. Schedule: Full-time. Remote: False. Country: Hong Kong. Skills: aws, azure, c, c#, gcp, go, java, javascript, mongodb, python, typescript.",aws;azure;c;c#;gcp;go;java;javascript;mongodb;python;typescript,data_science,Graduate Data Scientist,Data Scientist,Hong Kong,Full-time,False,lukebarousse/data_jobs
303,Data Scientist I/II (Insights),Navy Federal Credit Union,"Merrifield, VA","Title short: Data Scientist. Schedule: Full-time. Remote: False. Country: United States. Skills: aws, azure, databricks, ggplot2, hadoop, matplotlib, power bi, python, r, scala, spark, sql, tableau, word.",aws;azure;databricks;ggplot2;hadoop;matplotlib;power bi;python;r;scala;spark;sql;tableau;word,data_science,Data Scientist I/II (Insights),Data Scientist,United States,Full-time,False,lukebarousse/data_jobs
304,"Staff Data Scientist, Food Alliance (m/f/x)",HelloFresh,"Berlin, Germany","Title short: Data Scientist. Schedule: Full-time. Remote: False. Country: Germany. Skills: go, hadoop, numpy, pandas, python, r, scikit-learn, spark, sql, unify.",go;hadoop;numpy;pandas;python;r;scikit-learn;spark;sql;unify,data_science,"Staff Data Scientist, Food Alliance (m/f/x)",Data Scientist,Germany,Full-time,False,lukebarousse/data_jobs
305,Senior Data Scientist,"Summit Consulting, LLC",Anywhere,"Title short: Senior Data Scientist. Schedule: Full-time. Remote: True. Country: Sudan. Skills: python, r.",python;r,data_science,Senior Data Scientist,Senior Data Scientist,Sudan,Full-time,True,lukebarousse/data_jobs
306,Senior Risk Data Scientist,Trustly,"Lisbon, Portugal","Title short: Senior Data Scientist. Schedule: Full-time. Remote: False. Country: Portugal. Skills: python, sql.",python;sql,data_science,Senior Risk Data Scientist,Senior Data Scientist,Portugal,Full-time,False,lukebarousse/data_jobs
307,Data Scientist (2022-0019),Acclaim Technical Services,"Tysons, VA",Title short: Data Scientist. Schedule: Full-time. Remote: False. Country: United States. Skills: python.,python,data_science,Data Scientist (2022-0019),Data Scientist,United States,Full-time,False,lukebarousse/data_jobs
308,Data Scientist I,Navy Federal Credit Union,"Winchester, VA","Title short: Data Scientist. Schedule: Full-time. Remote: False. Country: United States. Skills: aws, azure, databricks, excel, ggplot2, hadoop, matplotlib, power bi, powerpoint, python, r, scala, spark, spreadsheet, sql, tableau, word.",aws;azure;databricks;excel;ggplot2;hadoop;matplotlib;power bi;powerpoint;python;r;scala;spark;spreadsheet;sql;tableau;word,data_science,Data Scientist I,Data Scientist,United States,Full-time,False,lukebarousse/data_jobs
309,Data Scientist,Centrico,"Turin, Metropolitan City of Turin, Italy","Title short: Data Scientist. Schedule: Full-time. Remote: False. Country: Italy. Skills: docker, hadoop, kafka, numpy, pandas, python, r, scala, scikit-learn, spark, sql, unix.",docker;hadoop;kafka;numpy;pandas;python;r;scala;scikit-learn;spark;sql;unix,data_science,Data Scientist,Data Scientist,Italy,Full-time,False,lukebarousse/data_jobs
310,"Manager of Data Science Elmhurst, Illinois",MedSpeed,United States,"Title short: Data Scientist. Schedule: Full-time. Remote: False. Country: Sudan. Skills: excel, java, python, r.",excel;java;python;r,data_science,"Manager of Data Science Elmhurst, Illinois",Data Scientist,Sudan,Full-time,False,lukebarousse/data_jobs
311,Data Scientist for Retail Industry,Upwork,Anywhere,"Title short: Data Scientist. Schedule: Contractor. Remote: True. Country: United States. Skills: aws, azure, keras, python, pytorch, r, scikit-learn, tensorflow.",aws;azure;keras;python;pytorch;r;scikit-learn;tensorflow,data_science,Data Scientist for Retail Industry,Data Scientist,United States,Contractor,True,lukebarousse/data_jobs
312,"AI/NLP Engineers, Data Scientists, SDET, and Head of QA",Definely,"London, UK","Title short: Data Scientist. Schedule: Full-time. Remote: False. Country: United Kingdom. Skills: aws, azure, c++, hadoop, java, nosql, python, spark.",aws;azure;c++;hadoop;java;nosql;python;spark,data_science,"AI/NLP Engineers, Data Scientists, SDET, and Head of QA",Data Scientist,United Kingdom,Full-time,False,lukebarousse/data_jobs
313,(Senior) Bioinformatician / Data Scientist,Deutsches Krebsforschungszentrum DKFZ,"Mainz, Germany","Title short: Senior Data Scientist. Schedule: Full-time. Remote: False. Country: Germany. Skills: github, gitlab, python, r.",github;gitlab;python;r,data_science,(Senior) Bioinformatician / Data Scientist,Senior Data Scientist,Germany,Full-time,False,lukebarousse/data_jobs
314,Database Engineer,Helvetia Schweizerische Versicherungsgesellschaft AG,"Milan, Metropolitan City of Milan, Italy","Title short: Data Scientist. Schedule: Full-time. Remote: False. Country: Italy. Skills: bash, cassandra, db2, elasticsearch, kafka, linux, mongodb, nosql, powershell, redis, sql, sql server, windows.",bash;cassandra;db2;elasticsearch;kafka;linux;mongodb;nosql;powershell;redis;sql;sql server;windows,data_science,Database Engineer,Data Scientist,Italy,Full-time,False,lukebarousse/data_jobs
315,Senior Data Scientist,Ryanair - Europe's Favourite Airline,"Madrid, Spain","Title short: Senior Data Scientist. Schedule: Full-time. Remote: False. Country: Spain. Skills: aws, python, r, sql.",aws;python;r;sql,data_science,Senior Data Scientist,Senior Data Scientist,Spain,Full-time,False,lukebarousse/data_jobs
316,Azure Data Lead,Conneqt Digital,India,"Title short: Data Scientist. Schedule: Full-time. Remote: False. Country: India. Skills: azure, databricks, sql, sql server.",azure;databricks;sql;sql server,data_science,Azure Data Lead,Data Scientist,India,Full-time,False,lukebarousse/data_jobs
317,DG-Manager-Data Scientist,Genpact,"Hyderabad, Telangana, India","Title short: Data Scientist. Schedule: Full-time. Remote: False. Country: India. Skills: python, r, sql.",python;r;sql,data_science,DG-Manager-Data Scientist,Data Scientist,India,Full-time,False,lukebarousse/data_jobs
318,Data Scientist,"Wal-Mart Stores , Inc.","Dallas, TX","Title short: Data Scientist. Schedule: Full-time. Remote: False. Country: United States. Skills: bash, flask, github, java, keras, matplotlib, mysql, nltk, nosql, pandas, postgresql, python, pytorch, scikit-learn, seaborn, shell, spark, spring, sql, tensorflow.",bash;flask;github;java;keras;matplotlib;mysql;nltk;nosql;pandas;postgresql;python;pytorch;scikit-learn;seaborn;shell;spark;spring;sql;tensorflow,data_science,Data Scientist,Data Scientist,United States,Full-time,False,lukebarousse/data_jobs
319,Expert Data Scientist,impact.com,Anywhere,"Title short: Data Scientist. Schedule: Full-time. Remote: True. Country: Sudan. Skills: go, python, r, sql.",go;python;r;sql,data_science,Expert Data Scientist,Data Scientist,Sudan,Full-time,True,lukebarousse/data_jobs
320,Research Associate Data Scientist - Tatonetti Lab,CEDARS-SINAI,"West Hollywood, CA","Title short: Data Scientist. Schedule: Full-time. Remote: False. Country: United States. Skills: github, python, r, sql.",github;python;r;sql,data_science,Research Associate Data Scientist - Tatonetti Lab,Data Scientist,United States,Full-time,False,lukebarousse/data_jobs
321,Data Scientist,Apex Systems,"Richmond, VA","Title short: Data Scientist. Schedule: Full-time. Remote: False. Country: United States. Skills: azure, databricks, hadoop, python, r, sas, sql, sql server, ssis, ssrs.",azure;databricks;hadoop;python;r;sas;sql;sql server;ssis;ssrs,data_science,Data Scientist,Data Scientist,United States,Full-time,False,lukebarousse/data_jobs
322,Lead Data Scientist,Sabanto,"Itasca, IL","Title short: Data Scientist. Schedule: Full-time. Remote: False. Country: United States. Skills: aws, bigquery, databricks, git, keras, python, pytorch, spark, tableau, tensorflow.",aws;bigquery;databricks;git;keras;python;pytorch;spark;tableau;tensorflow,data_science,Lead Data Scientist,Data Scientist,United States,Full-time,False,lukebarousse/data_jobs
323,Lead Data Scientist,Travtus,"London, UK","Title short: Data Scientist. Schedule: Full-time. Remote: False. Country: United Kingdom. Skills: aws, azure, gcp, hugging face, python.",aws;azure;gcp;hugging face;python,data_science,Lead Data Scientist,Data Scientist,United Kingdom,Full-time,False,lukebarousse/data_jobs
324,(Senior) Digital Analytics Engineer,Netcentric,"Bucharest, Romania","Title short: Data Scientist. Schedule: Full-time. Remote: False. Country: Romania. Skills: css, html, javascript, jquery.",css;html;javascript;jquery,data_science,(Senior) Digital Analytics Engineer,Data Scientist,Romania,Full-time,False,lukebarousse/data_jobs
325,Data Science Development Program,Aegon Nederland,"The Hague, Netherlands","Title short: Data Scientist. Schedule: Full-time. Remote: False. Country: Netherlands. Skills: go, python, r, sql.",go;python;r;sql,data_science,Data Science Development Program,Data Scientist,Netherlands,Full-time,False,lukebarousse/data_jobs
326,Data Scientist,Aspira,"Dublin, Ireland",Title short: Data Scientist. Schedule: Contractor. Remote: False. Country: Ireland. Skills: sql.,sql,data_science,Data Scientist,Data Scientist,Ireland,Contractor,False,lukebarousse/data_jobs
327,"Data Scientist, AI Enablement",Thermo Fisher Scientific,"Heredia Province, Heredia, Costa Rica","Title short: Data Scientist. Schedule: Full-time. Remote: False. Country: Costa Rica. Skills: power bi, python, r, tableau.",power bi;python;r;tableau,data_science,"Data Scientist, AI Enablement",Data Scientist,Costa Rica,Full-time,False,lukebarousse/data_jobs
328,Data scientist H/F,DCS Group,France,"Title short: Data Scientist. Schedule: Full-time. Remote: False. Country: France. Skills: docker, kubernetes, python, sql.",docker;kubernetes;python;sql,data_science,Data scientist H/F,Data Scientist,France,Full-time,False,lukebarousse/data_jobs
329,Analytics Engineer,Inpay - The Fastest Growing Company in Denmark,Denmark,"Title short: Data Scientist. Schedule: Full-time. Remote: False. Country: Denmark. Skills: go, python, snowflake, sql.",go;python;snowflake;sql,data_science,Analytics Engineer,Data Scientist,Denmark,Full-time,False,lukebarousse/data_jobs
330,Cleared Data Scientist - Data Mining/CX/Customer Analytics Jobs,Guidehouse,"Washington, DC","Title short: Data Scientist. Schedule: Full-time. Remote: False. Country: United States. Skills: azure, databricks, excel, python, r, sql, tableau.",azure;databricks;excel;python;r;sql;tableau,data_science,Cleared Data Scientist - Data Mining/CX/Customer Analytics Jobs,Data Scientist,United States,Full-time,False,lukebarousse/data_jobs
331,Lead Data Scientist,Sensemachine,"Moscow, Russia","Title short: Data Scientist. Schedule: Full-time. Remote: False. Country: Russia. Skills: docker, numpy, pandas, pyspark, python, pytorch, scala, scikit-learn, spark, sql, tensorflow.",docker;numpy;pandas;pyspark;python;pytorch;scala;scikit-learn;spark;sql;tensorflow,data_science,Lead Data Scientist,Data Scientist,Russia,Full-time,False,lukebarousse/data_jobs
332,Bioinformatics Data Scientist Consultant (FEDHEALTH Sector),Deloitte,"Atlanta, GA","Title short: Data Scientist. Schedule: Full-time. Remote: False. Country: United States. Skills: python, r, sas, spss, sql.",python;r;sas;spss;sql,data_science,Bioinformatics Data Scientist Consultant (FEDHEALTH Sector),Data Scientist,United States,Full-time,False,lukebarousse/data_jobs
333,Senior Data Scientist,PRI Global,Anywhere,"Title short: Senior Data Scientist. Schedule: Contractor. Remote: True. Country: Sudan. Skills: aws, azure, databricks, gcp, hadoop, keras, python, pytorch, r, scikit-learn, snowflake, spark, sql, tensorflow.",aws;azure;databricks;gcp;hadoop;keras;python;pytorch;r;scikit-learn;snowflake;spark;sql;tensorflow,data_science,Senior Data Scientist,Senior Data Scientist,Sudan,Contractor,True,lukebarousse/data_jobs
334,Stage Data Scientist données environnementales - TOULOUSE (H/F),Capgemini Engineering,"Toulouse, France","Title short: Data Scientist. Schedule: Full-time and Internship. Remote: False. Country: France. Skills: chef, python.",chef;python,data_science,Stage Data Scientist données environnementales - TOULOUSE (H/F),Data Scientist,France,Full-time and Internship,False,lukebarousse/data_jobs
335,Mathematical Statistician (Data Scientist) or Statistician (Data...,Internal Revenue Service,"Birmingham, AL",Title short: Data Scientist. Schedule: Full-time. Remote: False. Country: United States. Skills: c.,c,data_science,Mathematical Statistician (Data Scientist) or Statistician (Data...,Data Scientist,United States,Full-time,False,lukebarousse/data_jobs
336,Data Scientist - must have IRB - 4 day week,Reed Technology,"Durham, UK","Title short: Data Scientist. Schedule: Full-time. Remote: False. Country: United Kingdom. Skills: python, r, sas, sql.",python;r;sas;sql,data_science,Data Scientist - must have IRB - 4 day week,Data Scientist,United Kingdom,Full-time,False,lukebarousse/data_jobs
337,Data Scientist,James Adams,"London, UK","Title short: Data Scientist. Schedule: Contractor. Remote: False. Country: United Kingdom. Skills: aws, hugging face, python, pytorch, tensorflow.",aws;hugging face;python;pytorch;tensorflow,data_science,Data Scientist,Data Scientist,United Kingdom,Contractor,False,lukebarousse/data_jobs
338,Data Scientist Intern / Senior Data Scientist Intern,Mathematica Policy Research,"Cambridge, MA","Title short: Data Scientist. Schedule: Full-time. Remote: False. Country: United States. Skills: github, julia, numpy, pandas, python, r, scikit-learn, sql, tidyverse.",github;julia;numpy;pandas;python;r;scikit-learn;sql;tidyverse,data_science,Data Scientist Intern / Senior Data Scientist Intern,Data Scientist,United States,Full-time,False,lukebarousse/data_jobs
339,Graduate Machine Learning / Data Scientist,Cambridge Consultants,"Cambridge, UK","Title short: Data Scientist. Schedule: Full-time. Remote: False. Country: United Kingdom. Skills: matlab, python, r.",matlab;python;r,data_science,Graduate Machine Learning / Data Scientist,Data Scientist,United Kingdom,Full-time,False,lukebarousse/data_jobs
340,Research Engineer/ Data Scientist/ Biostatistician - Massive Data...,Georgetown University,"Washington, DC","Title short: Data Scientist. Schedule: Full-time. Remote: False. Country: United States. Skills: excel, java, python, r, tableau.",excel;java;python;r;tableau,data_science,Research Engineer/ Data Scientist/ Biostatistician - Massive Data...,Data Scientist,United States,Full-time,False,lukebarousse/data_jobs
341,Data Tech Lead,ASTEK Portugal,"Lisbon, Portugal","Title short: Data Scientist. Schedule: Full-time. Remote: False. Country: Portugal. Skills: airflow, azure, gcp, kafka, spark, terraform.",airflow;azure;gcp;kafka;spark;terraform,data_science,Data Tech Lead,Data Scientist,Portugal,Full-time,False,lukebarousse/data_jobs
342,"Senior Data Scientist, iOS Pod",Chartboost,Anywhere,"Title short: Senior Data Scientist. Schedule: Full-time. Remote: True. Country: Spain. Skills: python, scala, spark, sql.",python;scala;spark;sql,data_science,"Senior Data Scientist, iOS Pod",Senior Data Scientist,Spain,Full-time,True,lukebarousse/data_jobs
343,Data Scientist,Cadent,"Philadelphia, PA","Title short: Data Scientist. Schedule: Full-time. Remote: False. Country: United States. Skills: aws, gcp, python, sql.",aws;gcp;python;sql,data_science,Data Scientist,Data Scientist,United States,Full-time,False,lukebarousse/data_jobs
344,Data Scientist,UnitedHealth Group,"Charlotte, NC","Title short: Data Scientist. Schedule: Full-time. Remote: False. Country: United States. Skills: databricks, hadoop, power bi, python, r, sas, snowflake, spark, sql, tableau.",databricks;hadoop;power bi;python;r;sas;snowflake;spark;sql;tableau,data_science,Data Scientist,Data Scientist,United States,Full-time,False,lukebarousse/data_jobs
345,Data Modeler,Atradius,"Madrid, Spain","Title short: Data Scientist. Schedule: Full-time. Remote: False. Country: Spain. Skills: databricks, power bi, python, spark, sql.",databricks;power bi;python;spark;sql,data_science,Data Modeler,Data Scientist,Spain,Full-time,False,lukebarousse/data_jobs
346,Data Scientist Digital Effectiveness Operations & Technology Analytics,Cox Communications,"Doraville, GA","Title short: Data Scientist. Schedule: Full-time. Remote: False. Country: United States. Skills: aws, numpy, pandas, pyspark, python, scikit-learn, sql, tableau.",aws;numpy;pandas;pyspark;python;scikit-learn;sql;tableau,data_science,Data Scientist Digital Effectiveness Operations & Technology Analytics,Data Scientist,United States,Full-time,False,lukebarousse/data_jobs
347,Quantum Data Scientist,Cleveland Clinic,"Cleveland, OH","Title short: Data Scientist. Schedule: Full-time. Remote: False. Country: United States. Skills: go, matlab, python, r, sas, spss, sql.",go;matlab;python;r;sas;spss;sql,data_science,Quantum Data Scientist,Data Scientist,United States,Full-time,False,lukebarousse/data_jobs
348,Data Scientist,NLB Services,Anywhere,"Title short: Data Scientist. Schedule: Full-time. Remote: True. Country: United States. Skills: aws, databricks, jenkins, nltk, numpy, pandas, pyspark, python, r, redshift, sql, tableau, terraform.",aws;databricks;jenkins;nltk;numpy;pandas;pyspark;python;r;redshift;sql;tableau;terraform,data_science,Data Scientist,Data Scientist,United States,Full-time,True,lukebarousse/data_jobs
349,Data Scientist Jobs,CACI,"Dahlgren, VA","Title short: Data Scientist. Schedule: Full-time. Remote: False. Country: United States. Skills: hadoop, java, kafka, nosql, perl, python, r, sap, spark, sql.",hadoop;java;kafka;nosql;perl;python;r;sap;spark;sql,data_science,Data Scientist Jobs,Data Scientist,United States,Full-time,False,lukebarousse/data_jobs
350,Senior Data Scientist,Verizon,"Lone Tree, CO","Title short: Senior Data Scientist. Schedule: Full-time and Part-time. Remote: False. Country: Sudan. Skills: gcp, hadoop, jupyter, looker, numpy, python, qlik, scikit-learn, spark, sql, tableau.",gcp;hadoop;jupyter;looker;numpy;python;qlik;scikit-learn;spark;sql;tableau,data_science,Senior Data Scientist,Senior Data Scientist,Sudan,Full-time and Part-time,False,lukebarousse/data_jobs
351,Data Scientist für das Public Umfeld,CGI Deutschland,"Cologne, Germany","Title short: Data Scientist. Schedule: Full-time. Remote: False. Country: Germany. Skills: python, r.",python;r,data_science,Data Scientist für das Public Umfeld,Data Scientist,Germany,Full-time,False,lukebarousse/data_jobs
352,Senior Data Scientist,Trade Republic Bank GmbH,"Berlin, Germany","Title short: Senior Data Scientist. Schedule: Full-time. Remote: False. Country: Germany. Skills: matplotlib, numpy, pandas, python, scikit-learn, sql.",matplotlib;numpy;pandas;python;scikit-learn;sql,data_science,Senior Data Scientist,Senior Data Scientist,Germany,Full-time,False,lukebarousse/data_jobs
353,Senior Data Scientist with Security Clearance,EverPresent Talent,"Nebraska City, NE","Title short: Senior Data Scientist. Schedule: Full-time. Remote: False. Country: United States. Skills: c#, c++, hadoop, jira, windows.",c#;c++;hadoop;jira;windows,data_science,Senior Data Scientist with Security Clearance,Senior Data Scientist,United States,Full-time,False,lukebarousse/data_jobs
354,Senior Data Scientist (Smart Factory Optimization),JAC Group,Singapore,"Title short: Senior Data Scientist. Schedule: Full-time. Remote: False. Country: Singapore. Skills: python, r, sql.",python;r;sql,data_science,Senior Data Scientist (Smart Factory Optimization),Senior Data Scientist,Singapore,Full-time,False,lukebarousse/data_jobs
355,Data Scientist Senior #1326,"M2C, an AYESA company","Madrid, Spain","Title short: Senior Data Scientist. Schedule: Full-time. Remote: False. Country: Spain. Skills: matplotlib, numpy, pandas, pyspark, python, scala, sql.",matplotlib;numpy;pandas;pyspark;python;scala;sql,data_science,Data Scientist Senior #1326,Senior Data Scientist,Spain,Full-time,False,lukebarousse/data_jobs
356,2024 Lazard Data Scientist Summer Internship,Lazard,"New York, NY",Title short: Data Scientist. Schedule: Internship. Remote: False. Country: Sudan. Skills: python.,python,data_science,2024 Lazard Data Scientist Summer Internship,Data Scientist,Sudan,Internship,False,lukebarousse/data_jobs
357,Senior Data Scientist III,RELX,"Raleigh, NC","Title short: Data Scientist. Schedule: Full-time. Remote: False. Country: United States. Skills: hadoop, python, spark.",hadoop;python;spark,data_science,Senior Data Scientist III,Data Scientist,United States,Full-time,False,lukebarousse/data_jobs
358,Data Scientist,"University of California, Riverside","Riverside, CA","Title short: Data Scientist. Schedule: Full-time. Remote: False. Country: United States. Skills: aws, azure, bigquery, excel, gcp, looker, matplotlib, python, r, redshift, snowflake, sql, tableau.",aws;azure;bigquery;excel;gcp;looker;matplotlib;python;r;redshift;snowflake;sql;tableau,data_science,Data Scientist,Data Scientist,United States,Full-time,False,lukebarousse/data_jobs
359,Data Warehouse Developer,Finnova,"Schwyz, Switzerland","Title short: Data Scientist. Schedule: Part-time. Remote: False. Country: Switzerland. Skills: oracle, sql, sql server.",oracle;sql;sql server,data_science,Data Warehouse Developer,Data Scientist,Switzerland,Part-time,False,lukebarousse/data_jobs
360,Data Scientist,Virtual Clone,Anywhere,"Title short: Data Scientist. Schedule: Full-time. Remote: True. Country: India. Skills: confluence, git, matplotlib, numpy, pandas, python, pytorch, tensorflow.",confluence;git;matplotlib;numpy;pandas;python;pytorch;tensorflow,data_science,Data Scientist,Data Scientist,India,Full-time,True,lukebarousse/data_jobs
361,Data Scientist,CARFAX,"Columbia, MO","Title short: Data Scientist. Schedule: Full-time. Remote: False. Country: United States. Skills: python, r, word.",python;r;word,data_science,Data Scientist,Data Scientist,United States,Full-time,False,lukebarousse/data_jobs
362,Data Scientist III,Peraton,"McLean, VA","Title short: Data Scientist. Schedule: Full-time. Remote: False. Country: United States. Skills: aws, python.",aws;python,data_science,Data Scientist III,Data Scientist,United States,Full-time,False,lukebarousse/data_jobs
363,Head Data Science & Analytics (m/w/d),vtours,"Berlin, Germany",Title short: Data Scientist. Schedule: Full-time. Remote: False. Country: Germany. Skills: bigquery.,bigquery,data_science,Head Data Science & Analytics (m/w/d),Data Scientist,Germany,Full-time,False,lukebarousse/data_jobs
364,Senior Informaticist/Data Scientist,Humana,"Austin, TX","Title short: Data Scientist. Schedule: Full-time. Remote: False. Country: Sudan. Skills: hadoop, power bi, python, r, sas, sql, tableau.",hadoop;power bi;python;r;sas;sql;tableau,data_science,Senior Informaticist/Data Scientist,Data Scientist,Sudan,Full-time,False,lukebarousse/data_jobs
365,Junior Data Scientist,Marcadus,"Gorinchem, Netherlands","Title short: Data Scientist. Schedule: Full-time. Remote: False. Country: Netherlands. Skills: python, sql.",python;sql,data_science,Junior Data Scientist,Data Scientist,Netherlands,Full-time,False,lukebarousse/data_jobs
366,"Senior Associate, Data Science",Poudouleveis.gr,"Thessaloniki, Greece","Title short: Data Scientist. Schedule: Full-time. Remote: False. Country: Greece. Skills: excel, python, r.",excel;python;r,data_science,"Senior Associate, Data Science",Data Scientist,Greece,Full-time,False,lukebarousse/data_jobs
367,Data Scientist (Graduate),BNY Mellon,"Pittsburgh, PA","Title short: Data Scientist. Schedule: Full-time. Remote: False. Country: United States. Skills: c++, java, matlab, pandas, python, r, sql.",c++;java;matlab;pandas;python;r;sql,data_science,Data Scientist (Graduate),Data Scientist,United States,Full-time,False,lukebarousse/data_jobs
368,Research Data Applications Scientist,Axtria,United States,"Title short: Data Scientist. Schedule: Full-time. Remote: False. Country: United States. Skills: python, r, sql.",python;r;sql,data_science,Research Data Applications Scientist,Data Scientist,United States,Full-time,False,lukebarousse/data_jobs
369,Senior Data Scientist,HARMAN International,"Bommasandra, Karnataka, India","Title short: Senior Data Scientist. Schedule: Full-time. Remote: False. Country: India. Skills: aws, keras, matplotlib, python, pytorch, scala, scikit-learn, seaborn, sql, tensorflow.",aws;keras;matplotlib;python;pytorch;scala;scikit-learn;seaborn;sql;tensorflow,data_science,Senior Data Scientist,Senior Data Scientist,India,Full-time,False,lukebarousse/data_jobs
370,Data Scientist II,SunTrust,"Atlanta, GA","Title short: Data Scientist. Schedule: Full-time. Remote: False. Country: United States. Skills: hadoop, jquery, nosql, python, sas, spark, sql, tableau.",hadoop;jquery;nosql;python;sas;spark;sql;tableau,data_science,Data Scientist II,Data Scientist,United States,Full-time,False,lukebarousse/data_jobs
371,Senior Artificial Intelligence Data Scientist,ICBD HOLDINGS LLC,"Fort Lauderdale, FL","Title short: Senior Data Scientist. Schedule: Full-time. Remote: False. Country: United States. Skills: python, r.",python;r,data_science,Senior Artificial Intelligence Data Scientist,Senior Data Scientist,United States,Full-time,False,lukebarousse/data_jobs
372,Data Scientist III - Product Lifecycle & Intervention,Teladoc Health,"Barcelona, Spain","Title short: Data Scientist. Schedule: Full-time. Remote: False. Country: Spain. Skills: hadoop, python, pytorch, spark, sql, tensorflow.",hadoop;python;pytorch;spark;sql;tensorflow,data_science,Data Scientist III - Product Lifecycle & Intervention,Data Scientist,Spain,Full-time,False,lukebarousse/data_jobs
373,Principal Data Scientist Jobs,Leidos,"Arlington, VA","Title short: Data Scientist. Schedule: Contractor. Remote: False. Country: United States. Skills: neo4j, python, pytorch, tableau, tensorflow.",neo4j;python;pytorch;tableau;tensorflow,data_science,Principal Data Scientist Jobs,Data Scientist,United States,Contractor,False,lukebarousse/data_jobs
374,Data Scientist AWS - Freelance,Lawrence Harvey,"Paris, France",Title short: Data Scientist. Schedule: Full-time. Remote: False. Country: France. Skills: aws.,aws,data_science,Data Scientist AWS - Freelance,Data Scientist,France,Full-time,False,lukebarousse/data_jobs
375,Lead Data Science Consultant - Supply Chain (P2416),84.51˚,Anywhere,"Title short: Data Scientist. Schedule: Full-time. Remote: True. Country: United States. Skills: excel, python, r, sql.",excel;python;r;sql,data_science,Lead Data Science Consultant - Supply Chain (P2416),Data Scientist,United States,Full-time,True,lukebarousse/data_jobs
376,Data Scientist,Digitas,United States,"Title short: Data Scientist. Schedule: Full-time. Remote: False. Country: Sudan. Skills: aws, hadoop, linux, python, r, sql.",aws;hadoop;linux;python;r;sql,data_science,Data Scientist,Data Scientist,Sudan,Full-time,False,lukebarousse/data_jobs
377,Lead Data Scientist,Sketch App Sources,"Berlin, Germany","Title short: Data Scientist. Schedule: Full-time. Remote: False. Country: Germany. Skills: aws, go, hadoop, keras, looker, python, pytorch, scikit-learn, spark, sql, tensorflow.",aws;go;hadoop;keras;looker;python;pytorch;scikit-learn;spark;sql;tensorflow,data_science,Lead Data Scientist,Data Scientist,Germany,Full-time,False,lukebarousse/data_jobs
378,Principal Data Scientist,Capital One,"San Francisco, CA","Title short: Data Scientist. Schedule: Full-time. Remote: False. Country: United States. Skills: aws, hugging face, spark.",aws;hugging face;spark,data_science,Principal Data Scientist,Data Scientist,United States,Full-time,False,lukebarousse/data_jobs
379,Consultant - Data Science & Analytics,Sia Partners,Hong Kong,"Title short: Data Scientist. Schedule: Full-time. Remote: False. Country: Hong Kong. Skills: python, r, sql, tableau.",python;r;sql;tableau,data_science,Consultant - Data Science & Analytics,Data Scientist,Hong Kong,Full-time,False,lukebarousse/data_jobs
380,Lead Data Scientist,ADP,"Alpharetta, GA","Title short: Data Scientist. Schedule: Full-time. Remote: False. Country: United States. Skills: aws, databricks, docker, excel, kubernetes, python, r, sql, tableau.",aws;databricks;docker;excel;kubernetes;python;r;sql;tableau,data_science,Lead Data Scientist,Data Scientist,United States,Full-time,False,lukebarousse/data_jobs
381,Data Scientist,if forsekringcenter,Anywhere,"Title short: Data Scientist. Schedule: Full-time. Remote: True. Country: Sweden. Skills: databricks, python, sql.",databricks;python;sql,data_science,Data Scientist,Data Scientist,Sweden,Full-time,True,lukebarousse/data_jobs
382,Data Scientist,2COMS Consulting Pvt. Ltd.,"Bengaluru, Karnataka, India","Title short: Data Scientist. Schedule: Full-time. Remote: False. Country: India. Skills: excel, powerpoint, python, sql.",excel;powerpoint;python;sql,data_science,Data Scientist,Data Scientist,India,Full-time,False,lukebarousse/data_jobs
383,Data Scientist with Security Clearance,Strategic ASI,United States,"Title short: Data Scientist. Schedule: Full-time. Remote: False. Country: United States. Skills: crystal, java, javascript, python, spark, tableau.",crystal;java;javascript;python;spark;tableau,data_science,Data Scientist with Security Clearance,Data Scientist,United States,Full-time,False,lukebarousse/data_jobs
384,Data Scientist - Artificial Intelligence - IBM France (H/F),IBM,"Strasbourg, France","Title short: Data Scientist. Schedule: Full-time. Remote: False. Country: France. Skills: excel, ibm cloud, powerpoint.",excel;ibm cloud;powerpoint,data_science,Data Scientist - Artificial Intelligence - IBM France (H/F),Data Scientist,France,Full-time,False,lukebarousse/data_jobs
385,Senior Data Scientist*,Fraunhofer Karriere,"Sankt Augustin, Germany","Title short: Senior Data Scientist. Schedule: Full-time. Remote: False. Country: Germany. Skills: python, tensorflow.",python;tensorflow,data_science,Senior Data Scientist*,Senior Data Scientist,Germany,Full-time,False,lukebarousse/data_jobs
386,Senior Data Scientist,Magnit,"Durham, NC","Title short: Senior Data Scientist. Schedule: Contractor. Remote: False. Country: United States. Skills: power bi, python, r, scala, spark, sql, tableau.",power bi;python;r;scala;spark;sql;tableau,data_science,Senior Data Scientist,Senior Data Scientist,United States,Contractor,False,lukebarousse/data_jobs
387,"Lead Data Scientist, Marketing",The Home Depot,"Atlanta, GA","Title short: Data Scientist. Schedule: Full-time. Remote: False. Country: United States. Skills: bigquery, python, sql, tableau.",bigquery;python;sql;tableau,data_science,"Lead Data Scientist, Marketing",Data Scientist,United States,Full-time,False,lukebarousse/data_jobs
388,"Manager/Senior Manager, Data Science",Forward Financing,Anywhere,"Title short: Data Scientist. Schedule: Full-time. Remote: True. Country: Sudan. Skills: databricks, datarobot, python, r, snowflake, sql, tableau.",databricks;datarobot;python;r;snowflake;sql;tableau,data_science,"Manager/Senior Manager, Data Science",Data Scientist,Sudan,Full-time,True,lukebarousse/data_jobs
389,"Data Scientist, LiveAnalytics","Ticketmaster Entertainment, Inc.","Phoenix, AZ","Title short: Data Scientist. Schedule: Full-time. Remote: False. Country: United States. Skills: confluence, flow, go, python, sql.",confluence;flow;go;python;sql,data_science,"Data Scientist, LiveAnalytics",Data Scientist,United States,Full-time,False,lukebarousse/data_jobs
390,Data Scientist,Guidehouse,"Vienna, VA",Title short: Data Scientist. Schedule: Full-time. Remote: False. Country: United States. Skills: r.,r,data_science,Data Scientist,Data Scientist,United States,Full-time,False,lukebarousse/data_jobs
391,Senior Data Scientist,Fraser Alexander,South Africa,"Title short: Senior Data Scientist. Schedule: Full-time. Remote: False. Country: South Africa. Skills: azure, matlab, nosql, perl, power bi, powershell, python, r, sap, sas, sql, sql server, ssrs, tableau.",azure;matlab;nosql;perl;power bi;powershell;python;r;sap;sas;sql;sql server;ssrs;tableau,data_science,Senior Data Scientist,Senior Data Scientist,South Africa,Full-time,False,lukebarousse/data_jobs
392,Postdoctoral Fellow-Data Science for Cancer Screening Research ...,Dana-Farber Cancer Institute,"Boston, MA",Title short: Data Scientist. Schedule: Full-time. Remote: False. Country: United States. Skills: python.,python,data_science,Postdoctoral Fellow-Data Science for Cancer Screening Research ...,Data Scientist,United States,Full-time,False,lukebarousse/data_jobs
393,"Associate, Data Scientist",Lazard Freres & Co. LLC,"New York, NY","Title short: Data Scientist. Schedule: Full-time. Remote: False. Country: United States. Skills: aws, nosql, python, sql.",aws;nosql;python;sql,data_science,"Associate, Data Scientist",Data Scientist,United States,Full-time,False,lukebarousse/data_jobs
394,Data Scientist,RiVi Consulting Group L.L.C,"Jersey City, NJ","Title short: Data Scientist. Schedule: Full-time. Remote: False. Country: United States. Skills: cassandra, hadoop, java, python, spark, sql, tableau.",cassandra;hadoop;java;python;spark;sql;tableau,data_science,Data Scientist,Data Scientist,United States,Full-time,False,lukebarousse/data_jobs
395,Junior Data Scientist,VSquare Systems Pvt. Ltd.,Anywhere,"Title short: Data Scientist. Schedule: Full-time. Remote: True. Country: India. Skills: aws, bigquery, bitbucket, elasticsearch, git, jupyter, pandas, python, pytorch, r, scikit-learn, sql, tableau, tensorflow.",aws;bigquery;bitbucket;elasticsearch;git;jupyter;pandas;python;pytorch;r;scikit-learn;sql;tableau;tensorflow,data_science,Junior Data Scientist,Data Scientist,India,Full-time,True,lukebarousse/data_jobs
396,Data Scientist,Toss Bank,South Korea,"Title short: Data Scientist. Schedule: Full-time. Remote: False. Country: South Korea. Skills: python, pytorch, r, spark, sql, tensorflow.",python;pytorch;r;spark;sql;tensorflow,data_science,Data Scientist,Data Scientist,South Korea,Full-time,False,lukebarousse/data_jobs
397,Risk & Compliance Data Science Leader,Western Union,"Austin, TX","Title short: Data Scientist. Schedule: Full-time. Remote: False. Country: United States. Skills: python, snowflake, sql.",python;snowflake;sql,data_science,Risk & Compliance Data Science Leader,Data Scientist,United States,Full-time,False,lukebarousse/data_jobs
398,Data Scientist,SB Insight,"Stockholm, Sweden","Title short: Data Scientist. Schedule: Full-time. Remote: False. Country: Sweden. Skills: flow, python, r, sql.",flow;python;r;sql,data_science,Data Scientist,Data Scientist,Sweden,Full-time,False,lukebarousse/data_jobs
399,"Data Scientist, People Analytics","NexRep, LLC",Anywhere,"Title short: Data Scientist. Schedule: Full-time. Remote: True. Country: United States. Skills: excel, power bi, python, r, sas, spss, sql, tableau.",excel;power bi;python;r;sas;spss;sql;tableau,data_science,"Data Scientist, People Analytics",Data Scientist,United States,Full-time,True,lukebarousse/data_jobs
400,"Data Scientist, Jr.",Alta Mira,"Tampa, FL","Title short: Data Scientist. Schedule: Full-time. Remote: False. Country: United States. Skills: aws, pytorch, scikit-learn, tensorflow.",aws;pytorch;scikit-learn;tensorflow,data_science,"Data Scientist, Jr.",Data Scientist,United States,Full-time,False,lukebarousse/data_jobs
401,Senior Data Scientist,Brooksource,"Atlanta, GA","Title short: Senior Data Scientist. Schedule: Full-time. Remote: False. Country: United States. Skills: aws, azure, gcp, hadoop, python, r, sas, spark.",aws;azure;gcp;hadoop;python;r;sas;spark,data_science,Senior Data Scientist,Senior Data Scientist,United States,Full-time,False,lukebarousse/data_jobs
402,"Data Scientist, Marketing Analytics",Dun & Bradstreet,"Stockholm, Sweden","Title short: Data Scientist. Schedule: Full-time. Remote: False. Country: Sweden. Skills: databricks, julia, power bi, python, r, redshift, snowflake, tableau.",databricks;julia;power bi;python;r;redshift;snowflake;tableau,data_science,"Data Scientist, Marketing Analytics",Data Scientist,Sweden,Full-time,False,lukebarousse/data_jobs
403,Senior Data Scientist,hackajob,"Waltham, MA","Title short: Senior Data Scientist. Schedule: Full-time. Remote: False. Country: United States. Skills: excel, python, r, sql.",excel;python;r;sql,data_science,Senior Data Scientist,Senior Data Scientist,United States,Full-time,False,lukebarousse/data_jobs
404,Senior Data Scientist,Robert Walters,Indonesia,"Title short: Senior Data Scientist. Schedule: Full-time. Remote: False. Country: Indonesia. Skills: python, sql.",python;sql,data_science,Senior Data Scientist,Senior Data Scientist,Indonesia,Full-time,False,lukebarousse/data_jobs
405,Senior Data Scientist,Mavinsys,Anywhere,"Title short: Senior Data Scientist. Schedule: Full-time and Temp work. Remote: True. Country: Sudan. Skills: c, c++, digitalocean, hadoop, java, javascript, mysql, python, r, redshift, spark.",c;c++;digitalocean;hadoop;java;javascript;mysql;python;r;redshift;spark,data_science,Senior Data Scientist,Senior Data Scientist,Sudan,Full-time and Temp work,True,lukebarousse/data_jobs
406,Senior Data Scientist,"Agile Resources, Inc.",Anywhere,"Title short: Senior Data Scientist. Schedule: Contractor. Remote: True. Country: United States. Skills: aws, gcp, hadoop, python, r, spark, sql.",aws;gcp;hadoop;python;r;spark;sql,data_science,Senior Data Scientist,Senior Data Scientist,United States,Contractor,True,lukebarousse/data_jobs
407,Remote Data Scientist,OrbitJobs.Org,Anywhere,"Title short: Data Scientist. Schedule: Full-time. Remote: True. Country: United States. Skills: python, r, scala, spark, tensorflow.",python;r;scala;spark;tensorflow,data_science,Remote Data Scientist,Data Scientist,United States,Full-time,True,lukebarousse/data_jobs
408,"Manager, Data Science",Hyundai Capital,"Newport Beach, CA","Title short: Data Scientist. Schedule: Full-time. Remote: False. Country: United States. Skills: aws, python, redshift, spark, sql.",aws;python;redshift;spark;sql,data_science,"Manager, Data Science",Data Scientist,United States,Full-time,False,lukebarousse/data_jobs
409,Lead data scientist F/H (CDI),JOBLIFT GMBH,"Châtillon, France","Title short: Data Scientist. Schedule: Full-time. Remote: False. Country: France. Skills: python, r.",python;r,data_science,Lead data scientist F/H (CDI),Data Scientist,France,Full-time,False,lukebarousse/data_jobs
410,NLP Data Scientist,Corsearch,"Amsterdam, Netherlands","Title short: Data Scientist. Schedule: Full-time. Remote: False. Country: Netherlands. Skills: aws, gcp, mongodb, nosql, python, r, redis.",aws;gcp;mongodb;nosql;python;r;redis,data_science,NLP Data Scientist,Data Scientist,Netherlands,Full-time,False,lukebarousse/data_jobs
411,Data Scientist,Rosenberger Hochfrequenz- technik GmbH & Co. KG,"Traunstein, Germany","Title short: Data Scientist. Schedule: Full-time. Remote: False. Country: Germany. Skills: azure, databricks, docker, java, kubernetes, python, pytorch, spark, tensorflow.",azure;databricks;docker;java;kubernetes;python;pytorch;spark;tensorflow,data_science,Data Scientist,Data Scientist,Germany,Full-time,False,lukebarousse/data_jobs
412,Autumn Data Science Internships 2023,King,"Stockholm, Sweden","Title short: Data Scientist. Schedule: Internship. Remote: False. Country: Sweden. Skills: java, julia, matlab, python, r, sql.",java;julia;matlab;python;r;sql,data_science,Autumn Data Science Internships 2023,Data Scientist,Sweden,Internship,False,lukebarousse/data_jobs
413,Sr Pricing Data Scientist,Essilor,"Dallas, TX",Title short: Senior Data Scientist. Schedule: Full-time. Remote: False. Country: United States. Skills: excel.,excel,data_science,Sr Pricing Data Scientist,Senior Data Scientist,United States,Full-time,False,lukebarousse/data_jobs
414,Junior Data Scientist,Analytos,Anywhere,"Title short: Data Scientist. Schedule: Full-time. Remote: True. Country: United States. Skills: hadoop, nosql.",hadoop;nosql,data_science,Junior Data Scientist,Data Scientist,United States,Full-time,True,lukebarousse/data_jobs
415,Senior/ Lead Data Scientist,Tiger Analytics,"Bengaluru, Karnataka, India","Title short: Data Scientist. Schedule: Full-time. Remote: False. Country: India. Skills: excel, powerpoint, python, sql.",excel;powerpoint;python;sql,data_science,Senior/ Lead Data Scientist,Data Scientist,India,Full-time,False,lukebarousse/data_jobs
416,Global Data Scientist,"Hitachi Energy Spain, S.A.U.","Zaragoza, Spain","Title short: Data Scientist. Schedule: Full-time. Remote: False. Country: Spain. Skills: outlook, sql.",outlook;sql,data_science,Global Data Scientist,Data Scientist,Spain,Full-time,False,lukebarousse/data_jobs
417,Cleared Data Scientist - Managing Consultant,Guidehouse,"Arlington, VA","Title short: Data Scientist. Schedule: Full-time. Remote: False. Country: United States. Skills: aws, azure, power bi, python, qlik, sql, tableau.",aws;azure;power bi;python;qlik;sql;tableau,data_science,Cleared Data Scientist - Managing Consultant,Data Scientist,United States,Full-time,False,lukebarousse/data_jobs
418,Data Scientist,Medtronic Labs,"Nairobi, Kenya","Title short: Data Scientist. Schedule: Full-time. Remote: False. Country: Kenya. Skills: aws, docker, go, python.",aws;docker;go;python,data_science,Data Scientist,Data Scientist,Kenya,Full-time,False,lukebarousse/data_jobs
419,Werkenvoor.be - Data Scientist,Werkenvoor.be,"Brussels, Belgium","Title short: Data Scientist. Schedule: Full-time. Remote: False. Country: Belgium. Skills: python, r, sas, sql.",python;r;sas;sql,data_science,Werkenvoor.be - Data Scientist,Data Scientist,Belgium,Full-time,False,lukebarousse/data_jobs
420,Mid Level Data Scientist,Peraton,United States,"Title short: Data Scientist. Schedule: Full-time. Remote: False. Country: Sudan. Skills: flask, python, sql.",flask;python;sql,data_science,Mid Level Data Scientist,Data Scientist,Sudan,Full-time,False,lukebarousse/data_jobs
421,Data Scientist,Altados,"Tangier, Morocco","Title short: Data Scientist. Schedule: Full-time. Remote: False. Country: Morocco. Skills: elasticsearch, kafka, python, r, spark, sql, tensorflow.",elasticsearch;kafka;python;r;spark;sql;tensorflow,data_science,Data Scientist,Data Scientist,Morocco,Full-time,False,lukebarousse/data_jobs
422,Sr. Data Scientist,Optimhire Solutions Pvt Ltd,"Bengaluru, Karnataka, India","Title short: Data Scientist. Schedule: Full-time. Remote: False. Country: India. Skills: aws, flow, hadoop, python.",aws;flow;hadoop;python,data_science,Sr. Data Scientist,Data Scientist,India,Full-time,False,lukebarousse/data_jobs
423,Part time Professor for Data Science,LINC Education,Anywhere,"Title short: Data Scientist. Schedule: Part-time and Contractor. Remote: True. Country: India. Skills: keras, power bi, python, pytorch, r, tableau, tensorflow.",keras;power bi;python;pytorch;r;tableau;tensorflow,data_science,Part time Professor for Data Science,Data Scientist,India,Part-time and Contractor,True,lukebarousse/data_jobs
424,"Principal Associate, Data Science",Capital One,"Plano, TX","Title short: Data Scientist. Schedule: Full-time and Part-time. Remote: False. Country: Sudan. Skills: aws, python, r, scala, spark, sql.",aws;python;r;scala;spark;sql,data_science,"Principal Associate, Data Science",Data Scientist,Sudan,Full-time and Part-time,False,lukebarousse/data_jobs
425,Marketing Operations Data Scientist,TEKsystems,"Culver City, CA","Title short: Data Scientist. Schedule: Full-time. Remote: False. Country: United States. Skills: bash, git, python, sql.",bash;git;python;sql,data_science,Marketing Operations Data Scientist,Data Scientist,United States,Full-time,False,lukebarousse/data_jobs
426,Data Scientist (Remote in Texas),Central Health,"Austin, TX","Title short: Data Scientist. Schedule: Full-time. Remote: False. Country: Sudan. Skills: c++, excel, java, julia, matlab, outlook, python, r, sql, tableau, word.",c++;excel;java;julia;matlab;outlook;python;r;sql;tableau;word,data_science,Data Scientist (Remote in Texas),Data Scientist,Sudan,Full-time,False,lukebarousse/data_jobs
427,Head of Data & Analytics,Paradox Interactive,"Stockholm, Sweden","Title short: Data Scientist. Schedule: Full-time. Remote: False. Country: Sweden. Skills: aws, python, sql.",aws;python;sql,data_science,Head of Data & Analytics,Data Scientist,Sweden,Full-time,False,lukebarousse/data_jobs
428,Freshers Academy - Data & Analytics (Azure),HCL TECHNOLOGIES ROMANIA SRL,"Iași, Romania","Title short: Data Scientist. Schedule: Full-time. Remote: False. Country: Romania. Skills: azure, sql, sql server.",azure;sql;sql server,data_science,Freshers Academy - Data & Analytics (Azure),Data Scientist,Romania,Full-time,False,lukebarousse/data_jobs
429,Senior Data Scientist,IBM Corporation,"Armonk, NY","Title short: Senior Data Scientist. Schedule: Full-time. Remote: False. Country: United States. Skills: python, watson.",python;watson,data_science,Senior Data Scientist,Senior Data Scientist,United States,Full-time,False,lukebarousse/data_jobs
430,DATA SCIENTIST PYTHON,Sotec Consulting,Anywhere,"Title short: Data Scientist. Schedule: Full-time. Remote: True. Country: Spain. Skills: pandas, python, scikit-learn.",pandas;python;scikit-learn,data_science,DATA SCIENTIST PYTHON,Data Scientist,Spain,Full-time,True,lukebarousse/data_jobs
431,"Data Scientist, Machine Learning",Meta Inc,"Augusta, GA","Title short: Data Scientist. Schedule: Full-time. Remote: False. Country: United States. Skills: hadoop, python, r, spark, sql.",hadoop;python;r;spark;sql,data_science,"Data Scientist, Machine Learning",Data Scientist,United States,Full-time,False,lukebarousse/data_jobs
432,Data Scientist with Security Clearance,"Clear Resolution Consulting, LLC",United States,"Title short: Data Scientist. Schedule: Full-time. Remote: False. Country: United States. Skills: aurora, matlab, python, r, sas.",aurora;matlab;python;r;sas,data_science,Data Scientist with Security Clearance,Data Scientist,United States,Full-time,False,lukebarousse/data_jobs
433,Lead Data Scientist,Kingfisher plc,"London, UK","Title short: Data Scientist. Schedule: Full-time. Remote: False. Country: United Kingdom. Skills: gcp, jupyter, matplotlib, pandas, sql.",gcp;jupyter;matplotlib;pandas;sql,data_science,Lead Data Scientist,Data Scientist,United Kingdom,Full-time,False,lukebarousse/data_jobs
434,Data Science Consultant,Deloitte,"Arlington, VA","Title short: Data Scientist. Schedule: Full-time. Remote: False. Country: United States. Skills: python, qlik, r, sql, tableau.",python;qlik;r;sql;tableau,data_science,Data Science Consultant,Data Scientist,United States,Full-time,False,lukebarousse/data_jobs
435,"Data Scientist Intern, MS, Summer 2022",Google,"Sunnyvale, CA","Title short: Data Scientist. Schedule: Full-time. Remote: False. Country: United States. Skills: python, r, sas, sql.",python;r;sas;sql,data_science,"Data Scientist Intern, MS, Summer 2022",Data Scientist,United States,Full-time,False,lukebarousse/data_jobs
436,Data Scientist_MEXICO,Acxiom,"Mexico City, CDMX, Mexico","Title short: Data Scientist. Schedule: Full-time. Remote: False. Country: Mexico. Skills: aws, azure, bigquery, excel, gcp, looker, power bi, powerpoint, python, r, tableau.",aws;azure;bigquery;excel;gcp;looker;power bi;powerpoint;python;r;tableau,data_science,Data Scientist_MEXICO,Data Scientist,Mexico,Full-time,False,lukebarousse/data_jobs
437,Intern - Data Scientist - Summer 2024,Lumen,"Lake Worth Beach, FL","Title short: Data Scientist. Schedule: Full-time, Part-time, and Internship. Remote: False. Country: United States. Skills: azure, c, jupyter, kafka, python, sql.",azure;c;jupyter;kafka;python;sql,data_science,Intern - Data Scientist - Summer 2024,Data Scientist,United States,"Full-time, Part-time, and Internship",False,lukebarousse/data_jobs
438,Data Scientist Kundendatenauswertung,Hays AG,Germany,Title short: Data Scientist. Schedule: nan. Remote: False. Country: Germany. Skills: r.,r,data_science,Data Scientist Kundendatenauswertung,Data Scientist,Germany,,False,lukebarousse/data_jobs
439,Data Scientist,Games Jobs Direct,"Galway, Ireland","Title short: Data Scientist. Schedule: Full-time. Remote: False. Country: Ireland. Skills: hadoop, python, r, snowflake, sql.",hadoop;python;r;snowflake;sql,data_science,Data Scientist,Data Scientist,Ireland,Full-time,False,lukebarousse/data_jobs
440,Data Scientist,Vestas,Denmark,"Title short: Data Scientist. Schedule: Full-time. Remote: False. Country: Denmark. Skills: azure, databricks, pyspark, python, r, scala, sql.",azure;databricks;pyspark;python;r;scala;sql,data_science,Data Scientist,Data Scientist,Denmark,Full-time,False,lukebarousse/data_jobs
441,Data Scientist. Job in Hove My Valley Jobs Today,Databuzz Ltd,"Hove, UK","Title short: Data Scientist. Schedule: Full-time. Remote: False. Country: United Kingdom. Skills: excel, python, r, sas, sql.",excel;python;r;sas;sql,data_science,Data Scientist. Job in Hove My Valley Jobs Today,Data Scientist,United Kingdom,Full-time,False,lukebarousse/data_jobs
442,Junior Aktuar / Data Scientist Pricing Aktuariat (m/w/d...,Allianz,"Unterföhring, Germany","Title short: Data Scientist. Schedule: Full-time. Remote: False. Country: Germany. Skills: pyspark, python, r.",pyspark;python;r,data_science,Junior Aktuar / Data Scientist Pricing Aktuariat (m/w/d...,Data Scientist,Germany,Full-time,False,lukebarousse/data_jobs
443,Data Scientist / Professeur en Data science,Mohammed VI Polytechnic University,Morocco,"Title short: Data Scientist. Schedule: Full-time. Remote: False. Country: Morocco. Skills: matlab, python, r.",matlab;python;r,data_science,Data Scientist / Professeur en Data science,Data Scientist,Morocco,Full-time,False,lukebarousse/data_jobs
444,Junior Data Scientist,EY,"Prague, Czechia",Title short: Data Scientist. Schedule: Full-time. Remote: False. Country: Czechia. Skills: sql.,sql,data_science,Junior Data Scientist,Data Scientist,Czechia,Full-time,False,lukebarousse/data_jobs
445,Data Scientist @ Marketing,BBVA,"Madrid, Spain","Title short: Data Scientist. Schedule: Full-time. Remote: False. Country: Spain. Skills: python, r.",python;r,data_science,Data Scientist @ Marketing,Data Scientist,Spain,Full-time,False,lukebarousse/data_jobs
446,"Senior Data Scientist, Financial Services",ConnectedGroup,Hong Kong,"Title short: Senior Data Scientist. Schedule: Full-time. Remote: False. Country: Hong Kong. Skills: python, r, sas, spark, spss.",python;r;sas;spark;spss,data_science,"Senior Data Scientist, Financial Services",Senior Data Scientist,Hong Kong,Full-time,False,lukebarousse/data_jobs
447,Data Science Trainer - Video,LMES Academy,Anywhere,"Title short: Data Scientist. Schedule: Part-time. Remote: True. Country: India. Skills: excel, python, r.",excel;python;r,data_science,Data Science Trainer - Video,Data Scientist,India,Part-time,True,lukebarousse/data_jobs
448,Data-инженер/SQL-разработчик,SOKOLOV,Anywhere,"Title short: Data Scientist. Schedule: Full-time. Remote: True. Country: Russia. Skills: dax, gitlab, mysql, postgresql, sql, ssis.",dax;gitlab;mysql;postgresql;sql;ssis,data_science,Data-инженер/SQL-разработчик,Data Scientist,Russia,Full-time,True,lukebarousse/data_jobs
449,Data Scientist,Unison Consulting,"Bangkok, Thailand","Title short: Data Scientist. Schedule: Full-time. Remote: False. Country: Thailand. Skills: hadoop, numpy, pandas, power bi, python, pytorch, r, scala, scikit-learn, spark, sql, tableau, tensorflow.",hadoop;numpy;pandas;power bi;python;pytorch;r;scala;scikit-learn;spark;sql;tableau;tensorflow,data_science,Data Scientist,Data Scientist,Thailand,Full-time,False,lukebarousse/data_jobs
450,Data Scientist,Meduit | Driving Revenue Cycle Performance,Anywhere,"Title short: Data Scientist. Schedule: Full-time. Remote: True. Country: United States. Skills: python, sql.",python;sql,data_science,Data Scientist,Data Scientist,United States,Full-time,True,lukebarousse/data_jobs
451,Senior Director Analytics & Chief Data Scientist,Norfolk Southern,"Atlanta, GA","Title short: Data Scientist. Schedule: Full-time. Remote: False. Country: United States. Skills: aws, azure, c, gcp, hadoop, java, python, r, tableau.",aws;azure;c;gcp;hadoop;java;python;r;tableau,data_science,Senior Director Analytics & Chief Data Scientist,Data Scientist,United States,Full-time,False,lukebarousse/data_jobs
452,Data Scientist - Amsterdam,Contracts IT Ltd,"Amsterdam, Netherlands","Title short: Data Scientist. Schedule: Contractor. Remote: False. Country: Netherlands. Skills: python, r, sql, tableau.",python;r;sql;tableau,data_science,Data Scientist - Amsterdam,Data Scientist,Netherlands,Contractor,False,lukebarousse/data_jobs
453,Analytics Engineer,Pacific National,"Melbourne VIC, Australia","Title short: Data Scientist. Schedule: Full-time. Remote: False. Country: Australia. Skills: azure, databricks, power bi, python, spark, sql, tableau.",azure;databricks;power bi;python;spark;sql;tableau,data_science,Analytics Engineer,Data Scientist,Australia,Full-time,False,lukebarousse/data_jobs
454,Remote Population Health Data Scientist I DVACO,Main Line Health,Anywhere,"Title short: Data Scientist. Schedule: Full-time. Remote: True. Country: United States. Skills: aws, azure, excel, git, power bi, powerpoint, python, r, sql, sql server, tableau, word.",aws;azure;excel;git;power bi;powerpoint;python;r;sql;sql server;tableau;word,data_science,Remote Population Health Data Scientist I DVACO,Data Scientist,United States,Full-time,True,lukebarousse/data_jobs
455,Data Scientist,Shopify,Singapore,"Title short: Data Scientist. Schedule: Full-time. Remote: False. Country: Singapore. Skills: pyspark, python, sql.",pyspark;python;sql,data_science,Data Scientist,Data Scientist,Singapore,Full-time,False,lukebarousse/data_jobs
456,Data Scientist - AI Coach,AIsembly,Anywhere,"Title short: Data Scientist. Schedule: Full-time. Remote: True. Country: Switzerland. Skills: cassandra, matlab, mongodb, nosql, numpy, r, sql.",cassandra;matlab;mongodb;nosql;numpy;r;sql,data_science,Data Scientist - AI Coach,Data Scientist,Switzerland,Full-time,True,lukebarousse/data_jobs
457,Staff Data Scientist,WARNERMEDIA,"Culver City, CA","Title short: Data Scientist. Schedule: Full-time. Remote: False. Country: United States. Skills: python, pytorch, scikit-learn, snowflake, spark, tensorflow.",python;pytorch;scikit-learn;snowflake;spark;tensorflow,data_science,Staff Data Scientist,Data Scientist,United States,Full-time,False,lukebarousse/data_jobs
458,Data Science with AI & Intelligence Services,Sterrofox,Anywhere,"Title short: Data Scientist. Schedule: Full-time. Remote: True. Country: United States. Skills: aws, azure, c, c#, c++, git, java, javascript, linux, node.js, python, windows.",aws;azure;c;c#;c++;git;java;javascript;linux;node.js;python;windows,data_science,Data Science with AI & Intelligence Services,Data Scientist,United States,Full-time,True,lukebarousse/data_jobs
459,Lead Data Scientist,TEKFORTUNE INC,"Bengaluru, Karnataka, India","Title short: Data Scientist. Schedule: Full-time. Remote: False. Country: India. Skills: aws, azure, gcp, no-sql, python, svn, windows.",aws;azure;gcp;no-sql;python;svn;windows,data_science,Lead Data Scientist,Data Scientist,India,Full-time,False,lukebarousse/data_jobs
460,Senior Data Scientist,AE,"Hasselt, Belgium","Title short: Senior Data Scientist. Schedule: Full-time. Remote: False. Country: Belgium. Skills: azure, bitbucket, docker, git, kubernetes, nosql, numpy, pandas, python, pytorch.",azure;bitbucket;docker;git;kubernetes;nosql;numpy;pandas;python;pytorch,data_science,Senior Data Scientist,Senior Data Scientist,Belgium,Full-time,False,lukebarousse/data_jobs
461,"Staff Data Scientist, New Initiatives - Remote",Dropbox,"Boston, MA","Title short: Data Scientist. Schedule: Full-time. Remote: False. Country: United States. Skills: python, sql.",python;sql,data_science,"Staff Data Scientist, New Initiatives - Remote",Data Scientist,United States,Full-time,False,lukebarousse/data_jobs
462,Data Scientist Senior,Numberly,"Paris, France","Title short: Senior Data Scientist. Schedule: Full-time. Remote: False. Country: France. Skills: airflow, python, spark, sql.",airflow;python;spark;sql,data_science,Data Scientist Senior,Senior Data Scientist,France,Full-time,False,lukebarousse/data_jobs
463,"Data Scientist, Top-Tier UK Mid-Market Private Equity Firm...",PER,"London, UK","Title short: Data Scientist. Schedule: Full-time. Remote: False. Country: United Kingdom. Skills: excel, power bi, python, sql, tableau.",excel;power bi;python;sql;tableau,data_science,"Data Scientist, Top-Tier UK Mid-Market Private Equity Firm...",Data Scientist,United Kingdom,Full-time,False,lukebarousse/data_jobs
464,"Senior Data Scientist, Forecasting",Wolt Oy,"Helsinki, Finland","Title short: Senior Data Scientist. Schedule: Full-time. Remote: False. Country: Finland. Skills: airflow, docker, kafka, looker, python, snowflake, spark, sql.",airflow;docker;kafka;looker;python;snowflake;spark;sql,data_science,"Senior Data Scientist, Forecasting",Senior Data Scientist,Finland,Full-time,False,lukebarousse/data_jobs
465,Stage Data Scientist & Engineer,YZR,"Paris, France",Title short: Data Scientist. Schedule: Internship. Remote: False. Country: France. Skills: aws.,aws,data_science,Stage Data Scientist & Engineer,Data Scientist,France,Internship,False,lukebarousse/data_jobs
466,Sr. Data Scientist- Consumer Deposits & Small Business,Santander Holdings USA Inc,"Dania Beach, FL","Title short: Data Scientist. Schedule: Full-time. Remote: False. Country: United States. Skills: python, r, sas, sql.",python;r;sas;sql,data_science,Sr. Data Scientist- Consumer Deposits & Small Business,Data Scientist,United States,Full-time,False,lukebarousse/data_jobs
467,"User Growth Data Scientist, E-Commerce- USDS",TikTok,"Mountain View, CA",Title short: Data Scientist. Schedule: Full-time. Remote: False. Country: United States. Skills: express.,express,data_science,"User Growth Data Scientist, E-Commerce- USDS",Data Scientist,United States,Full-time,False,lukebarousse/data_jobs
468,Data Scientist,TripActions,"Tel Aviv-Yafo, Israel","Title short: Data Scientist. Schedule: Full-time. Remote: False. Country: Israel. Skills: git, numpy, pandas, python, sql, tableau, tensorflow.",git;numpy;pandas;python;sql;tableau;tensorflow,data_science,Data Scientist,Data Scientist,Israel,Full-time,False,lukebarousse/data_jobs
469,Data Scientist - Senior Consultant,Guidehouse,"Priceville, AL","Title short: Data Scientist. Schedule: Full-time. Remote: False. Country: United States. Skills: power bi, python, qlik, r, sharepoint, sql, tableau.",power bi;python;qlik;r;sharepoint;sql;tableau,data_science,Data Scientist - Senior Consultant,Data Scientist,United States,Full-time,False,lukebarousse/data_jobs
470,Data Scientist,CTcon,"Munich, Germany","Title short: Data Scientist. Schedule: Full-time. Remote: False. Country: Germany. Skills: aws, azure, gcp, julia, nosql, python, qlik, r, spark, sql, tableau.",aws;azure;gcp;julia;nosql;python;qlik;r;spark;sql;tableau,data_science,Data Scientist,Data Scientist,Germany,Full-time,False,lukebarousse/data_jobs
471,Principal Data Scientist,Oracle,"Oklahoma City, OK","Title short: Data Scientist. Schedule: Full-time. Remote: False. Country: Sudan. Skills: go, hadoop, matlab, oracle, python, r, sas, spark, sql.",go;hadoop;matlab;oracle;python;r;sas;spark;sql,data_science,Principal Data Scientist,Data Scientist,Sudan,Full-time,False,lukebarousse/data_jobs
472,Data Scientist,grofers,"Bengaluru, Karnataka, India","Title short: Data Scientist. Schedule: Full-time. Remote: False. Country: India. Skills: hadoop, matlab, nosql, python, pytorch, r, spark, sql, tensorflow.",hadoop;matlab;nosql;python;pytorch;r;spark;sql;tensorflow,data_science,Data Scientist,Data Scientist,India,Full-time,False,lukebarousse/data_jobs
473,Senior Data Scientist - Now Hiring,Verizon,"Cherry Hills Village, CO","Title short: Senior Data Scientist. Schedule: Full-time and Part-time. Remote: False. Country: Sudan. Skills: gcp, hadoop, jupyter, looker, numpy, python, qlik, scikit-learn, spark, sql, tableau.",gcp;hadoop;jupyter;looker;numpy;python;qlik;scikit-learn;spark;sql;tableau,data_science,Senior Data Scientist - Now Hiring,Senior Data Scientist,Sudan,Full-time and Part-time,False,lukebarousse/data_jobs
474,"Data Scientist, Senior Jobs",Booz Allen Hamilton,"Herndon, VA","Title short: Data Scientist. Schedule: Full-time. Remote: False. Country: United States. Skills: docker, python, r, splunk, tableau.",docker;python;r;splunk;tableau,data_science,"Data Scientist, Senior Jobs",Data Scientist,United States,Full-time,False,lukebarousse/data_jobs
475,Data Scientist,Johnson & Johnson,Anywhere,"Title short: Data Scientist. Schedule: Full-time. Remote: True. Country: Ireland. Skills: excel, python, r, sql.",excel;python;r;sql,data_science,Data Scientist,Data Scientist,Ireland,Full-time,True,lukebarousse/data_jobs
476,Data Scientist,Integrated Resources,"Sacramento, CA","Title short: Data Scientist. Schedule: Full-time. Remote: False. Country: United States. Skills: powerpoint, r, sql, word.",powerpoint;r;sql;word,data_science,Data Scientist,Data Scientist,United States,Full-time,False,lukebarousse/data_jobs
477,Data Scientist,"Berean Group International, Inc.",South Carolina,"Title short: Data Scientist. Schedule: Contractor. Remote: False. Country: United States. Skills: aws, numpy, pandas, python, sql.",aws;numpy;pandas;python;sql,data_science,Data Scientist,Data Scientist,United States,Contractor,False,lukebarousse/data_jobs
478,Remote Full-Time Lead Data Scientist (AI) - Contract to Hire,Upwork,Anywhere,"Title short: Data Scientist. Schedule: Full-time, Contractor, and Temp work. Remote: True. Country: United States. Skills: python.",python,data_science,Remote Full-Time Lead Data Scientist (AI) - Contract to Hire,Data Scientist,United States,"Full-time, Contractor, and Temp work",True,lukebarousse/data_jobs
479,Principal Data Scientist - Smart Grids,NY STATE ELECTRIC & GAS C,"Rochester, NY","Title short: Data Scientist. Schedule: Full-time. Remote: False. Country: United States. Skills: flow, scala.",flow;scala,data_science,Principal Data Scientist - Smart Grids,Data Scientist,United States,Full-time,False,lukebarousse/data_jobs
480,Data Scientist Jobs,"The Intelligence and Security Academy, LLC","Zelienople, PA","Title short: Data Scientist. Schedule: Full-time. Remote: False. Country: United States. Skills: bigquery, c, databricks, excel, go, hadoop, kafka, kubernetes, matplotlib, numpy, pandas, power bi, python, pytorch, r, redshift, scikit-learn, spark, sql, tableau.",bigquery;c;databricks;excel;go;hadoop;kafka;kubernetes;matplotlib;numpy;pandas;power bi;python;pytorch;r;redshift;scikit-learn;spark;sql;tableau,data_science,Data Scientist Jobs,Data Scientist,United States,Full-time,False,lukebarousse/data_jobs
481,Data Scientist & Power BI Specialist Purchasing (Semiconductor...,Continental,"Timișoara, Romania","Title short: Data Scientist. Schedule: Full-time. Remote: False. Country: Romania. Skills: excel, power bi, powerpoint, python, r, tableau.",excel;power bi;powerpoint;python;r;tableau,data_science,Data Scientist & Power BI Specialist Purchasing (Semiconductor...,Data Scientist,Romania,Full-time,False,lukebarousse/data_jobs
482,Data Scientist Jobs,Accenture Federal Services,"Herndon, VA",Title short: Data Scientist. Schedule: Full-time. Remote: False. Country: United States. Skills: c.,c,data_science,Data Scientist Jobs,Data Scientist,United States,Full-time,False,lukebarousse/data_jobs
483,Data Scientist h/f,ÏDKIDS GROUP,"Roubaix, France","Title short: Data Scientist. Schedule: Full-time. Remote: False. Country: France. Skills: gcp, python, spark, sql.",gcp;python;spark;sql,data_science,Data Scientist h/f,Data Scientist,France,Full-time,False,lukebarousse/data_jobs
484,DATA SCIENTIST F/H,Orano,"Montigny-le-Bretonneux, France","Title short: Data Scientist. Schedule: Internship. Remote: False. Country: France. Skills: docker, git, jupyter, matplotlib, numpy, pandas, python, pytorch, scikit-learn, seaborn, sql, tensorflow, unix.",docker;git;jupyter;matplotlib;numpy;pandas;python;pytorch;scikit-learn;seaborn;sql;tensorflow;unix,data_science,DATA SCIENTIST F/H,Data Scientist,France,Internship,False,lukebarousse/data_jobs
485,Data Scientist/ Data Analyst (Remote) - Now Hiring,Synergistic it,"Los Angeles, CA","Title short: Data Scientist. Schedule: Full-time. Remote: False. Country: United States. Skills: c++, java, javascript, python, spring, tableau.",c++;java;javascript;python;spring;tableau,data_science,Data Scientist/ Data Analyst (Remote) - Now Hiring,Data Scientist,United States,Full-time,False,lukebarousse/data_jobs
486,"Data Scientist (Greater Boston Area, MA)",Electra Vehicles,"Boston, MA","Title short: Data Scientist. Schedule: Full-time. Remote: False. Country: United States. Skills: nosql, python, sql.",nosql;python;sql,data_science,"Data Scientist (Greater Boston Area, MA)",Data Scientist,United States,Full-time,False,lukebarousse/data_jobs
487,Alternant(e) Consultant(e) Data Science - Nice H/F,Capgemini Engineering,France,Title short: Data Scientist. Schedule: Full-time. Remote: False. Country: France. Skills: python.,python,data_science,Alternant(e) Consultant(e) Data Science - Nice H/F,Data Scientist,France,Full-time,False,lukebarousse/data_jobs
488,"Data Science, Tenure-Track Faculty",Middle Tennessee State University,"Murfreesboro, TN",Title short: Data Scientist. Schedule: Full-time. Remote: False. Country: United States. Skills: terminal.,terminal,data_science,"Data Science, Tenure-Track Faculty",Data Scientist,United States,Full-time,False,lukebarousse/data_jobs
489,Data Scientist,MassMutual,"Springfield, MA","Title short: Data Scientist. Schedule: Full-time. Remote: False. Country: United States. Skills: docker, kubernetes, matplotlib, numpy, pandas, python, r, scikit-learn, spark, sql.",docker;kubernetes;matplotlib;numpy;pandas;python;r;scikit-learn;spark;sql,data_science,Data Scientist,Data Scientist,United States,Full-time,False,lukebarousse/data_jobs
490,Financial Crimes- Anti-Money Laundering Data Scientist- Senior...,PwC,"Boston, MA","Title short: Senior Data Scientist. Schedule: Full-time. Remote: False. Country: United States. Skills: c++, excel, java, powerpoint, python, r, sql, tableau, word.",c++;excel;java;powerpoint;python;r;sql;tableau;word,data_science,Financial Crimes- Anti-Money Laundering Data Scientist- Senior...,Senior Data Scientist,United States,Full-time,False,lukebarousse/data_jobs
491,Data Director,ZALORA SOUTH EAST ASIA PTE. LTD.,Singapore,"Title short: Data Scientist. Schedule: Full-time. Remote: False. Country: Singapore. Skills: airflow, ansible, aws, azure, bigquery, elasticsearch, gcp, git, hadoop, jenkins, jira, kafka, linux, mongodb, mysql, no-sql, postgresql, power bi, redshift, spark.",airflow;ansible;aws;azure;bigquery;elasticsearch;gcp;git;hadoop;jenkins;jira;kafka;linux;mongodb;mysql;no-sql;postgresql;power bi;redshift;spark,data_science,Data Director,Data Scientist,Singapore,Full-time,False,lukebarousse/data_jobs
492,Data Science,Conneqt Digital,India,"Title short: Data Scientist. Schedule: Full-time. Remote: False. Country: India. Skills: aws, azure, snowflake, sql, tableau.",aws;azure;snowflake;sql;tableau,data_science,Data Science,Data Scientist,India,Full-time,False,lukebarousse/data_jobs
493,Data Scientist,Digital Talents,Chile,"Title short: Data Scientist. Schedule: Full-time. Remote: False. Country: Chile. Skills: c, git, python, sql.",c;git;python;sql,data_science,Data Scientist,Data Scientist,Chile,Full-time,False,lukebarousse/data_jobs
494,Data Integration Lead,Global Pharma Tek,"McLean, VA","Title short: Data Scientist. Schedule: Contractor. Remote: False. Country: United States. Skills: flow, no-sql, sql.",flow;no-sql;sql,data_science,Data Integration Lead,Data Scientist,United States,Contractor,False,lukebarousse/data_jobs
495,Data Scientist Senior,undefined,"Bari, Metropolitan City of Bari, Italy","Title short: Senior Data Scientist. Schedule: Full-time. Remote: False. Country: Italy. Skills: c++, python, r, tensorflow.",c++;python;r;tensorflow,data_science,Data Scientist Senior,Senior Data Scientist,Italy,Full-time,False,lukebarousse/data_jobs
496,Data Scientist,Qrata,"Bengaluru, Karnataka, India","Title short: Data Scientist. Schedule: Full-time. Remote: False. Country: India. Skills: python, sql.",python;sql,data_science,Data Scientist,Data Scientist,India,Full-time,False,lukebarousse/data_jobs
497,Data Scientist Architect,Upwork,Anywhere,"Title short: Data Scientist. Schedule: Contractor and Temp work. Remote: True. Country: Sudan. Skills: hadoop, kafka, keras, python, pytorch, r, spark, sql, tensorflow.",hadoop;kafka;keras;python;pytorch;r;spark;sql;tensorflow,data_science,Data Scientist Architect,Data Scientist,Sudan,Contractor and Temp work,True,lukebarousse/data_jobs
498,Data Analist/Scientist,Madison Recruitment - 🚀 We're hiring,"Ghent, Belgium","Title short: Data Scientist. Schedule: Full-time. Remote: False. Country: Belgium. Skills: aws, gcp, java, javascript, python, r.",aws;gcp;java;javascript;python;r,data_science,Data Analist/Scientist,Data Scientist,Belgium,Full-time,False,lukebarousse/data_jobs
499,"Data Scientist, Product Data Group",Klarna,"Stockholm, Sweden","Title short: Data Scientist. Schedule: Full-time. Remote: False. Country: Sweden. Skills: airflow, aws, css, python, sql, tensorflow.",airflow;aws;css;python;sql;tensorflow,data_science,"Data Scientist, Product Data Group",Data Scientist,Sweden,Full-time,False,lukebarousse/data_jobs
500,Data Scientist,Motorpoint,"Derby, UK","Title short: Data Scientist. Schedule: Full-time. Remote: False. Country: United Kingdom. Skills: java, python, scala, snowflake, sql.",java;python;scala;snowflake;sql,data_science,Data Scientist,Data Scientist,United Kingdom,Full-time,False,lukebarousse/data_jobs
501,Data Analyst,Hewlett Packard Enterprise,"Guadalajara, Jalisco, Mexico","Title short: Data Analyst. Schedule: Full-time. Remote: False. Country: Mexico. Skills: nosql, power bi, python, r, sql, tableau.",nosql;power bi;python;r;sql;tableau,analytics,Data Analyst,Data Analyst,Mexico,Full-time,False,lukebarousse/data_jobs
502,Technology & Operations Business Analyst,Hempel,"Copenhagen, Denmark","Title short: Business Analyst. Schedule: Full-time. Remote: False. Country: Denmark. Skills: excel, power bi, powerpoint.",excel;power bi;powerpoint,analytics,Technology & Operations Business Analyst,Business Analyst,Denmark,Full-time,False,lukebarousse/data_jobs
503,Stagiaire Data Analyst (H/F) - Lyon (69006),Engie,"Lyon, France","Title short: Data Analyst. Schedule: Full-time and Internship. Remote: False. Country: France. Skills: excel, jira, php, power bi, sap, sql.",excel;jira;php;power bi;sap;sql,analytics,Stagiaire Data Analyst (H/F) - Lyon (69006),Data Analyst,France,Full-time and Internship,False,lukebarousse/data_jobs
504,Data Analyst,Glovo,"Warsaw, Poland","Title short: Data Analyst. Schedule: Full-time. Remote: False. Country: Poland. Skills: excel, looker, pandas, python, r, redshift, sql, tableau.",excel;looker;pandas;python;r;redshift;sql;tableau,analytics,Data Analyst,Data Analyst,Poland,Full-time,False,lukebarousse/data_jobs
505,"Senior Officer, Data Analyst, GTO",United Overseas Bank,Singapore,Title short: Senior Data Analyst. Schedule: Full-time. Remote: False. Country: Singapore. Skills: sql.,sql,analytics,"Senior Officer, Data Analyst, GTO",Senior Data Analyst,Singapore,Full-time,False,lukebarousse/data_jobs
506,Stage - Data Analyst F/H,GROUPE BON MARCHÉ : Le Bon Marché Rive Gauche et La Grande Epicerie de Paris.,"Paris, France",Title short: Data Analyst. Schedule: Full-time and Internship. Remote: False. Country: France. Skills: sql.,sql,analytics,Stage - Data Analyst F/H,Data Analyst,France,Full-time and Internship,False,lukebarousse/data_jobs
507,Data Analyst als Marketing Manager Automation (W/D/M),DEFACTO GmbH,"Erlangen, Germany",Title short: Data Analyst. Schedule: Full-time. Remote: False. Country: Germany. Skills: sap.,sap,analytics,Data Analyst als Marketing Manager Automation (W/D/M),Data Analyst,Germany,Full-time,False,lukebarousse/data_jobs
508,Data Quality and Governance Analyst 1,"Jones Lang LaSalle IP, Inc",India,"Title short: Data Analyst. Schedule: Full-time. Remote: False. Country: India. Skills: databricks, excel, power bi, powerpoint, python, sql, word.",databricks;excel;power bi;powerpoint;python;sql;word,analytics,Data Quality and Governance Analyst 1,Data Analyst,India,Full-time,False,lukebarousse/data_jobs
509,Senior Data Analyst,Corecom Consulting,"Leeds, UK","Title short: Senior Data Analyst. Schedule: Full-time. Remote: False. Country: United Kingdom. Skills: python, sql.",python;sql,analytics,Senior Data Analyst,Senior Data Analyst,United Kingdom,Full-time,False,lukebarousse/data_jobs
510,"Data Analyst (Bangkok Based, relocation provided)",Agoda,"Rome, Metropolitan City of Rome Capital, Italy","Title short: Data Analyst. Schedule: Full-time. Remote: False. Country: Italy. Skills: excel, java, pandas, power bi, python, r, sas, spss, sql, sql server, tableau, vba.",excel;java;pandas;power bi;python;r;sas;spss;sql;sql server;tableau;vba,analytics,"Data Analyst (Bangkok Based, relocation provided)",Data Analyst,Italy,Full-time,False,lukebarousse/data_jobs
511,Business Intelligence Intern,Copart,"Dallas, TX","Title short: Business Analyst. Schedule: Full-time. Remote: False. Country: United States. Skills: power bi, python, r, sql, tableau.",power bi;python;r;sql;tableau,analytics,Business Intelligence Intern,Business Analyst,United States,Full-time,False,lukebarousse/data_jobs
512,BI Engineer,Innover,Namibia,"Title short: Business Analyst. Schedule: Full-time. Remote: False. Country: Namibia. Skills: gcp, looker, sql, tableau.",gcp;looker;sql;tableau,analytics,BI Engineer,Business Analyst,Namibia,Full-time,False,lukebarousse/data_jobs
513,Stage - Data Analyste Finance H/F,Kepler Cheuvreux,"Paris, France",Title short: Data Analyst. Schedule: Full-time and Internship. Remote: False. Country: France. Skills: excel.,excel,analytics,Stage - Data Analyste Finance H/F,Data Analyst,France,Full-time and Internship,False,lukebarousse/data_jobs
514,Sr. Research Data Analyst,Johns Hopkins Medicine,"Baltimore, MD","Title short: Data Analyst. Schedule: Full-time. Remote: False. Country: United States. Skills: r, zoom.",r;zoom,analytics,Sr. Research Data Analyst,Data Analyst,United States,Full-time,False,lukebarousse/data_jobs
515,Business Analyst,ironSource,"Tel Aviv-Yafo, Israel","Title short: Business Analyst. Schedule: Full-time. Remote: False. Country: Israel. Skills: excel, sql.",excel;sql,analytics,Business Analyst,Business Analyst,Israel,Full-time,False,lukebarousse/data_jobs
516,Entry level / Systems Data Analyst (Remote),Soft Magic,Anywhere,"Title short: Data Analyst. Schedule: Contractor. Remote: True. Country: United States. Skills: excel, outlook, powerpoint, word.",excel;outlook;powerpoint;word,analytics,Entry level / Systems Data Analyst (Remote),Data Analyst,United States,Contractor,True,lukebarousse/data_jobs
517,Data Entry/Economic Data Analyst,ttgTalentSolutions,"Worcester, UK","Title short: Data Analyst. Schedule: Full-time. Remote: False. Country: United Kingdom. Skills: power bi, python, r, sql, tableau.",power bi;python;r;sql;tableau,analytics,Data Entry/Economic Data Analyst,Data Analyst,United Kingdom,Full-time,False,lukebarousse/data_jobs
518,Data Analyst - 14785091749,Support Shepherd,Anywhere,"Title short: Data Analyst. Schedule: Full-time. Remote: True. Country: Philippines. Skills: excel, power bi, python, r, sql, tableau.",excel;power bi;python;r;sql;tableau,analytics,Data Analyst - 14785091749,Data Analyst,Philippines,Full-time,True,lukebarousse/data_jobs
519,Data Analyst/Report Writer,Nesco Resource,"Austin, TX","Title short: Data Analyst. Schedule: Full-time. Remote: False. Country: United States. Skills: excel, sas, word.",excel;sas;word,analytics,Data Analyst/Report Writer,Data Analyst,United States,Full-time,False,lukebarousse/data_jobs
520,IT Finance / TBM Data Analyst - Remote | WFH,Get It Recruit - Information Technology,Anywhere,"Title short: Data Analyst. Schedule: Full-time. Remote: True. Country: United States. Skills: azure, excel, oracle, power bi, powerpoint, word.",azure;excel;oracle;power bi;powerpoint;word,analytics,IT Finance / TBM Data Analyst - Remote | WFH,Data Analyst,United States,Full-time,True,lukebarousse/data_jobs
521,Data Analyst,Moovaz,Singapore,Title short: Data Analyst. Schedule: Full-time. Remote: False. Country: Singapore. Skills: sql.,sql,analytics,Data Analyst,Data Analyst,Singapore,Full-time,False,lukebarousse/data_jobs
522,Senior Data Analyst (1541),TCM Technologies LTD,Israel,Title short: Senior Data Analyst. Schedule: Full-time. Remote: False. Country: Israel. Skills: python.,python,analytics,Senior Data Analyst (1541),Senior Data Analyst,Israel,Full-time,False,lukebarousse/data_jobs
523,Senior Supply Chain Analytics Analyst,Get It Recruit - Transportation,Anywhere,"Title short: Data Analyst. Schedule: Full-time. Remote: True. Country: United States. Skills: alteryx, python, r, tableau.",alteryx;python;r;tableau,analytics,Senior Supply Chain Analytics Analyst,Data Analyst,United States,Full-time,True,lukebarousse/data_jobs
524,"Actuarial and Advanced Analytics, New Grad Rotational Program",Definity Financial Corporation,Canada,"Title short: Data Analyst. Schedule: Full-time. Remote: False. Country: Canada. Skills: bigquery, go, python, r, sql.",bigquery;go;python;r;sql,analytics,"Actuarial and Advanced Analytics, New Grad Rotational Program",Data Analyst,Canada,Full-time,False,lukebarousse/data_jobs
525,Data Analytics work from home job/internship at Inoket Solutions...,Inoket Solutions Private Limited,Anywhere,"Title short: Data Analyst. Schedule: Part-time. Remote: True. Country: India. Skills: excel, outlook, power bi, powerpoint, sql, word.",excel;outlook;power bi;powerpoint;sql;word,analytics,Data Analytics work from home job/internship at Inoket Solutions...,Data Analyst,India,Part-time,True,lukebarousse/data_jobs
526,Data Loss Prevention Activity Monitoring Analyst,TikTok,"Atlanta, GA","Title short: Data Analyst. Schedule: Full-time. Remote: False. Country: United States. Skills: gdpr, go, javascript, python.",gdpr;go;javascript;python,analytics,Data Loss Prevention Activity Monitoring Analyst,Data Analyst,United States,Full-time,False,lukebarousse/data_jobs
527,Commercial Analyst,PEP,South Africa,"Title short: Business Analyst. Schedule: Full-time. Remote: False. Country: South Africa. Skills: sap, spss, sql, tableau.",sap;spss;sql;tableau,analytics,Commercial Analyst,Business Analyst,South Africa,Full-time,False,lukebarousse/data_jobs
528,Data Analyst & Process Developer (m/w/d),Villeroy & Boch AG Hauptverwaltung,"Mettlach, Germany","Title short: Data Analyst. Schedule: Full-time. Remote: False. Country: Germany. Skills: angular, css, html, javascript, sap, typescript.",angular;css;html;javascript;sap;typescript,analytics,Data Analyst & Process Developer (m/w/d),Data Analyst,Germany,Full-time,False,lukebarousse/data_jobs
529,Data Analyst (m/f/d),Symanto,"Nuremberg, Germany","Title short: Data Analyst. Schedule: Full-time. Remote: False. Country: Germany. Skills: azure, excel, power bi, powerpoint, python, r, sql.",azure;excel;power bi;powerpoint;python;r;sql,analytics,Data Analyst (m/f/d),Data Analyst,Germany,Full-time,False,lukebarousse/data_jobs
530,Tableau BI Developer,Apollo Solutions,"Brussels, Belgium","Title short: Data Analyst. Schedule: Contractor. Remote: False. Country: Belgium. Skills: python, sql, tableau.",python;sql;tableau,analytics,Tableau BI Developer,Data Analyst,Belgium,Contractor,False,lukebarousse/data_jobs
531,Senior Consultant Data & Analytics,EY,Belgium,Title short: Senior Data Analyst. Schedule: Full-time. Remote: False. Country: Belgium. Skills: excel.,excel,analytics,Senior Consultant Data & Analytics,Senior Data Analyst,Belgium,Full-time,False,lukebarousse/data_jobs
532,Senior Data Analyst,Epsilon,"Brookfield, IL","Title short: Senior Data Analyst. Schedule: Full-time. Remote: False. Country: United States. Skills: excel, python, r, sas, sql, tableau.",excel;python;r;sas;sql;tableau,analytics,Senior Data Analyst,Senior Data Analyst,United States,Full-time,False,lukebarousse/data_jobs
533,"Business Intelligence Analyst (Supply Analytics, Bangkok-based)",Agoda,"Tel Aviv-Yafo, Israel","Title short: Business Analyst. Schedule: Full-time. Remote: False. Country: Israel. Skills: sql, tableau.",sql;tableau,analytics,"Business Intelligence Analyst (Supply Analytics, Bangkok-based)",Business Analyst,Israel,Full-time,False,lukebarousse/data_jobs
534,Data Analyst,Citi,"Tampa, FL","Title short: Data Analyst. Schedule: Full-time. Remote: False. Country: United States. Skills: excel, jira, python, sql, unix.",excel;jira;python;sql;unix,analytics,Data Analyst,Data Analyst,United States,Full-time,False,lukebarousse/data_jobs
535,Senior Data Analyst,DEFENDERS,"Boca Raton, FL","Title short: Senior Data Analyst. Schedule: Full-time. Remote: False. Country: United States. Skills: airflow, power bi, python, snowflake, sql, tableau.",airflow;power bi;python;snowflake;sql;tableau,analytics,Senior Data Analyst,Senior Data Analyst,United States,Full-time,False,lukebarousse/data_jobs
536,Data Analyst,Fusion Plus Solutions Inc,"Hyderabad, Telangana, India",Title short: Data Analyst. Schedule: Contractor. Remote: False. Country: India. Skills: sql.,sql,analytics,Data Analyst,Data Analyst,India,Contractor,False,lukebarousse/data_jobs
537,Senior Data Analyst,Convoy Global Holdings Limited,Hong Kong,"Title short: Senior Data Analyst. Schedule: Full-time. Remote: False. Country: Hong Kong. Skills: dax, matplotlib, numpy, pandas, ssis, t-sql.",dax;matplotlib;numpy;pandas;ssis;t-sql,analytics,Senior Data Analyst,Senior Data Analyst,Hong Kong,Full-time,False,lukebarousse/data_jobs
538,BI Data Analyst [Hybrid],SmartIPlace,"Atlanta, GA","Title short: Data Analyst. Schedule: Full-time. Remote: False. Country: United States. Skills: azure, kubernetes, mongo, sql, sql server.",azure;kubernetes;mongo;sql;sql server,analytics,BI Data Analyst [Hybrid],Data Analyst,United States,Full-time,False,lukebarousse/data_jobs
539,Digital Analyst,Acadia,Anywhere,Title short: Data Analyst. Schedule: Full-time and Contractor. Remote: True. Country: Brazil. Skills: firebase.,firebase,analytics,Digital Analyst,Data Analyst,Brazil,Full-time and Contractor,True,lukebarousse/data_jobs
540,Projects & Solutions Data Analyst (UK Pensions),Aon,"Birmingham, UK","Title short: Data Analyst. Schedule: Full-time. Remote: False. Country: United Kingdom. Skills: excel, sql.",excel;sql,analytics,Projects & Solutions Data Analyst (UK Pensions),Data Analyst,United Kingdom,Full-time,False,lukebarousse/data_jobs
541,Data Base work from home job/internship at Mgadz Inc,Mgadz Inc,Anywhere,"Title short: Data Analyst. Schedule: Full-time. Remote: True. Country: India. Skills: sas, sql.",sas;sql,analytics,Data Base work from home job/internship at Mgadz Inc,Data Analyst,India,Full-time,True,lukebarousse/data_jobs
542,German speaking Data Analyst,Hito High Professionals GmbH,"Bremen, Germany","Title short: Data Analyst. Schedule: Temp work. Remote: False. Country: Germany. Skills: excel, sap.",excel;sap,analytics,German speaking Data Analyst,Data Analyst,Germany,Temp work,False,lukebarousse/data_jobs
543,Data Analyst III,California Health & Wellness,"Dos Palos, CA","Title short: Data Analyst. Schedule: Full-time. Remote: False. Country: United States. Skills: excel, powerpoint.",excel;powerpoint,analytics,Data Analyst III,Data Analyst,United States,Full-time,False,lukebarousse/data_jobs
544,Marketing Data Analyst,Success Academy,"Garden City, NY","Title short: Data Analyst. Schedule: Full-time. Remote: False. Country: United States. Skills: python, r, sql, tableau.",python;r;sql;tableau,analytics,Marketing Data Analyst,Data Analyst,United States,Full-time,False,lukebarousse/data_jobs
545,Data and Business Intelligence Analyst,"IEM, Inc.","Aguadilla Pueblo, Aguadilla, Puerto Rico","Title short: Data Analyst. Schedule: Full-time. Remote: False. Country: Puerto Rico. Skills: dax, excel, power bi, python, smartsheet.",dax;excel;power bi;python;smartsheet,analytics,Data and Business Intelligence Analyst,Data Analyst,Puerto Rico,Full-time,False,lukebarousse/data_jobs
546,HR Data Analyst - Remote,Workoo Technologies,Anywhere,"Title short: Data Analyst. Schedule: Full-time. Remote: True. Country: United States. Skills: sas, sql.",sas;sql,analytics,HR Data Analyst - Remote,Data Analyst,United States,Full-time,True,lukebarousse/data_jobs
547,jr Java software programmer/Data Analyst/Data Scientists/Machine...,SynergisticIT,"Atlanta, GA","Title short: Data Analyst. Schedule: Full-time. Remote: False. Country: United States. Skills: c++, docker, java, javascript, jenkins, oracle, python, sas, spring, tableau.",c++;docker;java;javascript;jenkins;oracle;python;sas;spring;tableau,analytics,jr Java software programmer/Data Analyst/Data Scientists/Machine...,Data Analyst,United States,Full-time,False,lukebarousse/data_jobs
548,Data Analyst,QuEST Global Services Pte. Ltd,India,"Title short: Data Analyst. Schedule: Full-time. Remote: False. Country: India. Skills: excel, ms access, powerpoint, python, sql.",excel;ms access;powerpoint;python;sql,analytics,Data Analyst,Data Analyst,India,Full-time,False,lukebarousse/data_jobs
549,Data Analyst (dbt & Looker),Catchpoint,Anywhere,"Title short: Data Analyst. Schedule: Full-time. Remote: True. Country: India. Skills: airflow, aws, azure, java, looker, python, scala, snowflake, sql.",airflow;aws;azure;java;looker;python;scala;snowflake;sql,analytics,Data Analyst (dbt & Looker),Data Analyst,India,Full-time,True,lukebarousse/data_jobs
550,Procurement Analyst,"Sara Lee Frozen Bakery,LLC","Villa Park, IL","Title short: Business Analyst. Schedule: Full-time. Remote: False. Country: United States. Skills: excel, powerpoint.",excel;powerpoint,analytics,Procurement Analyst,Business Analyst,United States,Full-time,False,lukebarousse/data_jobs
551,Analytics Analyst I – Fraud (SQL Required),FIS,"Waterford, WI","Title short: Data Analyst. Schedule: Full-time. Remote: False. Country: United States. Skills: excel, python, sas, sql, tableau.",excel;python;sas;sql;tableau,analytics,Analytics Analyst I – Fraud (SQL Required),Data Analyst,United States,Full-time,False,lukebarousse/data_jobs
552,Business Intelligence / Data Analyst,Michael Page Technology,United Kingdom,Title short: Data Analyst. Schedule: Full-time. Remote: False. Country: United Kingdom. Skills: tableau.,tableau,analytics,Business Intelligence / Data Analyst,Data Analyst,United Kingdom,Full-time,False,lukebarousse/data_jobs
553,Product Analyst,ZERO Systems,Anywhere,"Title short: Software Engineer. Schedule: Full-time. Remote: True. Country: Sweden. Skills: excel, outlook, power bi, powerpoint, tableau, word.",excel;outlook;power bi;powerpoint;tableau;word,analytics,Product Analyst,Software Engineer,Sweden,Full-time,True,lukebarousse/data_jobs
554,Data and Strategy Analyst | Customer Success,DeepL SE,United Kingdom,Title short: Data Analyst. Schedule: Full-time. Remote: False. Country: United Kingdom. Skills: sql.,sql,analytics,Data and Strategy Analyst | Customer Success,Data Analyst,United Kingdom,Full-time,False,lukebarousse/data_jobs
555,Data Analyst (On-Site),National Salvage & Service Corporation,"Bloomington, IN","Title short: Data Analyst. Schedule: Full-time. Remote: False. Country: United States. Skills: excel, sql.",excel;sql,analytics,Data Analyst (On-Site),Data Analyst,United States,Full-time,False,lukebarousse/data_jobs
556,Inhouse Junior Data Analyst,NEW YORKER Group-Services International GmbH & Co. KG,"Berlin, Germany",Title short: Data Analyst. Schedule: Full-time. Remote: False. Country: Germany. Skills: windows.,windows,analytics,Inhouse Junior Data Analyst,Data Analyst,Germany,Full-time,False,lukebarousse/data_jobs
557,Data Analyst,Dennemeyer,Luxembourg,"Title short: Data Analyst. Schedule: Full-time. Remote: False. Country: Luxembourg. Skills: azure, git, power bi, python, r, sql, sql server.",azure;git;power bi;python;r;sql;sql server,analytics,Data Analyst,Data Analyst,Luxembourg,Full-time,False,lukebarousse/data_jobs
558,"Statistical Healthcare Data Analyst, Policy Reporter ( Remote, Canada)",Policy Reporter,Anywhere,Title short: Data Analyst. Schedule: Full-time. Remote: True. Country: Canada. Skills: r.,r,analytics,"Statistical Healthcare Data Analyst, Policy Reporter ( Remote, Canada)",Data Analyst,Canada,Full-time,True,lukebarousse/data_jobs
559,Financial Systems – Business Analyst/ Data Analyst,RedStream Technology,"New York, NY","Title short: Data Analyst. Schedule: Full-time. Remote: False. Country: United States. Skills: excel, powerpoint, sql, visio, word.",excel;powerpoint;sql;visio;word,analytics,Financial Systems – Business Analyst/ Data Analyst,Data Analyst,United States,Full-time,False,lukebarousse/data_jobs
560,Volume Forecast Data Analyst,Unilever,"Rotterdam, Netherlands",Title short: Data Analyst. Schedule: Full-time. Remote: False. Country: Netherlands. Skills: tableau.,tableau,analytics,Volume Forecast Data Analyst,Data Analyst,Netherlands,Full-time,False,lukebarousse/data_jobs
561,Lead Data Analyst PjM4 (Government),AT&T,"Aberdeen, MD",Title short: Data Analyst. Schedule: Full-time. Remote: False. Country: United States. Skills: splunk.,splunk,analytics,Lead Data Analyst PjM4 (Government),Data Analyst,United States,Full-time,False,lukebarousse/data_jobs
562,Medical Data Analyst,Accounting Career Consultants,"St. Louis, MO","Title short: Data Analyst. Schedule: Full-time. Remote: False. Country: United States. Skills: alteryx, excel, power bi, sql.",alteryx;excel;power bi;sql,analytics,Medical Data Analyst,Data Analyst,United States,Full-time,False,lukebarousse/data_jobs
563,Data Analyst,SATS,Singapore,"Title short: Data Analyst. Schedule: Full-time. Remote: False. Country: Singapore. Skills: azure, nosql, power bi, sql.",azure;nosql;power bi;sql,analytics,Data Analyst,Data Analyst,Singapore,Full-time,False,lukebarousse/data_jobs
564,Junior Data Analyst,Levy Professionals,"Amsterdam, Netherlands","Title short: Data Analyst. Schedule: Full-time. Remote: False. Country: Netherlands. Skills: excel, sql, sql server.",excel;sql;sql server,analytics,Junior Data Analyst,Data Analyst,Netherlands,Full-time,False,lukebarousse/data_jobs
565,Analyste de données (Power BI),PRO ADVICE,France,"Title short: Data Analyst. Schedule: Full-time. Remote: False. Country: France. Skills: dax, power bi, sql.",dax;power bi;sql,analytics,Analyste de données (Power BI),Data Analyst,France,Full-time,False,lukebarousse/data_jobs
566,Data Analyst,Mass Staffing Projects,"Cape Town, South Africa",Title short: Data Analyst. Schedule: Full-time. Remote: False. Country: South Africa. Skills: sql.,sql,analytics,Data Analyst,Data Analyst,South Africa,Full-time,False,lukebarousse/data_jobs
567,Database Marketing Campaign Analyst,NeerInfo Solutions,"Hyderabad, Telangana, India","Title short: Data Analyst. Schedule: Full-time. Remote: False. Country: India. Skills: oracle, power bi, sql, tableau.",oracle;power bi;sql;tableau,analytics,Database Marketing Campaign Analyst,Data Analyst,India,Full-time,False,lukebarousse/data_jobs
568,Education Data Analyst (ESC),General Court of the Commonwealth of Massachusetts,"Malden, MA","Title short: Data Analyst. Schedule: Full-time. Remote: False. Country: United States. Skills: excel, powerpoint, spss, word.",excel;powerpoint;spss;word,analytics,Education Data Analyst (ESC),Data Analyst,United States,Full-time,False,lukebarousse/data_jobs
569,Senior Data Analyst,H M Revenue & Customs (HMRC),"Scotland, UK",Title short: Senior Data Analyst. Schedule: Full-time. Remote: False. Country: United Kingdom. Skills: sas.,sas,analytics,Senior Data Analyst,Senior Data Analyst,United Kingdom,Full-time,False,lukebarousse/data_jobs
570,Data Analyst SCM (w/m/x),epunkt,"Wels, Austria","Title short: Data Analyst. Schedule: Full-time. Remote: False. Country: Austria. Skills: matlab, sap, sql.",matlab;sap;sql,analytics,Data Analyst SCM (w/m/x),Data Analyst,Austria,Full-time,False,lukebarousse/data_jobs
571,Mitarbeiter im Bereich Data Analytics Automotive und Industry (m/w/d),in-tech,"Vienna, Austria","Title short: Data Analyst. Schedule: Full-time. Remote: False. Country: Austria. Skills: aws, azure, cassandra, matplotlib, python, pytorch, r, scikit-learn, sql, tableau.",aws;azure;cassandra;matplotlib;python;pytorch;r;scikit-learn;sql;tableau,analytics,Mitarbeiter im Bereich Data Analytics Automotive und Industry (m/w/d),Data Analyst,Austria,Full-time,False,lukebarousse/data_jobs
572,Finance Data Analyst,AirAsia,"Sepang, Selangor, Malaysia","Title short: Data Analyst. Schedule: Full-time. Remote: False. Country: Malaysia. Skills: excel, sql.",excel;sql,analytics,Finance Data Analyst,Data Analyst,Malaysia,Full-time,False,lukebarousse/data_jobs
573,Senior Management Analyst,City of San Antonio Texas,"San Antonio, TX",Title short: Business Analyst. Schedule: Full-time. Remote: False. Country: United States. Skills: c.,c,analytics,Senior Management Analyst,Business Analyst,United States,Full-time,False,lukebarousse/data_jobs
574,Junior Digital Marketing Analyst,Randstad Italia Spa,"Bologna, Metropolitan City of Bologna, Italy","Title short: Data Analyst. Schedule: Full-time. Remote: False. Country: Italy. Skills: excel, gdpr, html.",excel;gdpr;html,analytics,Junior Digital Marketing Analyst,Data Analyst,Italy,Full-time,False,lukebarousse/data_jobs
575,Machine Learning Data Analyst,Hello Heart,"Tel Aviv-Yafo, Israel","Title short: Data Analyst. Schedule: Full-time. Remote: False. Country: Israel. Skills: numpy, pandas, python, r, sql.",numpy;pandas;python;r;sql,analytics,Machine Learning Data Analyst,Data Analyst,Israel,Full-time,False,lukebarousse/data_jobs
576,Data Analyst,Aditi Consulting,"Mossville, IL","Title short: Data Analyst. Schedule: Full-time. Remote: False. Country: United States. Skills: c++, matlab, python, sql, tableau.",c++;matlab;python;sql;tableau,analytics,Data Analyst,Data Analyst,United States,Full-time,False,lukebarousse/data_jobs
577,Data Analyst (Warehouse),Sports Direct retailer,"Mansfield, UK",Title short: Data Analyst. Schedule: Full-time. Remote: False. Country: United Kingdom. Skills: sql.,sql,analytics,Data Analyst (Warehouse),Data Analyst,United Kingdom,Full-time,False,lukebarousse/data_jobs
578,23-00059 BI Data Analysts + Media experience - Hybrid in NY or L.A.,"iSpace, Inc.",California,"Title short: Data Analyst. Schedule: Contractor. Remote: False. Country: United States. Skills: aws, go, looker, snowflake, sql, tableau, word.",aws;go;looker;snowflake;sql;tableau;word,analytics,23-00059 BI Data Analysts + Media experience - Hybrid in NY or L.A.,Data Analyst,United States,Contractor,False,lukebarousse/data_jobs
579,Business Analyst for HR Payroll,Allianz Services,"Moka, Mauritius",Title short: Business Analyst. Schedule: Full-time. Remote: False. Country: Mauritius. Skills: excel.,excel,analytics,Business Analyst for HR Payroll,Business Analyst,Mauritius,Full-time,False,lukebarousse/data_jobs
580,Data Analyst,Match Profiler,"Aveiro, Portugal","Title short: Data Analyst. Schedule: Full-time. Remote: False. Country: Portugal. Skills: excel, sql.",excel;sql,analytics,Data Analyst,Data Analyst,Portugal,Full-time,False,lukebarousse/data_jobs
581,SENIOR BUSINESS DATA ANALYST,Cooper University Health Care,"Pennsville Township, NJ",Title short: Senior Data Analyst. Schedule: Full-time. Remote: False. Country: United States. Skills: sql.,sql,analytics,SENIOR BUSINESS DATA ANALYST,Senior Data Analyst,United States,Full-time,False,lukebarousse/data_jobs
582,Data-Driven Business Analyst,Digital Waffle,"Birmingham, UK","Title short: Business Analyst. Schedule: Full-time. Remote: False. Country: United Kingdom. Skills: power bi, python, r, sql.",power bi;python;r;sql,analytics,Data-Driven Business Analyst,Business Analyst,United Kingdom,Full-time,False,lukebarousse/data_jobs
583,"Data Analyst - Must reside in Atlanta, GA area",National Vision,"Lawrenceville, GA","Title short: Data Analyst. Schedule: Full-time. Remote: False. Country: United States. Skills: power bi, sap, sql, tableau.",power bi;sap;sql;tableau,analytics,"Data Analyst - Must reside in Atlanta, GA area",Data Analyst,United States,Full-time,False,lukebarousse/data_jobs
584,Data Analyst ( 4 -5 yrs),Intelltech Zoom Pvt Ltd,"Chennai, Tamil Nadu, India",Title short: Data Analyst. Schedule: Contractor. Remote: False. Country: India. Skills: sql.,sql,analytics,Data Analyst ( 4 -5 yrs),Data Analyst,India,Contractor,False,lukebarousse/data_jobs
585,Senior/Lead Data Analyst,Kiloo ApS,Denmark,"Title short: Senior Data Analyst. Schedule: Full-time. Remote: False. Country: Denmark. Skills: alteryx, aws, excel, go, python, r, sql.",alteryx;aws;excel;go;python;r;sql,analytics,Senior/Lead Data Analyst,Senior Data Analyst,Denmark,Full-time,False,lukebarousse/data_jobs
586,Data Analyst Associate,Kforce,"Jacksonville, FL","Title short: Data Analyst. Schedule: Full-time. Remote: False. Country: United States. Skills: power bi, sql, tableau.",power bi;sql;tableau,analytics,Data Analyst Associate,Data Analyst,United States,Full-time,False,lukebarousse/data_jobs
587,Principal Data Analyst,Optum Global Advantage,"Dublin, Ireland","Title short: Data Analyst. Schedule: Full-time. Remote: False. Country: Ireland. Skills: aws, azure, databricks, gcp, go, mysql, powershell, sql, sql server, terraform.",aws;azure;databricks;gcp;go;mysql;powershell;sql;sql server;terraform,analytics,Principal Data Analyst,Data Analyst,Ireland,Full-time,False,lukebarousse/data_jobs
588,Data Analyst,Falabella Financiero,Chile,"Title short: Data Analyst. Schedule: Full-time. Remote: False. Country: Chile. Skills: aws, azure, gcp, looker, sql, tableau.",aws;azure;gcp;looker;sql;tableau,analytics,Data Analyst,Data Analyst,Chile,Full-time,False,lukebarousse/data_jobs
589,Data Analyst (Intern),Appier,Taiwan,"Title short: Data Analyst. Schedule: Internship. Remote: False. Country: Taiwan. Skills: python, r, spark, sql, tableau.",python;r;spark;sql;tableau,analytics,Data Analyst (Intern),Data Analyst,Taiwan,Internship,False,lukebarousse/data_jobs
590,Werkstudent (m/f/d) Data Analyst,LetMeShip,"Hamburg, Germany","Title short: Data Analyst. Schedule: Full-time. Remote: False. Country: Germany. Skills: express, python, r, sql.",express;python;r;sql,analytics,Werkstudent (m/f/d) Data Analyst,Data Analyst,Germany,Full-time,False,lukebarousse/data_jobs
591,Data Analyst,Uline,"Waukesha, WI","Title short: Data Analyst. Schedule: Full-time. Remote: False. Country: United States. Skills: excel, sql, vba.",excel;sql;vba,analytics,Data Analyst,Data Analyst,United States,Full-time,False,lukebarousse/data_jobs
592,Data analyst,Randstad,"Lugano, Switzerland",Title short: Data Analyst. Schedule: Full-time. Remote: False. Country: Switzerland. Skills: excel.,excel,analytics,Data analyst,Data Analyst,Switzerland,Full-time,False,lukebarousse/data_jobs
593,IT Senior Data Analyst,Lennar Corporation,"Miami, FL","Title short: Senior Data Analyst. Schedule: Full-time. Remote: False. Country: United States. Skills: dax, excel, oracle, python, qlik, r, sql, tableau.",dax;excel;oracle;python;qlik;r;sql;tableau,analytics,IT Senior Data Analyst,Senior Data Analyst,United States,Full-time,False,lukebarousse/data_jobs
594,Digital Analyst,Nigel Frank International Limited,"Madrid, Spain","Title short: Data Analyst. Schedule: Full-time. Remote: False. Country: Spain. Skills: bigquery, javascript, sql.",bigquery;javascript;sql,analytics,Digital Analyst,Data Analyst,Spain,Full-time,False,lukebarousse/data_jobs
595,IT Business Lead Data Analyst - VP - Hybrid,Citi,"Atlantic Beach, FL","Title short: Data Analyst. Schedule: Full-time. Remote: False. Country: United States. Skills: excel, powerpoint, sharepoint, sql, visio, word.",excel;powerpoint;sharepoint;sql;visio;word,analytics,IT Business Lead Data Analyst - VP - Hybrid,Data Analyst,United States,Full-time,False,lukebarousse/data_jobs
596,informaticien,Randstad,"Liège, Belgium","Title short: Data Analyst. Schedule: Full-time. Remote: False. Country: Belgium. Skills: oracle, power bi, sql, sql server.",oracle;power bi;sql;sql server,analytics,informaticien,Data Analyst,Belgium,Full-time,False,lukebarousse/data_jobs
597,Data Analyst,LegalMatch.com,"Cebu City, Cebu, Philippines","Title short: Data Analyst. Schedule: Full-time. Remote: False. Country: Philippines. Skills: excel, java, javascript, looker, power bi, python, sql, tableau.",excel;java;javascript;looker;power bi;python;sql;tableau,analytics,Data Analyst,Data Analyst,Philippines,Full-time,False,lukebarousse/data_jobs
598,Data Analyst (KYC DBNL),ING Philippines,Philippines,"Title short: Data Analyst. Schedule: Full-time. Remote: False. Country: Philippines. Skills: cognos, go, power bi, sas, sql.",cognos;go;power bi;sas;sql,analytics,Data Analyst (KYC DBNL),Data Analyst,Philippines,Full-time,False,lukebarousse/data_jobs
599,Business Intelligence Analyst,Emprego CL C2,"Santiago, Chile","Title short: Business Analyst. Schedule: Full-time. Remote: False. Country: Chile. Skills: excel, power bi, tableau.",excel;power bi;tableau,analytics,Business Intelligence Analyst,Business Analyst,Chile,Full-time,False,lukebarousse/data_jobs
600,(cen) cemex go data analyst,CEMEX,"San Pedro Garza García, Nuevo Leon, Mexico","Title short: Data Analyst. Schedule: Full-time. Remote: False. Country: Mexico. Skills: excel, go.",excel;go,analytics,(cen) cemex go data analyst,Data Analyst,Mexico,Full-time,False,lukebarousse/data_jobs
601,SR Data Analyst,CBRE,U.S. Virgin Islands,"Title short: Data Analyst. Schedule: Full-time. Remote: False. Country: U.S. Virgin Islands. Skills: excel, oracle, outlook, powerpoint, python, r, sas, spss, sql, ssrs, tableau, word.",excel;oracle;outlook;powerpoint;python;r;sas;spss;sql;ssrs;tableau;word,analytics,SR Data Analyst,Data Analyst,U.S. Virgin Islands,Full-time,False,lukebarousse/data_jobs
602,Full Time / Entry Level - Research Data Analyst - (Remote),REMOTE JOBS WORK FROM HOME,Anywhere,"Title short: Data Analyst. Schedule: Full-time. Remote: True. Country: Sweden. Skills: python, r, sql.",python;r;sql,analytics,Full Time / Entry Level - Research Data Analyst - (Remote),Data Analyst,Sweden,Full-time,True,lukebarousse/data_jobs
603,Data Analyst,BT Group,"Birmingham, UK","Title short: Data Analyst. Schedule: Full-time. Remote: False. Country: United Kingdom. Skills: qlik, sas, sql, tableau.",qlik;sas;sql;tableau,analytics,Data Analyst,Data Analyst,United Kingdom,Full-time,False,lukebarousse/data_jobs
604,Business Intelligence Analyst,MET Group,"Baar, Switzerland","Title short: Business Analyst. Schedule: Full-time. Remote: False. Country: Switzerland. Skills: power bi, python, r, sql, vba.",power bi;python;r;sql;vba,analytics,Business Intelligence Analyst,Business Analyst,Switzerland,Full-time,False,lukebarousse/data_jobs
605,Praktikant (m/w/d) Data Analyst im Bereich Business Development...,Rheinmetall Electronics GmbH,"Bremen, Germany","Title short: Data Analyst. Schedule: Full-time. Remote: False. Country: Germany. Skills: excel, javascript, powerpoint, python, sql.",excel;javascript;powerpoint;python;sql,analytics,Praktikant (m/w/d) Data Analyst im Bereich Business Development...,Data Analyst,Germany,Full-time,False,lukebarousse/data_jobs
606,Data Analyst (Alternance),PHILIP MORRIS REUNION,"La Possession, Réunion",Title short: Data Analyst. Schedule: Internship. Remote: False. Country: Réunion. Skills: chef.,chef,analytics,Data Analyst (Alternance),Data Analyst,Réunion,Internship,False,lukebarousse/data_jobs
607,BUSINESS INTELLIGENCE ANALYST Power BI,EyeTech Solutions,"Brussels, Belgium","Title short: Business Analyst. Schedule: Full-time. Remote: False. Country: Belgium. Skills: azure, power bi, python, r, sql.",azure;power bi;python;r;sql,analytics,BUSINESS INTELLIGENCE ANALYST Power BI,Business Analyst,Belgium,Full-time,False,lukebarousse/data_jobs
608,Data Analyst Staff (Level 4) Jobs,Lockheed Martin,"Fort Worth, TX","Title short: Data Analyst. Schedule: Full-time. Remote: False. Country: United States. Skills: nosql, python, sap, sql.",nosql;python;sap;sql,analytics,Data Analyst Staff (Level 4) Jobs,Data Analyst,United States,Full-time,False,lukebarousse/data_jobs
609,"AVP/VP, Loan Data Analyst (APAC)",Robert Walters,Hong Kong,"Title short: Data Analyst. Schedule: Full-time. Remote: False. Country: Hong Kong. Skills: excel, sas.",excel;sas,analytics,"AVP/VP, Loan Data Analyst (APAC)",Data Analyst,Hong Kong,Full-time,False,lukebarousse/data_jobs
610,Data Analyst / Data Steward H/F,Air France,"Île-de-France, France","Title short: Data Analyst. Schedule: Full-time. Remote: False. Country: France. Skills: python, sas.",python;sas,analytics,Data Analyst / Data Steward H/F,Data Analyst,France,Full-time,False,lukebarousse/data_jobs
611,AML Data Analyst (M/F),SOFITEX TALENT RECRUITMENT,Luxembourg,"Title short: Data Analyst. Schedule: Full-time. Remote: False. Country: Luxembourg. Skills: excel, java, javascript, jupyter, linux, pandas, python, spark, sql, tableau.",excel;java;javascript;jupyter;linux;pandas;python;spark;sql;tableau,analytics,AML Data Analyst (M/F),Data Analyst,Luxembourg,Full-time,False,lukebarousse/data_jobs
612,"Manager, Data Analyst. Data Management Office",UOB,Singapore,Title short: Data Analyst. Schedule: Full-time. Remote: False. Country: Singapore. Skills: sql.,sql,analytics,"Manager, Data Analyst. Data Management Office",Data Analyst,Singapore,Full-time,False,lukebarousse/data_jobs
613,Data Analyst H/F,Eco-déchets Environnement,"Lyon, France","Title short: Data Analyst. Schedule: Internship. Remote: False. Country: France. Skills: python, r.",python;r,analytics,Data Analyst H/F,Data Analyst,France,Internship,False,lukebarousse/data_jobs
614,Data Analyst,"BizzyCar, Inc.","St Peters, MO",Title short: Data Analyst. Schedule: Full-time. Remote: False. Country: United States. Skills: tableau.,tableau,analytics,Data Analyst,Data Analyst,United States,Full-time,False,lukebarousse/data_jobs
615,Data Analyst Bootcamp and Project Work  (remote -part time) @ Moyyn,Moyyn,"Minsk, Belarus",Title short: Data Analyst. Schedule: Part-time. Remote: False. Country: Belarus. Skills: python.,python,analytics,Data Analyst Bootcamp and Project Work  (remote -part time) @ Moyyn,Data Analyst,Belarus,Part-time,False,lukebarousse/data_jobs
616,Reporting Data Analyst,Arsenault,"New York, NY","Title short: Data Analyst. Schedule: Full-time. Remote: False. Country: United States. Skills: excel, microstrategy, sql.",excel;microstrategy;sql,analytics,Reporting Data Analyst,Data Analyst,United States,Full-time,False,lukebarousse/data_jobs
617,Data Analyst,HSBC,"Hyderabad, Telangana, India","Title short: Data Analyst. Schedule: Full-time. Remote: False. Country: India. Skills: mysql, nosql, postgresql, power bi, pyspark, python, qlik, r, sql, sql server, tableau.",mysql;nosql;postgresql;power bi;pyspark;python;qlik;r;sql;sql server;tableau,analytics,Data Analyst,Data Analyst,India,Full-time,False,lukebarousse/data_jobs
618,"Data Analyst / Data Scientist (Remote), nybl - Powered By Qureos",Qureos,Dubai - United Arab Emirates,"Title short: Data Analyst. Schedule: Full-time. Remote: False. Country: United Arab Emirates. Skills: c, c#, hadoop, java, javascript, node.js, python, r, react, spark, sql.",c;c#;hadoop;java;javascript;node.js;python;r;react;spark;sql,analytics,"Data Analyst / Data Scientist (Remote), nybl - Powered By Qureos",Data Analyst,United Arab Emirates,Full-time,False,lukebarousse/data_jobs
619,(4) Data Analysts,Saxon Global,"Des Moines, IA","Title short: Data Analyst. Schedule: Full-time. Remote: False. Country: United States. Skills: flow, sql.",flow;sql,analytics,(4) Data Analysts,Data Analyst,United States,Full-time,False,lukebarousse/data_jobs
620,Data Analyst,JK.com,"Long Island City, NY","Title short: Data Analyst. Schedule: Full-time. Remote: False. Country: United States. Skills: excel, power bi, sql, tableau.",excel;power bi;sql;tableau,analytics,Data Analyst,Data Analyst,United States,Full-time,False,lukebarousse/data_jobs
621,Data Analyst,Puzzle Brands,"Sofia, Bulgaria",Title short: Data Analyst. Schedule: Full-time. Remote: False. Country: Bulgaria. Skills: excel.,excel,analytics,Data Analyst,Data Analyst,Bulgaria,Full-time,False,lukebarousse/data_jobs
622,"Data Analyst, Marketing and Web - Remote | WFH",Get It Recruit - Finance,Anywhere,"Title short: Data Analyst. Schedule: Full-time. Remote: True. Country: United States. Skills: javascript, looker.",javascript;looker,analytics,"Data Analyst, Marketing and Web - Remote | WFH",Data Analyst,United States,Full-time,True,lukebarousse/data_jobs
623,Power BI Analyst,Charger Logistics Inc,"San Pedro Sula, Honduras",Title short: Business Analyst. Schedule: Full-time. Remote: False. Country: Honduras. Skills: power bi.,power bi,analytics,Power BI Analyst,Business Analyst,Honduras,Full-time,False,lukebarousse/data_jobs
624,Business Data Analyst/Contarctor,Telia Company,"Solna, Sweden","Title short: Data Analyst. Schedule: Full-time. Remote: False. Country: Sweden. Skills: aws, redshift, sap, sas, sql.",aws;redshift;sap;sas;sql,analytics,Business Data Analyst/Contarctor,Data Analyst,Sweden,Full-time,False,lukebarousse/data_jobs
625,Data Analyst,Erin Associates Ltd.,United Kingdom,Title short: Data Analyst. Schedule: Temp work. Remote: False. Country: United Kingdom. Skills: sql.,sql,analytics,Data Analyst,Data Analyst,United Kingdom,Temp work,False,lukebarousse/data_jobs
626,IT Business Systems Analyst (Early),Sandia National Laboratories,"Albuquerque, NM","Title short: Business Analyst. Schedule: Full-time. Remote: False. Country: Sudan. Skills: confluence, jira.",confluence;jira,analytics,IT Business Systems Analyst (Early),Business Analyst,Sudan,Full-time,False,lukebarousse/data_jobs
627,Business Intelligence Analyst (Remote),Talentify.io,Anywhere,"Title short: Business Analyst. Schedule: Full-time. Remote: True. Country: Canada. Skills: github, sql, tableau.",github;sql;tableau,analytics,Business Intelligence Analyst (Remote),Business Analyst,Canada,Full-time,True,lukebarousse/data_jobs
628,Senior Data Analyst,Genvalues AB,"Stockholm, Sweden","Title short: Senior Data Analyst. Schedule: Full-time. Remote: False. Country: Sweden. Skills: bigquery, looker, sql, tableau.",bigquery;looker;sql;tableau,analytics,Senior Data Analyst,Senior Data Analyst,Sweden,Full-time,False,lukebarousse/data_jobs
629,Outbound Logistics Data Analyst - Carrier Operations (m/d/f),Rivian,"Munich, Germany","Title short: Data Analyst. Schedule: Full-time. Remote: False. Country: Germany. Skills: alteryx, confluence, jira, python, r, sap, sql, tableau.",alteryx;confluence;jira;python;r;sap;sql;tableau,analytics,Outbound Logistics Data Analyst - Carrier Operations (m/d/f),Data Analyst,Germany,Full-time,False,lukebarousse/data_jobs
630,Un(e) Data Analyst(e),Infolegale,France,"Title short: Data Analyst. Schedule: Full-time. Remote: False. Country: France. Skills: php, python, sql, tableau.",php;python;sql;tableau,analytics,Un(e) Data Analyst(e),Data Analyst,France,Full-time,False,lukebarousse/data_jobs
631,Carrier Analytics Manager,CS Recruiting,"Charlotte, NC","Title short: Data Analyst. Schedule: Full-time. Remote: False. Country: United States. Skills: excel, ms access, python, qlik, r, spss.",excel;ms access;python;qlik;r;spss,analytics,Carrier Analytics Manager,Data Analyst,United States,Full-time,False,lukebarousse/data_jobs
632,Data Analyst,Randstad,"Vevey, Switzerland","Title short: Data Analyst. Schedule: Contractor. Remote: False. Country: Switzerland. Skills: power bi, python.",power bi;python,analytics,Data Analyst,Data Analyst,Switzerland,Contractor,False,lukebarousse/data_jobs
633,Government (Medical) Data Analyst,Alvarez & Marsal Deutschland GmbH,"Tampa, FL",Title short: Data Analyst. Schedule: Full-time. Remote: False. Country: United States. Skills: tableau.,tableau,analytics,Government (Medical) Data Analyst,Data Analyst,United States,Full-time,False,lukebarousse/data_jobs
634,Senior Logistics Planning Analyst,JLR,Anywhere,"Title short: Business Analyst. Schedule: Full-time. Remote: True. Country: United Kingdom. Skills: excel, flow, power bi, python, r, react, sql, tableau.",excel;flow;power bi;python;r;react;sql;tableau,analytics,Senior Logistics Planning Analyst,Business Analyst,United Kingdom,Full-time,True,lukebarousse/data_jobs
635,CRM Analyst,КрокусАппс,"Minsk, Belarus","Title short: Data Analyst. Schedule: Full-time. Remote: False. Country: Belarus. Skills: excel, powerpoint, python, sql, tableau.",excel;powerpoint;python;sql;tableau,analytics,CRM Analyst,Data Analyst,Belarus,Full-time,False,lukebarousse/data_jobs
636,Data Analyst,Futurelink Global Recruitment,South Africa,"Title short: Data Analyst. Schedule: Full-time. Remote: False. Country: South Africa. Skills: excel, power bi, tableau.",excel;power bi;tableau,analytics,Data Analyst,Data Analyst,South Africa,Full-time,False,lukebarousse/data_jobs
637,Senior Data Analyst,Human4Human Recruitment,"Kraków, Poland","Title short: Senior Data Analyst. Schedule: Full-time. Remote: False. Country: Poland. Skills: python, sql.",python;sql,analytics,Senior Data Analyst,Senior Data Analyst,Poland,Full-time,False,lukebarousse/data_jobs
638,Market Analyst,LSEG (London Stock Exchange Group),"Guanacaste Province, Lagunilla, Costa Rica","Title short: Business Analyst. Schedule: Full-time. Remote: False. Country: Costa Rica. Skills: python, sql, vba.",python;sql;vba,analytics,Market Analyst,Business Analyst,Costa Rica,Full-time,False,lukebarousse/data_jobs
639,2024 Business Intelligence Engineer Internship,Amazon,"London, UK","Title short: Data Analyst. Schedule: Full-time and Internship. Remote: False. Country: United Kingdom. Skills: aws, cognos, excel, java, python, r, sql, tableau.",aws;cognos;excel;java;python;r;sql;tableau,analytics,2024 Business Intelligence Engineer Internship,Data Analyst,United Kingdom,Full-time and Internship,False,lukebarousse/data_jobs
640,Jr. Business Intelligence Analyst,"Staffigo Technical Services, LLC","St Paul, MO","Title short: Business Analyst. Schedule: Full-time. Remote: False. Country: United States. Skills: dax, hadoop, power bi, python, r, sas, sql, tableau.",dax;hadoop;power bi;python;r;sas;sql;tableau,analytics,Jr. Business Intelligence Analyst,Business Analyst,United States,Full-time,False,lukebarousse/data_jobs
641,Data Quality Analyst,Dyson,"Kraków, Poland","Title short: Data Analyst. Schedule: Full-time. Remote: False. Country: Poland. Skills: excel, sap, word.",excel;sap;word,analytics,Data Quality Analyst,Data Analyst,Poland,Full-time,False,lukebarousse/data_jobs
642,Data Analyst,CyberCoders,"Fort Worth, TX","Title short: Data Analyst. Schedule: Full-time. Remote: False. Country: United States. Skills: plotly, python, tableau.",plotly;python;tableau,analytics,Data Analyst,Data Analyst,United States,Full-time,False,lukebarousse/data_jobs
643,Data Analyst,BearingPoint B.V.,"Amsterdam, Netherlands","Title short: Data Analyst. Schedule: Full-time. Remote: False. Country: Netherlands. Skills: python, r, sql, tableau.",python;r;sql;tableau,analytics,Data Analyst,Data Analyst,Netherlands,Full-time,False,lukebarousse/data_jobs
644,דרוש/ה excel data analyst לחברת מאגרי מידע,Pharma14.com,"Herzliya, Israel",Title short: Data Analyst. Schedule: Full-time. Remote: False. Country: Israel. Skills: excel.,excel,analytics,דרוש/ה excel data analyst לחברת מאגרי מידע,Data Analyst,Israel,Full-time,False,lukebarousse/data_jobs
645,Business Analyst,OLX,"Lisbon, Portugal","Title short: Business Analyst. Schedule: Full-time. Remote: False. Country: Portugal. Skills: aws, azure, excel, go, python, r, sql, tableau.",aws;azure;excel;go;python;r;sql;tableau,analytics,Business Analyst,Business Analyst,Portugal,Full-time,False,lukebarousse/data_jobs
646,Operational Analyst,DHL,"Bello, Antioquia, Colombia",Title short: Business Analyst. Schedule: Full-time. Remote: False. Country: Colombia. Skills: excel.,excel,analytics,Operational Analyst,Business Analyst,Colombia,Full-time,False,lukebarousse/data_jobs
647,Senior Data Analyst #Urgent,Hudson Global Resources ( HQ ),Singapore,"Title short: Senior Data Analyst. Schedule: Full-time. Remote: False. Country: Singapore. Skills: azure, power bi, python, sql.",azure;power bi;python;sql,analytics,Senior Data Analyst #Urgent,Senior Data Analyst,Singapore,Full-time,False,lukebarousse/data_jobs
648,Data engineer / Data Scientist / Data Analyst,СтандартПроект,"Moscow, Russia","Title short: Data Analyst. Schedule: Full-time. Remote: False. Country: Russia. Skills: airflow, elasticsearch, flask, java, jupyter, kafka, linux, numpy, pandas, python, sql.",airflow;elasticsearch;flask;java;jupyter;kafka;linux;numpy;pandas;python;sql,analytics,Data engineer / Data Scientist / Data Analyst,Data Analyst,Russia,Full-time,False,lukebarousse/data_jobs
649,Consumer Health Data Engineer/Data Analyst,Aon Corporation,"Chicago, IL","Title short: Data Analyst. Schedule: Full-time. Remote: False. Country: United States. Skills: alteryx, databricks, snowflake, sql, ssis, tableau.",alteryx;databricks;snowflake;sql;ssis;tableau,analytics,Consumer Health Data Engineer/Data Analyst,Data Analyst,United States,Full-time,False,lukebarousse/data_jobs
650,Senior Data Analyst,Nordea Bank,"Gdynia, Poland","Title short: Senior Data Analyst. Schedule: Full-time. Remote: False. Country: Poland. Skills: snowflake, sql.",snowflake;sql,analytics,Senior Data Analyst,Senior Data Analyst,Poland,Full-time,False,lukebarousse/data_jobs
651,Business Analyst,Aspire Global,"Sliema, Malta","Title short: Business Analyst. Schedule: Full-time. Remote: False. Country: Malta. Skills: python, r, sql.",python;r;sql,analytics,Business Analyst,Business Analyst,Malta,Full-time,False,lukebarousse/data_jobs
652,Data Analyst,NES Fircroft,"Amsterdam, Netherlands","Title short: Data Analyst. Schedule: Full-time. Remote: False. Country: Netherlands. Skills: python, sql.",python;sql,analytics,Data Analyst,Data Analyst,Netherlands,Full-time,False,lukebarousse/data_jobs
653,Cognitive Data Analyst,Wysdom.AI,Anywhere,"Title short: Data Analyst. Schedule: Full-time. Remote: True. Country: Canada. Skills: python, sql.",python;sql,analytics,Cognitive Data Analyst,Data Analyst,Canada,Full-time,True,lukebarousse/data_jobs
654,Data Analyst III - SQL / REMOTE,Sunshine State Health Plan,"West Palm Beach, FL","Title short: Data Analyst. Schedule: Full-time. Remote: False. Country: United States. Skills: excel, sql.",excel;sql,analytics,Data Analyst III - SQL / REMOTE,Data Analyst,United States,Full-time,False,lukebarousse/data_jobs
655,Business Intelligence Analyst,Brooksource,"Vinings, GA","Title short: Business Analyst. Schedule: Full-time. Remote: False. Country: United States. Skills: python, r, sql, tableau.",python;r;sql;tableau,analytics,Business Intelligence Analyst,Business Analyst,United States,Full-time,False,lukebarousse/data_jobs
656,Lead BI Analyst,KORE1,"Irvine, CA","Title short: Business Analyst. Schedule: Full-time. Remote: False. Country: United States. Skills: python, sql, tableau.",python;sql;tableau,analytics,Lead BI Analyst,Business Analyst,United States,Full-time,False,lukebarousse/data_jobs
657,Data Science Analyst - Full-time,Anaheim Ducks,"Anaheim, CA","Title short: Data Analyst. Schedule: Full-time. Remote: False. Country: United States. Skills: power bi, pyspark, python, scikit-learn, spark, sql, tableau, tensorflow.",power bi;pyspark;python;scikit-learn;spark;sql;tableau;tensorflow,analytics,Data Science Analyst - Full-time,Data Analyst,United States,Full-time,False,lukebarousse/data_jobs
658,Business Intelligence / Data Analyst (m/w/d),EON Energie Deutschland,"Essen, Germany","Title short: Data Analyst. Schedule: Full-time. Remote: False. Country: Germany. Skills: azure, git, python, unix.",azure;git;python;unix,analytics,Business Intelligence / Data Analyst (m/w/d),Data Analyst,Germany,Full-time,False,lukebarousse/data_jobs
659,Data analyst,Amiltone,"Villeurbanne, France","Title short: Data Analyst. Schedule: Full-time. Remote: False. Country: France. Skills: jira, oracle, sql.",jira;oracle;sql,analytics,Data analyst,Data Analyst,France,Full-time,False,lukebarousse/data_jobs
660,"Data Analyst, Player Support",Supercell,"Helsinki, Finland","Title short: Data Analyst. Schedule: Full-time. Remote: False. Country: Finland. Skills: python, r, sql, tableau.",python;r;sql;tableau,analytics,"Data Analyst, Player Support",Data Analyst,Finland,Full-time,False,lukebarousse/data_jobs
661,Alternance data analyste F/H,Casino,"Vitry-sur-Seine, France","Title short: Data Analyst. Schedule: Part-time. Remote: False. Country: France. Skills: chef, git, matplotlib, numpy, pandas, python, sql.",chef;git;matplotlib;numpy;pandas;python;sql,analytics,Alternance data analyste F/H,Data Analyst,France,Part-time,False,lukebarousse/data_jobs
662,Business Data Analyst (Power BI),Robert Walters,"Manchester, UK","Title short: Data Analyst. Schedule: Full-time. Remote: False. Country: United Kingdom. Skills: dax, power bi, sql.",dax;power bi;sql,analytics,Business Data Analyst (Power BI),Data Analyst,United Kingdom,Full-time,False,lukebarousse/data_jobs
663,"Sr Engineer, Data & Analytics",Excelacom,"Bernards, NJ","Title short: Senior Data Engineer. Schedule: Full-time. Remote: False. Country: United States. Skills: aws, azure, excel, gcp, looker, powerpoint, powershell, python, snowflake, sql, tableau, visio, word.",aws;azure;excel;gcp;looker;powerpoint;powershell;python;snowflake;sql;tableau;visio;word,analytics,"Sr Engineer, Data & Analytics",Senior Data Engineer,United States,Full-time,False,lukebarousse/data_jobs
664,12241303440 - Data Analyst,Support Shepherd,Anywhere,"Title short: Data Analyst. Schedule: nan. Remote: True. Country: Philippines. Skills: excel, sql, visual basic.",excel;sql;visual basic,analytics,12241303440 - Data Analyst,Data Analyst,Philippines,,True,lukebarousse/data_jobs
665,Data Privacy Analyst,Ansys,Anywhere,"Title short: Data Analyst. Schedule: Full-time. Remote: True. Country: Spain. Skills: gdpr, sharepoint.",gdpr;sharepoint,analytics,Data Privacy Analyst,Data Analyst,Spain,Full-time,True,lukebarousse/data_jobs
666,"Data Analyst, Nordic",Warner Music Sweden AB,Anywhere,"Title short: Data Analyst. Schedule: Full-time. Remote: True. Country: Sweden. Skills: power bi, python, qlik, r, sql, tableau.",power bi;python;qlik;r;sql;tableau,analytics,"Data Analyst, Nordic",Data Analyst,Sweden,Full-time,True,lukebarousse/data_jobs
667,Data Analyst Trainee (Biopharmaceutical Industry) - Lisboa,HRB SOLUTIONS,"Lisbon, Portugal","Title short: Data Analyst. Schedule: Full-time. Remote: False. Country: Portugal. Skills: alteryx, excel, sql, tableau.",alteryx;excel;sql;tableau,analytics,Data Analyst Trainee (Biopharmaceutical Industry) - Lisboa,Data Analyst,Portugal,Full-time,False,lukebarousse/data_jobs
668,Data Integrity Analyst,JLL,"San José Province, San José, Costa Rica","Title short: Data Analyst. Schedule: Full-time. Remote: False. Country: Costa Rica. Skills: excel, powerpoint, sql, word.",excel;powerpoint;sql;word,analytics,Data Integrity Analyst,Data Analyst,Costa Rica,Full-time,False,lukebarousse/data_jobs
669,"Senior Product Manager, Data & Analytics",Beeline,"Jacksonville, FL",Title short: Senior Data Analyst. Schedule: Full-time. Remote: False. Country: United States. Skills: excel.,excel,analytics,"Senior Product Manager, Data & Analytics",Senior Data Analyst,United States,Full-time,False,lukebarousse/data_jobs
670,Senior Data Analyst,TalentBoost (Point32Health),"Plainville, MA","Title short: Senior Data Analyst. Schedule: Full-time. Remote: False. Country: United States. Skills: python, r, sas, sql, tableau.",python;r;sas;sql;tableau,analytics,Senior Data Analyst,Senior Data Analyst,United States,Full-time,False,lukebarousse/data_jobs
671,Analytic Science-Scientist II,FICO,"Bengaluru, Karnataka, India","Title short: Data Analyst. Schedule: Full-time. Remote: False. Country: India. Skills: c, c++, java.",c;c++;java,analytics,Analytic Science-Scientist II,Data Analyst,India,Full-time,False,lukebarousse/data_jobs
672,Data or Business Analyst,AKS ProTalent,Anywhere,"Title short: Data Analyst. Schedule: Full-time. Remote: True. Country: India. Skills: excel, javascript, sas, spss, sql.",excel;javascript;sas;spss;sql,analytics,Data or Business Analyst,Data Analyst,India,Full-time,True,lukebarousse/data_jobs
673,Product Analyst,developrec,"Royal Leamington Spa, UK","Title short: Software Engineer. Schedule: Full-time. Remote: False. Country: United Kingdom. Skills: python, sql, tableau.",python;sql;tableau,analytics,Product Analyst,Software Engineer,United Kingdom,Full-time,False,lukebarousse/data_jobs
674,Efficiency Officer /  Data analyst,MARTICO ROU SRL part of MARTICO GROUP,"Constanța, Romania",Title short: Data Analyst. Schedule: Full-time. Remote: False. Country: Romania. Skills: outlook.,outlook,analytics,Efficiency Officer /  Data analyst,Data Analyst,Romania,Full-time,False,lukebarousse/data_jobs
675,Data Analyst,Volvo Group,"Lyon, France","Title short: Data Analyst. Schedule: Full-time. Remote: False. Country: France. Skills: azure, power bi, python, sas, sql, vue.",azure;power bi;python;sas;sql;vue,analytics,Data Analyst,Data Analyst,France,Full-time,False,lukebarousse/data_jobs
676,"(Expression of Interest) - Senior Data Analyst, Risk & Fraud",foodpanda,"Kuala Lumpur, Federal Territory of Kuala Lumpur, Malaysia","Title short: Senior Data Analyst. Schedule: nan. Remote: False. Country: Malaysia. Skills: express, python, sql.",express;python;sql,analytics,"(Expression of Interest) - Senior Data Analyst, Risk & Fraud",Senior Data Analyst,Malaysia,,False,lukebarousse/data_jobs
677,Product Analyst,Highcore,Spain,"Title short: Software Engineer. Schedule: Full-time. Remote: False. Country: Spain. Skills: bigquery, postgresql, python, sql.",bigquery;postgresql;python;sql,analytics,Product Analyst,Software Engineer,Spain,Full-time,False,lukebarousse/data_jobs
678,Senior Data Analyst,#TeamGoHealth,"Chicago, IL","Title short: Senior Data Analyst. Schedule: Full-time. Remote: False. Country: United States. Skills: go, python, sql, tableau.",go;python;sql;tableau,analytics,Senior Data Analyst,Senior Data Analyst,United States,Full-time,False,lukebarousse/data_jobs
679,Prácticas Analista de Datos | Data Analyst Trainee,ACCOM,"Madrid, Spain","Title short: Data Analyst. Schedule: Part-time. Remote: False. Country: Spain. Skills: dax, excel, power bi, sql, tableau.",dax;excel;power bi;sql;tableau,analytics,Prácticas Analista de Datos | Data Analyst Trainee,Data Analyst,Spain,Part-time,False,lukebarousse/data_jobs
680,Senior Healthcare Data Analyst,Providence Health & Services,Canada,"Title short: Senior Data Analyst. Schedule: Full-time. Remote: False. Country: Canada. Skills: power bi, sql, tableau, vba.",power bi;sql;tableau;vba,analytics,Senior Healthcare Data Analyst,Senior Data Analyst,Canada,Full-time,False,lukebarousse/data_jobs
681,Data Analyst (m/w/d),TicketPAY Europe GmbH,"Hamm, Germany","Title short: Data Analyst. Schedule: Full-time and Part-time. Remote: False. Country: Germany. Skills: excel, word.",excel;word,analytics,Data Analyst (m/w/d),Data Analyst,Germany,Full-time and Part-time,False,lukebarousse/data_jobs
682,IAM Analyst,TEKsystems,"Dallas, TX","Title short: Data Analyst. Schedule: Full-time. Remote: False. Country: United States. Skills: go, mysql, oracle, sql.",go;mysql;oracle;sql,analytics,IAM Analyst,Data Analyst,United States,Full-time,False,lukebarousse/data_jobs
683,"Data Analyst ( Retail ), GGI Entertainment - Powered By Qureos",Qureos,Dubai - United Arab Emirates,Title short: Data Analyst. Schedule: Full-time. Remote: False. Country: United Arab Emirates. Skills: excel.,excel,analytics,"Data Analyst ( Retail ), GGI Entertainment - Powered By Qureos",Data Analyst,United Arab Emirates,Full-time,False,lukebarousse/data_jobs
684,Infrastructure QA Engineer,Smals,"Mechelen, Belgium","Title short: Business Analyst. Schedule: Full-time. Remote: False. Country: Belgium. Skills: ansible, bash, docker, git, java, linux, openstack, oracle, postgresql, puppet, python, sql, sql server, vmware, vue, windows.",ansible;bash;docker;git;java;linux;openstack;oracle;postgresql;puppet;python;sql;sql server;vmware;vue;windows,analytics,Infrastructure QA Engineer,Business Analyst,Belgium,Full-time,False,lukebarousse/data_jobs
685,Strategic Finance and Data Analyst,Skipwaste,South Africa,Title short: Data Analyst. Schedule: Full-time. Remote: False. Country: South Africa. Skills: power bi.,power bi,analytics,Strategic Finance and Data Analyst,Data Analyst,South Africa,Full-time,False,lukebarousse/data_jobs
686,Analyst-Master Data Management - Global Rates-GFS,Deloitte,"Hyderabad, Telangana, India","Title short: Data Analyst. Schedule: Full-time. Remote: False. Country: India. Skills: excel, sap.",excel;sap,analytics,Analyst-Master Data Management - Global Rates-GFS,Data Analyst,India,Full-time,False,lukebarousse/data_jobs
687,Sr. Financial Analyst (Data Analytics) - Remote | WFH,Get It Recruit - Information Technology,Anywhere,"Title short: Senior Data Analyst. Schedule: Full-time. Remote: True. Country: United States. Skills: cognos, power bi, sap, sql, tableau, vba.",cognos;power bi;sap;sql;tableau;vba,analytics,Sr. Financial Analyst (Data Analytics) - Remote | WFH,Senior Data Analyst,United States,Full-time,True,lukebarousse/data_jobs
688,Advanced Analytics Manager,Demo - Coca-Cola,"Mexico City, CDMX, Mexico","Title short: Data Analyst. Schedule: Full-time. Remote: False. Country: Mexico. Skills: azure, python.",azure;python,analytics,Advanced Analytics Manager,Data Analyst,Mexico,Full-time,False,lukebarousse/data_jobs
689,Compensation Analyst,MongoDB,"Madrid, Spain","Title short: Business Analyst. Schedule: Full-time. Remote: False. Country: Spain. Skills: excel, mongodb.",excel;mongodb,analytics,Compensation Analyst,Business Analyst,Spain,Full-time,False,lukebarousse/data_jobs
690,Data Analyst II,Corporate,"St. Louis, MO","Title short: Data Analyst. Schedule: Full-time. Remote: False. Country: United States. Skills: excel, sql.",excel;sql,analytics,Data Analyst II,Data Analyst,United States,Full-time,False,lukebarousse/data_jobs
691,Operations Analyst,Shape Tech,Anywhere,Title short: Business Analyst. Schedule: Full-time. Remote: True. Country: Singapore. Skills: excel.,excel,analytics,Operations Analyst,Business Analyst,Singapore,Full-time,True,lukebarousse/data_jobs
692,Junior Data Consultant - Data Analyst,World Food Programme,"Rome, Metropolitan City of Rome Capital, Italy","Title short: Data Analyst. Schedule: Contractor. Remote: False. Country: Italy. Skills: c, matplotlib, python, r, sql, tableau.",c;matplotlib;python;r;sql;tableau,analytics,Junior Data Consultant - Data Analyst,Data Analyst,Italy,Contractor,False,lukebarousse/data_jobs
693,Data Analysis/ Project Coordinator/ BA,Ionidea,"Jersey City, NJ","Title short: Data Analyst. Schedule: Contractor. Remote: False. Country: United States. Skills: excel, powerpoint.",excel;powerpoint,analytics,Data Analysis/ Project Coordinator/ BA,Data Analyst,United States,Contractor,False,lukebarousse/data_jobs
694,Data Analyst,Work in USA,Fujairah - United Arab Emirates,"Title short: Data Analyst. Schedule: Full-time. Remote: False. Country: United Arab Emirates. Skills: python, r.",python;r,analytics,Data Analyst,Data Analyst,United Arab Emirates,Full-time,False,lukebarousse/data_jobs
695,Engineer (m/w/d) Data Analyst,Junge Die Bäckerei.,"Lübeck, Germany","Title short: Data Analyst. Schedule: Full-time. Remote: False. Country: Germany. Skills: r, sql.",r;sql,analytics,Engineer (m/w/d) Data Analyst,Data Analyst,Germany,Full-time,False,lukebarousse/data_jobs
696,Growth Analyst,OSOME,Anywhere,Title short: Business Analyst. Schedule: Full-time. Remote: True. Country: Netherlands. Skills: spreadsheet.,spreadsheet,analytics,Growth Analyst,Business Analyst,Netherlands,Full-time,True,lukebarousse/data_jobs
697,Trade Compliance Data Analyst,Corning,"Charlotte, NC",Title short: Data Analyst. Schedule: Full-time. Remote: False. Country: United States. Skills: excel.,excel,analytics,Trade Compliance Data Analyst,Data Analyst,United States,Full-time,False,lukebarousse/data_jobs
698,Lead Data Analyst [Remote],Talentify.io,Anywhere,"Title short: Data Analyst. Schedule: Full-time. Remote: True. Country: Canada. Skills: aws, python, redshift, sql.",aws;python;redshift;sql,analytics,Lead Data Analyst [Remote],Data Analyst,Canada,Full-time,True,lukebarousse/data_jobs
699,Senior Associate - Deals Data Analytics,PwC Malaysia,"Kuala Lumpur, Federal Territory of Kuala Lumpur, Malaysia","Title short: Senior Data Analyst. Schedule: nan. Remote: False. Country: Malaysia. Skills: alteryx, dax, power bi, python, r, sql.",alteryx;dax;power bi;python;r;sql,analytics,Senior Associate - Deals Data Analytics,Senior Data Analyst,Malaysia,,False,lukebarousse/data_jobs
700,Digital Marketing Analyst,Concentrix,Costa Rica,"Title short: Data Analyst. Schedule: Full-time. Remote: False. Country: Costa Rica. Skills: css, html, tableau.",css;html;tableau,analytics,Digital Marketing Analyst,Data Analyst,Costa Rica,Full-time,False,lukebarousse/data_jobs
701,Image Data Analyst Engineer,University of Dayton,"Eglin AFB, FL","Title short: Data Engineer. Schedule: Full-time. Remote: False. Country: United States. Skills: electron, matlab, python.",electron;matlab;python,analytics,Image Data Analyst Engineer,Data Engineer,United States,Full-time,False,lukebarousse/data_jobs
702,Data Analytics and Business Intelligence | Analyst | Dallas,Goldman Sachs,"Dallas, TX","Title short: Data Analyst. Schedule: Full-time. Remote: False. Country: United States. Skills: excel, flow, outlook, powerpoint, word.",excel;flow;outlook;powerpoint;word,analytics,Data Analytics and Business Intelligence | Analyst | Dallas,Data Analyst,United States,Full-time,False,lukebarousse/data_jobs
703,Supervisor: Pricing/Data Analyst - Umhlanga,Schlemmer & Associates Recruitment Specialists,"uMhlanga, South Africa","Title short: Data Analyst. Schedule: Full-time. Remote: False. Country: South Africa. Skills: excel, flow, sql.",excel;flow;sql,analytics,Supervisor: Pricing/Data Analyst - Umhlanga,Data Analyst,South Africa,Full-time,False,lukebarousse/data_jobs
704,"New Consultancy: Market Research Data Analyst, Markets, Supply ...",United Nations Children's Fund (UNICEF),"Copenhagen, Denmark","Title short: Data Analyst. Schedule: Contractor. Remote: False. Country: Denmark. Skills: dax, excel, flow, power bi, sap, sql.",dax;excel;flow;power bi;sap;sql,analytics,"New Consultancy: Market Research Data Analyst, Markets, Supply ...",Data Analyst,Denmark,Contractor,False,lukebarousse/data_jobs
705,Sr. Data Analyst,Modis,"Burbank, CA","Title short: Data Analyst. Schedule: Full-time. Remote: False. Country: United States. Skills: alteryx, go, oracle, sql, tableau.",alteryx;go;oracle;sql;tableau,analytics,Sr. Data Analyst,Data Analyst,United States,Full-time,False,lukebarousse/data_jobs
706,Lead Business Intelligence Data Analyst - Remote | WFH,Get It Recruit - Information Technology,Anywhere,"Title short: Data Analyst. Schedule: Full-time. Remote: True. Country: United States. Skills: oracle, power bi, python, r, sql, sql server, tableau.",oracle;power bi;python;r;sql;sql server;tableau,analytics,Lead Business Intelligence Data Analyst - Remote | WFH,Data Analyst,United States,Full-time,True,lukebarousse/data_jobs
707,Data Analyst Power BI Azure freelance/portage salarial H/F H/F,Nexoris,"Paris, France","Title short: Data Analyst. Schedule: Full-time. Remote: False. Country: France. Skills: azure, bigquery, git, sql.",azure;bigquery;git;sql,analytics,Data Analyst Power BI Azure freelance/portage salarial H/F H/F,Data Analyst,France,Full-time,False,lukebarousse/data_jobs
708,"Senior Data Analyst (Flights team, Bangkok-based, Relocation provided)",Agoda,"Frankfurt, Germany","Title short: Senior Data Analyst. Schedule: Full-time. Remote: False. Country: Germany. Skills: excel, python, r, sql, tableau.",excel;python;r;sql;tableau,analytics,"Senior Data Analyst (Flights team, Bangkok-based, Relocation provided)",Senior Data Analyst,Germany,Full-time,False,lukebarousse/data_jobs
709,Data Analyst (H/F),Extia,"Strasbourg, France","Title short: Data Analyst. Schedule: Full-time. Remote: False. Country: France. Skills: airflow, ansible, azure, git, jenkins, kubernetes, power bi, python, spark, sql.",airflow;ansible;azure;git;jenkins;kubernetes;power bi;python;spark;sql,analytics,Data Analyst (H/F),Data Analyst,France,Full-time,False,lukebarousse/data_jobs
710,Cloud Data & Analytics Director (Financial Services - Asset ...,Get It Recruit - Finance,Anywhere,"Title short: Data Analyst. Schedule: Full-time. Remote: True. Country: United States. Skills: aws, azure, bigquery, databricks, gcp, power bi, pyspark, python, redshift, snowflake, spark, sql, tableau.",aws;azure;bigquery;databricks;gcp;power bi;pyspark;python;redshift;snowflake;spark;sql;tableau,analytics,Cloud Data & Analytics Director (Financial Services - Asset ...,Data Analyst,United States,Full-time,True,lukebarousse/data_jobs
711,Data Analyst Team Lead,UTOR,Brazil,"Title short: Data Analyst. Schedule: Full-time. Remote: False. Country: Brazil. Skills: excel, sql.",excel;sql,analytics,Data Analyst Team Lead,Data Analyst,Brazil,Full-time,False,lukebarousse/data_jobs
712,Operations Analyst,Tyger Brands,Anywhere,"Title short: Business Analyst. Schedule: Full-time. Remote: True. Country: Philippines. Skills: excel, sql, tableau.",excel;sql;tableau,analytics,Operations Analyst,Business Analyst,Philippines,Full-time,True,lukebarousse/data_jobs
713,Data Analyst,ESTO Group,"Tallinn, Estonia","Title short: Data Analyst. Schedule: Full-time. Remote: False. Country: Estonia. Skills: excel, power bi, sheets, sql.",excel;power bi;sheets;sql,analytics,Data Analyst,Data Analyst,Estonia,Full-time,False,lukebarousse/data_jobs
714,Junior Data Analyst,Institutional Shareholder Services Philippines,"Makati, Metro Manila, Philippines","Title short: Data Analyst. Schedule: nan. Remote: False. Country: Philippines. Skills: excel, ms access, sql, vba.",excel;ms access;sql;vba,analytics,Junior Data Analyst,Data Analyst,Philippines,,False,lukebarousse/data_jobs
715,Junior Data Analyst,Dynamis,"Newington, VA","Title short: Data Analyst. Schedule: Full-time. Remote: False. Country: United States. Skills: crystal, excel, outlook, powerpoint, python, r, word.",crystal;excel;outlook;powerpoint;python;r;word,analytics,Junior Data Analyst,Data Analyst,United States,Full-time,False,lukebarousse/data_jobs
716,Data Science Analyst (m/w/d),Lekkerland • The Convenience Company,"Cologne, Germany","Title short: Data Analyst. Schedule: Full-time. Remote: False. Country: Germany. Skills: excel, oracle, powerpoint, python, qlik, r, sap, sas, snowflake, sql, tableau.",excel;oracle;powerpoint;python;qlik;r;sap;sas;snowflake;sql;tableau,analytics,Data Science Analyst (m/w/d),Data Analyst,Germany,Full-time,False,lukebarousse/data_jobs
717,Senior Data Analyst - Firm Analytics,EDWARD JONES,"Springfield, IL","Title short: Senior Data Analyst. Schedule: Full-time. Remote: False. Country: United States. Skills: snowflake, sql.",snowflake;sql,analytics,Senior Data Analyst - Firm Analytics,Senior Data Analyst,United States,Full-time,False,lukebarousse/data_jobs
718,"Accounts Receivable Financial Disputes Analyst, Cdo",Amzn Support Srvcs Costa Rica,"Heredia Province, Heredia, Costa Rica","Title short: Business Analyst. Schedule: Full-time. Remote: False. Country: Costa Rica. Skills: aws, excel, flow, oracle.",aws;excel;flow;oracle,analytics,"Accounts Receivable Financial Disputes Analyst, Cdo",Business Analyst,Costa Rica,Full-time,False,lukebarousse/data_jobs
719,EBO Data Analyst,"Bayview Fund Management, LLC","Hopewell, FL","Title short: Data Analyst. Schedule: Full-time. Remote: False. Country: United States. Skills: excel, ms access, outlook, powerpoint, python, sql, sql server, word.",excel;ms access;outlook;powerpoint;python;sql;sql server;word,analytics,EBO Data Analyst,Data Analyst,United States,Full-time,False,lukebarousse/data_jobs
720,Financial Data Analyst,Robert Half,"San Antonio, TX","Title short: Data Analyst. Schedule: Contractor. Remote: False. Country: United States. Skills: c, python, sas, sql.",c;python;sas;sql,analytics,Financial Data Analyst,Data Analyst,United States,Contractor,False,lukebarousse/data_jobs
721,"Sr Analyst, Data Mgmt",Cardinal Health,"Ohio, IL",Title short: Data Analyst. Schedule: Full-time. Remote: False. Country: United States. Skills: excel.,excel,analytics,"Sr Analyst, Data Mgmt",Data Analyst,United States,Full-time,False,lukebarousse/data_jobs
722,Big Data Analyst (Clinical/Healthcare),Tiger Analytics,Anywhere,Title short: Data Analyst. Schedule: Full-time. Remote: True. Country: United States. Skills: sql.,sql,analytics,Big Data Analyst (Clinical/Healthcare),Data Analyst,United States,Full-time,True,lukebarousse/data_jobs
723,Junior Data Analyst,"Staffigo Technical Services, LLC","Bowling Green, FL","Title short: Data Analyst. Schedule: Full-time. Remote: False. Country: United States. Skills: excel, oracle, power bi, tableau.",excel;oracle;power bi;tableau,analytics,Junior Data Analyst,Data Analyst,United States,Full-time,False,lukebarousse/data_jobs
724,Packaging Specification Technologist and Data Analyst,Premier Foods,"Worksop, UK","Title short: Data Analyst. Schedule: Full-time. Remote: False. Country: United Kingdom. Skills: excel, sap.",excel;sap,analytics,Packaging Specification Technologist and Data Analyst,Data Analyst,United Kingdom,Full-time,False,lukebarousse/data_jobs
725,SiaXperience Web Data Analyst,Sia Partners,"San Francisco, CA","Title short: Data Analyst. Schedule: Full-time. Remote: False. Country: United States. Skills: sql, tableau.",sql;tableau,analytics,SiaXperience Web Data Analyst,Data Analyst,United States,Full-time,False,lukebarousse/data_jobs
726,Senior Advanced Analytics Analyst,Medtronic,"Bratislava, Slovakia","Title short: Senior Data Scientist. Schedule: Full-time. Remote: False. Country: Slovakia. Skills: excel, power bi.",excel;power bi,analytics,Senior Advanced Analytics Analyst,Senior Data Scientist,Slovakia,Full-time,False,lukebarousse/data_jobs
727,Data Quality Analyst,Co-nexus,"Newport Beach, CA","Title short: Data Analyst. Schedule: Full-time. Remote: False. Country: United States. Skills: snowflake, sql, sql server.",snowflake;sql;sql server,analytics,Data Quality Analyst,Data Analyst,United States,Full-time,False,lukebarousse/data_jobs
728,"datenanalyst, data analyst",Hays AG,"Düsseldorf, Germany","Title short: Data Analyst. Schedule: Full-time. Remote: False. Country: Germany. Skills: power bi, python.",power bi;python,analytics,"datenanalyst, data analyst",Data Analyst,Germany,Full-time,False,lukebarousse/data_jobs
729,Senior Data Analyst,Jobot,"Los Angeles, CA",Title short: Senior Data Analyst. Schedule: Full-time. Remote: False. Country: United States. Skills: sas.,sas,analytics,Senior Data Analyst,Senior Data Analyst,United States,Full-time,False,lukebarousse/data_jobs
730,Data Analyst,Apex Systems,"Des Moines, IA","Title short: Data Analyst. Schedule: Full-time. Remote: False. Country: United States. Skills: phoenix, word.",phoenix;word,analytics,Data Analyst,Data Analyst,United States,Full-time,False,lukebarousse/data_jobs
731,Software Engineer IoT&Analytics_EMEA,Software AG,"Hasselt, Belgium","Title short: Software Engineer. Schedule: Full-time. Remote: False. Country: Belgium. Skills: c, c++, flow, go, java, kubernetes, linux, rust.",c;c++;flow;go;java;kubernetes;linux;rust,analytics,Software Engineer IoT&Analytics_EMEA,Software Engineer,Belgium,Full-time,False,lukebarousse/data_jobs
732,DATA ANALYST (ONSITE),Springfield Public Schools,"Springfield, MA","Title short: Data Analyst. Schedule: Full-time. Remote: False. Country: United States. Skills: excel, sql, tableau.",excel;sql;tableau,analytics,DATA ANALYST (ONSITE),Data Analyst,United States,Full-time,False,lukebarousse/data_jobs
733,Senior Data Analyst,The Farmer's Dog,"Fort Lauderdale, FL","Title short: Senior Data Analyst. Schedule: Full-time. Remote: False. Country: United States. Skills: excel, sheets.",excel;sheets,analytics,Senior Data Analyst,Senior Data Analyst,United States,Full-time,False,lukebarousse/data_jobs
734,Data Analyst,Chobanian Group,"Sunnyvale, CA","Title short: Data Analyst. Schedule: Full-time. Remote: False. Country: United States. Skills: excel, python, sheets, sql, tableau.",excel;python;sheets;sql;tableau,analytics,Data Analyst,Data Analyst,United States,Full-time,False,lukebarousse/data_jobs
735,BI analyst/developer,ASSIST Software,Czechia,"Title short: Business Analyst. Schedule: Full-time. Remote: False. Country: Czechia. Skills: confluence, jira.",confluence;jira,analytics,BI analyst/developer,Business Analyst,Czechia,Full-time,False,lukebarousse/data_jobs
736,Data Quality Analyst – Greece,Poudouleveis.gr,Greece,Title short: Data Analyst. Schedule: Full-time. Remote: False. Country: Greece. Skills: sql.,sql,analytics,Data Quality Analyst – Greece,Data Analyst,Greece,Full-time,False,lukebarousse/data_jobs
737,business data analyst,Skiltrek,"Addison, TX","Title short: Data Analyst. Schedule: Full-time. Remote: False. Country: United States. Skills: excel, jira, microstrategy, power bi, powerpoint, python, sql, tableau.",excel;jira;microstrategy;power bi;powerpoint;python;sql;tableau,analytics,business data analyst,Data Analyst,United States,Full-time,False,lukebarousse/data_jobs
738,Business Operations Analyst Internship,Uline,"Willowbrook, IL","Title short: Business Analyst. Schedule: Full-time. Remote: False. Country: United States. Skills: excel, power bi, sql, ssrs.",excel;power bi;sql;ssrs,analytics,Business Operations Analyst Internship,Business Analyst,United States,Full-time,False,lukebarousse/data_jobs
739,Data Analyst (m/w/d),SELSYS Software Solutions,"Tyrol, Austria","Title short: Data Analyst. Schedule: Full-time. Remote: False. Country: Austria. Skills: excel, python, r, sql.",excel;python;r;sql,analytics,Data Analyst (m/w/d),Data Analyst,Austria,Full-time,False,lukebarousse/data_jobs
740,Controller / Data-Analyst (m/w/x),ELVIS AG - Europäischer Ladungsverbund Internationaler Spediteure,"Alzenau, Germany","Title short: Data Analyst. Schedule: Full-time. Remote: False. Country: Germany. Skills: excel, power bi, powerpoint, word.",excel;power bi;powerpoint;word,analytics,Controller / Data-Analyst (m/w/x),Data Analyst,Germany,Full-time,False,lukebarousse/data_jobs
741,Business Intelligence Spezialist & Data Analyst (m/w/d),Finanz Informatik GmbH & Co. KG,"Hanover, Germany   (+2 others)","Title short: Data Analyst. Schedule: Full-time. Remote: False. Country: Germany. Skills: oracle, sap, sql.",oracle;sap;sql,analytics,Business Intelligence Spezialist & Data Analyst (m/w/d),Data Analyst,Germany,Full-time,False,lukebarousse/data_jobs
742,Engineer (m/w/d) Data Analyst,Rheinmetall,"Düsseldorf, Germany",Title short: Data Analyst. Schedule: Full-time. Remote: False. Country: Germany. Skills: sap.,sap,analytics,Engineer (m/w/d) Data Analyst,Data Analyst,Germany,Full-time,False,lukebarousse/data_jobs
743,Precision High Speed 3D Camera Lab and Data Analyst,Lumentum Operations LLC,Canada,Title short: Data Analyst. Schedule: Full-time and Part-time. Remote: False. Country: Canada. Skills: python.,python,analytics,Precision High Speed 3D Camera Lab and Data Analyst,Data Analyst,Canada,Full-time and Part-time,False,lukebarousse/data_jobs
744,Financial Data Analyst,Spalding Consulting,"Lexington Park, MD","Title short: Data Analyst. Schedule: Full-time. Remote: False. Country: United States. Skills: excel, sql.",excel;sql,analytics,Financial Data Analyst,Data Analyst,United States,Full-time,False,lukebarousse/data_jobs
745,Senior Data Analyst,Fort Worth Community Credit Union,"Fort Worth, TX","Title short: Senior Data Analyst. Schedule: Full-time. Remote: False. Country: United States. Skills: crystal, excel, sql.",crystal;excel;sql,analytics,Senior Data Analyst,Senior Data Analyst,United States,Full-time,False,lukebarousse/data_jobs
746,Data Analyst - Collibra,AMA European Consulting,"Brussels, Belgium","Title short: Data Analyst. Schedule: Full-time. Remote: False. Country: Belgium. Skills: azure, excel, sql, vue.",azure;excel;sql;vue,analytics,Data Analyst - Collibra,Data Analyst,Belgium,Full-time,False,lukebarousse/data_jobs
747,"Data Analyst / Technology Analyst - Hybrid - Up To £40,000 ...",Hawksworth,"Belfast, UK",Title short: Data Analyst. Schedule: Full-time. Remote: False. Country: United Kingdom. Skills: excel.,excel,analytics,"Data Analyst / Technology Analyst - Hybrid - Up To £40,000 ...",Data Analyst,United Kingdom,Full-time,False,lukebarousse/data_jobs
748,Business Data Analyst (m/w/d) Ferienwohnungen,CHECK24 Vergleichsportal,"Düsseldorf, Germany","Title short: Data Analyst. Schedule: Full-time. Remote: False. Country: Germany. Skills: python, sql, tableau.",python;sql;tableau,analytics,Business Data Analyst (m/w/d) Ferienwohnungen,Data Analyst,Germany,Full-time,False,lukebarousse/data_jobs
749,Cybersecurity Data Analyst SME Jobs,SAIC,"Arlington, VA","Title short: Data Analyst. Schedule: Full-time. Remote: False. Country: United States. Skills: azure, hadoop, kafka, linux, powershell, puppet, spark, splunk, vmware, windows.",azure;hadoop;kafka;linux;powershell;puppet;spark;splunk;vmware;windows,analytics,Cybersecurity Data Analyst SME Jobs,Data Analyst,United States,Full-time,False,lukebarousse/data_jobs
750,Data Analyst,Wenrix,"Tel Aviv-Yafo, Israel","Title short: Data Analyst. Schedule: Full-time. Remote: False. Country: Israel. Skills: jupyter, python, r, sql, tableau.",jupyter;python;r;sql;tableau,analytics,Data Analyst,Data Analyst,Israel,Full-time,False,lukebarousse/data_jobs
751,Business Intelligence Analyst,INDU LLC dba intiGrow,"Tampa, FL",Title short: Business Analyst. Schedule: Full-time and Temp work. Remote: False. Country: United States. Skills: sql.,sql,analytics,Business Intelligence Analyst,Business Analyst,United States,Full-time and Temp work,False,lukebarousse/data_jobs
752,Data & Analytics Senior Manager,British American Tobacco,"Monterrey, Nuevo Leon, Mexico",Title short: Senior Data Analyst. Schedule: Full-time. Remote: False. Country: Mexico. Skills: sql.,sql,analytics,Data & Analytics Senior Manager,Senior Data Analyst,Mexico,Full-time,False,lukebarousse/data_jobs
753,Data Analyst - Remote | WFH,Get It Recruit - Information Technology,Anywhere,"Title short: Data Analyst. Schedule: Full-time. Remote: True. Country: United States. Skills: r, tableau.",r;tableau,analytics,Data Analyst - Remote | WFH,Data Analyst,United States,Full-time,True,lukebarousse/data_jobs
754,Senior Data Analyst,JLL,"Taguig, Metro Manila, Philippines","Title short: Senior Data Analyst. Schedule: nan. Remote: False. Country: Philippines. Skills: excel, powerpoint.",excel;powerpoint,analytics,Senior Data Analyst,Senior Data Analyst,Philippines,,False,lukebarousse/data_jobs
755,"Data Analyst, Education Policy Studies",American Enterprise Institute,United States,"Title short: Data Analyst. Schedule: Full-time. Remote: False. Country: United States. Skills: css, html, javascript, outlook, power bi, python, r, sql, tableau.",css;html;javascript;outlook;power bi;python;r;sql;tableau,analytics,"Data Analyst, Education Policy Studies",Data Analyst,United States,Full-time,False,lukebarousse/data_jobs
756,Business Intelligence Analyst,Concentrix,Costa Rica,"Title short: Business Analyst. Schedule: Full-time. Remote: False. Country: Costa Rica. Skills: excel, power bi, powerpoint, sql, tableau, word.",excel;power bi;powerpoint;sql;tableau;word,analytics,Business Intelligence Analyst,Business Analyst,Costa Rica,Full-time,False,lukebarousse/data_jobs
757,Data Analyst-Dallas TX,Georgia IT,"Lubbock, TX","Title short: Data Analyst. Schedule: Full-time. Remote: False. Country: United States. Skills: azure, sql.",azure;sql,analytics,Data Analyst-Dallas TX,Data Analyst,United States,Full-time,False,lukebarousse/data_jobs
758,Compensation & Benefits Analyst,PartnerRe,"Dublin, Ireland","Title short: Business Analyst. Schedule: Full-time. Remote: False. Country: Ireland. Skills: excel, powerpoint, word.",excel;powerpoint;word,analytics,Compensation & Benefits Analyst,Business Analyst,Ireland,Full-time,False,lukebarousse/data_jobs
759,Data Analyst,Robert Half,"Somerset, NJ","Title short: Data Analyst. Schedule: Contractor. Remote: False. Country: United States. Skills: excel, vba.",excel;vba,analytics,Data Analyst,Data Analyst,United States,Contractor,False,lukebarousse/data_jobs
760,Data Processing Analyst L1 (Data Analysis),SupportNinja,Anywhere,Title short: Data Analyst. Schedule: nan. Remote: True. Country: Philippines. Skills: excel.,excel,analytics,Data Processing Analyst L1 (Data Analysis),Data Analyst,Philippines,,True,lukebarousse/data_jobs
761,Sales Data Analyst,Aramark,"Philadelphia, PA","Title short: Data Analyst. Schedule: Full-time. Remote: False. Country: United States. Skills: excel, powerpoint, sql, tableau, word.",excel;powerpoint;sql;tableau;word,analytics,Sales Data Analyst,Data Analyst,United States,Full-time,False,lukebarousse/data_jobs
762,Data Analyst,KSearch Asia Consulting,Philippines,"Title short: Data Analyst. Schedule: Full-time. Remote: False. Country: Philippines. Skills: excel, powerpoint, qlik, sap, vba.",excel;powerpoint;qlik;sap;vba,analytics,Data Analyst,Data Analyst,Philippines,Full-time,False,lukebarousse/data_jobs
763,Business Analyst,TMC,"Eindhoven, Netherlands",Title short: Business Analyst. Schedule: Full-time. Remote: False. Country: Netherlands. Skills: tableau.,tableau,analytics,Business Analyst,Business Analyst,Netherlands,Full-time,False,lukebarousse/data_jobs
764,Data Analyst Product,JobTeaser,"Paris, France","Title short: Data Analyst. Schedule: Full-time. Remote: False. Country: France. Skills: sql, tableau.",sql;tableau,analytics,Data Analyst Product,Data Analyst,France,Full-time,False,lukebarousse/data_jobs
765,Visser & Van Baars - Data Business Analyst,Visser & Van Baars,"Brussels, Belgium","Title short: Business Analyst. Schedule: Full-time. Remote: False. Country: Belgium. Skills: power bi, sql.",power bi;sql,analytics,Visser & Van Baars - Data Business Analyst,Business Analyst,Belgium,Full-time,False,lukebarousse/data_jobs
766,Mid Data Analyst,DevsData LLC,Denmark,"Title short: Data Analyst. Schedule: Full-time. Remote: False. Country: Denmark. Skills: bigquery, excel, python, sql.",bigquery;excel;python;sql,analytics,Mid Data Analyst,Data Analyst,Denmark,Full-time,False,lukebarousse/data_jobs
767,Fraud & Data Analyst,Resistant AI,"Prague, Czechia","Title short: Data Analyst. Schedule: Full-time. Remote: False. Country: Czechia. Skills: aws, excel, jupyter, sql.",aws;excel;jupyter;sql,analytics,Fraud & Data Analyst,Data Analyst,Czechia,Full-time,False,lukebarousse/data_jobs
768,Junior Data Analyst,MACO-Gruppe,"Salzburg, Austria",Title short: Data Analyst. Schedule: Full-time. Remote: False. Country: Austria. Skills: sap.,sap,analytics,Junior Data Analyst,Data Analyst,Austria,Full-time,False,lukebarousse/data_jobs
769,Business Data Analyst,United Health Group,"Beverly Hills, CA","Title short: Data Analyst. Schedule: Full-time. Remote: False. Country: United States. Skills: excel, go, sql, vba.",excel;go;sql;vba,analytics,Business Data Analyst,Data Analyst,United States,Full-time,False,lukebarousse/data_jobs
770,Intelligence Data Analyst,"LMI Consulting, LLC","San Antonio, TX","Title short: Data Analyst. Schedule: Full-time. Remote: False. Country: United States. Skills: excel, microsoft teams, powerpoint, word, zoom.",excel;microsoft teams;powerpoint;word;zoom,analytics,Intelligence Data Analyst,Data Analyst,United States,Full-time,False,lukebarousse/data_jobs
771,Power BI Data Analysts,iParametrics,"Tucker, GA","Title short: Data Analyst. Schedule: Full-time. Remote: False. Country: United States. Skills: excel, outlook, power bi, word.",excel;outlook;power bi;word,analytics,Power BI Data Analysts,Data Analyst,United States,Full-time,False,lukebarousse/data_jobs
772,Compliance Data Analyst,Crypto.com,"Miami, FL","Title short: Data Analyst. Schedule: Full-time. Remote: False. Country: United States. Skills: databricks, jira, python, sql.",databricks;jira;python;sql,analytics,Compliance Data Analyst,Data Analyst,United States,Full-time,False,lukebarousse/data_jobs
773,Data Analist,PANCOMPANY,Netherlands,"Title short: Data Analyst. Schedule: Full-time. Remote: False. Country: Netherlands. Skills: oracle, sql, sql server.",oracle;sql;sql server,analytics,Data Analist,Data Analyst,Netherlands,Full-time,False,lukebarousse/data_jobs
774,Data Analyst,Modis,"Cupertino, CA","Title short: Data Analyst. Schedule: Full-time. Remote: False. Country: United States. Skills: go, python, r, sql.",go;python;r;sql,analytics,Data Analyst,Data Analyst,United States,Full-time,False,lukebarousse/data_jobs
775,Data Analyst,Doghouse Recruitment,"Amsterdam, Netherlands","Title short: Data Analyst. Schedule: Full-time. Remote: False. Country: Netherlands. Skills: python, sql.",python;sql,analytics,Data Analyst,Data Analyst,Netherlands,Full-time,False,lukebarousse/data_jobs
776,Data Analyst,J&T Manila,"Pasig, Metro Manila, Philippines","Title short: Data Analyst. Schedule: Full-time. Remote: False. Country: Philippines. Skills: excel, powerpoint, spreadsheet.",excel;powerpoint;spreadsheet,analytics,Data Analyst,Data Analyst,Philippines,Full-time,False,lukebarousse/data_jobs
777,Working Student (m/f/d) Data Analyst |Berlin/Frankfurt/Dresden,Solactive AG,"Frankfurt, Germany","Title short: Data Analyst. Schedule: Full-time. Remote: False. Country: Germany. Skills: python, sql.",python;sql,analytics,Working Student (m/f/d) Data Analyst |Berlin/Frankfurt/Dresden,Data Analyst,Germany,Full-time,False,lukebarousse/data_jobs
778,Sr. Data Analyst with AWS Experience - (REMOTE),CGI,Anywhere,"Title short: Senior Data Analyst. Schedule: Full-time. Remote: True. Country: United States. Skills: aws, c, python, redshift, sql, tableau.",aws;c;python;redshift;sql;tableau,analytics,Sr. Data Analyst with AWS Experience - (REMOTE),Senior Data Analyst,United States,Full-time,True,lukebarousse/data_jobs
779,"Chengdu/KDC, Data Analyst, Tax TP, Tax",KPMG China,China,Title short: Data Analyst. Schedule: Full-time. Remote: False. Country: China. Skills: c#.,c#,analytics,"Chengdu/KDC, Data Analyst, Tax TP, Tax",Data Analyst,China,Full-time,False,lukebarousse/data_jobs
780,Data Analyst,ConFlip,Dubai - United Arab Emirates,"Title short: Data Analyst. Schedule: Full-time. Remote: False. Country: United Arab Emirates. Skills: hadoop, oracle, python, r, spark, sql.",hadoop;oracle;python;r;spark;sql,analytics,Data Analyst,Data Analyst,United Arab Emirates,Full-time,False,lukebarousse/data_jobs
781,Senior HR Data Analyst,Panda Restaurant Group,"Rosemead, CA","Title short: Senior Data Analyst. Schedule: Full-time. Remote: False. Country: United States. Skills: excel, microstrategy.",excel;microstrategy,analytics,Senior HR Data Analyst,Senior Data Analyst,United States,Full-time,False,lukebarousse/data_jobs
782,Data analyst,Deloitte,"Roanoke, TX",Title short: Data Analyst. Schedule: Full-time. Remote: False. Country: United States. Skills: windows.,windows,analytics,Data analyst,Data Analyst,United States,Full-time,False,lukebarousse/data_jobs
783,SQL Data Analyst,Robert Half,,"Title short: Data Analyst. Schedule: Full-time. Remote: False. Country: United States. Skills: azure, sql, sql server, ssis, ssrs, t-sql.",azure;sql;sql server;ssis;ssrs;t-sql,analytics,SQL Data Analyst,Data Analyst,United States,Full-time,False,lukebarousse/data_jobs
784,Business Strategy Analyst - Deposits Analytics (Hybrid),USAA,"Tampa, FL","Title short: Business Analyst. Schedule: Full-time. Remote: False. Country: United States. Skills: c, excel, java, julia, phoenix, php, python, r, tableau.",c;excel;java;julia;phoenix;php;python;r;tableau,analytics,Business Strategy Analyst - Deposits Analytics (Hybrid),Business Analyst,United States,Full-time,False,lukebarousse/data_jobs
785,Engenheiro de Dados,INEX,"São Paulo, State of São Paulo, Brazil","Title short: Business Analyst. Schedule: Full-time. Remote: False. Country: Brazil. Skills: bigquery, gcp, pyspark, python, scala, spark.",bigquery;gcp;pyspark;python;scala;spark,analytics,Engenheiro de Dados,Business Analyst,Brazil,Full-time,False,lukebarousse/data_jobs
786,"Benefits Data Analysis & Reporting, Vice President",JPMorgan Chase & Co.,"Jersey City, NJ","Title short: Data Analyst. Schedule: Full-time. Remote: False. Country: United States. Skills: excel, powerpoint, python, r.",excel;powerpoint;python;r,analytics,"Benefits Data Analysis & Reporting, Vice President",Data Analyst,United States,Full-time,False,lukebarousse/data_jobs
787,Chief System Analyst (Data warehouse),"Bank of Communications Co.,Ltd.",Hong Kong,"Title short: Data Analyst. Schedule: Full-time. Remote: False. Country: Hong Kong. Skills: hadoop, kafka, python, r, sas, spark, tableau.",hadoop;kafka;python;r;sas;spark;tableau,analytics,Chief System Analyst (Data warehouse),Data Analyst,Hong Kong,Full-time,False,lukebarousse/data_jobs
788,Analytics & Automation Business Analyst,Mantu,"Madrid, Spain","Title short: Business Analyst. Schedule: Full-time. Remote: False. Country: Spain. Skills: alteryx, azure, python, r, sas.",alteryx;azure;python;r;sas,analytics,Analytics & Automation Business Analyst,Business Analyst,Spain,Full-time,False,lukebarousse/data_jobs
789,Data Analyst-68665,Unique Personnel,South Africa,"Title short: Data Analyst. Schedule: Full-time. Remote: False. Country: South Africa. Skills: excel, power bi, sql.",excel;power bi;sql,analytics,Data Analyst-68665,Data Analyst,South Africa,Full-time,False,lukebarousse/data_jobs
790,Data Analyst/Technical Business Analyst - AI & Data - Hong Kong,EY,Hong Kong,"Title short: Data Analyst. Schedule: Full-time. Remote: False. Country: Hong Kong. Skills: go, qlik, tableau.",go;qlik;tableau,analytics,Data Analyst/Technical Business Analyst - AI & Data - Hong Kong,Data Analyst,Hong Kong,Full-time,False,lukebarousse/data_jobs
791,Data & Reporting Analyst,Spectrum,"Charlotte, NC","Title short: Data Analyst. Schedule: Full-time. Remote: False. Country: United States. Skills: excel, sql, word.",excel;sql;word,analytics,Data & Reporting Analyst,Data Analyst,United States,Full-time,False,lukebarousse/data_jobs
792,Data Analyste (F/H),Foodles,France,"Title short: Data Analyst. Schedule: Full-time. Remote: False. Country: France. Skills: power bi, tableau.",power bi;tableau,analytics,Data Analyste (F/H),Data Analyst,France,Full-time,False,lukebarousse/data_jobs
793,Data Analyst,Campeón Gaming,"Thessaloniki, Greece","Title short: Data Analyst. Schedule: Full-time. Remote: False. Country: Greece. Skills: power bi, python, r, sql, tableau.",power bi;python;r;sql;tableau,analytics,Data Analyst,Data Analyst,Greece,Full-time,False,lukebarousse/data_jobs
794,Stagiaire Data Analyst,Ubisoft,"Bordeaux, France","Title short: Data Analyst. Schedule: nan. Remote: False. Country: France. Skills: airflow, git, hadoop, pyspark, python, sql, tableau.",airflow;git;hadoop;pyspark;python;sql;tableau,analytics,Stagiaire Data Analyst,Data Analyst,France,,False,lukebarousse/data_jobs
795,Data Architect,Aon,"Dublin, Ireland","Title short: Data Analyst. Schedule: Full-time. Remote: False. Country: Ireland. Skills: aws, databricks, flow, oracle, power bi, python, snowflake, spark, sql, sql server, ssis, tableau.",aws;databricks;flow;oracle;power bi;python;snowflake;spark;sql;sql server;ssis;tableau,analytics,Data Architect,Data Analyst,Ireland,Full-time,False,lukebarousse/data_jobs
796,Business Data Analyst,ABBVIE,"Hoofddorp, Netherlands","Title short: Data Analyst. Schedule: Full-time. Remote: False. Country: Netherlands. Skills: excel, sql.",excel;sql,analytics,Business Data Analyst,Data Analyst,Netherlands,Full-time,False,lukebarousse/data_jobs
797,Senior Data Analyst (Salesforce/Python),Warp,Anywhere,Title short: Senior Data Analyst. Schedule: Full-time. Remote: True. Country: Philippines. Skills: python.,python,analytics,Senior Data Analyst (Salesforce/Python),Senior Data Analyst,Philippines,Full-time,True,lukebarousse/data_jobs
798,Data Analyst - Freelance - Portugal/UK/Poland,Global Enterprise Partners,Poland,"Title short: Data Analyst. Schedule: Contractor. Remote: False. Country: Poland. Skills: python, r, sql.",python;r;sql,analytics,Data Analyst - Freelance - Portugal/UK/Poland,Data Analyst,Poland,Contractor,False,lukebarousse/data_jobs
799,Data Analyst,Ecojob,United Arab Emirates,"Title short: Data Analyst. Schedule: Full-time. Remote: False. Country: United Arab Emirates. Skills: excel, oracle, sql, tableau.",excel;oracle;sql;tableau,analytics,Data Analyst,Data Analyst,United Arab Emirates,Full-time,False,lukebarousse/data_jobs
800,Production Planner / Business Analyst and Data Expert in...,Nordea Bank Sverige AB,"Oslo, Norway","Title short: Business Analyst. Schedule: Full-time. Remote: False. Country: Norway. Skills: excel, planner, power bi, powerpoint, sql.",excel;planner;power bi;powerpoint;sql,analytics,Production Planner / Business Analyst and Data Expert in...,Business Analyst,Norway,Full-time,False,lukebarousse/data_jobs
801,Master Data Management Analyst,Mizuho OSI,"Union City, CA","Title short: Data Analyst. Schedule: Full-time. Remote: False. Country: United States. Skills: excel, gdpr, outlook, powerpoint, word.",excel;gdpr;outlook;powerpoint;word,analytics,Master Data Management Analyst,Data Analyst,United States,Full-time,False,lukebarousse/data_jobs
802,Data Analyst (Data Management and Platform Operations),The Coca-Cola Company,Singapore,"Title short: Data Analyst. Schedule: Full-time. Remote: False. Country: Singapore. Skills: azure, bigquery, kafka, microstrategy, oracle, power bi, python, redshift, sap, shell, spark, sql, sql server, tableau, yarn.",azure;bigquery;kafka;microstrategy;oracle;power bi;python;redshift;sap;shell;spark;sql;sql server;tableau;yarn,analytics,Data Analyst (Data Management and Platform Operations),Data Analyst,Singapore,Full-time,False,lukebarousse/data_jobs
803,Marketing Data Analyst,Вайзор Геймз,"Minsk, Belarus","Title short: Data Analyst. Schedule: Full-time. Remote: False. Country: Belarus. Skills: excel, sql.",excel;sql,analytics,Marketing Data Analyst,Data Analyst,Belarus,Full-time,False,lukebarousse/data_jobs
804,ALTERNANCE – Ingénieur Data Analyst des fonctions RH - F/H,Thales,"Toulouse, France","Title short: Data Analyst. Schedule: Part-time. Remote: False. Country: France. Skills: python, vue.",python;vue,analytics,ALTERNANCE – Ingénieur Data Analyst des fonctions RH - F/H,Data Analyst,France,Part-time,False,lukebarousse/data_jobs
805,Chargé de projets Data Analyst (H/F),ROLEX SA,"Geneva, Switzerland","Title short: Data Analyst. Schedule: Full-time. Remote: False. Country: Switzerland. Skills: python, r, sap, sql, tableau.",python;r;sap;sql;tableau,analytics,Chargé de projets Data Analyst (H/F),Data Analyst,Switzerland,Full-time,False,lukebarousse/data_jobs
806,Data Analyst,Guidehouse,"Suitland-Silver Hill, MD","Title short: Data Analyst. Schedule: Full-time. Remote: False. Country: United States. Skills: python, qlik, r, sql, tableau.",python;qlik;r;sql;tableau,analytics,Data Analyst,Data Analyst,United States,Full-time,False,lukebarousse/data_jobs
807,Senior Data Analyst,CareerXperts Consulting,Anywhere,"Title short: Senior Data Analyst. Schedule: Full-time. Remote: True. Country: India. Skills: power bi, python, r, sql, tableau.",power bi;python;r;sql;tableau,analytics,Senior Data Analyst,Senior Data Analyst,India,Full-time,True,lukebarousse/data_jobs
808,Data Analyst,"Option 1 Staffing Services, Inc.","Palo Alto, CA","Title short: Data Analyst. Schedule: Full-time. Remote: False. Country: United States. Skills: power bi, sql, tableau.",power bi;sql;tableau,analytics,Data Analyst,Data Analyst,United States,Full-time,False,lukebarousse/data_jobs
809,Statist & Data Analysis Assc,"UNHCR, the UN Refugee Agency","Dakar, Senegal","Title short: Data Analyst. Schedule: Full-time. Remote: False. Country: Senegal. Skills: python, r.",python;r,analytics,Statist & Data Analysis Assc,Data Analyst,Senegal,Full-time,False,lukebarousse/data_jobs
810,Senior Data Analyst - BI Specialist,VANRATH,"Dundonald, Belfast, UK","Title short: Senior Data Analyst. Schedule: Full-time and Temp work. Remote: False. Country: United Kingdom. Skills: excel, power bi, sharepoint.",excel;power bi;sharepoint,analytics,Senior Data Analyst - BI Specialist,Senior Data Analyst,United Kingdom,Full-time and Temp work,False,lukebarousse/data_jobs
811,Data Analyst,JLL,"San José Province, San José, Costa Rica",Title short: Data Analyst. Schedule: Full-time. Remote: False. Country: Costa Rica. Skills: spark.,spark,analytics,Data Analyst,Data Analyst,Costa Rica,Full-time,False,lukebarousse/data_jobs
812,HR Systems & Data Analyst. Job in Birmingham NBC4i Jobs,Mitie,United Kingdom,Title short: Data Analyst. Schedule: Full-time. Remote: False. Country: United Kingdom. Skills: sap.,sap,analytics,HR Systems & Data Analyst. Job in Birmingham NBC4i Jobs,Data Analyst,United Kingdom,Full-time,False,lukebarousse/data_jobs
813,Data analyst,Clémentine - Certified Search & Selection,France,"Title short: Data Analyst. Schedule: Full-time. Remote: False. Country: France. Skills: c#, css, gitlab, html, javascript, jquery, mariadb, oracle, postgresql, power bi, python, r, sql, sql server, ssis, ssrs.",c#;css;gitlab;html;javascript;jquery;mariadb;oracle;postgresql;power bi;python;r;sql;sql server;ssis;ssrs,analytics,Data analyst,Data Analyst,France,Full-time,False,lukebarousse/data_jobs
814,Data Analyst,Artech,"Glendale, CA","Title short: Data Analyst. Schedule: Full-time. Remote: False. Country: United States. Skills: excel, power bi, powerpoint, sql, tableau, visio.",excel;power bi;powerpoint;sql;tableau;visio,analytics,Data Analyst,Data Analyst,United States,Full-time,False,lukebarousse/data_jobs
815,Reference Data Analyst,Selby Jennings,Anywhere,Title short: Data Analyst. Schedule: Full-time. Remote: True. Country: United States. Skills: terminal.,terminal,analytics,Reference Data Analyst,Data Analyst,United States,Full-time,True,lukebarousse/data_jobs
816,Junior CRM/Retention Data Analyst,Boston Link,India,"Title short: Data Analyst. Schedule: Full-time. Remote: False. Country: India. Skills: excel, sql, tableau.",excel;sql;tableau,analytics,Junior CRM/Retention Data Analyst,Data Analyst,India,Full-time,False,lukebarousse/data_jobs
817,TM1 Planning & Reporting BI Analyst,SodaStream,"Kefar Sava, Israel","Title short: Business Analyst. Schedule: Full-time. Remote: False. Country: Israel. Skills: cognos, excel, sql.",cognos;excel;sql,analytics,TM1 Planning & Reporting BI Analyst,Business Analyst,Israel,Full-time,False,lukebarousse/data_jobs
818,Data Analyst,Embla Software Innovation (pvt) Ltd,"Colombo, Sri Lanka","Title short: Data Analyst. Schedule: Full-time. Remote: False. Country: Sri Lanka. Skills: looker, python, r, sql, tableau.",looker;python;r;sql;tableau,analytics,Data Analyst,Data Analyst,Sri Lanka,Full-time,False,lukebarousse/data_jobs
819,Senior Product Analyst | Candy Crush,King,"Stockholm, Sweden","Title short: Software Engineer. Schedule: Full-time. Remote: False. Country: Sweden. Skills: python, r, sql.",python;r;sql,analytics,Senior Product Analyst | Candy Crush,Software Engineer,Sweden,Full-time,False,lukebarousse/data_jobs
820,Data Analyst,E.ON Sverige,"Malmö, Sweden","Title short: Data Analyst. Schedule: Full-time. Remote: False. Country: Sweden. Skills: azure, python, qlik, snowflake, sql.",azure;python;qlik;snowflake;sql,analytics,Data Analyst,Data Analyst,Sweden,Full-time,False,lukebarousse/data_jobs
821,STAGE - Data Analyst Connectivité (Radio / 5G / WiFi / V2X / GNSS),Stellantis,"Poissy, France","Title short: Data Analyst. Schedule: Temp work and Internship. Remote: False. Country: France. Skills: c, java, python, r, vba.",c;java;python;r;vba,analytics,STAGE - Data Analyst Connectivité (Radio / 5G / WiFi / V2X / GNSS),Data Analyst,France,Temp work and Internship,False,lukebarousse/data_jobs
822,SQL Engineer (Data Analyst),CSG Recruit (PTY) LTD,"Centurion, South Africa","Title short: Data Analyst. Schedule: Full-time. Remote: False. Country: South Africa. Skills: azure, sql, ssis, t-sql.",azure;sql;ssis;t-sql,analytics,SQL Engineer (Data Analyst),Data Analyst,South Africa,Full-time,False,lukebarousse/data_jobs
823,Data Analyst,Emmbr,Australia,"Title short: Data Analyst. Schedule: Full-time and Temp work. Remote: False. Country: Australia. Skills: excel, sql, sql server, ssis.",excel;sql;sql server;ssis,analytics,Data Analyst,Data Analyst,Australia,Full-time and Temp work,False,lukebarousse/data_jobs
824,Calltools Data Analyst,"Real Estate Project Solutions, LLC",Anywhere,Title short: Data Analyst. Schedule: nan. Remote: True. Country: Philippines. Skills: ringcentral.,ringcentral,analytics,Calltools Data Analyst,Data Analyst,Philippines,,True,lukebarousse/data_jobs
825,Human Resources Data Analyst,Continental Finance Company,"Wilmington, DE","Title short: Data Analyst. Schedule: Full-time. Remote: False. Country: United States. Skills: excel, python.",excel;python,analytics,Human Resources Data Analyst,Data Analyst,United States,Full-time,False,lukebarousse/data_jobs
826,Senior Data Analyst,UnitedHealth Group,"Dallas, TX","Title short: Senior Data Analyst. Schedule: Full-time. Remote: False. Country: United States. Skills: sql, sql server, ssis, ssrs.",sql;sql server;ssis;ssrs,analytics,Senior Data Analyst,Senior Data Analyst,United States,Full-time,False,lukebarousse/data_jobs
827,Transfer Pricing Data Analyst,KPMG PLT,Malaysia,"Title short: Data Analyst. Schedule: Full-time. Remote: False. Country: Malaysia. Skills: alteryx, aws, azure, gcp, power bi, python, sap, sql.",alteryx;aws;azure;gcp;power bi;python;sap;sql,analytics,Transfer Pricing Data Analyst,Data Analyst,Malaysia,Full-time,False,lukebarousse/data_jobs
828,Data Analyst,Infosys BPM,"Pune, Maharashtra, India","Title short: Data Analyst. Schedule: Full-time. Remote: False. Country: India. Skills: bigquery, excel, linux, pandas, qlik, r, shell, sql, tableau, terminal.",bigquery;excel;linux;pandas;qlik;r;shell;sql;tableau;terminal,analytics,Data Analyst,Data Analyst,India,Full-time,False,lukebarousse/data_jobs
829,Jr. Medical Data Analyst,EarlyTracks,"Brussels, Belgium","Title short: Data Analyst. Schedule: Full-time. Remote: False. Country: Belgium. Skills: gdpr, r.",gdpr;r,analytics,Jr. Medical Data Analyst,Data Analyst,Belgium,Full-time,False,lukebarousse/data_jobs
830,Business Intelligence Engineer,Amazon Europe Core,"Paris, France","Title short: Data Analyst. Schedule: Full-time. Remote: False. Country: France. Skills: matlab, python, r, sas, sql, tableau.",matlab;python;r;sas;sql;tableau,analytics,Business Intelligence Engineer,Data Analyst,France,Full-time,False,lukebarousse/data_jobs
831,HR Data Analyst,HAYS Hungary Kft.,"Budapest, Hungary",Title short: Data Analyst. Schedule: Full-time. Remote: False. Country: Hungary. Skills: power bi.,power bi,analytics,HR Data Analyst,Data Analyst,Hungary,Full-time,False,lukebarousse/data_jobs
832,"Data Analyst III, Servicing Operations",Lima One Capital,South Carolina,"Title short: Data Analyst. Schedule: Full-time. Remote: False. Country: United States. Skills: alteryx, crystal, python, r, ssrs, tableau.",alteryx;crystal;python;r;ssrs;tableau,analytics,"Data Analyst III, Servicing Operations",Data Analyst,United States,Full-time,False,lukebarousse/data_jobs
833,Junior BI Developer,Guidehouse,"Atlanta, GA","Title short: Data Analyst. Schedule: Full-time. Remote: False. Country: United States. Skills: excel, power bi, sql.",excel;power bi;sql,analytics,Junior BI Developer,Data Analyst,United States,Full-time,False,lukebarousse/data_jobs
834,Data Analyst Associate,Annex Wealth Management,"Elm Grove, WI","Title short: Data Analyst. Schedule: Full-time. Remote: False. Country: United States. Skills: excel, spreadsheet.",excel;spreadsheet,analytics,Data Analyst Associate,Data Analyst,United States,Full-time,False,lukebarousse/data_jobs
835,Analytics Engineer II,idwall,Anywhere,"Title short: Data Analyst. Schedule: Full-time. Remote: True. Country: Brazil. Skills: airflow, looker, python, snowflake, spark, sql.",airflow;looker;python;snowflake;spark;sql,analytics,Analytics Engineer II,Data Analyst,Brazil,Full-time,True,lukebarousse/data_jobs
836,Data Analyst,World Data Lab,"Vienna, Austria","Title short: Data Analyst. Schedule: Full-time. Remote: False. Country: Austria. Skills: github, r.",github;r,analytics,Data Analyst,Data Analyst,Austria,Full-time,False,lukebarousse/data_jobs
837,Business Data Analyst,"Synergistic Systems, LLC","Charlotte, NC",Title short: Data Analyst. Schedule: Full-time. Remote: False. Country: United States. Skills: excel.,excel,analytics,Business Data Analyst,Data Analyst,United States,Full-time,False,lukebarousse/data_jobs
838,Senior Data Analyst - BSC (Hybrid),Exelon,"Chicago, IL","Title short: Senior Data Analyst. Schedule: Full-time. Remote: False. Country: United States. Skills: power bi, sql, ssis.",power bi;sql;ssis,analytics,Senior Data Analyst - BSC (Hybrid),Senior Data Analyst,United States,Full-time,False,lukebarousse/data_jobs
839,Data Analyst,Unobravo | Servizio di psicologia online,Anywhere,"Title short: Data Analyst. Schedule: Full-time. Remote: True. Country: Italy. Skills: python, sql, tableau.",python;sql;tableau,analytics,Data Analyst,Data Analyst,Italy,Full-time,True,lukebarousse/data_jobs
840,"Analyst, Information System",BAXTER,Colombia,"Title short: Data Analyst. Schedule: Full-time. Remote: False. Country: Colombia. Skills: excel, sql, tableau.",excel;sql;tableau,analytics,"Analyst, Information System",Data Analyst,Colombia,Full-time,False,lukebarousse/data_jobs
841,Data Analyst (Insurance),Arch Global Services (Philippines) Inc.,Anywhere,"Title short: Data Analyst. Schedule: nan. Remote: True. Country: Philippines. Skills: excel, sas, spss, sql.",excel;sas;spss;sql,analytics,Data Analyst (Insurance),Data Analyst,Philippines,,True,lukebarousse/data_jobs
842,Consultant projet data senior,Joblift,"Paris, France","Title short: Data Analyst. Schedule: Temp work. Remote: False. Country: France. Skills: javascript, python.",javascript;python,analytics,Consultant projet data senior,Data Analyst,France,Temp work,False,lukebarousse/data_jobs
843,QA Jr. Analyst,Havas Group,"Heredia Province, San Antonio, Costa Rica",Title short: Business Analyst. Schedule: Full-time. Remote: False. Country: Costa Rica. Skills: jira.,jira,analytics,QA Jr. Analyst,Business Analyst,Costa Rica,Full-time,False,lukebarousse/data_jobs
844,"Senior Data Analyst, Advanced Analytics",Gap Inc.,"San Francisco, CA","Title short: Senior Data Analyst. Schedule: Full-time. Remote: False. Country: United States. Skills: azure, databricks, power bi, python, sql, tableau.",azure;databricks;power bi;python;sql;tableau,analytics,"Senior Data Analyst, Advanced Analytics",Senior Data Analyst,United States,Full-time,False,lukebarousse/data_jobs
845,Business Data Analyst,AAA Northeast,"Westwood, MA","Title short: Data Analyst. Schedule: Full-time. Remote: False. Country: United States. Skills: excel, python, sql.",excel;python;sql,analytics,Business Data Analyst,Data Analyst,United States,Full-time,False,lukebarousse/data_jobs
846,"Data Visualization Analyst, Supply Chain",Rivian,"Normal, IL","Title short: Data Analyst. Schedule: Full-time. Remote: False. Country: United States. Skills: asana, confluence, excel, jira, power bi, powerpoint, python, sql, tableau, vba.",asana;confluence;excel;jira;power bi;powerpoint;python;sql;tableau;vba,analytics,"Data Visualization Analyst, Supply Chain",Data Analyst,United States,Full-time,False,lukebarousse/data_jobs
847,Data Analyst,SEACARE MANPOWER SERVICES PTE LTD,Singapore,"Title short: Data Analyst. Schedule: Full-time. Remote: False. Country: Singapore. Skills: excel, python, r, tableau.",excel;python;r;tableau,analytics,Data Analyst,Data Analyst,Singapore,Full-time,False,lukebarousse/data_jobs
848,Data Analyst,India Abroad,Dubai - United Arab Emirates,Title short: Data Analyst. Schedule: Full-time. Remote: False. Country: United Arab Emirates. Skills: sql.,sql,analytics,Data Analyst,Data Analyst,United Arab Emirates,Full-time,False,lukebarousse/data_jobs
849,Sales Analyst PPD,L'Oréal,"Kyiv, Ukraine","Title short: Business Analyst. Schedule: Full-time. Remote: False. Country: Ukraine. Skills: excel, power bi.",excel;power bi,analytics,Sales Analyst PPD,Business Analyst,Ukraine,Full-time,False,lukebarousse/data_jobs
850,HR Data Analyst,Westinghouse Electric Company,Poland,"Title short: Data Analyst. Schedule: Full-time. Remote: False. Country: Poland. Skills: excel, gdpr, powerpoint, sap.",excel;gdpr;powerpoint;sap,analytics,HR Data Analyst,Data Analyst,Poland,Full-time,False,lukebarousse/data_jobs
851,Data Analyst,Equifax,"Las Condes, Chile","Title short: Data Analyst. Schedule: Full-time. Remote: False. Country: Chile. Skills: css, html, javascript, python, r, sql, tableau.",css;html;javascript;python;r;sql;tableau,analytics,Data Analyst,Data Analyst,Chile,Full-time,False,lukebarousse/data_jobs
852,Data Analyst,BCforward,Canada,"Title short: Data Analyst. Schedule: Contractor. Remote: False. Country: Canada. Skills: excel, tableau.",excel;tableau,analytics,Data Analyst,Data Analyst,Canada,Contractor,False,lukebarousse/data_jobs
853,Data & Analytics Analyst,Keyloop,"Prague, Czechia","Title short: Data Analyst. Schedule: Full-time. Remote: False. Country: Czechia. Skills: mysql, power bi, sql.",mysql;power bi;sql,analytics,Data & Analytics Analyst,Data Analyst,Czechia,Full-time,False,lukebarousse/data_jobs
854,Data Analyst,Indium Software,"Bengaluru, Karnataka, India","Title short: Data Analyst. Schedule: Full-time. Remote: False. Country: India. Skills: python, r, sas, sql.",python;r;sas;sql,analytics,Data Analyst,Data Analyst,India,Full-time,False,lukebarousse/data_jobs
855,Data Analyst - People Analytics,Carrington West Limited,"Birmingham, UK","Title short: Data Analyst. Schedule: Full-time. Remote: False. Country: United Kingdom. Skills: excel, oracle, sap, sql, vba.",excel;oracle;sap;sql;vba,analytics,Data Analyst - People Analytics,Data Analyst,United Kingdom,Full-time,False,lukebarousse/data_jobs
856,Journeyman GIS Data Analyst,Leidos,"Columbia, IL","Title short: Data Analyst. Schedule: Full-time. Remote: False. Country: United States. Skills: python, sql.",python;sql,analytics,Journeyman GIS Data Analyst,Data Analyst,United States,Full-time,False,lukebarousse/data_jobs
857,Gas Supply Data Analyst - Remote | WFH,Get It Recruit - Information Technology,Anywhere,"Title short: Data Analyst. Schedule: Full-time. Remote: True. Country: United States. Skills: excel, python, spreadsheet.",excel;python;spreadsheet,analytics,Gas Supply Data Analyst - Remote | WFH,Data Analyst,United States,Full-time,True,lukebarousse/data_jobs
858,Data Test Analyst,Agensi Pekerjaan BTC Sdn Bhd,"Kuala Lumpur, Federal Territory of Kuala Lumpur, Malaysia","Title short: Data Analyst. Schedule: Full-time. Remote: False. Country: Malaysia. Skills: aws, azure, linux, selenium, sql.",aws;azure;linux;selenium;sql,analytics,Data Test Analyst,Data Analyst,Malaysia,Full-time,False,lukebarousse/data_jobs
859,"Data Analyst II, Business Intelligence",Cox Communications,"College Park, GA","Title short: Data Analyst. Schedule: Full-time. Remote: False. Country: United States. Skills: aws, excel, hadoop, microstrategy, snowflake, sql.",aws;excel;hadoop;microstrategy;snowflake;sql,analytics,"Data Analyst II, Business Intelligence",Data Analyst,United States,Full-time,False,lukebarousse/data_jobs
860,Analyst Data,Banque Internationale à Luxembourg (BIL),Luxembourg,"Title short: Data Analyst. Schedule: Full-time. Remote: False. Country: Luxembourg. Skills: excel, microstrategy, python, sql.",excel;microstrategy;python;sql,analytics,Analyst Data,Data Analyst,Luxembourg,Full-time,False,lukebarousse/data_jobs
861,Junior Business Intelligence Analyst,IronFX,"Limassol, Cyprus",Title short: Business Analyst. Schedule: Full-time. Remote: False. Country: Cyprus. Skills: excel.,excel,analytics,Junior Business Intelligence Analyst,Business Analyst,Cyprus,Full-time,False,lukebarousse/data_jobs
862,Research Data Analyst- CX Team- Permanent,Irish Life Group Services Limited,"Dublin, Ireland","Title short: Data Analyst. Schedule: Full-time. Remote: False. Country: Ireland. Skills: excel, outlook, power bi, powerpoint.",excel;outlook;power bi;powerpoint,analytics,Research Data Analyst- CX Team- Permanent,Data Analyst,Ireland,Full-time,False,lukebarousse/data_jobs
863,Business Analyst // W2 ONLY,Precision Technologies,"Eatontown, NJ","Title short: Business Analyst. Schedule: Full-time. Remote: False. Country: United States. Skills: excel, sql.",excel;sql,analytics,Business Analyst // W2 ONLY,Business Analyst,United States,Full-time,False,lukebarousse/data_jobs
864,Business Intelligence Data Quality Analyst,"Maxor National Pharmacy Services, LLC","Plano, TX","Title short: Data Analyst. Schedule: Full-time. Remote: False. Country: United States. Skills: azure, cognos, excel, power bi, powerpoint, sql, ssrs, tableau, visio, word.",azure;cognos;excel;power bi;powerpoint;sql;ssrs;tableau;visio;word,analytics,Business Intelligence Data Quality Analyst,Data Analyst,United States,Full-time,False,lukebarousse/data_jobs
865,Warranty data analyst,Thyssenkrupp,"Budapest, Hungary",Title short: Data Analyst. Schedule: Full-time. Remote: False. Country: Hungary. Skills: sql.,sql,analytics,Warranty data analyst,Data Analyst,Hungary,Full-time,False,lukebarousse/data_jobs
866,SR. Data Analyst,Lorven technologies,"Dallas, TX","Title short: Data Analyst. Schedule: Full-time. Remote: False. Country: United States. Skills: sql, ssis, ssrs, tableau.",sql;ssis;ssrs;tableau,analytics,SR. Data Analyst,Data Analyst,United States,Full-time,False,lukebarousse/data_jobs
867,Junior Data Analyst,Banca Ifis,"Florence, Metropolitan City of Florence, Italy","Title short: Data Analyst. Schedule: Full-time. Remote: False. Country: Italy. Skills: excel, sas, sql.",excel;sas;sql,analytics,Junior Data Analyst,Data Analyst,Italy,Full-time,False,lukebarousse/data_jobs
868,Data Quality Analyst,Insight Global,,"Title short: Data Analyst. Schedule: Full-time and Contractor. Remote: False. Country: United States. Skills: neo4j, sap.",neo4j;sap,analytics,Data Quality Analyst,Data Analyst,United States,Full-time and Contractor,False,lukebarousse/data_jobs
869,Data Analyst,One On One,"Antwerp, Belgium","Title short: Data Analyst. Schedule: Full-time. Remote: False. Country: Belgium. Skills: power bi, t-sql.",power bi;t-sql,analytics,Data Analyst,Data Analyst,Belgium,Full-time,False,lukebarousse/data_jobs
870,Data Analyst/Engineer (M/F/D),Bosch Group,"Aveiro, Portugal","Title short: Data Analyst. Schedule: Full-time. Remote: False. Country: Portugal. Skills: databricks, spark.",databricks;spark,analytics,Data Analyst/Engineer (M/F/D),Data Analyst,Portugal,Full-time,False,lukebarousse/data_jobs
871,"Assistant Vice President- Outbound Reporting, Data Operations",The Citco Group Limited,"Hyderabad, Telangana, India","Title short: Data Analyst. Schedule: Full-time. Remote: False. Country: India. Skills: sql, sql server, swift, t-sql, visual basic.",sql;sql server;swift;t-sql;visual basic,analytics,"Assistant Vice President- Outbound Reporting, Data Operations",Data Analyst,India,Full-time,False,lukebarousse/data_jobs
872,Data Analyst Content Discovery Platform at BurdaForward(m/f/x),BurdaForward,"Offenburg, Germany","Title short: Data Analyst. Schedule: Full-time. Remote: False. Country: Germany. Skills: aws, python, sql, tableau, windows.",aws;python;sql;tableau;windows,analytics,Data Analyst Content Discovery Platform at BurdaForward(m/f/x),Data Analyst,Germany,Full-time,False,lukebarousse/data_jobs
873,Commercial Analyst (Sales / Profit Margin Data Analyst),Thermo Fisher Scientific,"Tokyo, Japan","Title short: Data Analyst. Schedule: Full-time. Remote: False. Country: Japan. Skills: excel, unity.",excel;unity,analytics,Commercial Analyst (Sales / Profit Margin Data Analyst),Data Analyst,Japan,Full-time,False,lukebarousse/data_jobs
874,Business Data Analyst,Moon Active,"Tel Aviv-Yafo, Israel","Title short: Data Analyst. Schedule: Full-time. Remote: False. Country: Israel. Skills: python, r, sql.",python;r;sql,analytics,Business Data Analyst,Data Analyst,Israel,Full-time,False,lukebarousse/data_jobs
875,Data Analyst,Al Asdekaa Group for Dai,Egypt,Title short: Data Analyst. Schedule: Full-time. Remote: False. Country: Egypt. Skills: python.,python,analytics,Data Analyst,Data Analyst,Egypt,Full-time,False,lukebarousse/data_jobs
876,Metocean Data Analyst,Fugro,"Kuala Lumpur, Federal Territory of Kuala Lumpur, Malaysia",Title short: Data Analyst. Schedule: Full-time. Remote: False. Country: Malaysia. Skills: python.,python,analytics,Metocean Data Analyst,Data Analyst,Malaysia,Full-time,False,lukebarousse/data_jobs
877,Data Analyst - Roma,EasyHunters,"Rome, Metropolitan City of Rome Capital, Italy",Title short: Data Analyst. Schedule: Full-time. Remote: False. Country: Italy. Skills: excel.,excel,analytics,Data Analyst - Roma,Data Analyst,Italy,Full-time,False,lukebarousse/data_jobs
878,Sr Data Analyst,Molina Healthcare,"Long Beach, CA",Title short: Data Analyst. Schedule: Full-time. Remote: False. Country: United States. Skills: excel.,excel,analytics,Sr Data Analyst,Data Analyst,United States,Full-time,False,lukebarousse/data_jobs
879,Data Analyst (789),U3 Infotech Pte Ltd.,Singapore,"Title short: Data Analyst. Schedule: Contractor. Remote: False. Country: Singapore. Skills: aws, excel, power bi, python, sql, tableau.",aws;excel;power bi;python;sql;tableau,analytics,Data Analyst (789),Data Analyst,Singapore,Contractor,False,lukebarousse/data_jobs
880,"Programmer Analyst, Data Analytics",Chicago Transit Authority,"Chicago, IL","Title short: Data Analyst. Schedule: Full-time. Remote: False. Country: United States. Skills: c#, c++, css, html, java, javascript, oracle, php, postgresql, python, r, ruby, sql, sql server.",c#;c++;css;html;java;javascript;oracle;php;postgresql;python;r;ruby;sql;sql server,analytics,"Programmer Analyst, Data Analytics",Data Analyst,United States,Full-time,False,lukebarousse/data_jobs
881,Junior Data Analyst,Oliver James,"Milan, Metropolitan City of Milan, Italy",Title short: Data Analyst. Schedule: Temp work. Remote: False. Country: Italy. Skills: excel.,excel,analytics,Junior Data Analyst,Data Analyst,Italy,Temp work,False,lukebarousse/data_jobs
882,Actuarial Data Analyst,Search Talent,"Edinburgh, UK","Title short: Data Analyst. Schedule: Full-time. Remote: False. Country: United Kingdom. Skills: excel, sql.",excel;sql,analytics,Actuarial Data Analyst,Data Analyst,United Kingdom,Full-time,False,lukebarousse/data_jobs
883,Strategy & Analytics - Senior Analyst,Salesforce,"Hyderabad, Telangana, India","Title short: Business Analyst. Schedule: Full-time. Remote: False. Country: India. Skills: excel, power bi, sql, tableau.",excel;power bi;sql;tableau,analytics,Strategy & Analytics - Senior Analyst,Business Analyst,India,Full-time,False,lukebarousse/data_jobs
884,Principal Business Intelligence Analyst: HR Analytics,NTT,"Madrid, Spain","Title short: Business Analyst. Schedule: Full-time. Remote: False. Country: Spain. Skills: excel, sap.",excel;sap,analytics,Principal Business Intelligence Analyst: HR Analytics,Business Analyst,Spain,Full-time,False,lukebarousse/data_jobs
885,Data Analyst,Revolut,Anywhere,"Title short: Data Analyst. Schedule: Full-time. Remote: True. Country: Lithuania. Skills: java, python, scala, sql.",java;python;scala;sql,analytics,Data Analyst,Data Analyst,Lithuania,Full-time,True,lukebarousse/data_jobs
886,BI Information Analyst,Smals,"Anderlecht, Belgium","Title short: Business Analyst. Schedule: Full-time. Remote: False. Country: Belgium. Skills: excel, sql, visio.",excel;sql;visio,analytics,BI Information Analyst,Business Analyst,Belgium,Full-time,False,lukebarousse/data_jobs
887,Data Analyst,MTE,"Lyon, France","Title short: Data Analyst. Schedule: Full-time. Remote: False. Country: France. Skills: looker, power bi, redshift, snowflake, sql, tableau, vue.",looker;power bi;redshift;snowflake;sql;tableau;vue,analytics,Data Analyst,Data Analyst,France,Full-time,False,lukebarousse/data_jobs
888,Data Analyst,Expleo Group UK Jobs,"Sunderland, UK","Title short: Data Analyst. Schedule: Full-time. Remote: False. Country: United Kingdom. Skills: aws, go, python, sql.",aws;go;python;sql,analytics,Data Analyst,Data Analyst,United Kingdom,Full-time,False,lukebarousse/data_jobs
889,Data Analytics Manager,PwC,Dubai - United Arab Emirates,"Title short: Data Analyst. Schedule: Full-time. Remote: False. Country: United Arab Emirates. Skills: azure, confluence, github, gitlab, java, jira, nosql, python, r, sheets, ssis, visio.",azure;confluence;github;gitlab;java;jira;nosql;python;r;sheets;ssis;visio,analytics,Data Analytics Manager,Data Analyst,United Arab Emirates,Full-time,False,lukebarousse/data_jobs
890,Junior Safety Data Analyst,Labcorp,"Manila, Metro Manila, Philippines","Title short: Data Analyst. Schedule: Full-time. Remote: False. Country: Philippines. Skills: windows, word.",windows;word,analytics,Junior Safety Data Analyst,Data Analyst,Philippines,Full-time,False,lukebarousse/data_jobs
891,Financial Crime Data Analyst,Vodafone,"Scotland, UK","Title short: Data Analyst. Schedule: Full-time. Remote: False. Country: United Kingdom. Skills: excel, sas, sql.",excel;sas;sql,analytics,Financial Crime Data Analyst,Data Analyst,United Kingdom,Full-time,False,lukebarousse/data_jobs
892,Business & Data Analyst (m/w/d),Hays (Schweiz) AG,"Kreuzlingen, Switzerland","Title short: Data Analyst. Schedule: Full-time. Remote: False. Country: Switzerland. Skills: python, r, sql.",python;r;sql,analytics,Business & Data Analyst (m/w/d),Data Analyst,Switzerland,Full-time,False,lukebarousse/data_jobs
893,Data analist,LHH Recruitment Solutions,Réunion,"Title short: Data Analyst. Schedule: Full-time. Remote: False. Country: Réunion. Skills: sql, ssis, ssrs.",sql;ssis;ssrs,analytics,Data analist,Data Analyst,Réunion,Full-time,False,lukebarousse/data_jobs
894,Senior Data Analyst,"Yoh, A Day & Zimmermann Company","Roanoke, TX","Title short: Senior Data Analyst. Schedule: Contractor. Remote: False. Country: United States. Skills: flow, power bi, sql.",flow;power bi;sql,analytics,Senior Data Analyst,Senior Data Analyst,United States,Contractor,False,lukebarousse/data_jobs
895,Data analyst h/f,LEASECOM,"Sainte-Luce-sur-Loire, France","Title short: Data Analyst. Schedule: Full-time. Remote: False. Country: France. Skills: mysql, oracle, postgresql.",mysql;oracle;postgresql,analytics,Data analyst h/f,Data Analyst,France,Full-time,False,lukebarousse/data_jobs
896,Data Analyst,Insight Global,"Chico, CA","Title short: Data Analyst. Schedule: Full-time. Remote: False. Country: United States. Skills: excel, power bi, sharepoint.",excel;power bi;sharepoint,analytics,Data Analyst,Data Analyst,United States,Full-time,False,lukebarousse/data_jobs
897,Data Analyst,Axelon,"Tampa, FL","Title short: Data Analyst. Schedule: Full-time. Remote: False. Country: United States. Skills: excel, powerpoint.",excel;powerpoint,analytics,Data Analyst,Data Analyst,United States,Full-time,False,lukebarousse/data_jobs
898,Junior Data Analyst (m/f),Nanobit,"Zagreb, Croatia","Title short: Data Analyst. Schedule: Full-time. Remote: False. Country: Croatia. Skills: excel, python, r, sql, tableau.",excel;python;r;sql;tableau,analytics,Junior Data Analyst (m/f),Data Analyst,Croatia,Full-time,False,lukebarousse/data_jobs
899,Data Analyst Interns,VIPSHOP SINGAPORE PTE. LTD.,Singapore,"Title short: Data Analyst. Schedule: Internship. Remote: False. Country: Singapore. Skills: excel, sql.",excel;sql,analytics,Data Analyst Interns,Data Analyst,Singapore,Internship,False,lukebarousse/data_jobs
900,Data Reporting Analyst,KYYBA Inc,"Boston, MA","Title short: Data Analyst. Schedule: Full-time. Remote: False. Country: United States. Skills: redshift, sql, tableau.",redshift;sql;tableau,analytics,Data Reporting Analyst,Data Analyst,United States,Full-time,False,lukebarousse/data_jobs
901,Graduate Data Analyst Water Consultancy,RPS,"Newcastle upon Tyne, UK",Title short: Data Analyst. Schedule: Full-time. Remote: False. Country: United Kingdom. Skills: excel.,excel,analytics,Graduate Data Analyst Water Consultancy,Data Analyst,United Kingdom,Full-time,False,lukebarousse/data_jobs
902,Data Analyst Reporting,Bundesbeschaffung GmbH,"Vienna, Austria",Title short: Data Analyst. Schedule: Full-time. Remote: False. Country: Austria. Skills: power bi.,power bi,analytics,Data Analyst Reporting,Data Analyst,Austria,Full-time,False,lukebarousse/data_jobs
903,Data Analyst,Western Digital,"Irvine, CA","Title short: Data Analyst. Schedule: Full-time. Remote: False. Country: United States. Skills: excel, power bi, sql, tableau.",excel;power bi;sql;tableau,analytics,Data Analyst,Data Analyst,United States,Full-time,False,lukebarousse/data_jobs
904,Senior Financial Data Analyst,KPMG Bulgaria,Anywhere,"Title short: Senior Data Analyst. Schedule: Full-time. Remote: True. Country: Bulgaria. Skills: excel, word.",excel;word,analytics,Senior Financial Data Analyst,Senior Data Analyst,Bulgaria,Full-time,True,lukebarousse/data_jobs
905,Data Analyst - Data17829,Acrisure,"Tampa, FL","Title short: Data Analyst. Schedule: Full-time. Remote: False. Country: United States. Skills: azure, databricks, linux, shell, sql.",azure;databricks;linux;shell;sql,analytics,Data Analyst - Data17829,Data Analyst,United States,Full-time,False,lukebarousse/data_jobs
906,Entry Level - Research Data Analyst / (Remote),REMOTE JOBS WORK FROM HOME,Anywhere,"Title short: Data Analyst. Schedule: Full-time. Remote: True. Country: Sweden. Skills: power bi, python, r, sql, tableau.",power bi;python;r;sql;tableau,analytics,Entry Level - Research Data Analyst / (Remote),Data Analyst,Sweden,Full-time,True,lukebarousse/data_jobs
907,Data Analytics Professional,Cogent Infotech Corp,"Austin, TX","Title short: Data Analyst. Schedule: Full-time. Remote: False. Country: United States. Skills: excel, python, tableau.",excel;python;tableau,analytics,Data Analytics Professional,Data Analyst,United States,Full-time,False,lukebarousse/data_jobs
908,Data Digital analyst H/F,GROUPE LA CENTRALE,"Gentilly, France","Title short: Data Analyst. Schedule: Full-time. Remote: False. Country: France. Skills: sql, tableau.",sql;tableau,analytics,Data Digital analyst H/F,Data Analyst,France,Full-time,False,lukebarousse/data_jobs
909,Business Intelligence Analyst (Dutch speaking),Harnham,"Leiden, Netherlands","Title short: Business Analyst. Schedule: Full-time. Remote: False. Country: Netherlands. Skills: azure, cognos, databricks, power bi, qlik, sap, snowflake, sql, sql server, ssis, ssrs, tableau.",azure;cognos;databricks;power bi;qlik;sap;snowflake;sql;sql server;ssis;ssrs;tableau,analytics,Business Intelligence Analyst (Dutch speaking),Business Analyst,Netherlands,Full-time,False,lukebarousse/data_jobs
910,Data Analyst,NTT DATA Italia,"Bari, Metropolitan City of Bari, Italy","Title short: Data Analyst. Schedule: Full-time. Remote: False. Country: Italy. Skills: java, oracle, python, sql.",java;oracle;python;sql,analytics,Data Analyst,Data Analyst,Italy,Full-time,False,lukebarousse/data_jobs
911,"Data Analytics Program Manager, VisionFund International",World Vision Kenya,"Nairobi, Kenya",Title short: Data Analyst. Schedule: Full-time. Remote: False. Country: Kenya. Skills: tableau.,tableau,analytics,"Data Analytics Program Manager, VisionFund International",Data Analyst,Kenya,Full-time,False,lukebarousse/data_jobs
912,Data Analyst,Portcast,Anywhere,"Title short: Data Analyst. Schedule: Full-time. Remote: True. Country: Myanmar. Skills: flow, github, linux, python, react, sql.",flow;github;linux;python;react;sql,analytics,Data Analyst,Data Analyst,Myanmar,Full-time,True,lukebarousse/data_jobs
913,Global Business Intellligence Analyst,CareerWise Recruitment,"Cork, County Cork, Ireland","Title short: Business Analyst. Schedule: Full-time. Remote: False. Country: Ireland. Skills: excel, power bi, tableau.",excel;power bi;tableau,analytics,Global Business Intellligence Analyst,Business Analyst,Ireland,Full-time,False,lukebarousse/data_jobs
914,"Data Analyst II, Technical Support",Bristol Myers Squibb,"Hyderabad, Telangana, India","Title short: Data Analyst. Schedule: Full-time. Remote: False. Country: India. Skills: angular, aws, excel, react.",angular;aws;excel;react,analytics,"Data Analyst II, Technical Support",Data Analyst,India,Full-time,False,lukebarousse/data_jobs
915,Data Analyst,Agility Resoucing,"Leeds, UK","Title short: Data Analyst. Schedule: Full-time. Remote: False. Country: United Kingdom. Skills: excel, power bi, python, r, sql, tableau, vba.",excel;power bi;python;r;sql;tableau;vba,analytics,Data Analyst,Data Analyst,United Kingdom,Full-time,False,lukebarousse/data_jobs
916,Senior Data Analyst,CALYX,"Nottingham, UK","Title short: Senior Data Analyst. Schedule: Full-time. Remote: False. Country: United Kingdom. Skills: excel, jira, python, r, sql, swift.",excel;jira;python;r;sql;swift,analytics,Senior Data Analyst,Senior Data Analyst,United Kingdom,Full-time,False,lukebarousse/data_jobs
917,"Quality Engineer (Video Analytics), Data Science & Artificial...",GovTech Singapore,Singapore,"Title short: Data Engineer. Schedule: Full-time. Remote: False. Country: Singapore. Skills: go, java, javascript, linux, python, selenium, windows.",go;java;javascript;linux;python;selenium;windows,analytics,"Quality Engineer (Video Analytics), Data Science & Artificial...",Data Engineer,Singapore,Full-time,False,lukebarousse/data_jobs
918,Business Data Analyst,Accelerate Professional Talent Solutions,"Milwaukee, WI","Title short: Data Analyst. Schedule: Full-time. Remote: False. Country: United States. Skills: excel, power bi, sql, sql server, ssrs, t-sql, tableau.",excel;power bi;sql;sql server;ssrs;t-sql;tableau,analytics,Business Data Analyst,Data Analyst,United States,Full-time,False,lukebarousse/data_jobs
919,Lead Data Analyst,Launch IT Consulting India Private Limited,"Secunderabad, Telangana, India","Title short: Data Analyst. Schedule: Full-time. Remote: False. Country: India. Skills: azure, dax, excel, flow, jira, power bi, python, r, sql.",azure;dax;excel;flow;jira;power bi;python;r;sql,analytics,Lead Data Analyst,Data Analyst,India,Full-time,False,lukebarousse/data_jobs
920,Data Analyst,Jackpot,"New York, NY","Title short: Data Analyst. Schedule: Full-time. Remote: False. Country: United States. Skills: python, sql, tableau.",python;sql;tableau,analytics,Data Analyst,Data Analyst,United States,Full-time,False,lukebarousse/data_jobs
921,Data Analytics Internship in Bangalore at Nunam,Nunam,India,Title short: Data Analyst. Schedule: Full-time. Remote: False. Country: India. Skills: python.,python,analytics,Data Analytics Internship in Bangalore at Nunam,Data Analyst,India,Full-time,False,lukebarousse/data_jobs
922,Data Analyst F/H CDI,Groupe Covéa,France,"Title short: Data Analyst. Schedule: Full-time. Remote: False. Country: France. Skills: excel, sas.",excel;sas,analytics,Data Analyst F/H CDI,Data Analyst,France,Full-time,False,lukebarousse/data_jobs
923,Data Analyst (m/w/d),Thermengruppe Josef Wund,"Euskirchen, Germany","Title short: Data Analyst. Schedule: Full-time. Remote: False. Country: Germany. Skills: javascript, sql.",javascript;sql,analytics,Data Analyst (m/w/d),Data Analyst,Germany,Full-time,False,lukebarousse/data_jobs
924,Data Analyst,JLL,"Bogotá, Bogota, Colombia",Title short: Data Analyst. Schedule: Full-time. Remote: False. Country: Colombia. Skills: spark.,spark,analytics,Data Analyst,Data Analyst,Colombia,Full-time,False,lukebarousse/data_jobs
925,Medical Data Analyst,USC,"Los Angeles, CA","Title short: Data Analyst. Schedule: Full-time. Remote: False. Country: United States. Skills: spreadsheet, spss.",spreadsheet;spss,analytics,Medical Data Analyst,Data Analyst,United States,Full-time,False,lukebarousse/data_jobs
926,Staff Data Architect,Possible,Brazil,"Title short: Data Analyst. Schedule: Full-time. Remote: False. Country: Brazil. Skills: aws, flow, python, redshift, sql.",aws;flow;python;redshift;sql,analytics,Staff Data Architect,Data Analyst,Brazil,Full-time,False,lukebarousse/data_jobs
927,TWDB - 24-32 - Agricultural Water Data Analyst (Data Analyst II),Texas State Government,"Austin, TX","Title short: Data Analyst. Schedule: Full-time. Remote: False. Country: United States. Skills: excel, go, python, spreadsheet, word.",excel;go;python;spreadsheet;word,analytics,TWDB - 24-32 - Agricultural Water Data Analyst (Data Analyst II),Data Analyst,United States,Full-time,False,lukebarousse/data_jobs
928,Data Analyst - Stage de fin d'études - Paris 2e,Cleverconnect,"Paris, France","Title short: Data Analyst. Schedule: Full-time. Remote: False. Country: France. Skills: aws, bash, bigquery, elasticsearch, gcp, java, kafka, mysql, nosql, python, spark, sql, tableau, terraform, visio.",aws;bash;bigquery;elasticsearch;gcp;java;kafka;mysql;nosql;python;spark;sql;tableau;terraform;visio,analytics,Data Analyst - Stage de fin d'études - Paris 2e,Data Analyst,France,Full-time,False,lukebarousse/data_jobs
929,Insurance - Data Analyst - REMOTE,WAHVE,"Jacksonville, FL","Title short: Data Analyst. Schedule: Full-time. Remote: False. Country: United States. Skills: c#, css, excel, javascript, power bi, sql, sql server, ssis, ssrs.",c#;css;excel;javascript;power bi;sql;sql server;ssis;ssrs,analytics,Insurance - Data Analyst - REMOTE,Data Analyst,United States,Full-time,False,lukebarousse/data_jobs
930,Data Analyst,StaffMatters Recruitment,"Limassol, Cyprus","Title short: Data Analyst. Schedule: Full-time. Remote: False. Country: Cyprus. Skills: excel, sql, tableau.",excel;sql;tableau,analytics,Data Analyst,Data Analyst,Cyprus,Full-time,False,lukebarousse/data_jobs
931,"Data Analyst - Marketing Analytics, Regional Brand & Growth Marketing",Shopee,Singapore,"Title short: Data Analyst. Schedule: Full-time. Remote: False. Country: Singapore. Skills: hadoop, python, spark, sql.",hadoop;python;spark;sql,analytics,"Data Analyst - Marketing Analytics, Regional Brand & Growth Marketing",Data Analyst,Singapore,Full-time,False,lukebarousse/data_jobs
932,Senior Data Analyst,Über,"Bengaluru, Karnataka, India","Title short: Senior Data Analyst. Schedule: Full-time. Remote: False. Country: India. Skills: excel, go, looker, python, r, sql, tableau.",excel;go;looker;python;r;sql;tableau,analytics,Senior Data Analyst,Senior Data Analyst,India,Full-time,False,lukebarousse/data_jobs
933,"Data Analyst, R, Python",Technology Partners,"St. Louis, MO","Title short: Data Analyst. Schedule: Contractor. Remote: False. Country: United States. Skills: c++, excel, go, java, python, r, sas.",c++;excel;go;java;python;r;sas,analytics,"Data Analyst, R, Python",Data Analyst,United States,Contractor,False,lukebarousse/data_jobs
934,Senior Data Analyst/Scientist - Input Experience Analytics - Now...,Apple,"Cupertino, CA","Title short: Senior Data Analyst. Schedule: Full-time. Remote: False. Country: United States. Skills: python, splunk, sql, tableau.",python;splunk;sql;tableau,analytics,Senior Data Analyst/Scientist - Input Experience Analytics - Now...,Senior Data Analyst,United States,Full-time,False,lukebarousse/data_jobs
935,Senior Data Analyst,Encora,Singapore,"Title short: Senior Data Analyst. Schedule: Full-time. Remote: False. Country: Singapore. Skills: python, r, sql.",python;r;sql,analytics,Senior Data Analyst,Senior Data Analyst,Singapore,Full-time,False,lukebarousse/data_jobs
936,Data Analyst,Confidentiel,Morocco,"Title short: Data Analyst. Schedule: Full-time. Remote: False. Country: Morocco. Skills: hadoop, java, mysql, php, postgresql, python, r, sql, tableau.",hadoop;java;mysql;php;postgresql;python;r;sql;tableau,analytics,Data Analyst,Data Analyst,Morocco,Full-time,False,lukebarousse/data_jobs
937,Healthcare Data Analyst  (remote),AmerisourceBergen Corporation,"Frisco, TX","Title short: Data Analyst. Schedule: Full-time. Remote: False. Country: United States. Skills: excel, outlook, powerpoint, sql.",excel;outlook;powerpoint;sql,analytics,Healthcare Data Analyst  (remote),Data Analyst,United States,Full-time,False,lukebarousse/data_jobs
938,Quality Measures Data Analyst (REMOTE),Central Health,"Austin, TX","Title short: Data Analyst. Schedule: Full-time. Remote: False. Country: United States. Skills: excel, powerpoint, python, r, sql, word.",excel;powerpoint;python;r;sql;word,analytics,Quality Measures Data Analyst (REMOTE),Data Analyst,United States,Full-time,False,lukebarousse/data_jobs
939,Manufacturing Systems Data Analytics Lead,Honda,"Marysville, OH","Title short: Data Analyst. Schedule: Full-time. Remote: False. Country: United States. Skills: excel, go, javascript, sas, spss, sql.",excel;go;javascript;sas;spss;sql,analytics,Manufacturing Systems Data Analytics Lead,Data Analyst,United States,Full-time,False,lukebarousse/data_jobs
940,Senior Data Analyst,株式会社エウレカ,"Tokyo, Japan","Title short: Senior Data Analyst. Schedule: Full-time. Remote: False. Country: Japan. Skills: aurora, bigquery, dynamodb, elasticsearch, looker, python, tableau.",aurora;bigquery;dynamodb;elasticsearch;looker;python;tableau,analytics,Senior Data Analyst,Senior Data Analyst,Japan,Full-time,False,lukebarousse/data_jobs
941,Data Analytics Internship in Hyderabad at Pulse Pharmaceuticals,Pulse Pharmaceuticals,"Hyderabad, Telangana, India","Title short: Data Analyst. Schedule: Full-time. Remote: False. Country: India. Skills: power bi, python, sql, tableau.",power bi;python;sql;tableau,analytics,Data Analytics Internship in Hyderabad at Pulse Pharmaceuticals,Data Analyst,India,Full-time,False,lukebarousse/data_jobs
942,Senior BI Analyst (Associate/Deputy Manager),10 Minute School,"Dhaka, Bangladesh","Title short: Business Analyst. Schedule: Full-time. Remote: False. Country: Bangladesh. Skills: dplyr, excel, matplotlib, pandas, python, r, sheets, spreadsheet, sql, tableau.",dplyr;excel;matplotlib;pandas;python;r;sheets;spreadsheet;sql;tableau,analytics,Senior BI Analyst (Associate/Deputy Manager),Business Analyst,Bangladesh,Full-time,False,lukebarousse/data_jobs
943,Data Integration Analyst (West Coast/Chicago),Forsta,"Chicago, IL","Title short: Data Analyst. Schedule: Full-time. Remote: False. Country: United States. Skills: express, php, python.",express;php;python,analytics,Data Integration Analyst (West Coast/Chicago),Data Analyst,United States,Full-time,False,lukebarousse/data_jobs
944,Kunst-Auktions-Software Data Analyst oder Engineer,Argos Art GmbH,"Vienna, Austria","Title short: Data Analyst. Schedule: Full-time. Remote: False. Country: Austria. Skills: c#, docker, postgresql, python, react.",c#;docker;postgresql;python;react,analytics,Kunst-Auktions-Software Data Analyst oder Engineer,Data Analyst,Austria,Full-time,False,lukebarousse/data_jobs
945,Senior Data Analyst,Infineon Technologies,"Maia, Portugal","Title short: Senior Data Analyst. Schedule: Full-time. Remote: False. Country: Portugal. Skills: excel, sap, sql, tableau, vba.",excel;sap;sql;tableau;vba,analytics,Senior Data Analyst,Senior Data Analyst,Portugal,Full-time,False,lukebarousse/data_jobs
946,Marketing Analytics and Insight Manager,Harnham - Data & Analytics Recruitment,"Warwick, UK","Title short: Business Analyst. Schedule: Full-time. Remote: False. Country: United Kingdom. Skills: python, r, sas, sql.",python;r;sas;sql,analytics,Marketing Analytics and Insight Manager,Business Analyst,United Kingdom,Full-time,False,lukebarousse/data_jobs
947,Data Analyst,Better Placed Ltd - A Sunday Times Top 10 Employer in 2023!,"Leeds, UK","Title short: Data Analyst. Schedule: Full-time. Remote: False. Country: United Kingdom. Skills: gdpr, sql.",gdpr;sql,analytics,Data Analyst,Data Analyst,United Kingdom,Full-time,False,lukebarousse/data_jobs
948,ICM CCR Data Analyst,Citigroup,"Tampa, FL","Title short: Data Analyst. Schedule: Full-time. Remote: False. Country: United States. Skills: python, r, sql, vba.",python;r;sql;vba,analytics,ICM CCR Data Analyst,Data Analyst,United States,Full-time,False,lukebarousse/data_jobs
949,Senior Data Analyst,Cardinal Health,"Austin, TX","Title short: Senior Data Analyst. Schedule: Full-time. Remote: False. Country: United States. Skills: alteryx, excel, oracle, python, r, sap, sql, sql server, tableau.",alteryx;excel;oracle;python;r;sap;sql;sql server;tableau,analytics,Senior Data Analyst,Senior Data Analyst,United States,Full-time,False,lukebarousse/data_jobs
950,"Junior Data Analyst Digital Sales, Oslo",Nordea Bank,"Oslo, Norway","Title short: Data Analyst. Schedule: Full-time. Remote: False. Country: Norway. Skills: git, power bi, pyspark, python, r, snowflake, sql.",git;power bi;pyspark;python;r;snowflake;sql,analytics,"Junior Data Analyst Digital Sales, Oslo",Data Analyst,Norway,Full-time,False,lukebarousse/data_jobs
951,Data - Senior Data Analyst,Flexxy Recruitment Solutions,"Voorburg, Netherlands","Title short: Senior Data Analyst. Schedule: Full-time. Remote: False. Country: Netherlands. Skills: c#, python, sql, ssis.",c#;python;sql;ssis,analytics,Data - Senior Data Analyst,Senior Data Analyst,Netherlands,Full-time,False,lukebarousse/data_jobs
952,Video analytics and surveillance Internship - Full-stack/Data...,Kerberos.io,Anywhere,"Title short: Data Engineer. Schedule: Full-time and Internship. Remote: True. Country: Belgium. Skills: angular, docker, golang, keras, kubernetes, opencv, react, tensorflow.",angular;docker;golang;keras;kubernetes;opencv;react;tensorflow,analytics,Video analytics and surveillance Internship - Full-stack/Data...,Data Engineer,Belgium,Full-time and Internship,True,lukebarousse/data_jobs
953,Cloud Platform engineer in a data analytics context,K&H Csoport,"Budapest, Hungary","Title short: Cloud Engineer. Schedule: Full-time. Remote: False. Country: Hungary. Skills: aws, azure, gcp, kubernetes, pulumi, spark, terraform.",aws;azure;gcp;kubernetes;pulumi;spark;terraform,analytics,Cloud Platform engineer in a data analytics context,Cloud Engineer,Hungary,Full-time,False,lukebarousse/data_jobs
954,Business Intelligence Analyst,Harnham,"Düsseldorf, Germany","Title short: Business Analyst. Schedule: Full-time. Remote: False. Country: Germany. Skills: python, r, sql, tableau.",python;r;sql;tableau,analytics,Business Intelligence Analyst,Business Analyst,Germany,Full-time,False,lukebarousse/data_jobs
955,Analyst Engineer,INNOCV Solutions S.L.U.,"Madrid, Spain","Title short: Business Analyst. Schedule: Full-time. Remote: False. Country: Spain. Skills: aws, azure, gcp, oracle, sap, sql, tableau.",aws;azure;gcp;oracle;sap;sql;tableau,analytics,Analyst Engineer,Business Analyst,Spain,Full-time,False,lukebarousse/data_jobs
956,"Postdoc Bioinformatics, Computational Biology - Microbial...",Julius-Maximilians-Universität Würzburg,"Wertheim am Main, Germany",Title short: Data Analyst. Schedule: Full-time. Remote: False. Country: Germany. Skills: c.,c,analytics,"Postdoc Bioinformatics, Computational Biology - Microbial...",Data Analyst,Germany,Full-time,False,lukebarousse/data_jobs
957,Medical Analyst,Verista,"Indianapolis, IN","Title short: Business Analyst. Schedule: Full-time. Remote: False. Country: United States. Skills: excel, powerpoint.",excel;powerpoint,analytics,Medical Analyst,Business Analyst,United States,Full-time,False,lukebarousse/data_jobs
958,Data Analyst - Full-time / Part-time,TRC Talent Solutions,"Clayton, GA","Title short: Data Analyst. Schedule: Full-time and Part-time. Remote: False. Country: United States. Skills: excel, matplotlib, pandas, power bi, python, snowflake, sql, tableau, word.",excel;matplotlib;pandas;power bi;python;snowflake;sql;tableau;word,analytics,Data Analyst - Full-time / Part-time,Data Analyst,United States,Full-time and Part-time,False,lukebarousse/data_jobs
959,Decision Strategy Designer,Satori Analytics,"Athens, Greece","Title short: Business Analyst. Schedule: Full-time. Remote: False. Country: Greece. Skills: excel, python, spss, sql.",excel;python;spss;sql,analytics,Decision Strategy Designer,Business Analyst,Greece,Full-time,False,lukebarousse/data_jobs
960,Data Analist,Guidion,"Amsterdam, Netherlands","Title short: Data Analyst. Schedule: Full-time. Remote: False. Country: Netherlands. Skills: aws, python, sql.",aws;python;sql,analytics,Data Analist,Data Analyst,Netherlands,Full-time,False,lukebarousse/data_jobs
961,Data Analyst,WorkOnGrid,"Bengaluru, Karnataka, India","Title short: Data Analyst. Schedule: Full-time. Remote: False. Country: India. Skills: flow, sql.",flow;sql,analytics,Data Analyst,Data Analyst,India,Full-time,False,lukebarousse/data_jobs
962,Alternant Data Analyst H/F,Engie Solutions,"Saint-Denis, France","Title short: Data Analyst. Schedule: Full-time. Remote: False. Country: France. Skills: excel, python, sql, vba.",excel;python;sql;vba,analytics,Alternant Data Analyst H/F,Data Analyst,France,Full-time,False,lukebarousse/data_jobs
963,Mentor Data Analyst,OpenClassrooms,"Las Vegas, NV","Title short: Data Analyst. Schedule: Full-time. Remote: False. Country: United States. Skills: python, r.",python;r,analytics,Mentor Data Analyst,Data Analyst,United States,Full-time,False,lukebarousse/data_jobs
964,IT Financial Analyst,Emerson,"San José Province, San José, Costa Rica","Title short: Business Analyst. Schedule: Full-time. Remote: False. Country: Costa Rica. Skills: excel, powerpoint, word.",excel;powerpoint;word,analytics,IT Financial Analyst,Business Analyst,Costa Rica,Full-time,False,lukebarousse/data_jobs
965,Data Business Analyst,Spuerkeess,Luxembourg,"Title short: Business Analyst. Schedule: Full-time. Remote: False. Country: Luxembourg. Skills: excel, gdpr, sharepoint, sql, vue, word.",excel;gdpr;sharepoint;sql;vue;word,analytics,Data Business Analyst,Business Analyst,Luxembourg,Full-time,False,lukebarousse/data_jobs
966,Change Management Data Analyst (m/w/d),Amazon TA,"Kobern-Gondorf, Germany","Title short: Data Analyst. Schedule: Full-time. Remote: False. Country: Germany. Skills: c++, java, mysql, oracle, python, vba.",c++;java;mysql;oracle;python;vba,analytics,Change Management Data Analyst (m/w/d),Data Analyst,Germany,Full-time,False,lukebarousse/data_jobs
967,Associate Data Analyst,Hilton,Anywhere,"Title short: Data Analyst. Schedule: Full-time. Remote: True. Country: United States. Skills: aws, css, excel, go, html, javascript, microsoft teams, powerpoint, redshift, sql, word.",aws;css;excel;go;html;javascript;microsoft teams;powerpoint;redshift;sql;word,analytics,Associate Data Analyst,Data Analyst,United States,Full-time,True,lukebarousse/data_jobs
968,Senior Product Analyst,Chargebee,Anywhere,"Title short: Software Engineer. Schedule: Full-time. Remote: True. Country: India. Skills: python, r, sas, sql, swift.",python;r;sas;sql;swift,analytics,Senior Product Analyst,Software Engineer,India,Full-time,True,lukebarousse/data_jobs
969,Business Analytics Consultant,NTT DATA,Denmark,"Title short: Business Analyst. Schedule: Full-time. Remote: False. Country: Denmark. Skills: alteryx, qlik, sap, snowflake, tableau.",alteryx;qlik;sap;snowflake;tableau,analytics,Business Analytics Consultant,Business Analyst,Denmark,Full-time,False,lukebarousse/data_jobs
970,Data Analyst Internship,Prinsiri,Thailand,"Title short: Data Analyst. Schedule: Full-time. Remote: False. Country: Thailand. Skills: bigquery, selenium.",bigquery;selenium,analytics,Data Analyst Internship,Data Analyst,Thailand,Full-time,False,lukebarousse/data_jobs
971,Associate Statistical Data Analyst(P2),International Atomic Energy Agency (IAEA),Austria,"Title short: Data Analyst. Schedule: Contractor. Remote: False. Country: Austria. Skills: python, r, sql.",python;r;sql,analytics,Associate Statistical Data Analyst(P2),Data Analyst,Austria,Contractor,False,lukebarousse/data_jobs
972,Sr Master Data Analyst,Honeywell,"Manila, Metro Manila, Philippines",Title short: Senior Data Scientist. Schedule: nan. Remote: False. Country: Philippines. Skills: sap.,sap,analytics,Sr Master Data Analyst,Senior Data Scientist,Philippines,,False,lukebarousse/data_jobs
973,Data Analyst - H/F,Atol Conseils et Développements,"Gevrey-Chambertin, France","Title short: Data Analyst. Schedule: Full-time. Remote: False. Country: France. Skills: chef, power bi, qlik, sql, tableau, visio.",chef;power bi;qlik;sql;tableau;visio,analytics,Data Analyst - H/F,Data Analyst,France,Full-time,False,lukebarousse/data_jobs
974,Senior Data Analyst,JLL,Riyadh Saudi Arabia,"Title short: Senior Data Analyst. Schedule: Full-time. Remote: False. Country: Saudi Arabia. Skills: alteryx, spark, tableau.",alteryx;spark;tableau,analytics,Senior Data Analyst,Senior Data Analyst,Saudi Arabia,Full-time,False,lukebarousse/data_jobs
975,Data Analyst,Cardinal Health,"Dallas, TX","Title short: Data Analyst. Schedule: Full-time. Remote: False. Country: United States. Skills: alteryx, python, r, sql, tableau.",alteryx;python;r;sql;tableau,analytics,Data Analyst,Data Analyst,United States,Full-time,False,lukebarousse/data_jobs
976,Senior Data Analyst,Shopee,"Kuala Lumpur, Federal Territory of Kuala Lumpur, Malaysia","Title short: Senior Data Analyst. Schedule: Full-time. Remote: False. Country: Malaysia. Skills: excel, power bi, python, r, sql, tableau.",excel;power bi;python;r;sql;tableau,analytics,Senior Data Analyst,Senior Data Analyst,Malaysia,Full-time,False,lukebarousse/data_jobs
977,Online Marketing Analyst - Data Collection & Insights,Netprofiler,"Amsterdam, Netherlands","Title short: Data Analyst. Schedule: Full-time. Remote: False. Country: Netherlands. Skills: aws, azure, css, html, javascript, looker, power bi, python, scala, sql.",aws;azure;css;html;javascript;looker;power bi;python;scala;sql,analytics,Online Marketing Analyst - Data Collection & Insights,Data Analyst,Netherlands,Full-time,False,lukebarousse/data_jobs
978,Data Analyst,Occubee,"Cluj-Napoca, Romania","Title short: Data Analyst. Schedule: Full-time. Remote: False. Country: Romania. Skills: excel, python, sql.",excel;python;sql,analytics,Data Analyst,Data Analyst,Romania,Full-time,False,lukebarousse/data_jobs
979,Data Analyst,Job Duck,Anywhere,"Title short: Data Analyst. Schedule: Full-time. Remote: True. Country: Argentina. Skills: excel, javascript, power bi, python, sheets, sql.",excel;javascript;power bi;python;sheets;sql,analytics,Data Analyst,Data Analyst,Argentina,Full-time,True,lukebarousse/data_jobs
980,REMOTE Data Analyst,Vaco,"Santa Fe, NM",Title short: Data Analyst. Schedule: Full-time. Remote: False. Country: Sudan. Skills: sql.,sql,analytics,REMOTE Data Analyst,Data Analyst,Sudan,Full-time,False,lukebarousse/data_jobs
981,Business Intelligence Analyst,ibet.com - Claymore Group,"Sliema, Malta","Title short: Business Analyst. Schedule: Full-time. Remote: False. Country: Malta. Skills: power bi, tableau.",power bi;tableau,analytics,Business Intelligence Analyst,Business Analyst,Malta,Full-time,False,lukebarousse/data_jobs
982,Marketing Analyst,SYBO,"Copenhagen, Denmark","Title short: Business Analyst. Schedule: Full-time. Remote: False. Country: Denmark. Skills: looker, python, r, sql.",looker;python;r;sql,analytics,Marketing Analyst,Business Analyst,Denmark,Full-time,False,lukebarousse/data_jobs
983,Business Data Analyst,Allen Recruitment,"Dublin, Ireland","Title short: Data Analyst. Schedule: nan. Remote: False. Country: Ireland. Skills: hadoop, python, r, sql, word.",hadoop;python;r;sql;word,analytics,Business Data Analyst,Data Analyst,Ireland,,False,lukebarousse/data_jobs
984,Senior Data Analyst,Walmart,"Mt Vernon, IL","Title short: Senior Data Analyst. Schedule: Full-time and Part-time. Remote: False. Country: United States. Skills: power bi, python, r, scala, spark, sql, tableau.",power bi;python;r;scala;spark;sql;tableau,analytics,Senior Data Analyst,Senior Data Analyst,United States,Full-time and Part-time,False,lukebarousse/data_jobs
985,Data Analyst & Activation,Fyre,"Clichy, France",Title short: Data Analyst. Schedule: Full-time and Temp work. Remote: False. Country: France. Skills: visio.,visio,analytics,Data Analyst & Activation,Data Analyst,France,Full-time and Temp work,False,lukebarousse/data_jobs
986,Senior Data Analyst,Change Healthcare,"Columbia, SC","Title short: Senior Data Analyst. Schedule: Full-time. Remote: False. Country: United States. Skills: excel, powerpoint, react, sql, visio.",excel;powerpoint;react;sql;visio,analytics,Senior Data Analyst,Senior Data Analyst,United States,Full-time,False,lukebarousse/data_jobs
987,Data Analyst,Spectraforce Technologies,"Jacksonville, FL","Title short: Data Analyst. Schedule: Full-time. Remote: False. Country: United States. Skills: excel, powerpoint, sas, sql, word.",excel;powerpoint;sas;sql;word,analytics,Data Analyst,Data Analyst,United States,Full-time,False,lukebarousse/data_jobs
988,Data Analyst Intern,Admivo,"Indore, Madhya Pradesh, India","Title short: Data Analyst. Schedule: Internship. Remote: False. Country: India. Skills: excel, spreadsheet.",excel;spreadsheet,analytics,Data Analyst Intern,Data Analyst,India,Internship,False,lukebarousse/data_jobs
989,Data Privacy Analyst,Connells Group HQ,"Stretford, Manchester, UK",Title short: Data Analyst. Schedule: Full-time. Remote: False. Country: United Kingdom. Skills: gdpr.,gdpr,analytics,Data Privacy Analyst,Data Analyst,United Kingdom,Full-time,False,lukebarousse/data_jobs
990,"Analyst II, Global Financial Data Operations",Kroll,"Hyderabad, Telangana, India",Title short: Data Analyst. Schedule: Full-time. Remote: False. Country: India. Skills: excel.,excel,analytics,"Analyst II, Global Financial Data Operations",Data Analyst,India,Full-time,False,lukebarousse/data_jobs
991,GDS Tax - TDO (Data Analyst/Operations) Staff,EY,"Taguig, Metro Manila, Philippines","Title short: Data Analyst. Schedule: nan. Remote: False. Country: Philippines. Skills: excel, power bi, python, r, sql, vba.",excel;power bi;python;r;sql;vba,analytics,GDS Tax - TDO (Data Analyst/Operations) Staff,Data Analyst,Philippines,,False,lukebarousse/data_jobs
992,Data Analyst (Remote) (6125 USD/Mes),Listopro,Anywhere,"Title short: Data Analyst. Schedule: Full-time. Remote: True. Country: Chile. Skills: html, python, r.",html;python;r,analytics,Data Analyst (Remote) (6125 USD/Mes),Data Analyst,Chile,Full-time,True,lukebarousse/data_jobs
993,Senior Data Analyst,Krealo,"Lima, Peru",Title short: Senior Data Analyst. Schedule: Full-time. Remote: False. Country: Peru. Skills: tableau.,tableau,analytics,Senior Data Analyst,Senior Data Analyst,Peru,Full-time,False,lukebarousse/data_jobs
994,Data Analyst Supporting the DEA,Forfeiture Support Associates,"Milwaukee, WI","Title short: Data Analyst. Schedule: Full-time. Remote: False. Country: United States. Skills: excel, powerpoint, word.",excel;powerpoint;word,analytics,Data Analyst Supporting the DEA,Data Analyst,United States,Full-time,False,lukebarousse/data_jobs
995,IT Business Analyst,Cleverlance Enterprise Solutions s.r.o.,"Brno, Czechia",Title short: Business Analyst. Schedule: Full-time. Remote: False. Country: Czechia. Skills: jira.,jira,analytics,IT Business Analyst,Business Analyst,Czechia,Full-time,False,lukebarousse/data_jobs
996,Marketing Data Analyst,Agility Resoucing,"Manchester, UK","Title short: Data Analyst. Schedule: Full-time. Remote: False. Country: United Kingdom. Skills: excel, power bi, python, r, spss, sql, vba.",excel;power bi;python;r;spss;sql;vba,analytics,Marketing Data Analyst,Data Analyst,United Kingdom,Full-time,False,lukebarousse/data_jobs
997,Senior Business Intelligence Analyst,CARSOME,Malaysia,"Title short: Business Analyst. Schedule: nan. Remote: False. Country: Malaysia. Skills: c#, excel, python, r, sql, tableau.",c#;excel;python;r;sql;tableau,analytics,Senior Business Intelligence Analyst,Business Analyst,Malaysia,,False,lukebarousse/data_jobs
998,Analyste de données,Choisir le Québec,Anywhere,"Title short: Data Analyst. Schedule: Full-time. Remote: True. Country: Guadeloupe. Skills: excel, java, php, power bi, python, sap, sql, vba.",excel;java;php;power bi;python;sap;sql;vba,analytics,Analyste de données,Data Analyst,Guadeloupe,Full-time,True,lukebarousse/data_jobs
999,Business Analyst to support Channel Engagement team in data analysis,Nordea,Sweden,Title short: Business Analyst. Schedule: Full-time. Remote: False. Country: Sweden. Skills: qlik.,qlik,analytics,Business Analyst to support Channel Engagement team in data analysis,Business Analyst,Sweden,Full-time,False,lukebarousse/data_jobs
1000,Data Analyst/SQL Analyst,CVS Health,"Chicago, IL","Title short: Data Analyst. Schedule: Full-time. Remote: False. Country: United States. Skills: python, sql.",python;sql,analytics,Data Analyst/SQL Analyst,Data Analyst,United States,Full-time,False,lukebarousse/data_jobs
1001,Data Analyst,JobCenter,Ajman - United Arab Emirates,"Title short: Data Analyst. Schedule: Full-time. Remote: False. Country: United Arab Emirates. Skills: python, sas, sql, unity.",python;sas;sql;unity,analytics,Data Analyst,Data Analyst,United Arab Emirates,Full-time,False,lukebarousse/data_jobs
1002,Analyst Data,Etablissements Darty Et Fils,France,"Title short: Data Analyst. Schedule: Full-time. Remote: False. Country: France. Skills: gcp, python, r, sas, sql.",gcp;python;r;sas;sql,analytics,Analyst Data,Data Analyst,France,Full-time,False,lukebarousse/data_jobs
1003,Mft Fx Founding Quantitative Engineer,HUMBLE SHEPARD PTE. LTD.,Singapore,"Title short: Data Analyst. Schedule: Full-time. Remote: False. Country: Singapore. Skills: c++, java, python.",c++;java;python,analytics,Mft Fx Founding Quantitative Engineer,Data Analyst,Singapore,Full-time,False,lukebarousse/data_jobs
1004,Data Analyst,EPITEC,"Chicago, IL","Title short: Data Analyst. Schedule: Full-time and Contractor. Remote: False. Country: United States. Skills: powershell, python, r, sql, tableau, windows.",powershell;python;r;sql;tableau;windows,analytics,Data Analyst,Data Analyst,United States,Full-time and Contractor,False,lukebarousse/data_jobs
1005,Clinical Data Analyst,N1X10,"Tel Aviv-Yafo, Israel",Title short: Data Analyst. Schedule: Full-time. Remote: False. Country: Israel. Skills: azure.,azure,analytics,Clinical Data Analyst,Data Analyst,Israel,Full-time,False,lukebarousse/data_jobs
1006,Information Technology Finance/ Technology Business Management...,PBG Consulting,Anywhere,"Title short: Business Analyst. Schedule: Full-time. Remote: True. Country: United States. Skills: azure, oracle, power bi, powerpoint.",azure;oracle;power bi;powerpoint,analytics,Information Technology Finance/ Technology Business Management...,Business Analyst,United States,Full-time,True,lukebarousse/data_jobs
1007,Power BI Data Analyst,Western Digital,"Kefar Sava, Israel","Title short: Data Analyst. Schedule: Full-time. Remote: False. Country: Israel. Skills: jira, power bi, sql, tableau.",jira;power bi;sql;tableau,analytics,Power BI Data Analyst,Data Analyst,Israel,Full-time,False,lukebarousse/data_jobs
1008,Senior DevOps Engineer - Big Data Analytics & Cloud infrastructure,ServiceNow,"Dublin, Ireland","Title short: Senior Data Engineer. Schedule: Full-time. Remote: False. Country: Ireland. Skills: ansible, aws, azure, centos, hadoop, java, puppet, python, shell, spark, terraform, yarn.",ansible;aws;azure;centos;hadoop;java;puppet;python;shell;spark;terraform;yarn,analytics,Senior DevOps Engineer - Big Data Analytics & Cloud infrastructure,Senior Data Engineer,Ireland,Full-time,False,lukebarousse/data_jobs
1009,Business Analyst Senior,"Ampcus, Inc","Bloomington, IL","Title short: Business Analyst. Schedule: Full-time. Remote: False. Country: United States. Skills: excel, powerpoint, visio, word.",excel;powerpoint;visio;word,analytics,Business Analyst Senior,Business Analyst,United States,Full-time,False,lukebarousse/data_jobs
1010,"Business Intelligence Analyst - Business Intelligence, Cross Border",Shopee,Singapore,"Title short: Business Analyst. Schedule: Full-time. Remote: False. Country: Singapore. Skills: excel, flow, hadoop, python, sheets, spark, sql, tableau, vba.",excel;flow;hadoop;python;sheets;spark;sql;tableau;vba,analytics,"Business Intelligence Analyst - Business Intelligence, Cross Border",Business Analyst,Singapore,Full-time,False,lukebarousse/data_jobs
1011,Data Analyst,Sabenza It,South Africa,"Title short: Data Analyst. Schedule: Full-time. Remote: False. Country: South Africa. Skills: python, r, sql.",python;r;sql,analytics,Data Analyst,Data Analyst,South Africa,Full-time,False,lukebarousse/data_jobs
1012,Data Analyst - QlikView / QlikSense,Rise Technical Recruitment Ltd,"Birmingham, UK","Title short: Data Analyst. Schedule: Full-time. Remote: False. Country: United Kingdom. Skills: excel, sql.",excel;sql,analytics,Data Analyst - QlikView / QlikSense,Data Analyst,United Kingdom,Full-time,False,lukebarousse/data_jobs
1013,Acuris - Data Analyst– Japanese Speaking - 8168,ION,Hong Kong,Title short: Data Analyst. Schedule: Full-time. Remote: False. Country: Hong Kong. Skills: excel.,excel,analytics,Acuris - Data Analyst– Japanese Speaking - 8168,Data Analyst,Hong Kong,Full-time,False,lukebarousse/data_jobs
1014,B2B Marketing Data Analyst,Mondo,"Reston, VA",Title short: Data Analyst. Schedule: Full-time. Remote: False. Country: United States. Skills: excel.,excel,analytics,B2B Marketing Data Analyst,Data Analyst,United States,Full-time,False,lukebarousse/data_jobs
1015,Data Analyst Manager,Binance,"Taipei, Taiwan","Title short: Data Analyst. Schedule: nan. Remote: False. Country: Taiwan. Skills: c++, java, neo4j, nosql, python, r, sas, sql, tableau, vba.",c++;java;neo4j;nosql;python;r;sas;sql;tableau;vba,analytics,Data Analyst Manager,Data Analyst,Taiwan,,False,lukebarousse/data_jobs
1016,Data Analyst,TalentBurst,"Los Angeles, CA","Title short: Data Analyst. Schedule: Full-time. Remote: False. Country: United States. Skills: excel, powerpoint, sas, sql, word.",excel;powerpoint;sas;sql;word,analytics,Data Analyst,Data Analyst,United States,Full-time,False,lukebarousse/data_jobs
1017,Technical Business Analyst,"AQUA Information Systems, Inc.","Charlotte, NC","Title short: Business Analyst. Schedule: Contractor. Remote: False. Country: United States. Skills: oracle, python, sql.",oracle;python;sql,analytics,Technical Business Analyst,Business Analyst,United States,Contractor,False,lukebarousse/data_jobs
1018,Data Analyst Expérimenté -Rennes - F/H,Capgemini,"Rennes, France","Title short: Data Analyst. Schedule: Full-time. Remote: False. Country: France. Skills: power bi, sql, tableau.",power bi;sql;tableau,analytics,Data Analyst Expérimenté -Rennes - F/H,Data Analyst,France,Full-time,False,lukebarousse/data_jobs
1019,Data & Reports Analyst,KG Call Center,"Greater Carrollwood, FL","Title short: Data Analyst. Schedule: Full-time. Remote: False. Country: United States. Skills: excel, sas.",excel;sas,analytics,Data & Reports Analyst,Data Analyst,United States,Full-time,False,lukebarousse/data_jobs
1020,Data analyst,New Possible,United Kingdom,"Title short: Data Analyst. Schedule: Full-time. Remote: False. Country: United Kingdom. Skills: excel, tableau.",excel;tableau,analytics,Data analyst,Data Analyst,United Kingdom,Full-time,False,lukebarousse/data_jobs
1021,Statistical Reporting Business Analyst - Remote | WFH,Get It Recruit - Information Technology,Anywhere,"Title short: Business Analyst. Schedule: Full-time. Remote: True. Country: United States. Skills: excel, looker, ms access, redshift, spreadsheet, sql, sql server.",excel;looker;ms access;redshift;spreadsheet;sql;sql server,analytics,Statistical Reporting Business Analyst - Remote | WFH,Business Analyst,United States,Full-time,True,lukebarousse/data_jobs
1022,Data Analyst (ID#10751),Worldgate LLC,"San Jose, CA","Title short: Data Analyst. Schedule: Full-time. Remote: False. Country: United States. Skills: c#, excel, outlook, powershell, python, sql, sql server, word.",c#;excel;outlook;powershell;python;sql;sql server;word,analytics,Data Analyst (ID#10751),Data Analyst,United States,Full-time,False,lukebarousse/data_jobs
1023,Data Analyst - Defence Sector - SC Clearance - London - Hybrid working,Nexere Consulting,United Kingdom,"Title short: Data Analyst. Schedule: Full-time. Remote: False. Country: United Kingdom. Skills: excel, sql, vba.",excel;sql;vba,analytics,Data Analyst - Defence Sector - SC Clearance - London - Hybrid working,Data Analyst,United Kingdom,Full-time,False,lukebarousse/data_jobs
1024,Data Analyst,University of New Mexico,"Albuquerque, NM",Title short: Data Analyst. Schedule: Full-time. Remote: False. Country: Sudan. Skills: sql.,sql,analytics,Data Analyst,Data Analyst,Sudan,Full-time,False,lukebarousse/data_jobs
1025,Junior Business Analyst - English,Adams Multilingual Recruitment,Netherlands,Title short: Business Analyst. Schedule: Full-time. Remote: False. Country: Netherlands. Skills: excel.,excel,analytics,Junior Business Analyst - English,Business Analyst,Netherlands,Full-time,False,lukebarousse/data_jobs
1026,Oliver Wyman- Celent- Data Analyst,Marsh McLennan,"Mexico City, CDMX, Mexico","Title short: Data Analyst. Schedule: Full-time. Remote: False. Country: Mexico. Skills: powerpoint, python, r, sql, vba.",powerpoint;python;r;sql;vba,analytics,Oliver Wyman- Celent- Data Analyst,Data Analyst,Mexico,Full-time,False,lukebarousse/data_jobs
1027,Senior Consultant - Data Analytics,EY,"Galway, Ireland","Title short: Senior Data Analyst. Schedule: Full-time. Remote: False. Country: Ireland. Skills: python, r, sql, tableau.",python;r;sql;tableau,analytics,Senior Consultant - Data Analytics,Senior Data Analyst,Ireland,Full-time,False,lukebarousse/data_jobs
1028,Sales Data Analyst,Epson Europe B.V.,"Prague, Czechia","Title short: Data Analyst. Schedule: Full-time. Remote: False. Country: Czechia. Skills: excel, sap.",excel;sap,analytics,Sales Data Analyst,Data Analyst,Czechia,Full-time,False,lukebarousse/data_jobs
1029,"Sr Specialist, Data Analytics - Fin Ops, Chargebacks",Cardinal Health,"Dallas, TX","Title short: Senior Data Analyst. Schedule: Full-time. Remote: False. Country: United States. Skills: alteryx, gcp, sql, tableau.",alteryx;gcp;sql;tableau,analytics,"Sr Specialist, Data Analytics - Fin Ops, Chargebacks",Senior Data Analyst,United States,Full-time,False,lukebarousse/data_jobs
1030,Data analyst / data scientist + petrochemical background,Energy Security Services North America Inc.,"Calgary, AB, Canada","Title short: Data Analyst. Schedule: Full-time. Remote: False. Country: Canada. Skills: power bi, sql.",power bi;sql,analytics,Data analyst / data scientist + petrochemical background,Data Analyst,Canada,Full-time,False,lukebarousse/data_jobs
1031,Senior Data Analyst/ Technical Steward,Takeda,"Vienna, Austria","Title short: Senior Data Analyst. Schedule: Full-time. Remote: False. Country: Austria. Skills: aws, databricks, javascript, mongodb, neo4j, nosql, oracle, pyspark, python, redshift, sql.",aws;databricks;javascript;mongodb;neo4j;nosql;oracle;pyspark;python;redshift;sql,analytics,Senior Data Analyst/ Technical Steward,Senior Data Analyst,Austria,Full-time,False,lukebarousse/data_jobs
1032,Data Analyst - Full-time,Kelly Services,"Portage, MI","Title short: Data Analyst. Schedule: Full-time and Temp work. Remote: False. Country: United States. Skills: excel, go, power bi, sharepoint, word.",excel;go;power bi;sharepoint;word,analytics,Data Analyst - Full-time,Data Analyst,United States,Full-time and Temp work,False,lukebarousse/data_jobs
1033,Jr. Data Analyst / Full-time (Remote),Dallas IT,"Fort McMurray, AB, Canada","Title short: Data Analyst. Schedule: Full-time. Remote: False. Country: Canada. Skills: flow, sql.",flow;sql,analytics,Jr. Data Analyst / Full-time (Remote),Data Analyst,Canada,Full-time,False,lukebarousse/data_jobs
1034,IT - Metrics Analyst - Data Visualization,eTeam Workforce Pte Ltd,"Kuala Lumpur, Federal Territory of Kuala Lumpur, Malaysia","Title short: Data Analyst. Schedule: Full-time. Remote: False. Country: Malaysia. Skills: excel, flow, sql, tableau.",excel;flow;sql;tableau,analytics,IT - Metrics Analyst - Data Visualization,Data Analyst,Malaysia,Full-time,False,lukebarousse/data_jobs
1035,Product Data Analyst,iDeals,Anywhere,"Title short: Data Analyst. Schedule: Full-time. Remote: True. Country: Ukraine. Skills: bigquery, excel, looker, power bi, python, sheets, spreadsheet, sql, tableau.",bigquery;excel;looker;power bi;python;sheets;spreadsheet;sql;tableau,analytics,Product Data Analyst,Data Analyst,Ukraine,Full-time,True,lukebarousse/data_jobs
1036,Business Intelligence Analyst,Mercer,"Warsaw, Poland","Title short: Business Analyst. Schedule: Full-time. Remote: False. Country: Poland. Skills: cognos, excel, powerpoint, qlik, word.",cognos;excel;powerpoint;qlik;word,analytics,Business Intelligence Analyst,Business Analyst,Poland,Full-time,False,lukebarousse/data_jobs
1037,Data Analyst,Senitor Recruitment,"Bradford, UK","Title short: Data Analyst. Schedule: Full-time. Remote: False. Country: United Kingdom. Skills: excel, sql, sql server.",excel;sql;sql server,analytics,Data Analyst,Data Analyst,United Kingdom,Full-time,False,lukebarousse/data_jobs
1038,Data Analyst,Smart Data Foundry,"Edinburgh, UK","Title short: Data Analyst. Schedule: Full-time. Remote: False. Country: United Kingdom. Skills: git, python, sql.",git;python;sql,analytics,Data Analyst,Data Analyst,United Kingdom,Full-time,False,lukebarousse/data_jobs
1039,Senior Data Analyst,Stardom Employment Consultants,"Fresno, CA","Title short: Senior Data Analyst. Schedule: Full-time. Remote: False. Country: United States. Skills: aws, azure, excel, power bi, python.",aws;azure;excel;power bi;python,analytics,Senior Data Analyst,Senior Data Analyst,United States,Full-time,False,lukebarousse/data_jobs
1040,Data Analyst Confirmé H/F,NEXTON,"Sauveterre-de-Guyenne, France","Title short: Data Analyst. Schedule: Full-time. Remote: False. Country: France. Skills: dax, gitlab, jira, python, sql, sql server, ssis.",dax;gitlab;jira;python;sql;sql server;ssis,analytics,Data Analyst Confirmé H/F,Data Analyst,France,Full-time,False,lukebarousse/data_jobs
1041,Data Analyst [Temporary],United Nations Assistance Mission for Iraq,"Baghdad, Iraq","Title short: Data Analyst. Schedule: nan. Remote: False. Country: Iraq. Skills: assembly, c, excel, git, powerpoint, python, qlik, r, sap, sql, tableau.",assembly;c;excel;git;powerpoint;python;qlik;r;sap;sql;tableau,analytics,Data Analyst [Temporary],Data Analyst,Iraq,,False,lukebarousse/data_jobs
1042,Data Analyst II (Healthcare Analytics/UM/Appeals),Corporate,"Jefferson City, MO","Title short: Data Analyst. Schedule: Full-time. Remote: False. Country: United States. Skills: excel, python, r, sql.",excel;python;r;sql,analytics,Data Analyst II (Healthcare Analytics/UM/Appeals),Data Analyst,United States,Full-time,False,lukebarousse/data_jobs
1043,Business Intelligence Analyst,Visser & Van Baars,"Geel, Belgium","Title short: Business Analyst. Schedule: Full-time. Remote: False. Country: Belgium. Skills: dax, excel, power bi, sql.",dax;excel;power bi;sql,analytics,Business Intelligence Analyst,Business Analyst,Belgium,Full-time,False,lukebarousse/data_jobs
1044,Product Analyst,ironSource,"Tel Aviv-Yafo, Israel",Title short: Software Engineer. Schedule: Full-time. Remote: False. Country: Israel. Skills: sql.,sql,analytics,Product Analyst,Software Engineer,Israel,Full-time,False,lukebarousse/data_jobs
1045,Geospatial Business Analyst,Aigents,"Amsterdam, Netherlands","Title short: Business Analyst. Schedule: Full-time. Remote: False. Country: Netherlands. Skills: excel, python.",excel;python,analytics,Geospatial Business Analyst,Business Analyst,Netherlands,Full-time,False,lukebarousse/data_jobs
1046,Applied Behavioural Scientist,Revolut,"Porto, Portugal","Title short: Business Analyst. Schedule: Full-time. Remote: False. Country: Portugal. Skills: python, r, spss, sql.",python;r;spss;sql,analytics,Applied Behavioural Scientist,Business Analyst,Portugal,Full-time,False,lukebarousse/data_jobs
1047,Data Analyst,Barmherzigen Brüder,"Vienna, Austria","Title short: Data Analyst. Schedule: Full-time. Remote: False. Country: Austria. Skills: excel, sql.",excel;sql,analytics,Data Analyst,Data Analyst,Austria,Full-time,False,lukebarousse/data_jobs
1048,Data Quality Assurance Analyst (Polygraph Clearance) Jobs,ManTech International,"Warrenton, VA","Title short: Data Analyst. Schedule: Full-time. Remote: False. Country: United States. Skills: jira, sql.",jira;sql,analytics,Data Quality Assurance Analyst (Polygraph Clearance) Jobs,Data Analyst,United States,Full-time,False,lukebarousse/data_jobs
1049,Data Analyst,Buromac,"West Flanders, Belgium","Title short: Data Analyst. Schedule: Full-time. Remote: False. Country: Belgium. Skills: excel, sql, tableau.",excel;sql;tableau,analytics,Data Analyst,Data Analyst,Belgium,Full-time,False,lukebarousse/data_jobs
1050,Jr Data Analyst,Linder Industrial Machinery Company,"Plant City, FL","Title short: Data Analyst. Schedule: Full-time. Remote: False. Country: United States. Skills: excel, flow, visio, word.",excel;flow;visio;word,analytics,Jr Data Analyst,Data Analyst,United States,Full-time,False,lukebarousse/data_jobs
1051,Data Analyst II,Commercial Solutions,"Jefferson City, MO","Title short: Data Analyst. Schedule: Full-time. Remote: False. Country: United States. Skills: excel, sql.",excel;sql,analytics,Data Analyst II,Data Analyst,United States,Full-time,False,lukebarousse/data_jobs
1052,Data Analyst H/F (Stage),ABEI,"Pacé, France","Title short: Data Analyst. Schedule: Full-time. Remote: False. Country: France. Skills: sas, sql.",sas;sql,analytics,Data Analyst H/F (Stage),Data Analyst,France,Full-time,False,lukebarousse/data_jobs
1053,Data Analyst (HealthTech Associate Programme),IHiS (Integrated Health Information Systems),Singapore,"Title short: Data Analyst. Schedule: Full-time. Remote: False. Country: Singapore. Skills: python, r, spark.",python;r;spark,analytics,Data Analyst (HealthTech Associate Programme),Data Analyst,Singapore,Full-time,False,lukebarousse/data_jobs
1054,Data Compliance Coordinator,Thermo Fisher Scientific,"Covington, GA","Title short: Data Analyst. Schedule: Full-time. Remote: False. Country: United States. Skills: flow, gcp, windows.",flow;gcp;windows,analytics,Data Compliance Coordinator,Data Analyst,United States,Full-time,False,lukebarousse/data_jobs
1055,Data Analyst,Inbox Recruitment Ltd,"Northampton, UK","Title short: Data Analyst. Schedule: Full-time. Remote: False. Country: United Kingdom. Skills: excel, power bi, tableau.",excel;power bi;tableau,analytics,Data Analyst,Data Analyst,United Kingdom,Full-time,False,lukebarousse/data_jobs
1056,Práctica Product Analyst,Falabella Equipo Corporativo,Chile,Title short: Software Engineer. Schedule: Full-time. Remote: False. Country: Chile. Skills: excel.,excel,analytics,Práctica Product Analyst,Software Engineer,Chile,Full-time,False,lukebarousse/data_jobs
1057,FP&A Analyst,ironSource,"Tel Aviv-Yafo, Israel","Title short: Data Analyst. Schedule: Full-time. Remote: False. Country: Israel. Skills: excel, python, sheets, sql.",excel;python;sheets;sql,analytics,FP&A Analyst,Data Analyst,Israel,Full-time,False,lukebarousse/data_jobs
1058,Online Data Analyst,de Volksbank,"Utrecht, Netherlands",Title short: Data Analyst. Schedule: Full-time. Remote: False. Country: Netherlands. Skills: word.,word,analytics,Online Data Analyst,Data Analyst,Netherlands,Full-time,False,lukebarousse/data_jobs
1059,Data Center Service Desk Analyst,Rackspace Technology,Anywhere,"Title short: Data Analyst. Schedule: Full-time. Remote: True. Country: Hungary. Skills: aws, azure, notion, windows.",aws;azure;notion;windows,analytics,Data Center Service Desk Analyst,Data Analyst,Hungary,Full-time,True,lukebarousse/data_jobs
1060,"Distinguished Engineer, Data & Analytics",eBay,"Bellevue, WA","Title short: Data Engineer. Schedule: Full-time. Remote: False. Country: United States. Skills: github, kafka, pytorch, tensorflow.",github;kafka;pytorch;tensorflow,analytics,"Distinguished Engineer, Data & Analytics",Data Engineer,United States,Full-time,False,lukebarousse/data_jobs
1061,Data Analist,YoungCapital,"Zwolle, Netherlands   (+3 others)","Title short: Data Analyst. Schedule: Full-time. Remote: False. Country: Netherlands. Skills: python, sql, word.",python;sql;word,analytics,Data Analist,Data Analyst,Netherlands,Full-time,False,lukebarousse/data_jobs
1062,AVP-Marketing Analytics,Banking Analytics,"Hyderabad, Telangana, India",Title short: Business Analyst. Schedule: Full-time. Remote: False. Country: India. Skills: sql.,sql,analytics,AVP-Marketing Analytics,Business Analyst,India,Full-time,False,lukebarousse/data_jobs
1063,"Data Analyst I, Operations Engineering",Invenergy LLC,"Chicago, IL","Title short: Data Analyst. Schedule: Full-time. Remote: False. Country: United States. Skills: excel, power bi, python, sql, tableau.",excel;power bi;python;sql;tableau,analytics,"Data Analyst I, Operations Engineering",Data Analyst,United States,Full-time,False,lukebarousse/data_jobs
1064,Revenue Analyst,Confidential,Dubai - United Arab Emirates,"Title short: Business Analyst. Schedule: Full-time. Remote: False. Country: United Arab Emirates. Skills: power bi, python, sql.",power bi;python;sql,analytics,Revenue Analyst,Business Analyst,United Arab Emirates,Full-time,False,lukebarousse/data_jobs
1065,Senior Product Data Analyst,LTK (formerly rewardStyle & LIKEtoKNOW.it),"Dallas, TX","Title short: Senior Data Analyst. Schedule: Full-time. Remote: False. Country: United States. Skills: looker, python, r, redshift, sql, tableau.",looker;python;r;redshift;sql;tableau,analytics,Senior Product Data Analyst,Senior Data Analyst,United States,Full-time,False,lukebarousse/data_jobs
1066,Consultant Data Analyst Marketing H/F,Esmoz,"Neuilly-sur-Seine, France","Title short: Data Analyst. Schedule: Full-time. Remote: False. Country: France. Skills: aws, azure, gcp, looker, power bi, python, r, sql, tableau.",aws;azure;gcp;looker;power bi;python;r;sql;tableau,analytics,Consultant Data Analyst Marketing H/F,Data Analyst,France,Full-time,False,lukebarousse/data_jobs
1067,Data Analyst,"Advanced Stimulation Technologies, Inc","Midland, TX","Title short: Data Analyst. Schedule: Full-time. Remote: False. Country: Sudan. Skills: c, excel, outlook, powerpoint, word.",c;excel;outlook;powerpoint;word,analytics,Data Analyst,Data Analyst,Sudan,Full-time,False,lukebarousse/data_jobs
1068,Chargé d'études statistiques / Data analyst / Data scientist F/H,Unedic,"Paris, France","Title short: Data Analyst. Schedule: Full-time. Remote: False. Country: France. Skills: bitbucket, pandas, pyspark, python, r, spark, tidyverse, vue.",bitbucket;pandas;pyspark;python;r;spark;tidyverse;vue,analytics,Chargé d'études statistiques / Data analyst / Data scientist F/H,Data Analyst,France,Full-time,False,lukebarousse/data_jobs
1069,Data Analyst,Laser Photonics,"Hopewell, FL",Title short: Data Analyst. Schedule: Full-time. Remote: False. Country: United States. Skills: flow.,flow,analytics,Data Analyst,Data Analyst,United States,Full-time,False,lukebarousse/data_jobs
1070,Business Intelligence Analyst,Next Capital Finance IFN SA,"Bucharest, Romania","Title short: Business Analyst. Schedule: Full-time. Remote: False. Country: Romania. Skills: power bi, sharepoint.",power bi;sharepoint,analytics,Business Intelligence Analyst,Business Analyst,Romania,Full-time,False,lukebarousse/data_jobs
1071,Data Analytics- Auto Intern,Epicor,"Dublin, CA",Title short: Data Analyst. Schedule: Internship. Remote: False. Country: United States. Skills: go.,go,analytics,Data Analytics- Auto Intern,Data Analyst,United States,Internship,False,lukebarousse/data_jobs
1072,Operational Analyst,Outly Services,"Rio de Janeiro, State of Rio de Janeiro, Brazil","Title short: Business Analyst. Schedule: Full-time. Remote: False. Country: Brazil. Skills: aws, azure, sharepoint, vmware, windows.",aws;azure;sharepoint;vmware;windows,analytics,Operational Analyst,Business Analyst,Brazil,Full-time,False,lukebarousse/data_jobs
1073,Data Analyst II,"Improvix Technologies, Inc.","Arlington, TX","Title short: Data Analyst. Schedule: Full-time. Remote: False. Country: United States. Skills: excel, power bi.",excel;power bi,analytics,Data Analyst II,Data Analyst,United States,Full-time,False,lukebarousse/data_jobs
1074,Data Analyst,National University,Anywhere,"Title short: Data Analyst. Schedule: Full-time. Remote: True. Country: United States. Skills: excel, oracle, python, r, sas, spss, sql, sql server, tableau.",excel;oracle;python;r;sas;spss;sql;sql server;tableau,analytics,Data Analyst,Data Analyst,United States,Full-time,True,lukebarousse/data_jobs
1075,Data Analyst Marketing Client - Emea Zone,louis vuitton malletier,"Paris, France","Title short: Data Analyst. Schedule: Full-time. Remote: False. Country: France. Skills: cognos, powerpoint, sql.",cognos;powerpoint;sql,analytics,Data Analyst Marketing Client - Emea Zone,Data Analyst,France,Full-time,False,lukebarousse/data_jobs
1076,Data Analyst,MODIS,"Cupertino, CA","Title short: Data Analyst. Schedule: Contractor. Remote: False. Country: United States. Skills: go, python, r, sql.",go;python;r;sql,analytics,Data Analyst,Data Analyst,United States,Contractor,False,lukebarousse/data_jobs
1077,Data Analyst with Data Visualization,Swicon IT Services srl. Romania,"Bucharest, Romania","Title short: Data Analyst. Schedule: Full-time. Remote: False. Country: Romania. Skills: power bi, python, sql.",power bi;python;sql,analytics,Data Analyst with Data Visualization,Data Analyst,Romania,Full-time,False,lukebarousse/data_jobs
1078,Analytics Engineer - Agiliz,Move Ahead,"North Holland, Netherlands","Title short: Data Analyst. Schedule: Full-time. Remote: False. Country: Netherlands. Skills: alteryx, looker, microstrategy, power bi, python, tableau.",alteryx;looker;microstrategy;power bi;python;tableau,analytics,Analytics Engineer - Agiliz,Data Analyst,Netherlands,Full-time,False,lukebarousse/data_jobs
1079,Senior Capacity Analyst,LSEG (London Stock Exchange Group),"Bangkok, Thailand",Title short: Business Analyst. Schedule: Full-time. Remote: False. Country: Thailand. Skills: go.,go,analytics,Senior Capacity Analyst,Business Analyst,Thailand,Full-time,False,lukebarousse/data_jobs
1080,Senior Data Analyst,The Judge Group,"Chicago, IL","Title short: Senior Data Analyst. Schedule: Full-time. Remote: False. Country: United States. Skills: aws, hadoop, java, kafka, python, spark.",aws;hadoop;java;kafka;python;spark,analytics,Senior Data Analyst,Senior Data Analyst,United States,Full-time,False,lukebarousse/data_jobs
1081,"Data Analyst, Performance Marketing",Metacore,Anywhere,"Title short: Data Analyst. Schedule: Full-time. Remote: True. Country: Finland. Skills: bigquery, git, julia, looker, python, r, redshift, snowflake, sql, tableau.",bigquery;git;julia;looker;python;r;redshift;snowflake;sql;tableau,analytics,"Data Analyst, Performance Marketing",Data Analyst,Finland,Full-time,True,lukebarousse/data_jobs
1082,Data Analyst/Programmer,IFP Motion Solution,"Cedar Rapids, IA","Title short: Data Analyst. Schedule: Full-time. Remote: False. Country: United States. Skills: assembly, crystal, excel, flask, javascript, pandas, python, sql, ssrs, tableau, vb.net.",assembly;crystal;excel;flask;javascript;pandas;python;sql;ssrs;tableau;vb.net,analytics,Data Analyst/Programmer,Data Analyst,United States,Full-time,False,lukebarousse/data_jobs
1083,Data Analyst H/F - Nantes,AVISIA,"Nantes, France","Title short: Data Analyst. Schedule: Full-time. Remote: False. Country: France. Skills: aws, azure, gcp, power bi, python, r, sas, sql, tableau, visio.",aws;azure;gcp;power bi;python;r;sas;sql;tableau;visio,analytics,Data Analyst H/F - Nantes,Data Analyst,France,Full-time,False,lukebarousse/data_jobs
1084,Analytics Team Lead,Mashreq,Anywhere,"Title short: Data Analyst. Schedule: Full-time. Remote: True. Country: India. Skills: cassandra, hadoop, mongodb, nosql, python, r, sas, sql.",cassandra;hadoop;mongodb;nosql;python;r;sas;sql,analytics,Analytics Team Lead,Data Analyst,India,Full-time,True,lukebarousse/data_jobs
1085,Reporting Analyst,TransPerfect,"San José Province, San José, Costa Rica","Title short: Business Analyst. Schedule: Full-time. Remote: False. Country: Costa Rica. Skills: excel, power bi, windows.",excel;power bi;windows,analytics,Reporting Analyst,Business Analyst,Costa Rica,Full-time,False,lukebarousse/data_jobs
1086,Data Technology Analyst,Biedronka,"Warsaw, Poland","Title short: Data Analyst. Schedule: Full-time. Remote: False. Country: Poland. Skills: azure, bigquery, qlik, sap, shell, sql.",azure;bigquery;qlik;sap;shell;sql,analytics,Data Technology Analyst,Data Analyst,Poland,Full-time,False,lukebarousse/data_jobs
1087,Analytics Engineer - Hybrid/Remote,Oxfam America,"Boston, MA","Title short: Data Analyst. Schedule: Full-time. Remote: False. Country: Sudan. Skills: postgresql, python.",postgresql;python,analytics,Analytics Engineer - Hybrid/Remote,Data Analyst,Sudan,Full-time,False,lukebarousse/data_jobs
1088,Data Analyst in the area of IIoT / KI / Predictive Maintenance (m/f/d),Wölfel Group,"Würzburg, Germany","Title short: Data Analyst. Schedule: Full-time. Remote: False. Country: Germany. Skills: matlab, python.",matlab;python,analytics,Data Analyst in the area of IIoT / KI / Predictive Maintenance (m/f/d),Data Analyst,Germany,Full-time,False,lukebarousse/data_jobs
1089,"Manager, Data Analytics  - Remote | WFH",Get It Recruit - Information Technology,Anywhere,"Title short: Data Analyst. Schedule: Full-time. Remote: True. Country: United States. Skills: looker, power bi, sql, tableau.",looker;power bi;sql;tableau,analytics,"Manager, Data Analytics  - Remote | WFH",Data Analyst,United States,Full-time,True,lukebarousse/data_jobs
1090,"Fraud Data Analyst Intern - Trust and Safety, Regional Operations...",Shopee,Singapore,"Title short: Data Analyst. Schedule: Internship. Remote: False. Country: Singapore. Skills: python, sql.",python;sql,analytics,"Fraud Data Analyst Intern - Trust and Safety, Regional Operations...",Data Analyst,Singapore,Internship,False,lukebarousse/data_jobs
1091,Software Programmer in Data Analytics,Royal College of Surgeons in Ireland,"Dublin, Ireland","Title short: Software Engineer. Schedule: Full-time. Remote: False. Country: Ireland. Skills: linux, microsoft teams, python, r.",linux;microsoft teams;python;r,analytics,Software Programmer in Data Analytics,Software Engineer,Ireland,Full-time,False,lukebarousse/data_jobs
1092,Data Analytics Consultant (Senior - Manager - Senior Manager),EY,"Jakarta, Indonesia",Title short: Senior Data Analyst. Schedule: Full-time. Remote: False. Country: Indonesia. Skills: unify.,unify,analytics,Data Analytics Consultant (Senior - Manager - Senior Manager),Senior Data Analyst,Indonesia,Full-time,False,lukebarousse/data_jobs
1093,Data Analyst,FloBiz,"Bengaluru, Karnataka, India","Title short: Data Analyst. Schedule: Full-time. Remote: False. Country: India. Skills: sql, tableau.",sql;tableau,analytics,Data Analyst,Data Analyst,India,Full-time,False,lukebarousse/data_jobs
1094,Data Analyst (Hybrid/ Not fully remote),CASES,"Brooklyn, NY","Title short: Data Analyst. Schedule: Full-time. Remote: False. Country: United States. Skills: excel, power bi, word.",excel;power bi;word,analytics,Data Analyst (Hybrid/ Not fully remote),Data Analyst,United States,Full-time,False,lukebarousse/data_jobs
1095,Pricing Data Analyst,Jobleads-UK,United Kingdom,"Title short: Data Analyst. Schedule: Full-time. Remote: False. Country: United Kingdom. Skills: azure, databricks, dax, excel, power bi, sql.",azure;databricks;dax;excel;power bi;sql,analytics,Pricing Data Analyst,Data Analyst,United Kingdom,Full-time,False,lukebarousse/data_jobs
1096,Product Analyst,"Ministry of Business, Innovation & Employment","Wellington, New Zealand",Title short: Software Engineer. Schedule: Full-time. Remote: False. Country: New Zealand. Skills: sap.,sap,analytics,Product Analyst,Software Engineer,New Zealand,Full-time,False,lukebarousse/data_jobs
1097,Data Analyst SR,Zallpy Digital,South Carolina,"Title short: Data Analyst. Schedule: Full-time. Remote: False. Country: United States. Skills: aws, pyspark, python, qlik, redshift, tableau.",aws;pyspark;python;qlik;redshift;tableau,analytics,Data Analyst SR,Data Analyst,United States,Full-time,False,lukebarousse/data_jobs
1098,Data Analyst SQL,Chassam Recruitment Limited.,"Altrincham, UK","Title short: Data Analyst. Schedule: Full-time. Remote: False. Country: United Kingdom. Skills: crystal, excel, sql, t-sql, vba.",crystal;excel;sql;t-sql;vba,analytics,Data Analyst SQL,Data Analyst,United Kingdom,Full-time,False,lukebarousse/data_jobs
1099,BI ANALYST (LIEGE - BELGIUM),GAMING1,"Liège, Belgium","Title short: Business Analyst. Schedule: Full-time. Remote: False. Country: Belgium. Skills: aws, postgresql, power bi, redshift, sap, sql, tableau, visio.",aws;postgresql;power bi;redshift;sap;sql;tableau;visio,analytics,BI ANALYST (LIEGE - BELGIUM),Business Analyst,Belgium,Full-time,False,lukebarousse/data_jobs
1100,Data Analyst - Supply,BALY,"Baghdad, Iraq","Title short: Data Analyst. Schedule: Full-time. Remote: False. Country: Iraq. Skills: excel, python, sql.",excel;python;sql,analytics,Data Analyst - Supply,Data Analyst,Iraq,Full-time,False,lukebarousse/data_jobs
1101,Product Analyst,Prodigy Finance,Anywhere,"Title short: Software Engineer. Schedule: Full-time. Remote: True. Country: South Africa. Skills: github, power bi, sql, tableau.",github;power bi;sql;tableau,analytics,Product Analyst,Software Engineer,South Africa,Full-time,True,lukebarousse/data_jobs
1102,Warranty Data Analyst,Randstad Hungary Kft,Hungary,Title short: Data Analyst. Schedule: Full-time. Remote: False. Country: Hungary. Skills: sql.,sql,analytics,Warranty Data Analyst,Data Analyst,Hungary,Full-time,False,lukebarousse/data_jobs
1103,Data Analyst 2 - 00285 and 00289 - Full-time / Part-time,NYS Dept. of Health,"Menands, NY",Title short: Data Analyst. Schedule: Full-time. Remote: False. Country: United States. Skills: flow.,flow,analytics,Data Analyst 2 - 00285 and 00289 - Full-time / Part-time,Data Analyst,United States,Full-time,False,lukebarousse/data_jobs
1104,Data Analyst,D L RESOURCES PTE LTD,Singapore,"Title short: Data Analyst. Schedule: Full-time. Remote: False. Country: Singapore. Skills: excel, hadoop, power bi, powerpoint, word.",excel;hadoop;power bi;powerpoint;word,analytics,Data Analyst,Data Analyst,Singapore,Full-time,False,lukebarousse/data_jobs
1105,Commercial Analyst,Appreciating Talent,Australia,"Title short: Business Analyst. Schedule: Full-time. Remote: False. Country: Australia. Skills: excel, power bi, sap, tableau.",excel;power bi;sap;tableau,analytics,Commercial Analyst,Business Analyst,Australia,Full-time,False,lukebarousse/data_jobs
1106,Senior Data Analyst,Resorts World Genting,"Kuala Lumpur, Federal Territory of Kuala Lumpur, Malaysia",Title short: Senior Data Analyst. Schedule: Full-time. Remote: False. Country: Malaysia. Skills: sap.,sap,analytics,Senior Data Analyst,Senior Data Analyst,Malaysia,Full-time,False,lukebarousse/data_jobs
1107,Market Intelligence Analyst,BNP Paribas Real Estate,"Lisbon, Portugal","Title short: Data Analyst. Schedule: Full-time. Remote: False. Country: Portugal. Skills: excel, powerpoint.",excel;powerpoint,analytics,Market Intelligence Analyst,Data Analyst,Portugal,Full-time,False,lukebarousse/data_jobs
1108,Data Analyst and Developer,Hexa,"Tel Aviv-Yafo, Israel","Title short: Data Analyst. Schedule: Full-time. Remote: False. Country: Israel. Skills: excel, go, python, sql, tableau.",excel;go;python;sql;tableau,analytics,Data Analyst and Developer,Data Analyst,Israel,Full-time,False,lukebarousse/data_jobs
1109,Data Protection Analyst.,Vhi,"Dublin, Ireland",Title short: Data Analyst. Schedule: Full-time. Remote: False. Country: Ireland. Skills: gdpr.,gdpr,analytics,Data Protection Analyst.,Data Analyst,Ireland,Full-time,False,lukebarousse/data_jobs
1110,Engineering Lead (Human Defense Platform),Sigma Software,"Warsaw, Poland","Title short: Business Analyst. Schedule: Full-time. Remote: False. Country: Poland. Skills: aws, azure, firestore, gcp, golang, jenkins, mongodb, python, scala, snowflake, spark, sql.",aws;azure;firestore;gcp;golang;jenkins;mongodb;python;scala;snowflake;spark;sql,analytics,Engineering Lead (Human Defense Platform),Business Analyst,Poland,Full-time,False,lukebarousse/data_jobs
1111,Product Analyst,Harnham,Anywhere,"Title short: Software Engineer. Schedule: Full-time. Remote: True. Country: Canada. Skills: flow, power bi.",flow;power bi,analytics,Product Analyst,Software Engineer,Canada,Full-time,True,lukebarousse/data_jobs
1112,Sustainability Data Analyst,414 - Value Beyond Compliance,"Utrecht, Netherlands","Title short: Data Analyst. Schedule: Full-time. Remote: False. Country: Netherlands. Skills: airtable, python.",airtable;python,analytics,Sustainability Data Analyst,Data Analyst,Netherlands,Full-time,False,lukebarousse/data_jobs
1113,Senior Supply Chain Data Analyst,AbbVie,"North Chicago, IL","Title short: Senior Data Analyst. Schedule: Full-time. Remote: False. Country: United States. Skills: qlik, sql.",qlik;sql,analytics,Senior Supply Chain Data Analyst,Senior Data Analyst,United States,Full-time,False,lukebarousse/data_jobs
1114,Admin & Data Analyst,Catch22,United Kingdom,"Title short: Data Analyst. Schedule: Full-time. Remote: False. Country: United Kingdom. Skills: excel, outlook, word.",excel;outlook;word,analytics,Admin & Data Analyst,Data Analyst,United Kingdom,Full-time,False,lukebarousse/data_jobs
1115,Data Analyst I,JT4,"Edwards AFB, CA",Title short: Data Analyst. Schedule: Full-time. Remote: False. Country: United States. Skills: terminal.,terminal,analytics,Data Analyst I,Data Analyst,United States,Full-time,False,lukebarousse/data_jobs
1116,"Business Analyst, Vice President/Bionics",State Street,"Boston, MA","Title short: Business Analyst. Schedule: Full-time. Remote: False. Country: United States. Skills: excel, hadoop, tableau.",excel;hadoop;tableau,analytics,"Business Analyst, Vice President/Bionics",Business Analyst,United States,Full-time,False,lukebarousse/data_jobs
1117,Digital Marketing Data Analyst,Elevation Recruitment Group,"East Riding of Yorkshire, UK","Title short: Data Analyst. Schedule: Full-time. Remote: False. Country: United Kingdom. Skills: bigquery, excel, sql.",bigquery;excel;sql,analytics,Digital Marketing Data Analyst,Data Analyst,United Kingdom,Full-time,False,lukebarousse/data_jobs
1118,Junior Data Analyst,Fruitservice,Austria,"Title short: Data Analyst. Schedule: Full-time. Remote: False. Country: Austria. Skills: azure, excel, javascript, power bi, python, r.",azure;excel;javascript;power bi;python;r,analytics,Junior Data Analyst,Data Analyst,Austria,Full-time,False,lukebarousse/data_jobs
1119,"Complier Analyst, Hyderabad",Satyam Venture Engineering Services,"Hyderabad, Telangana, India","Title short: Business Analyst. Schedule: Full-time. Remote: False. Country: India. Skills: assembly, c, python.",assembly;c;python,analytics,"Complier Analyst, Hyderabad",Business Analyst,India,Full-time,False,lukebarousse/data_jobs
1120,Stagiaire Ingénieur-e Data Analyst F/H - H/F,aeroemploiformation.com,"Niort, France",Title short: Data Analyst. Schedule: Full-time. Remote: False. Country: France. Skills: power bi.,power bi,analytics,Stagiaire Ingénieur-e Data Analyst F/H - H/F,Data Analyst,France,Full-time,False,lukebarousse/data_jobs
1121,Sr. Data Analyst,A3malouna.com,Dubai - United Arab Emirates,"Title short: Data Analyst. Schedule: Full-time. Remote: False. Country: United Arab Emirates. Skills: airflow, bigquery, python, r, sql.",airflow;bigquery;python;r;sql,analytics,Sr. Data Analyst,Data Analyst,United Arab Emirates,Full-time,False,lukebarousse/data_jobs
1122,Product Analyst,Nordic Healthcare Group,"Turku, Finland",Title short: Software Engineer. Schedule: Full-time. Remote: False. Country: Finland. Skills: power bi.,power bi,analytics,Product Analyst,Software Engineer,Finland,Full-time,False,lukebarousse/data_jobs
1123,HR Data Analyst,"Stork, a Fluor Company","Utrecht, Netherlands",Title short: Data Analyst. Schedule: Full-time. Remote: False. Country: Netherlands. Skills: excel.,excel,analytics,HR Data Analyst,Data Analyst,Netherlands,Full-time,False,lukebarousse/data_jobs
1124,Business Analyst in Data Delivery for Monitoring and Validation Squad,ING,"Warsaw, Poland","Title short: Business Analyst. Schedule: Full-time. Remote: False. Country: Poland. Skills: python, sas, sql.",python;sas;sql,analytics,Business Analyst in Data Delivery for Monitoring and Validation Squad,Business Analyst,Poland,Full-time,False,lukebarousse/data_jobs
1125,BI Analyst,Nedbank,South Africa,Title short: Business Analyst. Schedule: Full-time. Remote: False. Country: South Africa. Skills: sql.,sql,analytics,BI Analyst,Business Analyst,South Africa,Full-time,False,lukebarousse/data_jobs
1126,Data Analyst,Aline HR Consultancy,"Borivali, Maharashtra, India",Title short: Data Analyst. Schedule: Full-time. Remote: False. Country: India. Skills: excel.,excel,analytics,Data Analyst,Data Analyst,India,Full-time,False,lukebarousse/data_jobs
1127,Data Analyst III,Radancy,"St. Louis, MO","Title short: Data Analyst. Schedule: Full-time. Remote: False. Country: United States. Skills: python, r.",python;r,analytics,Data Analyst III,Data Analyst,United States,Full-time,False,lukebarousse/data_jobs
1128,Lead Data Analyst,PrivatBank,Anywhere,"Title short: Data Analyst. Schedule: Full-time. Remote: True. Country: Ukraine. Skills: aws, azure, bigquery, gcp, looker, python, redshift, snowflake, sql, tableau.",aws;azure;bigquery;gcp;looker;python;redshift;snowflake;sql;tableau,analytics,Lead Data Analyst,Data Analyst,Ukraine,Full-time,True,lukebarousse/data_jobs
1129,Data Analyst (Remote),HireOne Sp. z. o. o.,"Warsaw, Poland","Title short: Data Analyst. Schedule: Full-time. Remote: False. Country: Poland. Skills: assembly, c#, powershell, python, sql.",assembly;c#;powershell;python;sql,analytics,Data Analyst (Remote),Data Analyst,Poland,Full-time,False,lukebarousse/data_jobs
1130,Flight Data Analyst (m/f/d),Quantum-Systems GmbH,"Gilching, Germany","Title short: Data Analyst. Schedule: Full-time. Remote: False. Country: Germany. Skills: c#, matlab, nosql, python.",c#;matlab;nosql;python,analytics,Flight Data Analyst (m/f/d),Data Analyst,Germany,Full-time,False,lukebarousse/data_jobs
1131,Provider Data Intake Analyst I,Elevance Health,"Atlanta, GA",Title short: Data Analyst. Schedule: Full-time. Remote: False. Country: United States. Skills: excel.,excel,analytics,Provider Data Intake Analyst I,Data Analyst,United States,Full-time,False,lukebarousse/data_jobs
1132,BI Analyst,eStoreMedia sp. z o.o.,Finland,"Title short: Business Analyst. Schedule: Full-time. Remote: False. Country: Finland. Skills: mysql, power bi, sql.",mysql;power bi;sql,analytics,BI Analyst,Business Analyst,Finland,Full-time,False,lukebarousse/data_jobs
1133,Business Process and Data Analyst,BRIDGE Housing,"San Francisco, CA","Title short: Data Analyst. Schedule: Full-time. Remote: False. Country: United States. Skills: excel, outlook, power bi, sharepoint, sheets, sql, ssrs.",excel;outlook;power bi;sharepoint;sheets;sql;ssrs,analytics,Business Process and Data Analyst,Data Analyst,United States,Full-time,False,lukebarousse/data_jobs
1134,Senior Operational Analyst,New Zealand Government,New Zealand,"Title short: Business Analyst. Schedule: Full-time and Temp work. Remote: False. Country: New Zealand. Skills: oracle, power bi, sql, windows.",oracle;power bi;sql;windows,analytics,Senior Operational Analyst,Business Analyst,New Zealand,Full-time and Temp work,False,lukebarousse/data_jobs
1135,Data Analyst,Aon,"Lisbon, Portugal","Title short: Data Analyst. Schedule: Full-time. Remote: False. Country: Portugal. Skills: snowflake, sql, ssis.",snowflake;sql;ssis,analytics,Data Analyst,Data Analyst,Portugal,Full-time,False,lukebarousse/data_jobs
1136,Data analyst - Mechelen - Dutch speaking,Computer Futures,"Antwerp, Belgium","Title short: Data Analyst. Schedule: Full-time. Remote: False. Country: Belgium. Skills: azure, cognos, perl, power bi, python, sql.",azure;cognos;perl;power bi;python;sql,analytics,Data analyst - Mechelen - Dutch speaking,Data Analyst,Belgium,Full-time,False,lukebarousse/data_jobs
1137,Digital Data Analyst (Direct-to-Consumer),On,"Zürich, Switzerland","Title short: Data Analyst. Schedule: Full-time. Remote: False. Country: Switzerland. Skills: looker, python, r, sql.",looker;python;r;sql,analytics,Digital Data Analyst (Direct-to-Consumer),Data Analyst,Switzerland,Full-time,False,lukebarousse/data_jobs
1138,Financial Data Analyst,Nexi Group,"Ballerup, Denmark",Title short: Data Analyst. Schedule: Full-time. Remote: False. Country: Denmark. Skills: sap.,sap,analytics,Financial Data Analyst,Data Analyst,Denmark,Full-time,False,lukebarousse/data_jobs
1139,Data Analyst,ASC American Sun Components,"Tamarac, FL","Title short: Data Analyst. Schedule: Full-time. Remote: False. Country: United States. Skills: excel, flow, power bi, r, sql, tableau.",excel;flow;power bi;r;sql;tableau,analytics,Data Analyst,Data Analyst,United States,Full-time,False,lukebarousse/data_jobs
1140,"Data Analyst - Part-Time, Alpha - an EDU Startup - $30,000/year USD",Crossover,"Orlando, FL",Title short: Data Analyst. Schedule: Part-time. Remote: False. Country: United States. Skills: go.,go,analytics,"Data Analyst - Part-Time, Alpha - an EDU Startup - $30,000/year USD",Data Analyst,United States,Part-time,False,lukebarousse/data_jobs
1141,Stage Data Analyst Planification H/F,RATP,"Paris, France",Title short: Data Analyst. Schedule: Full-time. Remote: False. Country: France. Skills: excel.,excel,analytics,Stage Data Analyst Planification H/F,Data Analyst,France,Full-time,False,lukebarousse/data_jobs
1142,Data Analyst,ONE,Anywhere,"Title short: Data Analyst. Schedule: Full-time. Remote: True. Country: India. Skills: bigquery, databricks, looker, snowflake, sql, tableau.",bigquery;databricks;looker;snowflake;sql;tableau,analytics,Data Analyst,Data Analyst,India,Full-time,True,lukebarousse/data_jobs
1143,13097186 - BCARD Data analyst C2 Chris,Capgemini,"Maharashtra, India","Title short: Data Analyst. Schedule: Full-time. Remote: False. Country: India. Skills: hadoop, python, r, sql, ssis.",hadoop;python;r;sql;ssis,analytics,13097186 - BCARD Data analyst C2 Chris,Data Analyst,India,Full-time,False,lukebarousse/data_jobs
1144,Data Analyst,KIPP,"Jacksonville, FL","Title short: Data Analyst. Schedule: Full-time. Remote: False. Country: United States. Skills: go, java, looker, node.js, power bi, powershell, python, ruby, sql, tableau.",go;java;looker;node.js;power bi;powershell;python;ruby;sql;tableau,analytics,Data Analyst,Data Analyst,United States,Full-time,False,lukebarousse/data_jobs
1145,Consultant - Clinical Data Analyst,NNIT AS,"Copenhagen, Denmark","Title short: Data Analyst. Schedule: Full-time. Remote: False. Country: Denmark. Skills: power bi, tableau.",power bi;tableau,analytics,Consultant - Clinical Data Analyst,Data Analyst,Denmark,Full-time,False,lukebarousse/data_jobs
1146,Data Analyst F/H,CARAZ,"Montrouge, France","Title short: Data Analyst. Schedule: Full-time. Remote: False. Country: France. Skills: python, sql.",python;sql,analytics,Data Analyst F/H,Data Analyst,France,Full-time,False,lukebarousse/data_jobs
1147,Data Analyst,Align Communications,"New York, NY","Title short: Data Analyst. Schedule: Full-time. Remote: False. Country: United States. Skills: asp.net, c#, excel, ms access, outlook, sharepoint, sql, sql server, ssis, ssrs, vb.net, vba, word.",asp.net;c#;excel;ms access;outlook;sharepoint;sql;sql server;ssis;ssrs;vb.net;vba;word,analytics,Data Analyst,Data Analyst,United States,Full-time,False,lukebarousse/data_jobs
1148,"AVP, Finance Strategy Business Analytics Development, Group Finance",United Overseas Bank,Singapore,"Title short: Business Analyst. Schedule: Full-time. Remote: False. Country: Singapore. Skills: dax, excel, power bi, python, qlik, r, sql, ssrs, tableau, vba.",dax;excel;power bi;python;qlik;r;sql;ssrs;tableau;vba,analytics,"AVP, Finance Strategy Business Analytics Development, Group Finance",Business Analyst,Singapore,Full-time,False,lukebarousse/data_jobs
1149,Data Analyst,Andersen,"Warsaw, Poland","Title short: Data Analyst. Schedule: Full-time. Remote: False. Country: Poland. Skills: aws, excel, python.",aws;excel;python,analytics,Data Analyst,Data Analyst,Poland,Full-time,False,lukebarousse/data_jobs
1150,Budget & Data Analyst,"Village of Rantoul, IL","Rantoul, IL",Title short: Data Analyst. Schedule: Full-time. Remote: False. Country: United States. Skills: sheets.,sheets,analytics,Budget & Data Analyst,Data Analyst,United States,Full-time,False,lukebarousse/data_jobs
1151,Data Analyst,airbus,"Getafe, Spain","Title short: Data Analyst. Schedule: Full-time. Remote: False. Country: Spain. Skills: pyspark, python.",pyspark;python,analytics,Data Analyst,Data Analyst,Spain,Full-time,False,lukebarousse/data_jobs
1152,Repsol Data Analytics CFO,Repsol,"Madrid, Spain",Title short: Data Analyst. Schedule: Full-time. Remote: False. Country: Spain. Skills: power bi.,power bi,analytics,Repsol Data Analytics CFO,Data Analyst,Spain,Full-time,False,lukebarousse/data_jobs
1153,Senior Data Analyst,Bluetime SA,"Auderghem, Belgium",Title short: Senior Data Analyst. Schedule: Full-time. Remote: False. Country: Belgium. Skills: excel.,excel,analytics,Senior Data Analyst,Senior Data Analyst,Belgium,Full-time,False,lukebarousse/data_jobs
1154,Data Analyst,MarineTraffic,Anywhere,"Title short: Data Analyst. Schedule: Full-time. Remote: True. Country: Greece. Skills: aws, python, sql, tableau.",aws;python;sql;tableau,analytics,Data Analyst,Data Analyst,Greece,Full-time,True,lukebarousse/data_jobs
1155,Data Analyst im Bereich Data Governance 80-100%,Credit Suisse AG,"Horgen, Switzerland","Title short: Data Analyst. Schedule: Part-time. Remote: False. Country: Switzerland. Skills: python, sas, sql.",python;sas;sql,analytics,Data Analyst im Bereich Data Governance 80-100%,Data Analyst,Switzerland,Part-time,False,lukebarousse/data_jobs
1156,Senior Data Analyst/Engineer - Vulnerability Assessment,Dell Technologies,"Dublin, Ireland","Title short: Senior Data Analyst. Schedule: Full-time. Remote: False. Country: Ireland. Skills: jupyter, mongo, nosql, power bi, sql, tableau.",jupyter;mongo;nosql;power bi;sql;tableau,analytics,Senior Data Analyst/Engineer - Vulnerability Assessment,Senior Data Analyst,Ireland,Full-time,False,lukebarousse/data_jobs
1157,Data Analyst,Konnekt,"Malta, Austria",Title short: Data Analyst. Schedule: Full-time. Remote: False. Country: Austria. Skills: sql.,sql,analytics,Data Analyst,Data Analyst,Austria,Full-time,False,lukebarousse/data_jobs
1158,Senior Business Intelligence Analyst/Developer,Acronis,"Warsaw, Poland","Title short: Business Analyst. Schedule: Full-time. Remote: False. Country: Poland. Skills: git, python, qlik, sql, ssis, ssrs, t-sql.",git;python;qlik;sql;ssis;ssrs;t-sql,analytics,Senior Business Intelligence Analyst/Developer,Business Analyst,Poland,Full-time,False,lukebarousse/data_jobs
1159,Specialist- Data Analyst,BayOne,"San Francisco, CA","Title short: Data Analyst. Schedule: Full-time. Remote: False. Country: United States. Skills: db2, gcp, hadoop, oracle.",db2;gcp;hadoop;oracle,analytics,Specialist- Data Analyst,Data Analyst,United States,Full-time,False,lukebarousse/data_jobs
1160,Senior Product Data Analyst (m/f/d),Flaconi GmbH,"Berlin, Germany","Title short: Senior Data Analyst. Schedule: Full-time. Remote: False. Country: Germany. Skills: flow, python, sql.",flow;python;sql,analytics,Senior Product Data Analyst (m/f/d),Senior Data Analyst,Germany,Full-time,False,lukebarousse/data_jobs
1161,Data Analyst and Analytics - Commercial Pharma,Greymatter Innovationz,Anywhere,"Title short: Data Analyst. Schedule: Full-time. Remote: True. Country: India. Skills: alteryx, excel, python, r, sql, tableau, vba.",alteryx;excel;python;r;sql;tableau;vba,analytics,Data Analyst and Analytics - Commercial Pharma,Data Analyst,India,Full-time,True,lukebarousse/data_jobs
1162,Senior Threat Intelligence & Data analyst,Armis Security,"Tel Aviv-Yafo, Israel",Title short: Data Analyst. Schedule: Full-time. Remote: False. Country: Israel. Skills: python.,python,analytics,Senior Threat Intelligence & Data analyst,Data Analyst,Israel,Full-time,False,lukebarousse/data_jobs
1163,Data Analyst Product,JobTeaser,Anywhere,"Title short: Data Analyst. Schedule: Full-time. Remote: True. Country: France. Skills: sql, tableau.",sql;tableau,analytics,Data Analyst Product,Data Analyst,France,Full-time,True,lukebarousse/data_jobs
1164,Medical Analyst,Gap Inc.,"Albuquerque, NM","Title short: Business Analyst. Schedule: Full-time. Remote: False. Country: Sudan. Skills: excel, oracle.",excel;oracle,analytics,Medical Analyst,Business Analyst,Sudan,Full-time,False,lukebarousse/data_jobs
1165,R18683 HR Senior Data Analyst,Magnit,New York,"Title short: Senior Data Analyst. Schedule: Contractor. Remote: False. Country: United States. Skills: excel, ms access, oracle, power bi, qlik.",excel;ms access;oracle;power bi;qlik,analytics,R18683 HR Senior Data Analyst,Senior Data Analyst,United States,Contractor,False,lukebarousse/data_jobs
1166,Principal Engineer - Data & Analytics,GSK,"Bengaluru, Karnataka, India","Title short: Data Engineer. Schedule: Full-time. Remote: False. Country: India. Skills: ansible, aws, azure, chef, databricks, gcp, puppet, spark, terraform.",ansible;aws;azure;chef;databricks;gcp;puppet;spark;terraform,analytics,Principal Engineer - Data & Analytics,Data Engineer,India,Full-time,False,lukebarousse/data_jobs
1167,Business Intelligence Analyst,Hong Kong Adventist Hospital - Tsuen Wan,Hong Kong,"Title short: Business Analyst. Schedule: Full-time. Remote: False. Country: Hong Kong. Skills: linux, oracle, power bi, sql, tableau.",linux;oracle;power bi;sql;tableau,analytics,Business Intelligence Analyst,Business Analyst,Hong Kong,Full-time,False,lukebarousse/data_jobs
1168,Azure Data Analyst,Devoteam Belgium,"Zaventem, Belgium","Title short: Data Analyst. Schedule: Full-time. Remote: False. Country: Belgium. Skills: aws, azure, databricks, go, power bi, pyspark, python, sql, sql server, ssis, t-sql, tableau.",aws;azure;databricks;go;power bi;pyspark;python;sql;sql server;ssis;t-sql;tableau,analytics,Azure Data Analyst,Data Analyst,Belgium,Full-time,False,lukebarousse/data_jobs
1169,(Senior-) Master Data Analyst (m/w/d),Compass Group Deutschland GmbH,"Eschborn, Germany",Title short: Data Analyst. Schedule: Full-time. Remote: False. Country: Germany. Skills: sap.,sap,analytics,(Senior-) Master Data Analyst (m/w/d),Data Analyst,Germany,Full-time,False,lukebarousse/data_jobs
1170,"Data Analyst, Energy Industry Content",S&P Global,"Makati, Metro Manila, Philippines","Title short: Data Analyst. Schedule: Full-time. Remote: False. Country: Philippines. Skills: excel, sql.",excel;sql,analytics,"Data Analyst, Energy Industry Content",Data Analyst,Philippines,Full-time,False,lukebarousse/data_jobs
1171,"Data Analyst, Cloud Systems",SAIC,"McLean, VA","Title short: Data Analyst. Schedule: Full-time. Remote: False. Country: United States. Skills: aws, azure, confluence, gcp, ibm cloud, oracle, power bi, tableau.",aws;azure;confluence;gcp;ibm cloud;oracle;power bi;tableau,analytics,"Data Analyst, Cloud Systems",Data Analyst,United States,Full-time,False,lukebarousse/data_jobs
1172,"Analyst, NAV/BC Ceres Software Support (Remote)",Feeding America,Anywhere,Title short: Business Analyst. Schedule: Full-time. Remote: True. Country: United States. Skills: word.,word,analytics,"Analyst, NAV/BC Ceres Software Support (Remote)",Business Analyst,United States,Full-time,True,lukebarousse/data_jobs
1173,BUSINESS INTELIGENCE DEVELOPER - Debmarine Namibia,Debmarine Namibia,"Windhoek, Namibia","Title short: Business Analyst. Schedule: Full-time. Remote: False. Country: Namibia. Skills: azure, power bi, sap, sql, sql server.",azure;power bi;sap;sql;sql server,analytics,BUSINESS INTELIGENCE DEVELOPER - Debmarine Namibia,Business Analyst,Namibia,Full-time,False,lukebarousse/data_jobs
1174,Data Architect,TMF Group,"Bogotá, Bogota, Colombia","Title short: Data Analyst. Schedule: Full-time. Remote: False. Country: Colombia. Skills: alteryx, azure, cognos, gdpr, sql, ssis, ssrs, t-sql.",alteryx;azure;cognos;gdpr;sql;ssis;ssrs;t-sql,analytics,Data Architect,Data Analyst,Colombia,Full-time,False,lukebarousse/data_jobs
1175,Sustainability Engineer / Data Analyst,The Hong Kong Polytechnic University,Hong Kong,"Title short: Data Analyst. Schedule: Full-time. Remote: False. Country: Hong Kong. Skills: c, excel, vba.",c;excel;vba,analytics,Sustainability Engineer / Data Analyst,Data Analyst,Hong Kong,Full-time,False,lukebarousse/data_jobs
1176,Financial Data Analyst,Ambassador Theatre Group,"San Antonio, TX","Title short: Data Analyst. Schedule: Full-time. Remote: False. Country: United States. Skills: cognos, excel.",cognos;excel,analytics,Financial Data Analyst,Data Analyst,United States,Full-time,False,lukebarousse/data_jobs
1177,Student Internship: Data,Lunar,"Copenhagen, Denmark","Title short: Data Analyst. Schedule: Internship. Remote: False. Country: Denmark. Skills: airflow, python, sql.",airflow;python;sql,analytics,Student Internship: Data,Data Analyst,Denmark,Internship,False,lukebarousse/data_jobs
1178,Data Analyst,"Aara Technologies, Inc","Greenville, SC","Title short: Data Analyst. Schedule: Full-time. Remote: False. Country: United States. Skills: excel, sql.",excel;sql,analytics,Data Analyst,Data Analyst,United States,Full-time,False,lukebarousse/data_jobs
1179,Junior Data Governance Analyst,Axa,"Puteaux, France",Title short: Data Analyst. Schedule: Full-time. Remote: False. Country: France. Skills: gdpr.,gdpr,analytics,Junior Data Governance Analyst,Data Analyst,France,Full-time,False,lukebarousse/data_jobs
1180,Data Analyst Supporting the US Attorney's Office,Forfeiture Support Associates,Puerto Rico,"Title short: Data Analyst. Schedule: Full-time. Remote: False. Country: Puerto Rico. Skills: excel, powerpoint, word.",excel;powerpoint;word,analytics,Data Analyst Supporting the US Attorney's Office,Data Analyst,Puerto Rico,Full-time,False,lukebarousse/data_jobs
1181,Data analyst performance CRM F/H,Printemps,"Paris, France","Title short: Data Analyst. Schedule: Full-time. Remote: False. Country: France. Skills: python, sas.",python;sas,analytics,Data analyst performance CRM F/H,Data Analyst,France,Full-time,False,lukebarousse/data_jobs
1182,Business Data Analyst,HUMAC INC.,"Reston, VA","Title short: Data Analyst. Schedule: Contractor. Remote: False. Country: United States. Skills: aws, databricks, python, redshift, snowflake, sql, tableau.",aws;databricks;python;redshift;snowflake;sql;tableau,analytics,Business Data Analyst,Data Analyst,United States,Contractor,False,lukebarousse/data_jobs
1183,Security Data Analyst - Remote,Jobleads-UK,"Edinburgh, UK","Title short: Data Analyst. Schedule: Full-time. Remote: False. Country: United Kingdom. Skills: bash, go, linux, php, python, sql.",bash;go;linux;php;python;sql,analytics,Security Data Analyst - Remote,Data Analyst,United Kingdom,Full-time,False,lukebarousse/data_jobs
1184,Sr. Supply Chain Data Analyst,Saputo Inc.,"Milwaukee, WI","Title short: Senior Data Analyst. Schedule: Full-time. Remote: False. Country: United States. Skills: dax, flow, power bi.",dax;flow;power bi,analytics,Sr. Supply Chain Data Analyst,Senior Data Analyst,United States,Full-time,False,lukebarousse/data_jobs
1185,Sr Data Analyst,Genuine Parts Company,"Rex, GA",Title short: Data Analyst. Schedule: Full-time. Remote: False. Country: United States. Skills: sql.,sql,analytics,Sr Data Analyst,Data Analyst,United States,Full-time,False,lukebarousse/data_jobs
1186,BI Analyst,Hays,"Orlando, FL","Title short: Business Analyst. Schedule: Full-time. Remote: False. Country: United States. Skills: sql, tableau.",sql;tableau,analytics,BI Analyst,Business Analyst,United States,Full-time,False,lukebarousse/data_jobs
1187,Data & Analytics Platform Engineer,Blue Cross NC,Anywhere,"Title short: Data Engineer. Schedule: Full-time. Remote: True. Country: United States. Skills: aws, db2, github, hadoop, jenkins, oracle, python, snowflake, sql, sql server, unix.",aws;db2;github;hadoop;jenkins;oracle;python;snowflake;sql;sql server;unix,analytics,Data & Analytics Platform Engineer,Data Engineer,United States,Full-time,True,lukebarousse/data_jobs
1188,Data Analyst,MAPAL Group,"Madrid, Spain","Title short: Data Analyst. Schedule: Full-time. Remote: False. Country: Spain. Skills: sql, sql server.",sql;sql server,analytics,Data Analyst,Data Analyst,Spain,Full-time,False,lukebarousse/data_jobs
1189,IT Quality Data Analyst,Saxon Global,"San Leandro, CA","Title short: Data Analyst. Schedule: Full-time. Remote: False. Country: United States. Skills: sql, sql server, tableau.",sql;sql server;tableau,analytics,IT Quality Data Analyst,Data Analyst,United States,Full-time,False,lukebarousse/data_jobs
1190,BI Analyst Azure,Oliver James,Belgium,"Title short: Business Analyst. Schedule: Contractor. Remote: False. Country: Belgium. Skills: azure, power bi, sql.",azure;power bi;sql,analytics,BI Analyst Azure,Business Analyst,Belgium,Contractor,False,lukebarousse/data_jobs
1191,Analyst,HireGenics,"Madison, WI","Title short: Business Analyst. Schedule: Contractor. Remote: False. Country: United States. Skills: excel, sap.",excel;sap,analytics,Analyst,Business Analyst,United States,Contractor,False,lukebarousse/data_jobs
1192,Logistics Business Data Analyst,Applied Materials,Singapore,"Title short: Data Analyst. Schedule: Full-time. Remote: False. Country: Singapore. Skills: excel, flow, powerpoint, python, r, sap, tableau, unix, word.",excel;flow;powerpoint;python;r;sap;tableau;unix;word,analytics,Logistics Business Data Analyst,Data Analyst,Singapore,Full-time,False,lukebarousse/data_jobs
1193,Data analyst,E-Works,France,"Title short: Data Analyst. Schedule: Full-time. Remote: False. Country: France. Skills: excel, vba.",excel;vba,analytics,Data analyst,Data Analyst,France,Full-time,False,lukebarousse/data_jobs
1194,Medical Information Analyst,Bespoke Recruitment,"Rome, Metropolitan City of Rome Capital, Italy","Title short: Data Analyst. Schedule: Full-time. Remote: False. Country: Italy. Skills: excel, outlook, word.",excel;outlook;word,analytics,Medical Information Analyst,Data Analyst,Italy,Full-time,False,lukebarousse/data_jobs
1195,Business/ Data Analyst,BIGTAPP PTE. LTD.,Singapore,"Title short: Data Analyst. Schedule: Full-time. Remote: False. Country: Singapore. Skills: power bi, sql, tableau.",power bi;sql;tableau,analytics,Business/ Data Analyst,Data Analyst,Singapore,Full-time,False,lukebarousse/data_jobs
1196,Business Data Analyst H/F,Caisse des Dépôts et Consignations,"Paris, France","Title short: Data Analyst. Schedule: Full-time. Remote: False. Country: France. Skills: sap, sql, sql server, tableau.",sap;sql;sql server;tableau,analytics,Business Data Analyst H/F,Data Analyst,France,Full-time,False,lukebarousse/data_jobs
1197,Senior Marketing BI Analyst (d/f/m) - Berlin or Remote Germany,Personio,"Berlin, Germany","Title short: Business Analyst. Schedule: Full-time. Remote: False. Country: Germany. Skills: snowflake, sql, tableau.",snowflake;sql;tableau,analytics,Senior Marketing BI Analyst (d/f/m) - Berlin or Remote Germany,Business Analyst,Germany,Full-time,False,lukebarousse/data_jobs
1198,Data Analyst:In,PebEx AG,"Zürich, Switzerland","Title short: Data Analyst. Schedule: Full-time. Remote: False. Country: Switzerland. Skills: matlab, python, r, sql.",matlab;python;r;sql,analytics,Data Analyst:In,Data Analyst,Switzerland,Full-time,False,lukebarousse/data_jobs
1199,Retail Data Analyst,Forest Garden,"Hartlebury, UK","Title short: Data Analyst. Schedule: Full-time. Remote: False. Country: United Kingdom. Skills: dax, excel, looker, power bi, python, r, sql, vba.",dax;excel;looker;power bi;python;r;sql;vba,analytics,Retail Data Analyst,Data Analyst,United Kingdom,Full-time,False,lukebarousse/data_jobs
1200,Lead Data Analyst,GL events,"Lyon, France","Title short: Data Analyst. Schedule: Full-time. Remote: False. Country: France. Skills: bigquery, power bi, sql.",bigquery;power bi;sql,analytics,Lead Data Analyst,Data Analyst,France,Full-time,False,lukebarousse/data_jobs
1201,"Data/Reporting Analyst, Senior",City of Atlanta,"Atlanta, GA","Title short: Senior Data Analyst. Schedule: Full-time. Remote: False. Country: United States. Skills: excel, word.",excel;word,bi,"Data/Reporting Analyst, Senior",Senior Data Analyst,United States,Full-time,False,lukebarousse/data_jobs
1202,Senior Business Intelligence (BI) Data Analyst,Dyson,Singapore,"Title short: Senior Data Analyst. Schedule: Full-time. Remote: False. Country: Singapore. Skills: gcp, sap, sql, tableau.",gcp;sap;sql;tableau,bi,Senior Business Intelligence (BI) Data Analyst,Senior Data Analyst,Singapore,Full-time,False,lukebarousse/data_jobs
1203,Data Warehouse / Business Intelligence Entwickler (m/w/d),CA Auto Bank S.p.A. Niederlassung Deutschland,"Heilbronn, Germany","Title short: Data Engineer. Schedule: Full-time. Remote: False. Country: Germany. Skills: oracle, sap, sql.",oracle;sap;sql,bi,Data Warehouse / Business Intelligence Entwickler (m/w/d),Data Engineer,Germany,Full-time,False,lukebarousse/data_jobs
1204,"Senior Data Analyst, Business Intelligence",Cox Communications,"Brookhaven, GA","Title short: Senior Data Analyst. Schedule: Full-time. Remote: False. Country: United States. Skills: aws, excel, hadoop, microstrategy, oracle, snowflake, sql.",aws;excel;hadoop;microstrategy;oracle;snowflake;sql,bi,"Senior Data Analyst, Business Intelligence",Senior Data Analyst,United States,Full-time,False,lukebarousse/data_jobs
1205,Data Engineer - Business Intelligence [12-month Contract],ConnectedGroup,Hong Kong,"Title short: Data Engineer. Schedule: Contractor. Remote: False. Country: Hong Kong. Skills: python, sql, word.",python;sql;word,bi,Data Engineer - Business Intelligence [12-month Contract],Data Engineer,Hong Kong,Contractor,False,lukebarousse/data_jobs
1206,Branch Real Estate Senior Data & BI Analyst,EDWARD JONES,"Cuba, MO","Title short: Senior Data Analyst. Schedule: Full-time. Remote: False. Country: United States. Skills: hadoop, nosql, oracle, sql.",hadoop;nosql;oracle;sql,bi,Branch Real Estate Senior Data & BI Analyst,Senior Data Analyst,United States,Full-time,False,lukebarousse/data_jobs
1207,Data Engineer/ Business intelligence engineer,Job Juncture,"Provo, UT","Title short: Data Engineer. Schedule: Full-time. Remote: False. Country: Sudan. Skills: gcp, looker, postgresql, sql, tableau.",gcp;looker;postgresql;sql;tableau,bi,Data Engineer/ Business intelligence engineer,Data Engineer,Sudan,Full-time,False,lukebarousse/data_jobs
1208,"Data Engineer, Business Intelligence",Block,"Los Angeles, CA","Title short: Data Engineer. Schedule: Full-time. Remote: False. Country: Sudan. Skills: azure, c, flow, go, looker, redshift, snowflake, sql, tableau.",azure;c;flow;go;looker;redshift;snowflake;sql;tableau,bi,"Data Engineer, Business Intelligence",Data Engineer,Sudan,Full-time,False,lukebarousse/data_jobs
1209,Data Engineer / Business Intelligence Developer (m/w/d),BIVAL GmbH,"Ingolstadt, Germany",Title short: Data Engineer. Schedule: Full-time. Remote: False. Country: Germany. Skills: python.,python,bi,Data Engineer / Business Intelligence Developer (m/w/d),Data Engineer,Germany,Full-time,False,lukebarousse/data_jobs
1210,"Business Intelligence Engineer , Data Center Engineering Analytics",Amazon Web Services (AWS),"Austin, TX","Title short: Data Engineer. Schedule: Full-time. Remote: False. Country: United States. Skills: aws, dynamodb, nosql, oracle, python, redshift, sql, tableau.",aws;dynamodb;nosql;oracle;python;redshift;sql;tableau,bi,"Business Intelligence Engineer , Data Center Engineering Analytics",Data Engineer,United States,Full-time,False,lukebarousse/data_jobs
1211,Senior Reporting Analyst,Direct Search Asia Pte. Ltd.,Malaysia,"Title short: Senior Data Analyst. Schedule: Full-time. Remote: False. Country: Malaysia. Skills: excel, power bi, powerpoint, sap, word.",excel;power bi;powerpoint;sap;word,bi,Senior Reporting Analyst,Senior Data Analyst,Malaysia,Full-time,False,lukebarousse/data_jobs
1212,Business Intelligence Data Engineer,Jobot,"Tampa, FL",Title short: Data Engineer. Schedule: Full-time. Remote: False. Country: United States. Skills: qlik.,qlik,bi,Business Intelligence Data Engineer,Data Engineer,United States,Full-time,False,lukebarousse/data_jobs
1213,Sr Business Intelligence Data Engineer,American National Insurance Company,"League City, TX","Title short: Senior Data Engineer. Schedule: Full-time. Remote: False. Country: United States. Skills: aws, azure, db2, snowflake, sql, sql server, ssis.",aws;azure;db2;snowflake;sql;sql server;ssis,bi,Sr Business Intelligence Data Engineer,Senior Data Engineer,United States,Full-time,False,lukebarousse/data_jobs
1214,Business Intelligence Data Engineer 2,Tampa General Hospital,"Tampa, FL","Title short: Data Engineer. Schedule: Full-time. Remote: False. Country: United States. Skills: azure, java, python, qlik, r, sql, ssis.",azure;java;python;qlik;r;sql;ssis,bi,Business Intelligence Data Engineer 2,Data Engineer,United States,Full-time,False,lukebarousse/data_jobs
1215,Business Intelligence Data Engineer,Barnes & Noble,"New York, NY","Title short: Data Engineer. Schedule: Full-time. Remote: False. Country: United States. Skills: azure, databricks, nosql, pyspark, python, sql.",azure;databricks;nosql;pyspark;python;sql,bi,Business Intelligence Data Engineer,Data Engineer,United States,Full-time,False,lukebarousse/data_jobs
1216,Business Intelligence Data Engineer,ARCHIMED,"Phoenix, AZ","Title short: Data Engineer. Schedule: Full-time. Remote: False. Country: Sudan. Skills: cognos, crystal, excel, phoenix, power bi, powershell, python, r, sas, sql, sql server, ssrs, tableau, vba.",cognos;crystal;excel;phoenix;power bi;powershell;python;r;sas;sql;sql server;ssrs;tableau;vba,bi,Business Intelligence Data Engineer,Data Engineer,Sudan,Full-time,False,lukebarousse/data_jobs
1217,"Data Engineer, Business Intelligence",Block,"Toronto, ON, Canada","Title short: Data Engineer. Schedule: Full-time. Remote: False. Country: Canada. Skills: airflow, azure, git, go, looker, python, redshift, snowflake, sql, tableau.",airflow;azure;git;go;looker;python;redshift;snowflake;sql;tableau,bi,"Data Engineer, Business Intelligence",Data Engineer,Canada,Full-time,False,lukebarousse/data_jobs
1218,Business Intelligence - Data Support Sr Analyst,Bank of America,"Charlotte, NC","Title short: Senior Data Analyst. Schedule: Full-time. Remote: False. Country: United States. Skills: git, sql, tableau.",git;sql;tableau,bi,Business Intelligence - Data Support Sr Analyst,Senior Data Analyst,United States,Full-time,False,lukebarousse/data_jobs
1219,Sr. Reporting Analyst,Reed Czech Republic,"Prague, Czechia","Title short: Senior Data Analyst. Schedule: Full-time. Remote: False. Country: Czechia. Skills: looker, power bi, sql, tableau.",looker;power bi;sql;tableau,bi,Sr. Reporting Analyst,Senior Data Analyst,Czechia,Full-time,False,lukebarousse/data_jobs
1220,Power Business Intelligence (BI) Developer - Remote,DSA,Anywhere,"Title short: Software Engineer. Schedule: Full-time. Remote: True. Country: United States. Skills: jira, power bi, powerpoint, sharepoint.",jira;power bi;powerpoint;sharepoint,bi,Power Business Intelligence (BI) Developer - Remote,Software Engineer,United States,Full-time,True,lukebarousse/data_jobs
1221,Business Intelligence Data Engineer,Khaadi Corporation,"Karachi, Pakistan","Title short: Data Engineer. Schedule: Full-time. Remote: False. Country: Pakistan. Skills: go, power bi, sql, sql server, t-sql.",go;power bi;sql;sql server;t-sql,bi,Business Intelligence Data Engineer,Data Engineer,Pakistan,Full-time,False,lukebarousse/data_jobs
1222,Business Intelligence: Data Engineer - IRC203112 IRC203112,Hitachi Careers,"Noida, Uttar Pradesh, India","Title short: Data Engineer. Schedule: Full-time. Remote: False. Country: India. Skills: bigquery, gcp, kafka, linux, nosql, python, splunk, sql.",bigquery;gcp;kafka;linux;nosql;python;splunk;sql,bi,Business Intelligence: Data Engineer - IRC203112 IRC203112,Data Engineer,India,Full-time,False,lukebarousse/data_jobs
1223,Senior Reporting Analyst,Conectys,Philippines,"Title short: Senior Data Analyst. Schedule: nan. Remote: False. Country: Philippines. Skills: excel, power bi, sql, vba.",excel;power bi;sql;vba,bi,Senior Reporting Analyst,Senior Data Analyst,Philippines,,False,lukebarousse/data_jobs
1224,Data Engineer (Business Intelligence Team),eMAG,Romania,"Title short: Data Engineer. Schedule: Full-time. Remote: False. Country: Romania. Skills: bigquery, oracle, redshift, snowflake, sql, sql server.",bigquery;oracle;redshift;snowflake;sql;sql server,bi,Data Engineer (Business Intelligence Team),Data Engineer,Romania,Full-time,False,lukebarousse/data_jobs
1225,Business Intelligence and Analytics Lead - Data Engineer,Charter Steel,"Saukville, WI","Title short: Data Engineer. Schedule: Full-time. Remote: False. Country: United States. Skills: alteryx, azure, oracle, sap, snowflake, sql, tableau.",alteryx;azure;oracle;sap;snowflake;sql;tableau,bi,Business Intelligence and Analytics Lead - Data Engineer,Data Engineer,United States,Full-time,False,lukebarousse/data_jobs
1226,Business Intelligence Engineer / BI Analyst / Data Architect (w/m/d),smart digital.,"Gerlingen, Germany","Title short: Data Engineer. Schedule: Full-time. Remote: False. Country: Germany. Skills: azure, databricks, looker, tableau.",azure;databricks;looker;tableau,bi,Business Intelligence Engineer / BI Analyst / Data Architect (w/m/d),Data Engineer,Germany,Full-time,False,lukebarousse/data_jobs
1227,Business Intelligence Data Engineer (w/m/d),Bison,Anywhere,"Title short: Data Engineer. Schedule: Part-time. Remote: True. Country: Switzerland. Skills: qlik, ssis, ssrs, t-sql.",qlik;ssis;ssrs;t-sql,bi,Business Intelligence Data Engineer (w/m/d),Data Engineer,Switzerland,Part-time,True,lukebarousse/data_jobs
1228,Reporting Analyst - Hybrid,Appen,Anywhere,"Title short: Cloud Engineer. Schedule: nan. Remote: True. Country: Philippines. Skills: power bi, sql.",power bi;sql,bi,Reporting Analyst - Hybrid,Cloud Engineer,Philippines,,True,lukebarousse/data_jobs
1229,"Senior Business Intelligence Consultant Data and Analytics, Sweden...",Epicalgroup,Sweden,"Title short: Senior Data Analyst. Schedule: Full-time. Remote: False. Country: Sweden. Skills: azure, databricks, power bi, snowflake.",azure;databricks;power bi;snowflake,bi,"Senior Business Intelligence Consultant Data and Analytics, Sweden...",Senior Data Analyst,Sweden,Full-time,False,lukebarousse/data_jobs
1230,Business Intelligence Data Engineer,Experis,"Tampa, FL","Title short: Data Engineer. Schedule: Full-time. Remote: False. Country: United States. Skills: azure, java, python, qlik, r, sql, ssis.",azure;java;python;qlik;r;sql;ssis,bi,Business Intelligence Data Engineer,Data Engineer,United States,Full-time,False,lukebarousse/data_jobs
1231,Senior Data Analyst - Business Intelligence | Fidelidade,Fidelidade,"Lisbon, Portugal",Title short: Senior Data Analyst. Schedule: Full-time. Remote: False. Country: Portugal. Skills: sas.,sas,bi,Senior Data Analyst - Business Intelligence | Fidelidade,Senior Data Analyst,Portugal,Full-time,False,lukebarousse/data_jobs
1232,Senior Data Analyst - Business Intelligence,COX Enterprises,"Macon, GA","Title short: Senior Data Analyst. Schedule: Full-time. Remote: False. Country: United States. Skills: aws, excel, hadoop, microstrategy, oracle, snowflake, sql.",aws;excel;hadoop;microstrategy;oracle;snowflake;sql,bi,Senior Data Analyst - Business Intelligence,Senior Data Analyst,United States,Full-time,False,lukebarousse/data_jobs
1233,Data Engineer til Business Intelligence-afdeling,DSB,"Copenhagen, Denmark","Title short: Data Engineer. Schedule: Full-time. Remote: False. Country: Denmark. Skills: azure, databricks, power bi, python.",azure;databricks;power bi;python,bi,Data Engineer til Business Intelligence-afdeling,Data Engineer,Denmark,Full-time,False,lukebarousse/data_jobs
1234,Business Intelligence Data Engineer - Dublin - Permanent - Office,Eolas Recruitment,"Dublin, Ireland","Title short: Data Engineer. Schedule: Full-time. Remote: False. Country: Ireland. Skills: aws, azure, gcp, hadoop, java, power bi, python, spark, sql, sql server, t-sql, tableau.",aws;azure;gcp;hadoop;java;power bi;python;spark;sql;sql server;t-sql;tableau,bi,Business Intelligence Data Engineer - Dublin - Permanent - Office,Data Engineer,Ireland,Full-time,False,lukebarousse/data_jobs
1235,"Data Analytics/ Business Intelligence Engineer :: Los Angeles, CA...",DataFactZ,"Los Angeles, CA","Title short: Data Engineer. Schedule: Contractor. Remote: False. Country: United States. Skills: python, redshift, snowflake, sql, tableau.",python;redshift;snowflake;sql;tableau,bi,"Data Analytics/ Business Intelligence Engineer :: Los Angeles, CA...",Data Engineer,United States,Contractor,False,lukebarousse/data_jobs
1236,Data Engineer Databricks - Hospitality Business Intelligence (BI),Amadeus,"Nice, France","Title short: Data Engineer. Schedule: Full-time. Remote: False. Country: France. Skills: airflow, azure, databricks, snowflake, sql.",airflow;azure;databricks;snowflake;sql,bi,Data Engineer Databricks - Hospitality Business Intelligence (BI),Data Engineer,France,Full-time,False,lukebarousse/data_jobs
1237,Data Engineer - Business intelligence developer to Scania,Scania Group,Anywhere,"Title short: Data Engineer. Schedule: Full-time. Remote: True. Country: Sweden. Skills: aws, git, jira, oracle, snowflake, sql, sql server.",aws;git;jira;oracle;snowflake;sql;sql server,bi,Data Engineer - Business intelligence developer to Scania,Data Engineer,Sweden,Full-time,True,lukebarousse/data_jobs
1238,Controller - Data Management and Business Intelligence (m/w/d),WeMatch.,"Düsseldorf, Germany","Title short: Data Engineer. Schedule: Full-time. Remote: False. Country: Germany. Skills: sas, snowflake, tableau.",sas;snowflake;tableau,bi,Controller - Data Management and Business Intelligence (m/w/d),Data Engineer,Germany,Full-time,False,lukebarousse/data_jobs
1239,Business Intelligence Developer/Data Engineer,Teradyne,Philippines,"Title short: Data Engineer. Schedule: Full-time. Remote: False. Country: Philippines. Skills: azure, power bi, sql, ssis, tableau.",azure;power bi;sql;ssis;tableau,bi,Business Intelligence Developer/Data Engineer,Data Engineer,Philippines,Full-time,False,lukebarousse/data_jobs
1240,Jobs at MTN – Data Engineer Business Intelligence,MTN,"Bloemfontein, South Africa","Title short: Data Engineer. Schedule: Full-time. Remote: False. Country: South Africa. Skills: hadoop, oracle, sql.",hadoop;oracle;sql,bi,Jobs at MTN – Data Engineer Business Intelligence,Data Engineer,South Africa,Full-time,False,lukebarousse/data_jobs
1241,Operating System Reporting Analyst,Kimberly-Clark,"Alajuela Province, Orotina, Costa Rica",Title short: Software Engineer. Schedule: Full-time. Remote: False. Country: Costa Rica. Skills: power bi.,power bi,bi,Operating System Reporting Analyst,Software Engineer,Costa Rica,Full-time,False,lukebarousse/data_jobs
1242,Senior Reporting Analyst,New Zealand Government,"Wellington, New Zealand","Title short: Senior Data Analyst. Schedule: Full-time. Remote: False. Country: New Zealand. Skills: excel, power bi, powerpoint, r, sas, sql.",excel;power bi;powerpoint;r;sas;sql,bi,Senior Reporting Analyst,Senior Data Analyst,New Zealand,Full-time,False,lukebarousse/data_jobs
1243,Data Engineer (Business Intelligence Team),eMAG,Romania,"Title short: Data Engineer. Schedule: Full-time. Remote: False. Country: Romania. Skills: bigquery, hadoop, mysql, nosql, oracle, power bi, qlik, redshift, snowflake, sql, sql server, ssis, ssrs, tableau.",bigquery;hadoop;mysql;nosql;oracle;power bi;qlik;redshift;snowflake;sql;sql server;ssis;ssrs;tableau,bi,Data Engineer (Business Intelligence Team),Data Engineer,Romania,Full-time,False,lukebarousse/data_jobs
1244,Technical and Reporting Analyst,Deltek,Anywhere,"Title short: Data Engineer. Schedule: nan. Remote: True. Country: Philippines. Skills: excel, sql, vba.",excel;sql;vba,bi,Technical and Reporting Analyst,Data Engineer,Philippines,,True,lukebarousse/data_jobs
1245,Senior Reporting Analyst,Conectys Serv Telecom SRL,Anywhere,"Title short: Senior Data Analyst. Schedule: Full-time. Remote: True. Country: Romania. Skills: excel, python, sql.",excel;python;sql,bi,Senior Reporting Analyst,Senior Data Analyst,Romania,Full-time,True,lukebarousse/data_jobs
1246,"Data/Reporting Analyst, Sr",City of Atlanta,"Atlanta, GA","Title short: Senior Data Analyst. Schedule: Full-time. Remote: False. Country: United States. Skills: excel, flow, oracle, sharepoint.",excel;flow;oracle;sharepoint,bi,"Data/Reporting Analyst, Sr",Senior Data Analyst,United States,Full-time,False,lukebarousse/data_jobs
1247,Senior Data and Reporting Analyst,Phoenix Group,"Birmingham, UK","Title short: Senior Data Analyst. Schedule: Full-time. Remote: False. Country: United Kingdom. Skills: dax, excel, gdpr, phoenix, sql, vba.",dax;excel;gdpr;phoenix;sql;vba,bi,Senior Data and Reporting Analyst,Senior Data Analyst,United Kingdom,Full-time,False,lukebarousse/data_jobs
1248,Sr. Data and Reporting Analyst,LeadVenture,"Austin, TX","Title short: Senior Data Analyst. Schedule: Full-time. Remote: False. Country: United States. Skills: excel, power bi.",excel;power bi,bi,Sr. Data and Reporting Analyst,Senior Data Analyst,United States,Full-time,False,lukebarousse/data_jobs
1249,Data Engineer (Business Intelligence),K2 Partnering,"Attibele, Karnataka, India","Title short: Data Engineer. Schedule: Full-time. Remote: False. Country: India. Skills: alteryx, aws, azure, databricks, excel, hadoop, jira, power bi, python, sap, shell, spark, sql, tableau, unix.",alteryx;aws;azure;databricks;excel;hadoop;jira;power bi;python;sap;shell;spark;sql;tableau;unix,bi,Data Engineer (Business Intelligence),Data Engineer,India,Full-time,False,lukebarousse/data_jobs
1250,Business Intelligence Data Engineer,Dupont,"Aviles, Spain","Title short: Data Engineer. Schedule: Full-time. Remote: False. Country: Spain. Skills: azure, databricks, pandas, power bi, pyspark, sql, sql server.",azure;databricks;pandas;power bi;pyspark;sql;sql server,bi,Business Intelligence Data Engineer,Data Engineer,Spain,Full-time,False,lukebarousse/data_jobs
1251,Data Engineer Data Warehouse/Business Intelligence (m/w/d),WWK Lebensversicherung a. G.,"Munich, Germany","Title short: Data Engineer. Schedule: Full-time. Remote: False. Country: Germany. Skills: cognos, sql.",cognos;sql,bi,Data Engineer Data Warehouse/Business Intelligence (m/w/d),Data Engineer,Germany,Full-time,False,lukebarousse/data_jobs
1252,Data Engineer / Business Intelligence Entwickler m/w/d,Goldhofer AG,"Memmingen, Germany","Title short: Data Engineer. Schedule: Full-time. Remote: False. Country: Germany. Skills: airflow, azure, snowflake, sql.",airflow;azure;snowflake;sql,bi,Data Engineer / Business Intelligence Entwickler m/w/d,Data Engineer,Germany,Full-time,False,lukebarousse/data_jobs
1253,"Data/Reporting Analyst, Senior","City of Atlanta, GA","Atlanta, GA","Title short: Senior Data Analyst. Schedule: Full-time. Remote: False. Country: United States. Skills: excel, word.",excel;word,bi,"Data/Reporting Analyst, Senior",Senior Data Analyst,United States,Full-time,False,lukebarousse/data_jobs
1254,Business Intelligence and Data Engineer,Global Blue,"Kuala Lumpur, Federal Territory of Kuala Lumpur, Malaysia","Title short: Data Engineer. Schedule: Full-time. Remote: False. Country: Malaysia. Skills: microstrategy, mongodb, powershell, python, shell, splunk, sql, sql server, ssis, tableau, windows.",microstrategy;mongodb;powershell;python;shell;splunk;sql;sql server;ssis;tableau;windows,bi,Business Intelligence and Data Engineer,Data Engineer,Malaysia,Full-time,False,lukebarousse/data_jobs
1255,Junior Business Intelligence Developer,IRIS THAUMAS Ltd,Malta,"Title short: Software Engineer. Schedule: Full-time. Remote: False. Country: Malta. Skills: excel, power bi, python, sql, sql server, tableau.",excel;power bi;python;sql;sql server;tableau,bi,Junior Business Intelligence Developer,Software Engineer,Malta,Full-time,False,lukebarousse/data_jobs
1256,Principal Supply Reporting Analyst,Regeneron Ireland,"Limerick, Ireland","Title short: Senior Data Analyst. Schedule: Full-time. Remote: False. Country: Ireland. Skills: excel, sharepoint.",excel;sharepoint,bi,Principal Supply Reporting Analyst,Senior Data Analyst,Ireland,Full-time,False,lukebarousse/data_jobs
1257,Jobs at MTN – Data Engineer Business Intelligence,MTN,"Johannesburg, South Africa","Title short: Data Engineer. Schedule: Full-time. Remote: False. Country: South Africa. Skills: hadoop, linux, oracle, python, r, unix.",hadoop;linux;oracle;python;r;unix,bi,Jobs at MTN – Data Engineer Business Intelligence,Data Engineer,South Africa,Full-time,False,lukebarousse/data_jobs
1258,Senior Data Reporting Analyst,Highmark Health,"Santa Fe, NM","Title short: Senior Data Analyst. Schedule: Full-time. Remote: False. Country: Sudan. Skills: excel, sql, word.",excel;sql;word,bi,Senior Data Reporting Analyst,Senior Data Analyst,Sudan,Full-time,False,lukebarousse/data_jobs
1259,Senior HRSS Reporting Analyst,Otis College of Art and Design,"Petaling Jaya, Selangor, Malaysia",Title short: Senior Data Analyst. Schedule: nan. Remote: False. Country: Malaysia. Skills: symphony.,symphony,bi,Senior HRSS Reporting Analyst,Senior Data Analyst,Malaysia,,False,lukebarousse/data_jobs
1260,Data Engineer – PowerBI analyst,Taxameter Centrale BV,"Duivendrecht, Netherlands",Title short: Data Engineer. Schedule: Full-time. Remote: False. Country: Netherlands. Skills: sql.,sql,bi,Data Engineer – PowerBI analyst,Data Engineer,Netherlands,Full-time,False,lukebarousse/data_jobs
1261,Reporting Analyst - Hybrid,Appen,"Cavite City, Cavite, Philippines","Title short: Cloud Engineer. Schedule: Full-time. Remote: False. Country: Philippines. Skills: power bi, sql.",power bi;sql,bi,Reporting Analyst - Hybrid,Cloud Engineer,Philippines,Full-time,False,lukebarousse/data_jobs
1262,Branch Real Estate Senior Data & BI Analyst - Now Hiring,EDWARD JONES,"Westphalia, MO","Title short: Senior Data Analyst. Schedule: Full-time. Remote: False. Country: United States. Skills: hadoop, nosql, oracle, sql.",hadoop;nosql;oracle;sql,bi,Branch Real Estate Senior Data & BI Analyst - Now Hiring,Senior Data Analyst,United States,Full-time,False,lukebarousse/data_jobs
1263,Business Intelligence Data Engineer,MATRIX Resources,"Chicago, IL","Title short: Data Engineer. Schedule: Full-time. Remote: False. Country: United States. Skills: airflow, angular, c#, cassandra, docker, dynamodb, java, javascript, kubernetes, mongodb, nosql, python, r, react, sass, snowflake, spark, sql, swift, typescript.",airflow;angular;c#;cassandra;docker;dynamodb;java;javascript;kubernetes;mongodb;nosql;python;r;react;sass;snowflake;spark;sql;swift;typescript,bi,Business Intelligence Data Engineer,Data Engineer,United States,Full-time,False,lukebarousse/data_jobs
1264,Sr Reporting Analyst,Mondelēz International,India,"Title short: Senior Data Analyst. Schedule: Full-time. Remote: False. Country: India. Skills: alteryx, excel, gcp, python, r, react, sap, sql, tableau.",alteryx;excel;gcp;python;r;react;sap;sql;tableau,bi,Sr Reporting Analyst,Senior Data Analyst,India,Full-time,False,lukebarousse/data_jobs
1265,Data Engineer / BI Analyst / Power BI Reporting Spezialist:in (w/m/d),HUK-COBURG,"Coburg, Germany","Title short: Data Engineer. Schedule: Full-time. Remote: False. Country: Germany. Skills: power bi, sql, sql server, ssis, tableau.",power bi;sql;sql server;ssis;tableau,bi,Data Engineer / BI Analyst / Power BI Reporting Spezialist:in (w/m/d),Data Engineer,Germany,Full-time,False,lukebarousse/data_jobs
1266,Data Engineer Business Intelligence,Diakonessenhuis,"Utrecht, Netherlands","Title short: Data Engineer. Schedule: Full-time. Remote: False. Country: Netherlands. Skills: sql, ssrs.",sql;ssrs,bi,Data Engineer Business Intelligence,Data Engineer,Netherlands,Full-time,False,lukebarousse/data_jobs
1267,Lead Reporting Analyst,Randstad,Argentina,"Title short: Senior Data Analyst. Schedule: Full-time. Remote: False. Country: Argentina. Skills: excel, outlook.",excel;outlook,bi,Lead Reporting Analyst,Senior Data Analyst,Argentina,Full-time,False,lukebarousse/data_jobs
1268,"Sr. Data Scientist / Business Intelligence Analyst II, Department...",Memorial Sloan,Anywhere,"Title short: Senior Data Scientist. Schedule: Full-time. Remote: True. Country: United States. Skills: git, go, python, r, sql.",git;go;python;r;sql,bi,"Sr. Data Scientist / Business Intelligence Analyst II, Department...",Senior Data Scientist,United States,Full-time,True,lukebarousse/data_jobs
1269,Data Engineer-business Intelligence,IBM,"Heredia Province, Heredia, Costa Rica","Title short: Data Engineer. Schedule: Full-time. Remote: False. Country: Costa Rica. Skills: express, ibm cloud, sql.",express;ibm cloud;sql,bi,Data Engineer-business Intelligence,Data Engineer,Costa Rica,Full-time,False,lukebarousse/data_jobs
1270,"Principal Data Analyst/Sr. Data Analyst, Business Intelligence...",Boston Scientific,Malaysia,"Title short: Senior Data Analyst. Schedule: Full-time. Remote: False. Country: Malaysia. Skills: alteryx, flow, power bi, sap, tableau.",alteryx;flow;power bi;sap;tableau,bi,"Principal Data Analyst/Sr. Data Analyst, Business Intelligence...",Senior Data Analyst,Malaysia,Full-time,False,lukebarousse/data_jobs
1271,Senior) Business Intelligence and Data Engineer,Emprego,"Cajamarca, Peru","Title short: Data Engineer. Schedule: Full-time. Remote: False. Country: Peru. Skills: alteryx, azure, databricks, dax, java, oracle, power bi, python, scala, spark, sql, sql server, tableau.",alteryx;azure;databricks;dax;java;oracle;power bi;python;scala;spark;sql;sql server;tableau,bi,Senior) Business Intelligence and Data Engineer,Data Engineer,Peru,Full-time,False,lukebarousse/data_jobs
1272,Business Intelligence Data Engineer,John Deere,"Torreón, Coahuila, Mexico","Title short: Data Engineer. Schedule: Full-time. Remote: False. Country: Mexico. Skills: aws, databricks, go, pyspark, python, sap, sql, swift, tableau.",aws;databricks;go;pyspark;python;sap;sql;swift;tableau,bi,Business Intelligence Data Engineer,Data Engineer,Mexico,Full-time,False,lukebarousse/data_jobs
1273,"Business Intelligence Data Engineer, Senior Executive",Tokio Marine Life Insurance Malaysia Bhd,"Kuala Lumpur, Federal Territory of Kuala Lumpur, Malaysia","Title short: Senior Data Engineer. Schedule: Full-time. Remote: False. Country: Malaysia. Skills: aws, sas, sql, ssis.",aws;sas;sql;ssis,bi,"Business Intelligence Data Engineer, Senior Executive",Senior Data Engineer,Malaysia,Full-time,False,lukebarousse/data_jobs
1274,Senior Reporting Analyst,"Ministry of Business, Innovation and Employment","Wellington, New Zealand","Title short: Senior Data Analyst. Schedule: Full-time. Remote: False. Country: New Zealand. Skills: excel, power bi, powerpoint, r, sas, sql.",excel;power bi;powerpoint;r;sas;sql,bi,Senior Reporting Analyst,Senior Data Analyst,New Zealand,Full-time,False,lukebarousse/data_jobs
1275,Senior Data and Business Intelligence Analyst - 122047 - Now Hiring,UC San Diego,Anywhere,"Title short: Senior Data Analyst. Schedule: Full-time. Remote: True. Country: United States. Skills: excel, sql.",excel;sql,bi,Senior Data and Business Intelligence Analyst - 122047 - Now Hiring,Senior Data Analyst,United States,Full-time,True,lukebarousse/data_jobs
1276,Data Engineer – Business Intelligence,ACL Technology,Mexico,Title short: Data Engineer. Schedule: Full-time. Remote: False. Country: Mexico. Skills: excel.,excel,bi,Data Engineer – Business Intelligence,Data Engineer,Mexico,Full-time,False,lukebarousse/data_jobs
1277,"Senior Data Scientist, Business Intelligence - Now Hiring",Spring Health,Anywhere,"Title short: Senior Data Scientist. Schedule: Full-time. Remote: True. Country: United States. Skills: looker, python, r, redshift, snowflake, spring, sql, tableau.",looker;python;r;redshift;snowflake;spring;sql;tableau,bi,"Senior Data Scientist, Business Intelligence - Now Hiring",Senior Data Scientist,United States,Full-time,True,lukebarousse/data_jobs
1278,Business Intelligence Data Engineer - Full-time / Part-time,American Family Mutual Insurance Company,"Boston, MA","Title short: Data Engineer. Schedule: Full-time. Remote: False. Country: United States. Skills: gcp, python, sas, sql, tableau.",gcp;python;sas;sql;tableau,bi,Business Intelligence Data Engineer - Full-time / Part-time,Data Engineer,United States,Full-time,False,lukebarousse/data_jobs
1279,data engineer-business intelligence,OEmprego,"Porto Alegre, RS, Brazil","Title short: Data Engineer. Schedule: Full-time. Remote: False. Country: Brazil. Skills: excel, powerpoint, word.",excel;powerpoint;word,bi,data engineer-business intelligence,Data Engineer,Brazil,Full-time,False,lukebarousse/data_jobs
1280,Senior Data and Business Intelligence Analyst - 122047 - Full-time...,UC San Diego,Anywhere,"Title short: Senior Data Analyst. Schedule: Full-time. Remote: True. Country: United States. Skills: excel, sql.",excel;sql,bi,Senior Data and Business Intelligence Analyst - 122047 - Full-time...,Senior Data Analyst,United States,Full-time,True,lukebarousse/data_jobs
1281,(Senior) Business Intelligence Data Analyst im Marketing (w/m/d),TARGOBANK,"Düsseldorf, Germany","Title short: Senior Data Analyst. Schedule: Full-time. Remote: False. Country: Germany. Skills: c, java, oracle, python, r, sas, spss, sql, tableau.",c;java;oracle;python;r;sas;spss;sql;tableau,bi,(Senior) Business Intelligence Data Analyst im Marketing (w/m/d),Senior Data Analyst,Germany,Full-time,False,lukebarousse/data_jobs
1282,"Platform Lead - AI, Business Intelligence and Data Engineering",Voze,"Sandy, UT","Title short: Data Engineer. Schedule: Full-time. Remote: False. Country: United States. Skills: docker, flow, postgresql, python.",docker;flow;postgresql;python,bi,"Platform Lead - AI, Business Intelligence and Data Engineering",Data Engineer,United States,Full-time,False,lukebarousse/data_jobs
1283,"Senior Data Scientist, Business Intelligence",Spring Health,Anywhere,"Title short: Senior Data Scientist. Schedule: Full-time. Remote: True. Country: United States. Skills: looker, python, r, redshift, snowflake, spring, sql, tableau.",looker;python;r;redshift;snowflake;spring;sql;tableau,bi,"Senior Data Scientist, Business Intelligence",Senior Data Scientist,United States,Full-time,True,lukebarousse/data_jobs
1284,Business Intelligence Data Engineer,Kuehne Nagel,"Porto, Portugal","Title short: Data Engineer. Schedule: Full-time. Remote: False. Country: Portugal. Skills: aws, bigquery, oracle, python, snowflake, sql, tableau, terraform.",aws;bigquery;oracle;python;snowflake;sql;tableau;terraform,bi,Business Intelligence Data Engineer,Data Engineer,Portugal,Full-time,False,lukebarousse/data_jobs
1285,SQL Business Intelligence Developer – Contract – up to R500 per Hour,E-Merge,"Johannesburg, South Africa","Title short: Software Engineer. Schedule: Contractor. Remote: False. Country: South Africa. Skills: aws, azure, power bi, sap, sql, ssis, ssrs.",aws;azure;power bi;sap;sql;ssis;ssrs,bi,SQL Business Intelligence Developer – Contract – up to R500 per Hour,Software Engineer,South Africa,Contractor,False,lukebarousse/data_jobs
1286,Senior Business Intelligence Developer,Distillery,"Bogotá, Bogota, Colombia","Title short: Senior Data Scientist. Schedule: Full-time. Remote: False. Country: Colombia. Skills: aws, java, python.",aws;java;python,bi,Senior Business Intelligence Developer,Senior Data Scientist,Colombia,Full-time,False,lukebarousse/data_jobs
1287,Senior Data Analyst Business Intelligence –,7Experts,Philippines,Title short: Senior Data Analyst. Schedule: Full-time. Remote: False. Country: Philippines. Skills: power bi.,power bi,bi,Senior Data Analyst Business Intelligence –,Senior Data Analyst,Philippines,Full-time,False,lukebarousse/data_jobs
1288,Sr. Reporting Analyst,Epiq,"Hyderabad, Telangana, India","Title short: Senior Data Analyst. Schedule: Full-time. Remote: False. Country: India. Skills: excel, mysql, sharepoint, sql, sql server.",excel;mysql;sharepoint;sql;sql server,bi,Sr. Reporting Analyst,Senior Data Analyst,India,Full-time,False,lukebarousse/data_jobs
1289,Data Engineer - Business Intelligence,PEZ AI Bots Inc.,"Imus, Cavite, Philippines","Title short: Data Engineer. Schedule: Full-time. Remote: False. Country: Philippines. Skills: docker, flask, flow, git, linux, mysql, nosql, oracle, pandas, python, redshift, sql, sql server.",docker;flask;flow;git;linux;mysql;nosql;oracle;pandas;python;redshift;sql;sql server,bi,Data Engineer - Business Intelligence,Data Engineer,Philippines,Full-time,False,lukebarousse/data_jobs
1290,Senior Data and Reporting Analyst,Stryker,"Heredia Province, San Antonio, Costa Rica","Title short: Senior Data Analyst. Schedule: Full-time. Remote: False. Country: Costa Rica. Skills: azure, excel, flow, git, go, mysql, oracle, planner, power bi, python, r, sap, sql, sql server, tableau, vba.",azure;excel;flow;git;go;mysql;oracle;planner;power bi;python;r;sap;sql;sql server;tableau;vba,bi,Senior Data and Reporting Analyst,Senior Data Analyst,Costa Rica,Full-time,False,lukebarousse/data_jobs
1291,Senior Reporting Analyst,DIRECT SEARCH ASIA PTE. LTD.,Singapore,"Title short: Senior Data Analyst. Schedule: Full-time. Remote: False. Country: Singapore. Skills: excel, power bi, powerpoint, sap, word.",excel;power bi;powerpoint;sap;word,bi,Senior Reporting Analyst,Senior Data Analyst,Singapore,Full-time,False,lukebarousse/data_jobs
1292,Senior Data Analyst (Business Intelligence),Pearson,"Augusta, GA","Title short: Senior Data Analyst. Schedule: Full-time. Remote: False. Country: United States. Skills: gcp, python, snowflake, sql, tableau.",gcp;python;snowflake;sql;tableau,bi,Senior Data Analyst (Business Intelligence),Senior Data Analyst,United States,Full-time,False,lukebarousse/data_jobs
1293,Sr Data Analytics Engg- Business Intelligence,Gartner Careers,"Madrid, Spain","Title short: Senior Data Engineer. Schedule: Full-time. Remote: False. Country: Spain. Skills: azure, jira, sql.",azure;jira;sql,bi,Sr Data Analytics Engg- Business Intelligence,Senior Data Engineer,Spain,Full-time,False,lukebarousse/data_jobs
1294,Senior Business Intelligence Data Analyst,Humana,"Albuquerque, NM","Title short: Senior Data Analyst. Schedule: Full-time. Remote: False. Country: Sudan. Skills: azure, excel, power bi, powerpoint, sql.",azure;excel;power bi;powerpoint;sql,bi,Senior Business Intelligence Data Analyst,Senior Data Analyst,Sudan,Full-time,False,lukebarousse/data_jobs
1295,Business Intelligence + Data engineer,EXL,India,"Title short: Data Engineer. Schedule: Full-time. Remote: False. Country: India. Skills: azure, confluence, databricks, power bi, tableau, unity.",azure;confluence;databricks;power bi;tableau;unity,bi,Business Intelligence + Data engineer,Data Engineer,India,Full-time,False,lukebarousse/data_jobs
1296,Data Engineer-Business Intelligence,Gumtree.co.za,"Johannesburg, South Africa","Title short: Data Engineer. Schedule: Full-time. Remote: False. Country: South Africa. Skills: power bi, python, sql.",power bi;python;sql,bi,Data Engineer-Business Intelligence,Data Engineer,South Africa,Full-time,False,lukebarousse/data_jobs
1297,"Senior Data Engineer, Business Intelligence",Technogym,"Cesena, Province of Forlì-Cesena, Italy","Title short: Senior Data Engineer. Schedule: Full-time. Remote: False. Country: Italy. Skills: bigquery, looker, numpy, pandas, python, sql, tableau.",bigquery;looker;numpy;pandas;python;sql;tableau,bi,"Senior Data Engineer, Business Intelligence",Senior Data Engineer,Italy,Full-time,False,lukebarousse/data_jobs
1298,"Senior Business Intelligence Engineer, Amazon Prime",Amazon Services Inc.,Australia,"Title short: Cloud Engineer. Schedule: Full-time. Remote: False. Country: Australia. Skills: aws, python, sql.",aws;python;sql,bi,"Senior Business Intelligence Engineer, Amazon Prime",Cloud Engineer,Australia,Full-time,False,lukebarousse/data_jobs
1299,Business Intelligence Engineer/Data Engineer,SIGMATECH,"Jakarta, Indonesia","Title short: Data Engineer. Schedule: Full-time. Remote: False. Country: Indonesia. Skills: mysql, power bi, sql, sql server, tableau.",mysql;power bi;sql;sql server;tableau,bi,Business Intelligence Engineer/Data Engineer,Data Engineer,Indonesia,Full-time,False,lukebarousse/data_jobs
1300,Business Intelligence/data Warehouse Engineer,Fever,"Madrid, Spain","Title short: Data Engineer. Schedule: Full-time. Remote: False. Country: Spain. Skills: airflow, aurora, aws, docker, pandas, postgresql, pyspark, python, redshift, snowflake, sql.",airflow;aurora;aws;docker;pandas;postgresql;pyspark;python;redshift;snowflake;sql,bi,Business Intelligence/data Warehouse Engineer,Data Engineer,Spain,Full-time,False,lukebarousse/data_jobs
1301,"Business Intelligence Customer Engineer, Google Cloud",GOOGLE ASIA PACIFIC PTE. LTD.,Singapore,Title short: Cloud Engineer. Schedule: Contractor. Remote: False. Country: Singapore. Skills: looker.,looker,bi,"Business Intelligence Customer Engineer, Google Cloud",Cloud Engineer,Singapore,Contractor,False,lukebarousse/data_jobs
1302,Senior Reporting Analyst,CBRE Argentina,"Kuala Lumpur, Federal Territory of Kuala Lumpur, Malaysia","Title short: Senior Data Analyst. Schedule: Full-time. Remote: False. Country: Malaysia. Skills: excel, tableau, visual basic.",excel;tableau;visual basic,bi,Senior Reporting Analyst,Senior Data Analyst,Malaysia,Full-time,False,lukebarousse/data_jobs
1303,Senior Reporting Analyst,"Ministry of Business, Innovation & Employment","Wellington, New Zealand","Title short: Senior Data Analyst. Schedule: Full-time. Remote: False. Country: New Zealand. Skills: excel, power bi, powerpoint, r, sas, sql.",excel;power bi;powerpoint;r;sas;sql,bi,Senior Reporting Analyst,Senior Data Analyst,New Zealand,Full-time,False,lukebarousse/data_jobs
1304,Business Intelligence And Data Analytics Principal,Medtronic,Austria,"Title short: Senior Data Analyst. Schedule: Full-time. Remote: False. Country: Austria. Skills: alteryx, excel, power bi, python, r, sap, sharepoint, snowflake, sql, tableau.",alteryx;excel;power bi;python;r;sap;sharepoint;snowflake;sql;tableau,bi,Business Intelligence And Data Analytics Principal,Senior Data Analyst,Austria,Full-time,False,lukebarousse/data_jobs
1305,"Snr Business Intelligence Mgr, Insights Analytics",AWS EMEA SARL (Spain Branch),"Madrid, Spain","Title short: Senior Data Analyst. Schedule: Full-time. Remote: False. Country: Spain. Skills: aws, hadoop, python, r, redshift, ruby, sql, tableau.",aws;hadoop;python;r;redshift;ruby;sql;tableau,bi,"Snr Business Intelligence Mgr, Insights Analytics",Senior Data Analyst,Spain,Full-time,False,lukebarousse/data_jobs
1306,"Data Engineer, Gerencia Business Intelligence",Falabella Retail,"Santiago, Chile","Title short: Data Engineer. Schedule: Full-time. Remote: False. Country: Chile. Skills: airflow, gcp, gitlab, java, python, sql.",airflow;gcp;gitlab;java;python;sql,bi,"Data Engineer, Gerencia Business Intelligence",Data Engineer,Chile,Full-time,False,lukebarousse/data_jobs
1307,Data Engineer Business Intelligence (m/w/d),VGH Versicherungen,"Hanover, Germany","Title short: Data Engineer. Schedule: Full-time. Remote: False. Country: Germany. Skills: sql, sql server.",sql;sql server,bi,Data Engineer Business Intelligence (m/w/d),Data Engineer,Germany,Full-time,False,lukebarousse/data_jobs
1308,Senior Reporting Analyst,New Zealand Government,"Wellington, New Zealand","Title short: Senior Data Analyst. Schedule: Full-time. Remote: False. Country: New Zealand. Skills: azure, oracle, windows.",azure;oracle;windows,bi,Senior Reporting Analyst,Senior Data Analyst,New Zealand,Full-time,False,lukebarousse/data_jobs
1309,"Senior Data Analyst, Business Intelligence",Cox Enterprises,"Atlanta, GA","Title short: Senior Data Analyst. Schedule: Full-time. Remote: False. Country: United States. Skills: aws, excel, hadoop, microstrategy, oracle, snowflake, sql.",aws;excel;hadoop;microstrategy;oracle;snowflake;sql,bi,"Senior Data Analyst, Business Intelligence",Senior Data Analyst,United States,Full-time,False,lukebarousse/data_jobs
1310,Senior Reporting Analyst,PCCW GLOBAL Limited,Singapore,"Title short: Senior Data Analyst. Schedule: Full-time. Remote: False. Country: Singapore. Skills: bigquery, looker, python, sql.",bigquery;looker;python;sql,bi,Senior Reporting Analyst,Senior Data Analyst,Singapore,Full-time,False,lukebarousse/data_jobs
1311,Mid-level Data Engineer-Business Intelligence,Elsevier,"Chennai, Tamil Nadu, India","Title short: Data Engineer. Schedule: Full-time. Remote: False. Country: India. Skills: airflow, aws, python, snowflake, sql.",airflow;aws;python;snowflake;sql,bi,Mid-level Data Engineer-Business Intelligence,Data Engineer,India,Full-time,False,lukebarousse/data_jobs
1312,Avp - Enterprise Business Intelligence and Analytics,Ancor,Thailand,"Title short: Cloud Engineer. Schedule: Full-time. Remote: False. Country: Thailand. Skills: python, sql.",python;sql,bi,Avp - Enterprise Business Intelligence and Analytics,Cloud Engineer,Thailand,Full-time,False,lukebarousse/data_jobs
1313,Senior Data & Reporting Analyst - Middle Office,The Maples Group,"Dublin, Ireland","Title short: Senior Data Analyst. Schedule: Full-time. Remote: False. Country: Ireland. Skills: excel, go, power bi.",excel;go;power bi,bi,Senior Data & Reporting Analyst - Middle Office,Senior Data Analyst,Ireland,Full-time,False,lukebarousse/data_jobs
1314,"Data Engineer, Gerencia Business Intelligence",Falabella Retail,"Las Condes, Chile","Title short: Data Engineer. Schedule: Full-time. Remote: False. Country: Chile. Skills: airflow, gcp, gitlab, java, python, sql.",airflow;gcp;gitlab;java;python;sql,bi,"Data Engineer, Gerencia Business Intelligence",Data Engineer,Chile,Full-time,False,lukebarousse/data_jobs
1315,"Senior Business Intelligence Engineer, Data and Analytics",Amazon,"Madrid, Spain","Title short: Senior Data Engineer. Schedule: Full-time. Remote: False. Country: Spain. Skills: aws, python, sql, tableau.",aws;python;sql;tableau,bi,"Senior Business Intelligence Engineer, Data and Analytics",Senior Data Engineer,Spain,Full-time,False,lukebarousse/data_jobs
1316,"Senior Data Analyst, Business Intelligence (Orlando, FL)",Universal Orlando Resort,"Orlando, FL","Title short: Senior Data Analyst. Schedule: Full-time. Remote: False. Country: United States. Skills: alteryx, cognos, python, r, sql, tableau.",alteryx;cognos;python;r;sql;tableau,bi,"Senior Data Analyst, Business Intelligence (Orlando, FL)",Senior Data Analyst,United States,Full-time,False,lukebarousse/data_jobs
1317,Absa Bank Limited – Business Intelligence Data Engineer,Absa Bank Limited,"Nairobi, Kenya","Title short: Data Engineer. Schedule: Full-time. Remote: False. Country: Kenya. Skills: aws, hadoop, kafka, python, sharepoint, spark, sql.",aws;hadoop;kafka;python;sharepoint;spark;sql,bi,Absa Bank Limited – Business Intelligence Data Engineer,Data Engineer,Kenya,Full-time,False,lukebarousse/data_jobs
1318,Information Technology Senior Analyst – Business Intelligence & Data,Philip Morris International Management SA,Türkiye,"Title short: Senior Data Analyst. Schedule: Full-time. Remote: False. Country: Turkey. Skills: aws, confluence, jira, snowflake, sql.",aws;confluence;jira;snowflake;sql,bi,Information Technology Senior Analyst – Business Intelligence & Data,Senior Data Analyst,Turkey,Full-time,False,lukebarousse/data_jobs
1319,Business Intelligence Data Engineer 1,Tampa General Hospital,"Tampa, FL","Title short: Data Engineer. Schedule: Full-time. Remote: False. Country: United States. Skills: azure, java, python, qlik, r, sql, ssis.",azure;java;python;qlik;r;sql;ssis,bi,Business Intelligence Data Engineer 1,Data Engineer,United States,Full-time,False,lukebarousse/data_jobs
1320,Job in Deutschland: Business Intelligence Data Engineer (w/m/d),HUK COBURG Versicherungsgruppe,Austria,Title short: Data Engineer. Schedule: Full-time. Remote: False. Country: Austria. Skills: cognos.,cognos,bi,Job in Deutschland: Business Intelligence Data Engineer (w/m/d),Data Engineer,Austria,Full-time,False,lukebarousse/data_jobs
1321,Business Intelligence Data Engineer (w/m/d),HUK COBURG Versicherungsgruppe,Anywhere,"Title short: Data Engineer. Schedule: Full-time. Remote: True. Country: Germany. Skills: cognos, sql.",cognos;sql,bi,Business Intelligence Data Engineer (w/m/d),Data Engineer,Germany,Full-time,True,lukebarousse/data_jobs
1322,"Data Engineer, Gerencia Business Intelligence",Falabella Retail,"Santiago, Chile","Title short: Data Engineer. Schedule: Full-time. Remote: False. Country: Chile. Skills: airflow, gcp, gitlab, java, node.js, python, sql.",airflow;gcp;gitlab;java;node.js;python;sql,bi,"Data Engineer, Gerencia Business Intelligence",Data Engineer,Chile,Full-time,False,lukebarousse/data_jobs
1323,Data Engineer - Business Intelligence Specialist,Global Recruitment Selection,"Ostend, Belgium","Title short: Data Engineer. Schedule: Full-time. Remote: False. Country: Belgium. Skills: cognos, power bi, t-sql.",cognos;power bi;t-sql,bi,Data Engineer - Business Intelligence Specialist,Data Engineer,Belgium,Full-time,False,lukebarousse/data_jobs
1324,Data Engineer - Business Intelligence / IT Beratung / SAP ERP ...,Workwise GmbH,"Berlin, Germany","Title short: Data Engineer. Schedule: Part-time. Remote: False. Country: Germany. Skills: java, sap.",java;sap,bi,Data Engineer - Business Intelligence / IT Beratung / SAP ERP ...,Data Engineer,Germany,Part-time,False,lukebarousse/data_jobs
1325,Senior Data Engineer - Consulting / Business Intelligence / Home...,Campusjäger by Workwise,"Hamburg, Germany","Title short: Senior Data Engineer. Schedule: Full-time. Remote: False. Country: Germany. Skills: azure, dax, gcp, java, python, shell, sql.",azure;dax;gcp;java;python;shell;sql,bi,Senior Data Engineer - Consulting / Business Intelligence / Home...,Senior Data Engineer,Germany,Full-time,False,lukebarousse/data_jobs
1326,Senior Business Intelligence Developer / Data Engineer,Technojobs,"London, UK","Title short: Data Engineer. Schedule: Full-time. Remote: False. Country: United Kingdom. Skills: azure, power bi, sql, ssis, t-sql.",azure;power bi;sql;ssis;t-sql,bi,Senior Business Intelligence Developer / Data Engineer,Data Engineer,United Kingdom,Full-time,False,lukebarousse/data_jobs
1327,"Data Business Intelligence Analyst, Sr",Orlando Health,"Orlando, FL",Title short: Senior Data Analyst. Schedule: Full-time. Remote: False. Country: United States. Skills: sql.,sql,bi,"Data Business Intelligence Analyst, Sr",Senior Data Analyst,United States,Full-time,False,lukebarousse/data_jobs
1328,Senior BI Analyst/Data Scientist,OAG DC,"Washington, DC","Title short: Senior Data Analyst. Schedule: Full-time. Remote: False. Country: United States. Skills: power bi, python, r, sql, tableau.",power bi;python;r;sql;tableau,bi,Senior BI Analyst/Data Scientist,Senior Data Analyst,United States,Full-time,False,lukebarousse/data_jobs
1329,Job in Germany: Data Engineer / BI Analyst / Power BI Reporting...,HUK COBURG Versicherungsgruppe,"Vienna, Austria","Title short: Data Engineer. Schedule: Full-time. Remote: False. Country: Austria. Skills: power bi, sql, sql server, ssis, tableau.",power bi;sql;sql server;ssis;tableau,bi,Job in Germany: Data Engineer / BI Analyst / Power BI Reporting...,Data Engineer,Austria,Full-time,False,lukebarousse/data_jobs
1330,DATA ENGINEER-BUSINESS INTELLIGENCE - SÃO PAULO,O EMPREGO,"São Paulo, State of São Paulo, Brazil","Title short: Data Engineer. Schedule: Full-time. Remote: False. Country: Brazil. Skills: excel, powerpoint, word.",excel;powerpoint;word,bi,DATA ENGINEER-BUSINESS INTELLIGENCE - SÃO PAULO,Data Engineer,Brazil,Full-time,False,lukebarousse/data_jobs
1331,"Senior Data Analyst, Business Intelligence (Mobile) - Fixed Term",2K,"Dublin, Ireland","Title short: Senior Data Analyst. Schedule: Full-time. Remote: False. Country: Ireland. Skills: aws, looker, power bi, snowflake, sql, tableau.",aws;looker;power bi;snowflake;sql;tableau,bi,"Senior Data Analyst, Business Intelligence (Mobile) - Fixed Term",Senior Data Analyst,Ireland,Full-time,False,lukebarousse/data_jobs
1332,Experienced Business Intelligence Developer to join our exciting...,NNIT Czech Republic,"Prague, Czechia","Title short: Software Engineer. Schedule: Full-time. Remote: False. Country: Czechia. Skills: azure, c#, git, powershell, sql, sql server, ssis, t-sql.",azure;c#;git;powershell;sql;sql server;ssis;t-sql,bi,Experienced Business Intelligence Developer to join our exciting...,Software Engineer,Czechia,Full-time,False,lukebarousse/data_jobs
1333,Business Intelligence Developer - Move to Data Engineer - Melbourne,Talent Insights Group,"Melbourne VIC, Australia","Title short: Data Engineer. Schedule: Full-time. Remote: False. Country: Australia. Skills: azure, databricks, dax, java, perl, power bi, python, qlik, r, sql, ssis, vb.net.",azure;databricks;dax;java;perl;power bi;python;qlik;r;sql;ssis;vb.net,bi,Business Intelligence Developer - Move to Data Engineer - Melbourne,Data Engineer,Australia,Full-time,False,lukebarousse/data_jobs
1334,Junior Business Intelligence Developer REMOTE,"Data Systems Analysts, Inc","Vienna, Austria",Title short: Software Engineer. Schedule: Full-time. Remote: False. Country: Austria. Skills: sharepoint.,sharepoint,bi,Junior Business Intelligence Developer REMOTE,Software Engineer,Austria,Full-time,False,lukebarousse/data_jobs
1335,Sr Analytics and Reporting Analyst,HCSC,"Chicago, IL","Title short: Senior Data Analyst. Schedule: Full-time. Remote: False. Country: United States. Skills: excel, sas, sql.",excel;sas;sql,bi,Sr Analytics and Reporting Analyst,Senior Data Analyst,United States,Full-time,False,lukebarousse/data_jobs
1336,"Data & Analytics Engineer, Business Intelligence",BYLT Basics,"Irvine, CA","Title short: Data Engineer. Schedule: Full-time. Remote: False. Country: United States. Skills: sql, tableau.",sql;tableau,bi,"Data & Analytics Engineer, Business Intelligence",Data Engineer,United States,Full-time,False,lukebarousse/data_jobs
1337,Senior Data Engineer (Business Intelligence Reporting/Tableau) - AA,Gorilla Logic,Anywhere,"Title short: Senior Data Engineer. Schedule: Full-time. Remote: True. Country: Mexico. Skills: aws, azure, gcp, java, looker, nosql, power bi, python, snowflake, sql, tableau.",aws;azure;gcp;java;looker;nosql;power bi;python;snowflake;sql;tableau,bi,Senior Data Engineer (Business Intelligence Reporting/Tableau) - AA,Senior Data Engineer,Mexico,Full-time,True,lukebarousse/data_jobs
1338,"Business Intelligence Data Engineer (m,f,d)",Kuehne + Nagel AS,"Porto, Portugal","Title short: Data Engineer. Schedule: Full-time. Remote: False. Country: Portugal. Skills: aws, bigquery, oracle, python, snowflake, sql, tableau, terraform.",aws;bigquery;oracle;python;snowflake;sql;tableau;terraform,bi,"Business Intelligence Data Engineer (m,f,d)",Data Engineer,Portugal,Full-time,False,lukebarousse/data_jobs
1339,Senior Reporting Analyst,Manulife,"Quezon, Philippines","Title short: Senior Data Analyst. Schedule: Full-time. Remote: False. Country: Philippines. Skills: excel, outlook, sharepoint, vba, word.",excel;outlook;sharepoint;vba;word,bi,Senior Reporting Analyst,Senior Data Analyst,Philippines,Full-time,False,lukebarousse/data_jobs
1340,"Informatiker - Data Engineering, Business Intelligence (m/w/d)",HUK COBURG Versicherungsgruppe,"Bavaria, Germany",Title short: Data Engineer. Schedule: Full-time. Remote: False. Country: Germany. Skills: cognos.,cognos,bi,"Informatiker - Data Engineering, Business Intelligence (m/w/d)",Data Engineer,Germany,Full-time,False,lukebarousse/data_jobs
1341,"Data Engineer, Global Business Intelligence",Apple,"Cupertino, CA","Title short: Data Engineer. Schedule: Full-time. Remote: False. Country: United States. Skills: aws, cassandra, java, kafka, python, scala, snowflake, spark, sql, tableau.",aws;cassandra;java;kafka;python;scala;snowflake;spark;sql;tableau,bi,"Data Engineer, Global Business Intelligence",Data Engineer,United States,Full-time,False,lukebarousse/data_jobs
1342,Data Engineer:in Business Intelligence Fahrplan und...,Deutsche Bahn AG,"Frankfurt, Germany","Title short: Data Engineer. Schedule: Full-time. Remote: False. Country: Germany. Skills: aws, redshift, sql, ssis.",aws;redshift;sql;ssis,bi,Data Engineer:in Business Intelligence Fahrplan und...,Data Engineer,Germany,Full-time,False,lukebarousse/data_jobs
1343,Platform Engineer für Business Intelligence und Data Analytics...,HUK-COBURG Versicherungsgruppe,"Bavaria, Germany","Title short: Data Engineer. Schedule: Full-time and Part-time. Remote: False. Country: Germany. Skills: docker, julia, kubernetes, linux, python, sql, vmware.",docker;julia;kubernetes;linux;python;sql;vmware,bi,Platform Engineer für Business Intelligence und Data Analytics...,Data Engineer,Germany,Full-time and Part-time,False,lukebarousse/data_jobs
1344,Business Intelligence Project and Data Engineer (f/d/m),Solytic,"Berlin, Germany","Title short: Data Engineer. Schedule: Full-time. Remote: False. Country: Germany. Skills: airflow, git, python, snowflake, sql.",airflow;git;python;snowflake;sql,bi,Business Intelligence Project and Data Engineer (f/d/m),Data Engineer,Germany,Full-time,False,lukebarousse/data_jobs
1345,"Lead Data Engineer, Business Intelligence",Technogym,"Cesena, Province of Forlì-Cesena, Italy","Title short: Data Engineer. Schedule: Full-time. Remote: False. Country: Italy. Skills: bigquery, looker, numpy, pandas, python, sql, tableau.",bigquery;looker;numpy;pandas;python;sql;tableau,bi,"Lead Data Engineer, Business Intelligence",Data Engineer,Italy,Full-time,False,lukebarousse/data_jobs
1346,Senior Reporting Analyst,Connext,Anywhere,"Title short: Senior Data Analyst. Schedule: nan. Remote: True. Country: Philippines. Skills: crystal, sql.",crystal;sql,bi,Senior Reporting Analyst,Senior Data Analyst,Philippines,,True,lukebarousse/data_jobs
1347,Data Engineer and Business Intelligence (BI) Developer,Robert Walters Technology - Kidsloop,"London, UK","Title short: Data Engineer. Schedule: Full-time. Remote: False. Country: United Kingdom. Skills: azure, power bi, sql, sql server, ssis, ssrs.",azure;power bi;sql;sql server;ssis;ssrs,bi,Data Engineer and Business Intelligence (BI) Developer,Data Engineer,United Kingdom,Full-time,False,lukebarousse/data_jobs
1348,Business Intelligence Developer | Data Engineer,Lithium3 Technology Recruitment Limited,"Derby, UK","Title short: Data Engineer. Schedule: Full-time. Remote: False. Country: United Kingdom. Skills: azure, docker, snowflake, sql, ssis.",azure;docker;snowflake;sql;ssis,bi,Business Intelligence Developer | Data Engineer,Data Engineer,United Kingdom,Full-time,False,lukebarousse/data_jobs
1349,"Manager, Business Intelligence and Data Engineering",Princess Cruises,Australia,"Title short: Data Engineer. Schedule: Full-time. Remote: False. Country: Australia. Skills: aws, bigquery, db2, oracle, power bi, redshift, snowflake.",aws;bigquery;db2;oracle;power bi;redshift;snowflake,bi,"Manager, Business Intelligence and Data Engineering",Data Engineer,Australia,Full-time,False,lukebarousse/data_jobs
1350,SQL Server /data Engineer and Business Intelligence,Confidencial,Argentina,"Title short: Data Engineer. Schedule: Full-time. Remote: False. Country: Argentina. Skills: azure, dynamodb, mongodb, mysql, power bi, redis, sql, sql server.",azure;dynamodb;mongodb;mysql;power bi;redis;sql;sql server,bi,SQL Server /data Engineer and Business Intelligence,Data Engineer,Argentina,Full-time,False,lukebarousse/data_jobs
1351,Business Intelligence Data Engineer,John Deere,Mexico,"Title short: Data Engineer. Schedule: Full-time. Remote: False. Country: Mexico. Skills: aws, databricks, go, pyspark, python, sap, sql, swift, tableau.",aws;databricks;go;pyspark;python;sap;sql;swift;tableau,bi,Business Intelligence Data Engineer,Data Engineer,Mexico,Full-time,False,lukebarousse/data_jobs
1352,Business Intelligence Data Engineer (w/m/d),HUK-COBURG Versicherungsgruppe,"Bavaria, Germany",Title short: Data Engineer. Schedule: Full-time. Remote: False. Country: Germany. Skills: cognos.,cognos,bi,Business Intelligence Data Engineer (w/m/d),Data Engineer,Germany,Full-time,False,lukebarousse/data_jobs
1353,Senior Software Engineer – Business Intelligence,EMPREGARA,"Colombo, State of Paraná, Brazil","Title short: Software Engineer. Schedule: Full-time. Remote: False. Country: Brazil. Skills: azure, dax, power bi, sql.",azure;dax;power bi;sql,bi,Senior Software Engineer – Business Intelligence,Software Engineer,Brazil,Full-time,False,lukebarousse/data_jobs
1354,Database Engineer/Business Intelligence Developer - Colombia,"World Business Lenders, Llc",Colombia,"Title short: Data Engineer. Schedule: Full-time. Remote: False. Country: Colombia. Skills: c, excel, java, mongodb, nosql, postgresql, power bi, python, sql, sql server, t-sql, vba.",c;excel;java;mongodb;nosql;postgresql;power bi;python;sql;sql server;t-sql;vba,bi,Database Engineer/Business Intelligence Developer - Colombia,Data Engineer,Colombia,Full-time,False,lukebarousse/data_jobs
1355,Microsoft Business Intelligence Admin,Smart IT Frame LLC,Texas,Title short: Senior Data Analyst. Schedule: Full-time. Remote: False. Country: Sudan. Skills: tableau.,tableau,bi,Microsoft Business Intelligence Admin,Senior Data Analyst,Sudan,Full-time,False,lukebarousse/data_jobs
1356,"Senior Data Engineer, Business Intelligence",Bell Canada,"Toronto, ON, Canada","Title short: Senior Data Engineer. Schedule: Full-time. Remote: False. Country: Canada. Skills: alteryx, c++, hadoop, java, kafka, oracle, python, sas, scala, spark, sql.",alteryx;c++;hadoop;java;kafka;oracle;python;sas;scala;spark;sql,bi,"Senior Data Engineer, Business Intelligence",Senior Data Engineer,Canada,Full-time,False,lukebarousse/data_jobs
1357,"Senior/Staff BI Analyst, Enterprise Data & Analytics | (HYBRID)",First Technology Federal Credit Union,"Rocklin, CA","Title short: Senior Data Analyst. Schedule: Full-time. Remote: False. Country: United States. Skills: alteryx, python, r, sql, tableau.",alteryx;python;r;sql;tableau,bi,"Senior/Staff BI Analyst, Enterprise Data & Analytics | (HYBRID)",Senior Data Analyst,United States,Full-time,False,lukebarousse/data_jobs
1358,Business Intelligence Data Engineer (w/m/d),HUK COBURG,"Coburg, Germany",Title short: Data Engineer. Schedule: Full-time. Remote: False. Country: Germany. Skills: cognos.,cognos,bi,Business Intelligence Data Engineer (w/m/d),Data Engineer,Germany,Full-time,False,lukebarousse/data_jobs
1359,"Data Engineer, Gerencia Business Intelligence",Emprego,"Las Condes, Chile","Title short: Data Engineer. Schedule: Full-time. Remote: False. Country: Chile. Skills: airflow, gcp, gitlab, java, node.js, python, sql.",airflow;gcp;gitlab;java;node.js;python;sql,bi,"Data Engineer, Gerencia Business Intelligence",Data Engineer,Chile,Full-time,False,lukebarousse/data_jobs
1360,"Business Intelligence Data Engineer (m,f,d)",Kuehne+nagel,"Porto, Portugal","Title short: Data Engineer. Schedule: Full-time. Remote: False. Country: Portugal. Skills: aws, bigquery, oracle, python, snowflake, sql, tableau, terraform.",aws;bigquery;oracle;python;snowflake;sql;tableau;terraform,bi,"Business Intelligence Data Engineer (m,f,d)",Data Engineer,Portugal,Full-time,False,lukebarousse/data_jobs
1361,"Senior Business Intelligence Engineer - Data Center Learning, Data...","Amazon Data Services, Inc.","Seattle, WA",Title short: Senior Data Engineer. Schedule: Full-time. Remote: False. Country: United States. Skills: aws.,aws,bi,"Senior Business Intelligence Engineer - Data Center Learning, Data...",Senior Data Engineer,United States,Full-time,False,lukebarousse/data_jobs
1362,Data Engineer (Business Intelligence),AIA IT (M) Sdn Bhd,"Kuala Lumpur, Federal Territory of Kuala Lumpur, Malaysia","Title short: Data Engineer. Schedule: Full-time. Remote: False. Country: Malaysia. Skills: azure, sql.",azure;sql,bi,Data Engineer (Business Intelligence),Data Engineer,Malaysia,Full-time,False,lukebarousse/data_jobs
1363,"Senior Data Engineer, Business Intelligence",MerchantE,"Alpharetta, GA","Title short: Senior Data Engineer. Schedule: Full-time. Remote: False. Country: United States. Skills: aws, azure, power bi, redshift, snowflake, sql.",aws;azure;power bi;redshift;snowflake;sql,bi,"Senior Data Engineer, Business Intelligence",Senior Data Engineer,United States,Full-time,False,lukebarousse/data_jobs
1364,Data Engineer Business Intelligence (BI),Jobleads,"Rotterdam, Netherlands","Title short: Data Engineer. Schedule: Full-time. Remote: False. Country: Netherlands. Skills: sql, tableau.",sql;tableau,bi,Data Engineer Business Intelligence (BI),Data Engineer,Netherlands,Full-time,False,lukebarousse/data_jobs
1365,Data Engineer als Junior Manager Business Intelligence (m/w/d),BRITA SE,"Taunusstein, Germany","Title short: Data Engineer. Schedule: Full-time. Remote: False. Country: Germany. Skills: azure, power bi, sql, sql server.",azure;power bi;sql;sql server,bi,Data Engineer als Junior Manager Business Intelligence (m/w/d),Data Engineer,Germany,Full-time,False,lukebarousse/data_jobs
1366,"Senior Data Engineer, Business Intelligence",JobLeads GmbH,Italy,"Title short: Senior Data Engineer. Schedule: Full-time. Remote: False. Country: Italy. Skills: bigquery, looker, numpy, pandas, python, sql, tableau.",bigquery;looker;numpy;pandas;python;sql;tableau,bi,"Senior Data Engineer, Business Intelligence",Senior Data Engineer,Italy,Full-time,False,lukebarousse/data_jobs
1367,Senior HRSS Reporting Analyst,Otis College of Art and Design,"Puchong, Selangor, Malaysia",Title short: Senior Data Analyst. Schedule: Full-time. Remote: False. Country: Malaysia. Skills: symphony.,symphony,bi,Senior HRSS Reporting Analyst,Senior Data Analyst,Malaysia,Full-time,False,lukebarousse/data_jobs
1368,"Senior Data Analyst, Business Intelligence",Cox Communications,"Doraville, GA","Title short: Senior Data Analyst. Schedule: Full-time. Remote: False. Country: United States. Skills: aws, excel, hadoop, microstrategy, oracle, snowflake, sql.",aws;excel;hadoop;microstrategy;oracle;snowflake;sql,bi,"Senior Data Analyst, Business Intelligence",Senior Data Analyst,United States,Full-time,False,lukebarousse/data_jobs
1369,Data Engineer | BI Analyst | Data Warehouse (m/w/d),KP Family International,"Bavaria, Germany","Title short: Data Engineer. Schedule: Full-time. Remote: False. Country: Germany. Skills: snowflake, tableau.",snowflake;tableau,bi,Data Engineer | BI Analyst | Data Warehouse (m/w/d),Data Engineer,Germany,Full-time,False,lukebarousse/data_jobs
1370,Reporting Analyst Senior,Conectys,Philippines,"Title short: Senior Data Analyst. Schedule: Full-time. Remote: False. Country: Philippines. Skills: excel, power bi, sql, vba.",excel;power bi;sql;vba,bi,Reporting Analyst Senior,Senior Data Analyst,Philippines,Full-time,False,lukebarousse/data_jobs
1371,Data Engineer-Business Intelligence (IC),Gulf Business Machines PND,"Casablanca, Morocco","Title short: Data Engineer. Schedule: Full-time. Remote: False. Country: Morocco. Skills: azure, jira, power bi, tableau.",azure;jira;power bi;tableau,bi,Data Engineer-Business Intelligence (IC),Data Engineer,Morocco,Full-time,False,lukebarousse/data_jobs
1372,"Sr Reporting Analyst; Data, Analytics, and Automation (DAA)",CVS Health,Anywhere,"Title short: Senior Data Analyst. Schedule: Full-time. Remote: True. Country: United States. Skills: alteryx, linux, python, r, sas, sql.",alteryx;linux;python;r;sas;sql,bi,"Sr Reporting Analyst; Data, Analytics, and Automation (DAA)",Senior Data Analyst,United States,Full-time,True,lukebarousse/data_jobs
1373,"Business Intelligence Engineer, Amazon Payments Services",Payfort INT FZ LLC,United Arab Emirates,"Title short: Cloud Engineer. Schedule: Full-time. Remote: False. Country: United Arab Emirates. Skills: aws, hadoop, python, redshift, sql, tableau.",aws;hadoop;python;redshift;sql;tableau,bi,"Business Intelligence Engineer, Amazon Payments Services",Cloud Engineer,United Arab Emirates,Full-time,False,lukebarousse/data_jobs
1374,Data Engineer (Business Intelligence),Opus Talent Solutions,"New South Wales, Australia","Title short: Data Engineer. Schedule: Full-time. Remote: False. Country: Australia. Skills: azure, databricks.",azure;databricks,bi,Data Engineer (Business Intelligence),Data Engineer,Australia,Full-time,False,lukebarousse/data_jobs
1375,Business Intelligence / Data Engineer,Michael Page,"West Midlands, UK","Title short: Data Engineer. Schedule: Temp work. Remote: False. Country: United Kingdom. Skills: aws, azure, databricks, flask, gcp, neo4j, pyspark, python, spark, sql.",aws;azure;databricks;flask;gcp;neo4j;pyspark;python;spark;sql,bi,Business Intelligence / Data Engineer,Data Engineer,United Kingdom,Temp work,False,lukebarousse/data_jobs
1376,Financial Reporting Analyst : Tableau Report Developer,Pearson,"Manila, Metro Manila, Philippines",Title short: Data Engineer. Schedule: Full-time. Remote: False. Country: Philippines. Skills: tableau.,tableau,bi,Financial Reporting Analyst : Tableau Report Developer,Data Engineer,Philippines,Full-time,False,lukebarousse/data_jobs
1377,Operating System Reporting Analyst,Kimberly Clark,"Alajuela Province, Orotina, Costa Rica",Title short: Software Engineer. Schedule: Full-time. Remote: False. Country: Costa Rica. Skills: power bi.,power bi,bi,Operating System Reporting Analyst,Software Engineer,Costa Rica,Full-time,False,lukebarousse/data_jobs
1378,"Senior Data Scientist, Business Intelligence (English Services)",CBC,Anywhere,"Title short: Senior Data Scientist. Schedule: Full-time. Remote: True. Country: Canada. Skills: atlassian, c, confluence, databricks, express, jira, python, r, sql.",atlassian;c;confluence;databricks;express;jira;python;r;sql,bi,"Senior Data Scientist, Business Intelligence (English Services)",Senior Data Scientist,Canada,Full-time,True,lukebarousse/data_jobs
1379,Senior Analyst (Data And Business Intelligence),Department Of Regional Nsw,Australia,"Title short: Senior Data Analyst. Schedule: nan. Remote: False. Country: Australia. Skills: python, sql, tableau.",python;sql;tableau,bi,Senior Analyst (Data And Business Intelligence),Senior Data Analyst,Australia,,False,lukebarousse/data_jobs
1380,DATA ENGINEER-BUSINESS INTELLIGENCE - PORTO ALEGRE,O EMPREGO,"Porto Alegre, RS, Brazil","Title short: Data Engineer. Schedule: Full-time. Remote: False. Country: Brazil. Skills: excel, powerpoint, word.",excel;powerpoint;word,bi,DATA ENGINEER-BUSINESS INTELLIGENCE - PORTO ALEGRE,Data Engineer,Brazil,Full-time,False,lukebarousse/data_jobs
1381,Business Intelligence Manager (Principal Data Analytics Engineer),The University of Texas at Austin,Philippines,"Title short: Data Engineer. Schedule: Full-time. Remote: False. Country: Philippines. Skills: cognos, python, r, sql, tableau.",cognos;python;r;sql;tableau,bi,Business Intelligence Manager (Principal Data Analytics Engineer),Data Engineer,Philippines,Full-time,False,lukebarousse/data_jobs
1382,Senior Business Intelligence Data Analyst,Humana,"Cowpens, SC","Title short: Senior Data Analyst. Schedule: Full-time. Remote: False. Country: United States. Skills: azure, excel, power bi, powerpoint, sql.",azure;excel;power bi;powerpoint;sql,bi,Senior Business Intelligence Data Analyst,Senior Data Analyst,United States,Full-time,False,lukebarousse/data_jobs
1383,Senior Data Engineer - Business Intelligence / SQL / Python ...,Campusjäger by Workwise,"Vienna, Austria","Title short: Senior Data Engineer. Schedule: Full-time. Remote: False. Country: Austria. Skills: airflow, looker, python, sql, tableau.",airflow;looker;python;sql;tableau,bi,Senior Data Engineer - Business Intelligence / SQL / Python ...,Senior Data Engineer,Austria,Full-time,False,lukebarousse/data_jobs
1384,Senior Software Engineer (Business Intelligence),Strategic Systems International,"Lahore, Pakistan","Title short: Software Engineer. Schedule: Full-time. Remote: False. Country: Pakistan. Skills: power bi, sql, tableau.",power bi;sql;tableau,bi,Senior Software Engineer (Business Intelligence),Software Engineer,Pakistan,Full-time,False,lukebarousse/data_jobs
1385,"Data Engineer, Business Intelligence (Remote)",Block,Anywhere,"Title short: Data Engineer. Schedule: Full-time. Remote: True. Country: United States. Skills: airflow, azure, flow, git, go, looker, python, redshift, snowflake, sql, tableau.",airflow;azure;flow;git;go;looker;python;redshift;snowflake;sql;tableau,bi,"Data Engineer, Business Intelligence (Remote)",Data Engineer,United States,Full-time,True,lukebarousse/data_jobs
1386,Data Engineer Data Warehouse/Business Intelligence (m/w/d),WWK Lebensversicherung a. G.,"Bavaria, Germany","Title short: Data Engineer. Schedule: Full-time. Remote: False. Country: Germany. Skills: cognos, sql.",cognos;sql,bi,Data Engineer Data Warehouse/Business Intelligence (m/w/d),Data Engineer,Germany,Full-time,False,lukebarousse/data_jobs
1387,Data Engineer / Business Intelligence Developer (m/w/d),Liebherr Group,"Baden-Württemberg, Germany","Title short: Data Engineer. Schedule: Full-time. Remote: False. Country: Germany. Skills: azure, c#, databricks, power bi, pyspark, sap, sql, sql server, ssis, ssrs.",azure;c#;databricks;power bi;pyspark;sap;sql;sql server;ssis;ssrs,bi,Data Engineer / Business Intelligence Developer (m/w/d),Data Engineer,Germany,Full-time,False,lukebarousse/data_jobs
1388,"Data Conversion and Business Intelligence Engineer, Associate",Blackrock,Anywhere,"Title short: Data Engineer. Schedule: Internship. Remote: True. Country: Serbia. Skills: alteryx, python, r, sql, tableau.",alteryx;python;r;sql;tableau,bi,"Data Conversion and Business Intelligence Engineer, Associate",Data Engineer,Serbia,Internship,True,lukebarousse/data_jobs
1389,Technical Specialist - Data Engineer -Business Intelligence (Prague),IBM,"Prague, Czechia","Title short: Data Engineer. Schedule: Full-time. Remote: False. Country: Czechia. Skills: cognos, hadoop, sap, spss.",cognos;hadoop;sap;spss,bi,Technical Specialist - Data Engineer -Business Intelligence (Prague),Data Engineer,Czechia,Full-time,False,lukebarousse/data_jobs
1390,IT Berater(in) / Entwickler(in) (m/w/d) für Business Intelligence...,Wolfgang Westarp,"North Rhine-Westphalia, Germany","Title short: Software Engineer. Schedule: Full-time and Part-time. Remote: False. Country: Germany. Skills: sql, tableau.",sql;tableau,bi,IT Berater(in) / Entwickler(in) (m/w/d) für Business Intelligence...,Software Engineer,Germany,Full-time and Part-time,False,lukebarousse/data_jobs
1391,Data Engineer: Business Intelligence,IBM,"Gurugram, Haryana, India","Title short: Data Engineer. Schedule: Full-time. Remote: False. Country: India. Skills: aws, azure, cognos, unix.",aws;azure;cognos;unix,bi,Data Engineer: Business Intelligence,Data Engineer,India,Full-time,False,lukebarousse/data_jobs
1392,"Business Intelligence Engineer, Datacenter Security",Amazon,"New South Wales, Australia","Title short: Data Engineer. Schedule: Full-time. Remote: False. Country: Australia. Skills: aws, java, python, redshift, sql, tableau.",aws;java;python;redshift;sql;tableau,bi,"Business Intelligence Engineer, Datacenter Security",Data Engineer,Australia,Full-time,False,lukebarousse/data_jobs
1393,Senior Reporting Analyst,CVS Health,"Austin, TX","Title short: Senior Data Analyst. Schedule: Full-time. Remote: False. Country: United States. Skills: sql, sql server, ssrs, t-sql, tableau.",sql;sql server;ssrs;t-sql;tableau,bi,Senior Reporting Analyst,Senior Data Analyst,United States,Full-time,False,lukebarousse/data_jobs
1394,BUSINESS INTELLIGENCE SOFTWARE ENGINEER,SELECCION IT,"Madrid, Spain","Title short: Software Engineer. Schedule: Full-time. Remote: False. Country: Spain. Skills: hadoop, oracle, postgresql, spark, sql, sql server, ssis, ssrs, tableau.",hadoop;oracle;postgresql;spark;sql;sql server;ssis;ssrs;tableau,bi,BUSINESS INTELLIGENCE SOFTWARE ENGINEER,Software Engineer,Spain,Full-time,False,lukebarousse/data_jobs
1395,"engineer design, business intelligence engineer, engineer network",Amazon Europe Core,"Libramont-Chevigny, Belgium","Title short: Cloud Engineer. Schedule: Full-time. Remote: False. Country: Belgium. Skills: nosql, oracle, python, redshift, sql, tableau.",nosql;oracle;python;redshift;sql;tableau,bi,"engineer design, business intelligence engineer, engineer network",Cloud Engineer,Belgium,Full-time,False,lukebarousse/data_jobs
1396,Data Engineer-business Intelligence,Ibm,"Heredia Province, Heredia, Costa Rica","Title short: Data Engineer. Schedule: Full-time. Remote: False. Country: Costa Rica. Skills: express, ibm cloud, sql.",express;ibm cloud;sql,bi,Data Engineer-business Intelligence,Data Engineer,Costa Rica,Full-time,False,lukebarousse/data_jobs
1397,Python Reporting Analyst,SupportNinja,Philippines,Title short: Software Engineer. Schedule: Full-time. Remote: False. Country: Philippines. Skills: python.,python,bi,Python Reporting Analyst,Software Engineer,Philippines,Full-time,False,lukebarousse/data_jobs
1398,"Business Intelligence Engineer, AWS Education Programs Business...",Amazon Services Inc.,Australia,"Title short: Cloud Engineer. Schedule: Full-time. Remote: False. Country: Australia. Skills: aws, dynamodb, flow, matlab, nosql, oracle, python, r, redshift, sas, sql, tableau.",aws;dynamodb;flow;matlab;nosql;oracle;python;r;redshift;sas;sql;tableau,bi,"Business Intelligence Engineer, AWS Education Programs Business...",Cloud Engineer,Australia,Full-time,False,lukebarousse/data_jobs
1399,Senior Data & Reporting Analyst,Spectrum,"St. Louis, MO","Title short: Senior Data Analyst. Schedule: Full-time. Remote: False. Country: United States. Skills: excel, sql, word.",excel;sql;word,bi,Senior Data & Reporting Analyst,Senior Data Analyst,United States,Full-time,False,lukebarousse/data_jobs
1400,"Senior Data Analyst (Business Intelligence), Support (San...",Cisco Meraki,Anywhere,"Title short: Senior Data Analyst. Schedule: Full-time. Remote: True. Country: United States. Skills: microstrategy, python, r, react, snowflake, sql, tableau.",microstrategy;python;r;react;snowflake;sql;tableau,bi,"Senior Data Analyst (Business Intelligence), Support (San...",Senior Data Analyst,United States,Full-time,True,lukebarousse/data_jobs
1401,Senior Data and Reporting Analyst,CareerBuilder,"West Columbia, SC","Title short: Senior Data Analyst. Schedule: Full-time. Remote: False. Country: United States. Skills: cognos, crystal, excel, ms access, sas, sql.",cognos;crystal;excel;ms access;sas;sql,bi,Senior Data and Reporting Analyst,Senior Data Analyst,United States,Full-time,False,lukebarousse/data_jobs
1402,"Customer Engineer, Data/Business Intelligence, Looker, Google Cloud",Google,"Dublin, Ireland","Title short: Data Engineer. Schedule: Full-time. Remote: False. Country: Ireland. Skills: looker, python, r, sql.",looker;python;r;sql,bi,"Customer Engineer, Data/Business Intelligence, Looker, Google Cloud",Data Engineer,Ireland,Full-time,False,lukebarousse/data_jobs
1403,Business Intelligence Developer – Johannesburg/ Hybrid – R900k per...,E-Merge,"Johannesburg, South Africa","Title short: Software Engineer. Schedule: Full-time. Remote: False. Country: South Africa. Skills: oracle, power bi, python, sql, sql server, ssis, ssrs, tableau.",oracle;power bi;python;sql;sql server;ssis;ssrs;tableau,bi,Business Intelligence Developer – Johannesburg/ Hybrid – R900k per...,Software Engineer,South Africa,Full-time,False,lukebarousse/data_jobs
1404,Data Engineer für Business Intelligence und Analytics,Energie Steiermark AG,"Graz, Austria","Title short: Data Engineer. Schedule: Full-time. Remote: False. Country: Austria. Skills: azure, power bi, t-sql.",azure;power bi;t-sql,bi,Data Engineer für Business Intelligence und Analytics,Data Engineer,Austria,Full-time,False,lukebarousse/data_jobs
1405,Data Engineer* Business Intelligence Microsoft,BE-terna,"Vienna, Austria","Title short: Data Engineer. Schedule: Full-time. Remote: False. Country: Austria. Skills: dax, power bi, sql.",dax;power bi;sql,bi,Data Engineer* Business Intelligence Microsoft,Data Engineer,Austria,Full-time,False,lukebarousse/data_jobs
1406,Data Engineer & Business Intelligence - Banking,Robert Walters Hong Kong,Hong Kong,"Title short: Data Engineer. Schedule: Full-time. Remote: False. Country: Hong Kong. Skills: aws, hadoop, java, kafka, python, r, spark, sql.",aws;hadoop;java;kafka;python;r;spark;sql,bi,Data Engineer & Business Intelligence - Banking,Data Engineer,Hong Kong,Full-time,False,lukebarousse/data_jobs
1407,Business Intelligence Data Engineer,Northeastern University,"Boston, MA","Title short: Data Engineer. Schedule: Full-time. Remote: False. Country: United States. Skills: python, snowflake, sql.",python;snowflake;sql,bi,Business Intelligence Data Engineer,Data Engineer,United States,Full-time,False,lukebarousse/data_jobs
1408,(Senior) Specialist Business Intelligence / Data Engineering (m/w/d),HARIBO Deutschland,"Grafschaft, Germany","Title short: Data Engineer. Schedule: Full-time. Remote: False. Country: Germany. Skills: java, microstrategy, power bi, python, sap, sql.",java;microstrategy;power bi;python;sap;sql,bi,(Senior) Specialist Business Intelligence / Data Engineering (m/w/d),Data Engineer,Germany,Full-time,False,lukebarousse/data_jobs
1409,Senior Business Intelligence Data Analyst,JPS Health,"Fort Worth, TX","Title short: Senior Data Analyst. Schedule: Full-time. Remote: False. Country: United States. Skills: crystal, excel, ms access, power bi, sql, sql server.",crystal;excel;ms access;power bi;sql;sql server,bi,Senior Business Intelligence Data Analyst,Senior Data Analyst,United States,Full-time,False,lukebarousse/data_jobs
1410,Junior Business Intelligence Data Engineer/Architect,HP,"Sant Cugat del Vallès, Spain","Title short: Data Engineer. Schedule: Full-time. Remote: False. Country: Spain. Skills: azure, flow, nosql, notion, python, r, sql, ssis.",azure;flow;nosql;notion;python;r;sql;ssis,bi,Junior Business Intelligence Data Engineer/Architect,Data Engineer,Spain,Full-time,False,lukebarousse/data_jobs
1411,Data Engineer-business Intelligence,IBM,"Heredia Province, Heredia, Costa Rica","Title short: Data Engineer. Schedule: Full-time. Remote: False. Country: Costa Rica. Skills: express, ibm cloud.",express;ibm cloud,bi,Data Engineer-business Intelligence,Data Engineer,Costa Rica,Full-time,False,lukebarousse/data_jobs
1412,Keyline  sta cercando Business Intelligence Data Engineer,Keyline S.p.A.,"Centallo, Province of Cuneo, Italy","Title short: Data Engineer. Schedule: Full-time. Remote: False. Country: Italy. Skills: aws, azure, gcp, mysql, nosql, oracle, qlik, snowflake, sql, tableau.",aws;azure;gcp;mysql;nosql;oracle;qlik;snowflake;sql;tableau,bi,Keyline  sta cercando Business Intelligence Data Engineer,Data Engineer,Italy,Full-time,False,lukebarousse/data_jobs
1413,data engineer-business intelligence,OEmprego,"São Paulo, State of São Paulo, Brazil","Title short: Data Engineer. Schedule: Full-time. Remote: False. Country: Brazil. Skills: excel, powerpoint, word.",excel;powerpoint;word,bi,data engineer-business intelligence,Data Engineer,Brazil,Full-time,False,lukebarousse/data_jobs
1414,Data Engineer/ Data Science Consultant - Business Intelligence Tools,"Dubai Jobs, Gulf Jobs, Jobs in Dubai, Qatar, Kuwait - Boyen Haddin & The Giant HR Consultant",India,"Title short: Data Engineer. Schedule: Full-time. Remote: False. Country: India. Skills: azure, power bi, python, sql, tableau.",azure;power bi;python;sql;tableau,bi,Data Engineer/ Data Science Consultant - Business Intelligence Tools,Data Engineer,India,Full-time,False,lukebarousse/data_jobs
1415,Business Intelligence Developer/Data Engineer (SAP),Global Enterprise Partners,Anywhere,"Title short: Data Engineer. Schedule: Full-time. Remote: True. Country: Netherlands. Skills: sap, sql, word.",sap;sql;word,bi,Business Intelligence Developer/Data Engineer (SAP),Data Engineer,Netherlands,Full-time,True,lukebarousse/data_jobs
1416,Senior Software Engineer - Business Intelligence,Christchurch City Council,"Christchurch, New Zealand","Title short: Software Engineer. Schedule: Full-time. Remote: False. Country: New Zealand. Skills: azure, sap, sql, ssis.",azure;sap;sql;ssis,bi,Senior Software Engineer - Business Intelligence,Software Engineer,New Zealand,Full-time,False,lukebarousse/data_jobs
1417,Data Engineer / BI Analyst / Power BI Reporting Spezialist:in (m/w/d),HUK-COBURG Versicherungsgruppe,"Coburg, Germany","Title short: Data Engineer. Schedule: Full-time. Remote: False. Country: Germany. Skills: power bi, ssis, tableau.",power bi;ssis;tableau,bi,Data Engineer / BI Analyst / Power BI Reporting Spezialist:in (m/w/d),Data Engineer,Germany,Full-time,False,lukebarousse/data_jobs
1418,"Senior Data Scientist, Business Intelligence",Duolingo,United States,"Title short: Senior Data Scientist. Schedule: Full-time. Remote: False. Country: United States. Skills: plotly, python, sql, tableau.",plotly;python;sql;tableau,bi,"Senior Data Scientist, Business Intelligence",Senior Data Scientist,United States,Full-time,False,lukebarousse/data_jobs
1419,"Director, Data Engineering & Business Intelligence",Cymax Group Technologies,Anywhere,"Title short: Data Engineer. Schedule: Full-time. Remote: True. Country: Canada. Skills: azure, databricks, python, snowflake, spark, sql.",azure;databricks;python;snowflake;spark;sql,bi,"Director, Data Engineering & Business Intelligence",Data Engineer,Canada,Full-time,True,lukebarousse/data_jobs
1420,"Senior Data Engineer, Business Intelligence",Bell,"Toronto, ON, Canada","Title short: Senior Data Engineer. Schedule: Full-time. Remote: False. Country: Canada. Skills: alteryx, c++, hadoop, java, kafka, oracle, python, sas, scala, spark, sql.",alteryx;c++;hadoop;java;kafka;oracle;python;sas;scala;spark;sql,bi,"Senior Data Engineer, Business Intelligence",Senior Data Engineer,Canada,Full-time,False,lukebarousse/data_jobs
1421,Director - Business Intelligence & Data Analytics,تكامل القابضة,Riyadh Saudi Arabia,Title short: Senior Data Scientist. Schedule: Full-time. Remote: False. Country: Saudi Arabia. Skills: powerpoint.,powerpoint,bi,Director - Business Intelligence & Data Analytics,Senior Data Scientist,Saudi Arabia,Full-time,False,lukebarousse/data_jobs
1422,Data & Business Intelligence Engineer,Plug and Play Tech Center,"Valencia, Spain","Title short: Data Engineer. Schedule: Full-time. Remote: False. Country: Spain. Skills: python, qlik, sql, tableau.",python;qlik;sql;tableau,bi,Data & Business Intelligence Engineer,Data Engineer,Spain,Full-time,False,lukebarousse/data_jobs
1423,Senior Data & Reporting Analyst,FUJIFILM Business Innovation Asia Pacific,Singapore,"Title short: Senior Data Analyst. Schedule: Full-time. Remote: False. Country: Singapore. Skills: cognos, tableau.",cognos;tableau,bi,Senior Data & Reporting Analyst,Senior Data Analyst,Singapore,Full-time,False,lukebarousse/data_jobs
1424,Senior Reporting Analyst,Toll Group,"Bayan Lepas, Penang, Malaysia","Title short: Senior Data Analyst. Schedule: Full-time. Remote: False. Country: Malaysia. Skills: excel, power bi, sql.",excel;power bi;sql,bi,Senior Reporting Analyst,Senior Data Analyst,Malaysia,Full-time,False,lukebarousse/data_jobs
1425,"Senior Data Analyst, Business Intelligence",Cox Communications,"Union City, CA","Title short: Senior Data Analyst. Schedule: Full-time. Remote: False. Country: United States. Skills: aws, excel, hadoop, microstrategy, oracle, snowflake, sql.",aws;excel;hadoop;microstrategy;oracle;snowflake;sql,bi,"Senior Data Analyst, Business Intelligence",Senior Data Analyst,United States,Full-time,False,lukebarousse/data_jobs
1426,"Senior Data Analyst, Business Intelligence",2K,"Dublin, Ireland","Title short: Senior Data Analyst. Schedule: Full-time. Remote: False. Country: Ireland. Skills: aws, looker, power bi, snowflake, sql, tableau.",aws;looker;power bi;snowflake;sql;tableau,bi,"Senior Data Analyst, Business Intelligence",Senior Data Analyst,Ireland,Full-time,False,lukebarousse/data_jobs
1427,Senior Reporting Analyst,Taulia,"San Francisco, CA","Title short: Senior Data Analyst. Schedule: Full-time. Remote: False. Country: United States. Skills: excel, javascript, looker, perl, python, shell, sql, tableau.",excel;javascript;looker;perl;python;shell;sql;tableau,bi,Senior Reporting Analyst,Senior Data Analyst,United States,Full-time,False,lukebarousse/data_jobs
1428,"Business Intelligence, Data Engineer, Frontend Engineer, 100000...",Listopro,Anywhere,Title short: Data Engineer. Schedule: Full-time. Remote: True. Country: Mexico. Skills: javascript.,javascript,bi,"Business Intelligence, Data Engineer, Frontend Engineer, 100000...",Data Engineer,Mexico,Full-time,True,lukebarousse/data_jobs
1429,Data Engineer Business Intelligence,IBM,"Bengaluru, Karnataka, India","Title short: Data Engineer. Schedule: Full-time. Remote: False. Country: India. Skills: javascript, tableau.",javascript;tableau,bi,Data Engineer Business Intelligence,Data Engineer,India,Full-time,False,lukebarousse/data_jobs
1430,"Business Intelligence Engineer, Global Data",Amazon Music,India,"Title short: Data Engineer. Schedule: Full-time. Remote: False. Country: India. Skills: flow, java, python, r, sql, tableau.",flow;java;python;r;sql;tableau,bi,"Business Intelligence Engineer, Global Data",Data Engineer,India,Full-time,False,lukebarousse/data_jobs
1431,Business Intelligence Data Engineer- Indonesia,Intrepid Group,"Jakarta, Indonesia","Title short: Data Engineer. Schedule: Full-time. Remote: False. Country: Indonesia. Skills: aws, bigquery, flow, pandas, python, redshift, snowflake, sql.",aws;bigquery;flow;pandas;python;redshift;snowflake;sql,bi,Business Intelligence Data Engineer- Indonesia,Data Engineer,Indonesia,Full-time,False,lukebarousse/data_jobs
1432,Senior Reporting Analyst,Michael Page,"Amsterdam, Netherlands","Title short: Senior Data Analyst. Schedule: Full-time. Remote: False. Country: Netherlands. Skills: python, sql, vba.",python;sql;vba,bi,Senior Reporting Analyst,Senior Data Analyst,Netherlands,Full-time,False,lukebarousse/data_jobs
1433,EY - AWS Data Engineer - Business Intelligence/Analytics,Ernst Young,West Bengal,"Title short: Data Engineer. Schedule: Full-time. Remote: False. Country: India. Skills: aws, numpy, pandas, pyspark, python, redshift, scala, snowflake, sql, t-sql.",aws;numpy;pandas;pyspark;python;redshift;scala;snowflake;sql;t-sql,bi,EY - AWS Data Engineer - Business Intelligence/Analytics,Data Engineer,India,Full-time,False,lukebarousse/data_jobs
1434,Data Engineer - Business Intelligence (m/w/d),Michael Page,"Munich, Germany","Title short: Data Engineer. Schedule: Full-time. Remote: False. Country: Germany. Skills: docker, java, kafka, kubernetes, python, spring.",docker;java;kafka;kubernetes;python;spring,bi,Data Engineer - Business Intelligence (m/w/d),Data Engineer,Germany,Full-time,False,lukebarousse/data_jobs
1435,Business Intelligence Senior Data Analyst,Savills España,"Madrid, Spain","Title short: Senior Data Analyst. Schedule: Full-time. Remote: False. Country: Spain. Skills: azure, dax, postgresql, python, r, sql, sql server, t-sql, tableau.",azure;dax;postgresql;python;r;sql;sql server;t-sql;tableau,bi,Business Intelligence Senior Data Analyst,Senior Data Analyst,Spain,Full-time,False,lukebarousse/data_jobs
1436,Data Engineer Business Intelligence,Overstock,"Sligo, Ireland","Title short: Data Engineer. Schedule: Full-time. Remote: False. Country: Ireland. Skills: airflow, bigquery, c++, cassandra, flow, gcp, hadoop, java, kafka, linux, nosql, python, scala, spark, sql.",airflow;bigquery;c++;cassandra;flow;gcp;hadoop;java;kafka;linux;nosql;python;scala;spark;sql,bi,Data Engineer Business Intelligence,Data Engineer,Ireland,Full-time,False,lukebarousse/data_jobs
1437,Data Engineer: Business Intelligence,IBM,"Mumbai, Maharashtra, India","Title short: Data Engineer. Schedule: Full-time. Remote: False. Country: India. Skills: aws, azure, cognos, ibm cloud, sql, t-sql, tableau.",aws;azure;cognos;ibm cloud;sql;t-sql;tableau,bi,Data Engineer: Business Intelligence,Data Engineer,India,Full-time,False,lukebarousse/data_jobs
1438,Business Intelligence Developer:in für die mobile App-Entwicklung,Hannover Rück SE,"Hanover, Germany",Title short: Software Engineer. Schedule: Full-time. Remote: False. Country: Germany. Skills: microstrategy.,microstrategy,bi,Business Intelligence Developer:in für die mobile App-Entwicklung,Software Engineer,Germany,Full-time,False,lukebarousse/data_jobs
1439,Senior Reporting Analyst,Oranga Tamariki—Ministry for Children,"Paraparaumu, New Zealand","Title short: Senior Data Analyst. Schedule: Full-time. Remote: False. Country: New Zealand. Skills: excel, power bi, python, r, sas, sharepoint, sql.",excel;power bi;python;r;sas;sharepoint;sql,bi,Senior Reporting Analyst,Senior Data Analyst,New Zealand,Full-time,False,lukebarousse/data_jobs
1440,Senior Data and Reporting Analyst (2 year contract - with option...,Adecco,"Sofia, Bulgaria","Title short: Senior Data Analyst. Schedule: Full-time. Remote: False. Country: Bulgaria. Skills: excel, sharepoint, sql.",excel;sharepoint;sql,bi,Senior Data and Reporting Analyst (2 year contract - with option...,Senior Data Analyst,Bulgaria,Full-time,False,lukebarousse/data_jobs
1441,Data Engineer Business Intelligence,Hendrix Genetics BV,"Boxmeer, Netherlands","Title short: Data Engineer. Schedule: Full-time. Remote: False. Country: Netherlands. Skills: azure, databricks, dax, power bi, sql, sql server.",azure;databricks;dax;power bi;sql;sql server,bi,Data Engineer Business Intelligence,Data Engineer,Netherlands,Full-time,False,lukebarousse/data_jobs
1442,Senior Reporting Analyst,Experian,"Heredia Province, Heredia, Costa Rica","Title short: Senior Data Analyst. Schedule: Full-time. Remote: False. Country: Costa Rica. Skills: alteryx, oracle, sap, tableau.",alteryx;oracle;sap;tableau,bi,Senior Reporting Analyst,Senior Data Analyst,Costa Rica,Full-time,False,lukebarousse/data_jobs
1443,Sr. Business Intelligence Manager (Data Visualization for BPO),IBEX Global Solutions (Philippines) Inc.,Philippines,Title short: Senior Data Analyst. Schedule: Full-time. Remote: False. Country: Philippines. Skills: powerpoint.,powerpoint,bi,Sr. Business Intelligence Manager (Data Visualization for BPO),Senior Data Analyst,Philippines,Full-time,False,lukebarousse/data_jobs
1444,"Data Reporting Analyst, Sr- Business Services",Broadbean,"Atlanta, GA","Title short: Senior Data Analyst. Schedule: Full-time. Remote: False. Country: United States. Skills: excel, flow, power bi, python, r, sql, visual basic, word.",excel;flow;power bi;python;r;sql;visual basic;word,bi,"Data Reporting Analyst, Sr- Business Services",Senior Data Analyst,United States,Full-time,False,lukebarousse/data_jobs
1445,Data Engineer - Business Intelligence (Hybrid - BGC),Hunter's Hub Inc.,"Taguig, Metro Manila, Philippines","Title short: Data Engineer. Schedule: Full-time. Remote: False. Country: Philippines. Skills: hadoop, java, python, r, scala, sql.",hadoop;java;python;r;scala;sql,bi,Data Engineer - Business Intelligence (Hybrid - BGC),Data Engineer,Philippines,Full-time,False,lukebarousse/data_jobs
1446,Senior Category Reporting Analyst,HAYS,"Lisbon, Portugal",Title short: Senior Data Analyst. Schedule: Full-time. Remote: False. Country: Portugal. Skills: react.,react,bi,Senior Category Reporting Analyst,Senior Data Analyst,Portugal,Full-time,False,lukebarousse/data_jobs
1447,"Senior Power BI Analyst Pomorskie Power Bi, SQL",Emprego,"Cajamarca, Peru","Title short: Senior Data Analyst. Schedule: Full-time. Remote: False. Country: Peru. Skills: dax, power bi, sql.",dax;power bi;sql,bi,"Senior Power BI Analyst Pomorskie Power Bi, SQL",Senior Data Analyst,Peru,Full-time,False,lukebarousse/data_jobs
1448,Senior Business Intelligence Developer to join our exciting data...,NNIT,"Copenhagen, Denmark","Title short: Senior Data Scientist. Schedule: Full-time. Remote: False. Country: Denmark. Skills: azure, c#, git, powershell, sql, sql server, ssis, t-sql.",azure;c#;git;powershell;sql;sql server;ssis;t-sql,bi,Senior Business Intelligence Developer to join our exciting data...,Senior Data Scientist,Denmark,Full-time,False,lukebarousse/data_jobs
1449,"Principal Data Analyst/Sr. Data Analyst, Business Intelligence...",Boston Scientific,"Balik Pulau, Penang, Malaysia","Title short: Senior Data Analyst. Schedule: nan. Remote: False. Country: Malaysia. Skills: alteryx, flow, power bi, sap, tableau.",alteryx;flow;power bi;sap;tableau,bi,"Principal Data Analyst/Sr. Data Analyst, Business Intelligence...",Senior Data Analyst,Malaysia,,False,lukebarousse/data_jobs
1450,Business intelligence data developer,GH intérim Wiltz,Luxembourg,"Title short: Data Engineer. Schedule: Full-time. Remote: False. Country: Luxembourg. Skills: sql, ssis, ssrs, t-sql.",sql;ssis;ssrs;t-sql,bi,Business intelligence data developer,Data Engineer,Luxembourg,Full-time,False,lukebarousse/data_jobs
1451,Data Engineer Business Intelligence,Overstock,Ireland,"Title short: Data Engineer. Schedule: Full-time. Remote: False. Country: Ireland. Skills: airflow, bigquery, c++, cassandra, flow, gcp, hadoop, java, kafka, linux, nosql, python, scala, spark, sql.",airflow;bigquery;c++;cassandra;flow;gcp;hadoop;java;kafka;linux;nosql;python;scala;spark;sql,bi,Data Engineer Business Intelligence,Data Engineer,Ireland,Full-time,False,lukebarousse/data_jobs
1452,Business Intelligence Engineer (Data Warehouse and Visualization),Full Potential Solutions,"Davao City, Davao del Sur, Philippines","Title short: Data Engineer. Schedule: Full-time. Remote: False. Country: Philippines. Skills: aws, javascript, mysql, postgresql, power bi, python, redshift, snowflake, spark, sql, tableau.",aws;javascript;mysql;postgresql;power bi;python;redshift;snowflake;spark;sql;tableau,bi,Business Intelligence Engineer (Data Warehouse and Visualization),Data Engineer,Philippines,Full-time,False,lukebarousse/data_jobs
1453,"Senior Data Analyst, Business Intelligence",Universal Orlando Resort,"Orlando, FL","Title short: Senior Data Analyst. Schedule: Full-time. Remote: False. Country: United States. Skills: alteryx, cognos, python, r, sql, tableau.",alteryx;cognos;python;r;sql;tableau,bi,"Senior Data Analyst, Business Intelligence",Senior Data Analyst,United States,Full-time,False,lukebarousse/data_jobs
1454,"Senior Engineer, Business Intelligence and Data",Maaden,Ras Al Khair Saudi Arabia,"Title short: Senior Data Engineer. Schedule: Full-time. Remote: False. Country: Saudi Arabia. Skills: c#, excel, mysql, oracle, outlook, power bi, powerpoint, spreadsheet, sql, word.",c#;excel;mysql;oracle;outlook;power bi;powerpoint;spreadsheet;sql;word,bi,"Senior Engineer, Business Intelligence and Data",Senior Data Engineer,Saudi Arabia,Full-time,False,lukebarousse/data_jobs
1455,Tableau Developer - Data Warehousing/Business Intelligence,Sun Consultants,India,"Title short: Data Engineer. Schedule: Full-time. Remote: False. Country: India. Skills: cassandra, hadoop, java, javascript, linux, mongodb, nosql, power bi, python, sql, tableau.",cassandra;hadoop;java;javascript;linux;mongodb;nosql;power bi;python;sql;tableau,bi,Tableau Developer - Data Warehousing/Business Intelligence,Data Engineer,India,Full-time,False,lukebarousse/data_jobs
1456,Azure Data Engineer - Big Data/Business Intelligence,Kadel Labs,"Udaipur, Rajasthan, India","Title short: Data Engineer. Schedule: Full-time. Remote: False. Country: India. Skills: azure, flow, pyspark, python, sql, sql server.",azure;flow;pyspark;python;sql;sql server,bi,Azure Data Engineer - Big Data/Business Intelligence,Data Engineer,India,Full-time,False,lukebarousse/data_jobs
1457,Business Intelligence and Data Analytics Engineer,CPL Recruitment,Ireland,"Title short: Data Engineer. Schedule: Full-time. Remote: False. Country: Ireland. Skills: css, java, javascript, python, sap, sql, tableau.",css;java;javascript;python;sap;sql;tableau,bi,Business Intelligence and Data Analytics Engineer,Data Engineer,Ireland,Full-time,False,lukebarousse/data_jobs
1458,Mid level Data Engineer-Business Intelligence,RELX,"Chennai, Tamil Nadu, India","Title short: Data Engineer. Schedule: Full-time. Remote: False. Country: India. Skills: airflow, aws, python, snowflake, sql.",airflow;aws;python;snowflake;sql,bi,Mid level Data Engineer-Business Intelligence,Data Engineer,India,Full-time,False,lukebarousse/data_jobs
1459,SVP KYC Operations Senior Data Analytics & Business Intelligence...,"Citigroup, Inc","Fort Lauderdale, FL","Title short: Senior Data Analyst. Schedule: Full-time. Remote: False. Country: United States. Skills: css, excel, html, jquery, sas, spss, sql.",css;excel;html;jquery;sas;spss;sql,bi,SVP KYC Operations Senior Data Analytics & Business Intelligence...,Senior Data Analyst,United States,Full-time,False,lukebarousse/data_jobs
1460,Data Reporting Analyst Senior First Line Defense,City National Bank,"Los Angeles, CA","Title short: Senior Data Analyst. Schedule: Full-time. Remote: False. Country: United States. Skills: crystal, express, ms access, mysql, sap, sas, sharepoint, sql, t-sql, tableau.",crystal;express;ms access;mysql;sap;sas;sharepoint;sql;t-sql;tableau,bi,Data Reporting Analyst Senior First Line Defense,Senior Data Analyst,United States,Full-time,False,lukebarousse/data_jobs
1461,Sr. Business Data & Reporting Analyst,State of Georgia,"Atlanta, GA","Title short: Senior Data Analyst. Schedule: Full-time. Remote: False. Country: United States. Skills: crystal, sharepoint, sql, sql server, ssrs.",crystal;sharepoint;sql;sql server;ssrs,bi,Sr. Business Data & Reporting Analyst,Senior Data Analyst,United States,Full-time,False,lukebarousse/data_jobs
1462,Senior Data Engineer & Business Intelligence Consultant,Harvey Nash,"Birmingham, UK","Title short: Senior Data Engineer. Schedule: Full-time. Remote: False. Country: United Kingdom. Skills: azure, databricks, dax, power bi, sql, ssis.",azure;databricks;dax;power bi;sql;ssis,bi,Senior Data Engineer & Business Intelligence Consultant,Senior Data Engineer,United Kingdom,Full-time,False,lukebarousse/data_jobs
1463,"Sr. Data Analyst, Business Intelligence",Universal Orlando,"Orlando, FL","Title short: Senior Data Analyst. Schedule: Full-time. Remote: False. Country: United States. Skills: alteryx, cognos, python, r, sql, tableau.",alteryx;cognos;python;r;sql;tableau,bi,"Sr. Data Analyst, Business Intelligence",Senior Data Analyst,United States,Full-time,False,lukebarousse/data_jobs
1464,Data Engineer - Business Intelligence (m/w/d),engenious GmbH,"Brühl, Germany",Title short: Data Engineer. Schedule: Full-time. Remote: False. Country: Germany. Skills: go.,go,bi,Data Engineer - Business Intelligence (m/w/d),Data Engineer,Germany,Full-time,False,lukebarousse/data_jobs
1465,Data Engineer für Business Intelligence (m/w/d),ROCKEN,"Opfikon, Switzerland","Title short: Data Engineer. Schedule: Full-time. Remote: False. Country: Switzerland. Skills: git, ssis, t-sql.",git;ssis;t-sql,bi,Data Engineer für Business Intelligence (m/w/d),Data Engineer,Switzerland,Full-time,False,lukebarousse/data_jobs
1466,Business Intelligence Data Engineer,Bell Schweiz AG,"Basel, Switzerland","Title short: Data Engineer. Schedule: Full-time. Remote: False. Country: Switzerland. Skills: azure, dax, sql, sql server.",azure;dax;sql;sql server,bi,Business Intelligence Data Engineer,Data Engineer,Switzerland,Full-time,False,lukebarousse/data_jobs
1467,"Data Engineer, Hospitality Business Intelligence",Amadeus,"Nice, France","Title short: Data Engineer. Schedule: Full-time. Remote: False. Country: France. Skills: airflow, azure, databricks, snowflake, sql.",airflow;azure;databricks;snowflake;sql,bi,"Data Engineer, Hospitality Business Intelligence",Data Engineer,France,Full-time,False,lukebarousse/data_jobs
1468,Senior Data Business Intelligence Engineer,Wells Fargo,"Charlotte, NC","Title short: Senior Data Engineer. Schedule: Full-time. Remote: False. Country: United States. Skills: microstrategy, tableau.",microstrategy;tableau,bi,Senior Data Business Intelligence Engineer,Senior Data Engineer,United States,Full-time,False,lukebarousse/data_jobs
1469,Business Intelligence / Data Engineer,Michael Page,"Solihull, UK","Title short: Data Engineer. Schedule: Full-time. Remote: False. Country: United Kingdom. Skills: aws, azure, databricks, flask, gcp, neo4j, pyspark, python, spark, sql.",aws;azure;databricks;flask;gcp;neo4j;pyspark;python;spark;sql,bi,Business Intelligence / Data Engineer,Data Engineer,United Kingdom,Full-time,False,lukebarousse/data_jobs
1470,Business intelligence data engineer,"KBC Group, Shared Service Center CZ","Brno, Czechia","Title short: Data Engineer. Schedule: Full-time. Remote: False. Country: Czechia. Skills: sap, sql.",sap;sql,bi,Business intelligence data engineer,Data Engineer,Czechia,Full-time,False,lukebarousse/data_jobs
1471,Senior Manager-Data Engineering & Business Intelligence,American Express,"Atlanta, GA","Title short: Senior Data Engineer. Schedule: Full-time. Remote: False. Country: United States. Skills: express, flow, sql, tableau.",express;flow;sql;tableau,bi,Senior Manager-Data Engineering & Business Intelligence,Senior Data Engineer,United States,Full-time,False,lukebarousse/data_jobs
1472,Data Engineer Business Intelligence (m/w/d),BAUR Versand,"Weismain, Germany","Title short: Data Engineer. Schedule: Full-time. Remote: False. Country: Germany. Skills: airflow, github, python, sql.",airflow;github;python;sql,bi,Data Engineer Business Intelligence (m/w/d),Data Engineer,Germany,Full-time,False,lukebarousse/data_jobs
1473,Data Engineer-Business Intelligence Entwickler bei einem...,Kühn Personalberatung.,"Memmingen, Germany","Title short: Data Engineer. Schedule: Full-time. Remote: False. Country: Germany. Skills: airflow, azure, snowflake, sql.",airflow;azure;snowflake;sql,bi,Data Engineer-Business Intelligence Entwickler bei einem...,Data Engineer,Germany,Full-time,False,lukebarousse/data_jobs
1474,Sr. Enterprise Reporting Analyst,Thornburg Investment Management,"Santa Fe, NM","Title short: Senior Data Analyst. Schedule: Full-time. Remote: False. Country: Sudan. Skills: excel, power bi, powerpoint, sql, ssrs, word.",excel;power bi;powerpoint;sql;ssrs;word,bi,Sr. Enterprise Reporting Analyst,Senior Data Analyst,Sudan,Full-time,False,lukebarousse/data_jobs
1475,Senior Software Engineer - Business Intelligence,Vhi,Ireland,"Title short: Software Engineer. Schedule: Full-time. Remote: False. Country: Ireland. Skills: aws, kafka, linux, microstrategy, oracle, shell, ssis, tableau.",aws;kafka;linux;microstrategy;oracle;shell;ssis;tableau,bi,Senior Software Engineer - Business Intelligence,Software Engineer,Ireland,Full-time,False,lukebarousse/data_jobs
1476,Senior Data and Reporting Analyst,Kforce Inc,"Montebello, CA","Title short: Senior Data Analyst. Schedule: Full-time. Remote: False. Country: United States. Skills: sql, sql server, ssrs, t-sql, tableau.",sql;sql server;ssrs;t-sql;tableau,bi,Senior Data and Reporting Analyst,Senior Data Analyst,United States,Full-time,False,lukebarousse/data_jobs
1477,"Senior Data Engineer, Business Intelligence",Bell,"Montreal, QC, Canada","Title short: Senior Data Engineer. Schedule: Full-time. Remote: False. Country: Canada. Skills: alteryx, c++, hadoop, java, kafka, oracle, python, sas, scala, spark, sql.",alteryx;c++;hadoop;java;kafka;oracle;python;sas;scala;spark;sql,bi,"Senior Data Engineer, Business Intelligence",Senior Data Engineer,Canada,Full-time,False,lukebarousse/data_jobs
1478,"Data Engineer - Process Mining, Masterdata och Business Intelligence",CGI,"Linköping, Sweden","Title short: Data Engineer. Schedule: Full-time. Remote: False. Country: Sweden. Skills: aws, azure, python, qlik, sql, tableau.",aws;azure;python;qlik;sql;tableau,bi,"Data Engineer - Process Mining, Masterdata och Business Intelligence",Data Engineer,Sweden,Full-time,False,lukebarousse/data_jobs
1479,Senior Business Intelligence Data Analyst,CommerceHub,Anywhere,"Title short: Senior Data Analyst. Schedule: Full-time. Remote: True. Country: United States. Skills: aws, dax, excel, gitlab, power bi, python, redshift, t-sql.",aws;dax;excel;gitlab;power bi;python;redshift;t-sql,bi,Senior Business Intelligence Data Analyst,Senior Data Analyst,United States,Full-time,True,lukebarousse/data_jobs
1480,Data Engineer - Business Intelligence Domain,Decision Tree Analytics,"Gurugram, Haryana, India","Title short: Data Engineer. Schedule: Full-time. Remote: False. Country: India. Skills: aws, azure, excel, nosql, redshift, snowflake, sql.",aws;azure;excel;nosql;redshift;snowflake;sql,bi,Data Engineer - Business Intelligence Domain,Data Engineer,India,Full-time,False,lukebarousse/data_jobs
1481,Sr. Data Reporting Analyst,PamTen Inc,"San Jose, CA","Title short: Senior Data Analyst. Schedule: Full-time and Contractor. Remote: False. Country: United States. Skills: power bi, sharepoint, sql, sql server, ssis, ssrs, t-sql.",power bi;sharepoint;sql;sql server;ssis;ssrs;t-sql,bi,Sr. Data Reporting Analyst,Senior Data Analyst,United States,Full-time and Contractor,False,lukebarousse/data_jobs
1482,Senior Data & Reporting Analyst,ICON,India,"Title short: Senior Data Analyst. Schedule: Full-time. Remote: False. Country: India. Skills: excel, powerpoint, tableau.",excel;powerpoint;tableau,bi,Senior Data & Reporting Analyst,Senior Data Analyst,India,Full-time,False,lukebarousse/data_jobs
1483,Senior Reporting Analyst,Infodrive Solutions Sdn Bhd,"Kuala Lumpur, Federal Territory of Kuala Lumpur, Malaysia","Title short: Senior Data Analyst. Schedule: Full-time. Remote: False. Country: Malaysia. Skills: excel, gcp, power bi, sap, sql, ssis, vba.",excel;gcp;power bi;sap;sql;ssis;vba,bi,Senior Reporting Analyst,Senior Data Analyst,Malaysia,Full-time,False,lukebarousse/data_jobs
1484,Business Intelligence Engineer - Embedded Software,Brunel Australasia,"Perth WA, Australia","Title short: Software Engineer. Schedule: Contractor. Remote: False. Country: Australia. Skills: azure, sql, sql server, ssis.",azure;sql;sql server;ssis,bi,Business Intelligence Engineer - Embedded Software,Software Engineer,Australia,Contractor,False,lukebarousse/data_jobs
1485,"Data Reporting Analyst, Sr",City of Atlanta,"Atlanta, GA","Title short: Senior Data Analyst. Schedule: Full-time. Remote: False. Country: United States. Skills: flow, python, r, visual basic.",flow;python;r;visual basic,bi,"Data Reporting Analyst, Sr",Senior Data Analyst,United States,Full-time,False,lukebarousse/data_jobs
1486,"Data/Reporting Analyst, Sr.",City of Atlanta,"Atlanta, GA","Title short: Senior Data Analyst. Schedule: Full-time. Remote: False. Country: United States. Skills: excel, flow, oracle, sharepoint.",excel;flow;oracle;sharepoint,bi,"Data/Reporting Analyst, Sr.",Senior Data Analyst,United States,Full-time,False,lukebarousse/data_jobs
1487,Business Intelligence Data Engineer,AXEPTA SA,"Geneva, Switzerland","Title short: Data Engineer. Schedule: Full-time. Remote: False. Country: Switzerland. Skills: airflow, azure, bigquery, databricks, git, gitlab, kafka, snowflake, spark, sql.",airflow;azure;bigquery;databricks;git;gitlab;kafka;snowflake;spark;sql,bi,Business Intelligence Data Engineer,Data Engineer,Switzerland,Full-time,False,lukebarousse/data_jobs
1488,"Senior Reporting Analyst - SQL, Alteryx and Tableau",LabCorp,"Birmingham, AL","Title short: Senior Data Analyst. Schedule: Full-time. Remote: False. Country: United States. Skills: alteryx, sql, tableau.",alteryx;sql;tableau,bi,"Senior Reporting Analyst - SQL, Alteryx and Tableau",Senior Data Analyst,United States,Full-time,False,lukebarousse/data_jobs
1489,Data Engineer-Business Intelligence,IBM,"Quezon City, Metro Manila, Philippines","Title short: Data Engineer. Schedule: Full-time. Remote: False. Country: Philippines. Skills: azure, cognos, ibm cloud, microstrategy, power bi, tableau.",azure;cognos;ibm cloud;microstrategy;power bi;tableau,bi,Data Engineer-Business Intelligence,Data Engineer,Philippines,Full-time,False,lukebarousse/data_jobs
1490,"Data Engineer (Data Warehouse), Business Intelligence",Shopee,"Jakarta, Indonesia","Title short: Data Engineer. Schedule: Full-time. Remote: False. Country: Indonesia. Skills: python, scala, spark, sql, unix.",python;scala;spark;sql;unix,bi,"Data Engineer (Data Warehouse), Business Intelligence",Data Engineer,Indonesia,Full-time,False,lukebarousse/data_jobs
1491,Business Intelligence – Data Engineer,Smartedge Solutions Ltd,"Watford, UK","Title short: Data Engineer. Schedule: Full-time and Contractor. Remote: False. Country: United Kingdom. Skills: aws, git, java, jenkins, sap, scala, spark, sql, ssis, terraform.",aws;git;java;jenkins;sap;scala;spark;sql;ssis;terraform,bi,Business Intelligence – Data Engineer,Data Engineer,United Kingdom,Full-time and Contractor,False,lukebarousse/data_jobs
1492,Senior Data Engineer - Business Intelligence,Basedraw,"Pune, Maharashtra, India","Title short: Senior Data Engineer. Schedule: Full-time. Remote: False. Country: India. Skills: aws, azure, nosql, power bi, snowflake, sql, ssis, tableau.",aws;azure;nosql;power bi;snowflake;sql;ssis;tableau,bi,Senior Data Engineer - Business Intelligence,Senior Data Engineer,India,Full-time,False,lukebarousse/data_jobs
1493,Data Engineer (w/m/d) Business Intelligence Microsoft,BE-terna GmbH,Germany   (+3 others),"Title short: Data Engineer. Schedule: Full-time. Remote: False. Country: Germany. Skills: dax, power bi, sql.",dax;power bi;sql,bi,Data Engineer (w/m/d) Business Intelligence Microsoft,Data Engineer,Germany,Full-time,False,lukebarousse/data_jobs
1494,Senior Data and Reporting Analyst,Prime Therapeutics,"Austin, TX","Title short: Senior Data Analyst. Schedule: Full-time. Remote: False. Country: United States. Skills: cognos, crystal, excel, ms access, sas, sql.",cognos;crystal;excel;ms access;sas;sql,bi,Senior Data and Reporting Analyst,Senior Data Analyst,United States,Full-time,False,lukebarousse/data_jobs
1495,Business Intelligence Data Engineer,Eolas Recruitment,"Dublin, Ireland","Title short: Data Engineer. Schedule: Full-time. Remote: False. Country: Ireland. Skills: aws, azure, gcp, hadoop, java, power bi, python, spark, sql, sql server, t-sql, tableau.",aws;azure;gcp;hadoop;java;power bi;python;spark;sql;sql server;t-sql;tableau,bi,Business Intelligence Data Engineer,Data Engineer,Ireland,Full-time,False,lukebarousse/data_jobs
1496,Business Intelligence Developer (Tableau+SSRS),Global Mobility Services,Anywhere,"Title short: Software Engineer. Schedule: Contractor. Remote: True. Country: India. Skills: sql, sql server, ssrs, tableau.",sql;sql server;ssrs;tableau,bi,Business Intelligence Developer (Tableau+SSRS),Software Engineer,India,Contractor,True,lukebarousse/data_jobs
1497,Data Engineer: Business Intelligence,IBM,"Bengaluru, Karnataka, India","Title short: Data Engineer. Schedule: Full-time. Remote: False. Country: India. Skills: ibm cloud, tableau, unix.",ibm cloud;tableau;unix,bi,Data Engineer: Business Intelligence,Data Engineer,India,Full-time,False,lukebarousse/data_jobs
1498,"Data Warehouse Reporting Analyst, Sr.",Impresiv Health,Anywhere,"Title short: Senior Data Analyst. Schedule: Full-time and Temp work. Remote: True. Country: United States. Skills: cognos, excel, microstrategy, outlook, power bi, powerpoint, sql, sql server, ssrs, tableau, word.",cognos;excel;microstrategy;outlook;power bi;powerpoint;sql;sql server;ssrs;tableau;word,bi,"Data Warehouse Reporting Analyst, Sr.",Senior Data Analyst,United States,Full-time and Temp work,True,lukebarousse/data_jobs
1499,Senior Data Engineer (Business Intelligence),WSH EXPERTS PTE. LTD.,Singapore,Title short: Senior Data Engineer. Schedule: Full-time. Remote: False. Country: Singapore. Skills: tableau.,tableau,bi,Senior Data Engineer (Business Intelligence),Senior Data Engineer,Singapore,Full-time,False,lukebarousse/data_jobs
1500,Data Engineer-Business Intelligence (IC),IBM,"Casablanca, Morocco","Title short: Data Engineer. Schedule: Full-time. Remote: False. Country: Morocco. Skills: azure, ibm cloud, jira, power bi, tableau.",azure;ibm cloud;jira;power bi;tableau,bi,Data Engineer-Business Intelligence (IC),Data Engineer,Morocco,Full-time,False,lukebarousse/data_jobs
1501,"Data Engineer/Scientist/Analyst, Mid or Senior (m/f/x)",ALPHA Augmented Services,"Berlin, Germany","Title short: Data Engineer. Schedule: Full-time. Remote: False. Country: Germany. Skills: airflow, azure, c#, dax, docker, jenkins, kubernetes, python, sql.",airflow;azure;c#;dax;docker;jenkins;kubernetes;python;sql,data_engineering,"Data Engineer/Scientist/Analyst, Mid or Senior (m/f/x)",Data Engineer,Germany,Full-time,False,lukebarousse/data_jobs
1502,Data Engineer- Sr Jobs,Kristina Daniel,"Washington, DC","Title short: Data Engineer. Schedule: Full-time. Remote: False. Country: Sudan. Skills: ansible, aws, bash, git, gitlab, jenkins, oracle, puppet, python.",ansible;aws;bash;git;gitlab;jenkins;oracle;puppet;python,data_engineering,Data Engineer- Sr Jobs,Data Engineer,Sudan,Full-time,False,lukebarousse/data_jobs
1503,GCP Data Engineer,smart folks inc,Anywhere,"Title short: Data Engineer. Schedule: Contractor and Temp work. Remote: True. Country: United States. Skills: gcp, python, sql.",gcp;python;sql,data_engineering,GCP Data Engineer,Data Engineer,United States,Contractor and Temp work,True,lukebarousse/data_jobs
1504,Senior Data Engineer  - GCP Cloud,"Miracle Software Systems, Inc","Dearborn, MI","Title short: Senior Data Engineer. Schedule: Full-time. Remote: False. Country: United States. Skills: bigquery, gcp, hadoop, java, python, sql, sql server.",bigquery;gcp;hadoop;java;python;sql;sql server,data_engineering,Senior Data Engineer  - GCP Cloud,Senior Data Engineer,United States,Full-time,False,lukebarousse/data_jobs
1505,Data Engineer,Zitec,Anywhere,"Title short: Data Engineer. Schedule: Full-time. Remote: True. Country: Romania. Skills: airflow, aws, azure, bigquery, databricks, gcp, kafka, nosql, redshift, spark, sql.",airflow;aws;azure;bigquery;databricks;gcp;kafka;nosql;redshift;spark;sql,data_engineering,Data Engineer,Data Engineer,Romania,Full-time,True,lukebarousse/data_jobs
1506,Erfahrene*r Data Engineer*in (m/w/d),ROCKEN®,"Basel, Switzerland","Title short: Data Engineer. Schedule: Full-time. Remote: False. Country: Switzerland. Skills: azure, databricks, python, spark.",azure;databricks;python;spark,data_engineering,Erfahrene*r Data Engineer*in (m/w/d),Data Engineer,Switzerland,Full-time,False,lukebarousse/data_jobs
1507,Data Engineer,Philips,"Colorado Springs, CO   (+3 others)","Title short: Data Engineer. Schedule: Full-time. Remote: False. Country: United States. Skills: python, qlik.",python;qlik,data_engineering,Data Engineer,Data Engineer,United States,Full-time,False,lukebarousse/data_jobs
1508,Senior Data Engineer,Nayya,"New York, NY","Title short: Senior Data Engineer. Schedule: Full-time. Remote: False. Country: United States. Skills: aws, fastapi, flask, go, javascript, python, ruby, sql, terraform.",aws;fastapi;flask;go;javascript;python;ruby;sql;terraform,data_engineering,Senior Data Engineer,Senior Data Engineer,United States,Full-time,False,lukebarousse/data_jobs
1509,Data Engineer,Oowlish,"Rio de Janeiro, State of Rio de Janeiro, Brazil",Title short: Data Engineer. Schedule: Full-time. Remote: False. Country: Brazil. Skills: mongodb.,mongodb,data_engineering,Data Engineer,Data Engineer,Brazil,Full-time,False,lukebarousse/data_jobs
1510,Data Engineer,Orion Group,"Aberdeen, UK","Title short: Data Engineer. Schedule: Temp work. Remote: False. Country: United Kingdom. Skills: power bi, python, sql.",power bi;python;sql,data_engineering,Data Engineer,Data Engineer,United Kingdom,Temp work,False,lukebarousse/data_jobs
1511,Big Data Engineer,Hexaware Technologies,"Pune, Maharashtra, India","Title short: Data Engineer. Schedule: Full-time. Remote: False. Country: India. Skills: azure, databricks, mysql, powershell, python, sql, sql server.",azure;databricks;mysql;powershell;python;sql;sql server,data_engineering,Big Data Engineer,Data Engineer,India,Full-time,False,lukebarousse/data_jobs
1512,Data Engineer / Développeur·euse Big Data F/H,onepoint,"Nantes, France","Title short: Data Engineer. Schedule: Full-time. Remote: False. Country: France. Skills: airflow, aws, azure, cassandra, docker, elasticsearch, gcp, hadoop, java, kafka, kubernetes, mongodb, neo4j, python, scala, spark, sql.",airflow;aws;azure;cassandra;docker;elasticsearch;gcp;hadoop;java;kafka;kubernetes;mongodb;neo4j;python;scala;spark;sql,data_engineering,Data Engineer / Développeur·euse Big Data F/H,Data Engineer,France,Full-time,False,lukebarousse/data_jobs
1513,"Principal Data Engineer (Lead), Knowledge Graphs and Data Semantics",Altos Labs,"San Francisco, CA","Title short: Data Engineer. Schedule: Full-time. Remote: False. Country: United States. Skills: java, python, r.",java;python;r,data_engineering,"Principal Data Engineer (Lead), Knowledge Graphs and Data Semantics",Data Engineer,United States,Full-time,False,lukebarousse/data_jobs
1514,Senior Data Engineer (Work from home Eligible),Capital One,"Wilmington, DE","Title short: Senior Data Engineer. Schedule: Full-time. Remote: False. Country: United States. Skills: aws, azure, cassandra, hadoop, kafka, mongo, mysql, nosql, python, redshift, scala, shell, snowflake, spark.",aws;azure;cassandra;hadoop;kafka;mongo;mysql;nosql;python;redshift;scala;shell;snowflake;spark,data_engineering,Senior Data Engineer (Work from home Eligible),Senior Data Engineer,United States,Full-time,False,lukebarousse/data_jobs
1515,Data Engineer,Eolas Recruitment,"County Westmeath, Ireland","Title short: Data Engineer. Schedule: Full-time. Remote: False. Country: Ireland. Skills: azure, databricks, flow, pyspark, python, r, sql.",azure;databricks;flow;pyspark;python;r;sql,data_engineering,Data Engineer,Data Engineer,Ireland,Full-time,False,lukebarousse/data_jobs
1516,Data Engineer - Royal Canin,Mars,"St Charles, MO","Title short: Data Engineer. Schedule: Full-time. Remote: False. Country: United States. Skills: azure, databricks, flask, neo4j, pyspark, python, spark, sql.",azure;databricks;flask;neo4j;pyspark;python;spark;sql,data_engineering,Data Engineer - Royal Canin,Data Engineer,United States,Full-time,False,lukebarousse/data_jobs
1517,Data Engineer III - Now Hiring,American Family Mutual Insurance Company,"Boston, MA","Title short: Data Engineer. Schedule: Full-time. Remote: False. Country: United States. Skills: aws, azure, docker, gcp, git, hadoop, jenkins, nosql, python, spark, sql, terraform.",aws;azure;docker;gcp;git;hadoop;jenkins;nosql;python;spark;sql;terraform,data_engineering,Data Engineer III - Now Hiring,Data Engineer,United States,Full-time,False,lukebarousse/data_jobs
1518,Data Engineer,Programmers.io,"Fort Worth, TX","Title short: Data Engineer. Schedule: Full-time. Remote: False. Country: United States. Skills: python, sql.",python;sql,data_engineering,Data Engineer,Data Engineer,United States,Full-time,False,lukebarousse/data_jobs
1519,"Senior Data Engineer(Python)-1563,1637&1633",CESIT,"Chennai, Tamil Nadu, India","Title short: Senior Data Engineer. Schedule: Full-time. Remote: False. Country: India. Skills: aws, docker, jira, pyspark, python, sql.",aws;docker;jira;pyspark;python;sql,data_engineering,"Senior Data Engineer(Python)-1563,1637&1633",Senior Data Engineer,India,Full-time,False,lukebarousse/data_jobs
1520,Senior Data Engineering,Agensi Pekerjaan BTC Sdn Bhd,"Kuala Lumpur, Federal Territory of Kuala Lumpur, Malaysia","Title short: Senior Data Engineer. Schedule: Full-time. Remote: False. Country: Malaysia. Skills: c, cognos, hadoop, java, kafka, microstrategy, nosql, power bi, python, sap, scala, spark, sql.",c;cognos;hadoop;java;kafka;microstrategy;nosql;power bi;python;sap;scala;spark;sql,data_engineering,Senior Data Engineering,Senior Data Engineer,Malaysia,Full-time,False,lukebarousse/data_jobs
1521,Senior Data Engineer,Aditi Consulting,Anywhere,"Title short: Senior Data Engineer. Schedule: Contractor. Remote: True. Country: United States. Skills: aws, databricks, java, python, spark.",aws;databricks;java;python;spark,data_engineering,Senior Data Engineer,Senior Data Engineer,United States,Contractor,True,lukebarousse/data_jobs
1522,Data Engineer,Verkada,"San Mateo, CA","Title short: Data Engineer. Schedule: Full-time. Remote: False. Country: United States. Skills: aws, looker, python, sql.",aws;looker;python;sql,data_engineering,Data Engineer,Data Engineer,United States,Full-time,False,lukebarousse/data_jobs
1523,Data and Analytics Engineer,PwC,"San Antonio, TX","Title short: Data Engineer. Schedule: Full-time. Remote: False. Country: United States. Skills: hadoop, qlik, snowflake, spark, tableau.",hadoop;qlik;snowflake;spark;tableau,data_engineering,Data and Analytics Engineer,Data Engineer,United States,Full-time,False,lukebarousse/data_jobs
1524,Data Engineer,Eightroom,"Montevideo, Montevideo Department, Uruguay","Title short: Data Engineer. Schedule: Full-time. Remote: False. Country: Uruguay. Skills: aws, azure, mysql, postgresql, power bi, sql, sql server, tableau.",aws;azure;mysql;postgresql;power bi;sql;sql server;tableau,data_engineering,Data Engineer,Data Engineer,Uruguay,Full-time,False,lukebarousse/data_jobs
1525,Data Engineer with Dremio Experience,Iris Software Inc.,"Toronto, ON, Canada","Title short: Data Engineer. Schedule: Contractor. Remote: False. Country: Canada. Skills: hadoop, kubernetes, sql.",hadoop;kubernetes;sql,data_engineering,Data Engineer with Dremio Experience,Data Engineer,Canada,Contractor,False,lukebarousse/data_jobs
1526,Data Engineer,Divisions Maintenance Group,"Cincinnati, OH","Title short: Data Engineer. Schedule: Full-time. Remote: False. Country: United States. Skills: c++, cassandra, hadoop, java, kafka, nosql, python, scala, spark, sql.",c++;cassandra;hadoop;java;kafka;nosql;python;scala;spark;sql,data_engineering,Data Engineer,Data Engineer,United States,Full-time,False,lukebarousse/data_jobs
1527,Full Stack Data Engineer,Qptech Ltd,"Limerick, Ireland","Title short: Data Engineer. Schedule: Full-time. Remote: False. Country: Ireland. Skills: aws, azure, docker, dynamodb, gdpr, hadoop, jenkins, kubernetes, mongodb, python, sql.",aws;azure;docker;dynamodb;gdpr;hadoop;jenkins;kubernetes;mongodb;python;sql,data_engineering,Full Stack Data Engineer,Data Engineer,Ireland,Full-time,False,lukebarousse/data_jobs
1528,Data Engineer,Intelletec,"Arlington, VA","Title short: Data Engineer. Schedule: Full-time. Remote: False. Country: Sudan. Skills: kubernetes, mariadb, mongodb, mysql, oracle, python, r, spark, sql, tableau.",kubernetes;mariadb;mongodb;mysql;oracle;python;r;spark;sql;tableau,data_engineering,Data Engineer,Data Engineer,Sudan,Full-time,False,lukebarousse/data_jobs
1529,Director - Enterprise Architecture and Data Engineering,Ford Motor Company,"Chennai, Tamil Nadu, India","Title short: Data Engineer. Schedule: Full-time. Remote: False. Country: India. Skills: gcp, graphql, kubernetes.",gcp;graphql;kubernetes,data_engineering,Director - Enterprise Architecture and Data Engineering,Data Engineer,India,Full-time,False,lukebarousse/data_jobs
1530,Data Engineer,Smartfox LLC,"Ridgefield Park, NJ","Title short: Data Engineer. Schedule: Full-time and Temp work. Remote: False. Country: Sudan. Skills: aws, gcp, hadoop, java, kafka, linux, php, python, shell, spark, sql.",aws;gcp;hadoop;java;kafka;linux;php;python;shell;spark;sql,data_engineering,Data Engineer,Data Engineer,Sudan,Full-time and Temp work,False,lukebarousse/data_jobs
1531,Senior Data Engineer - Reporting - EG,Gorilla Logic,Anywhere,"Title short: Senior Data Engineer. Schedule: Full-time. Remote: True. Country: Mexico. Skills: angular, aws, azure, bigquery, databricks, java, javascript, jupyter, power bi, python, react, redshift, snowflake, spark, sql, tableau, tensorflow, vue.",angular;aws;azure;bigquery;databricks;java;javascript;jupyter;power bi;python;react;redshift;snowflake;spark;sql;tableau;tensorflow;vue,data_engineering,Senior Data Engineer - Reporting - EG,Senior Data Engineer,Mexico,Full-time,True,lukebarousse/data_jobs
1532,Senior/Lead Data Engineer,Capital One,"Dover, DE","Title short: Senior Data Engineer. Schedule: Full-time and Part-time. Remote: False. Country: United States. Skills: aws, azure, cassandra, hadoop, java, kafka, linux, mongo, mysql, nosql, python, redshift, scala, shell, snowflake, spark, sql, unix.",aws;azure;cassandra;hadoop;java;kafka;linux;mongo;mysql;nosql;python;redshift;scala;shell;snowflake;spark;sql;unix,data_engineering,Senior/Lead Data Engineer,Senior Data Engineer,United States,Full-time and Part-time,False,lukebarousse/data_jobs
1533,Remote - Data Engineer - Permanent - W2,Apex Systems,Anywhere,"Title short: Data Engineer. Schedule: Full-time. Remote: True. Country: United States. Skills: python, sql.",python;sql,data_engineering,Remote - Data Engineer - Permanent - W2,Data Engineer,United States,Full-time,True,lukebarousse/data_jobs
1534,Data Engineer - Cloud Operations,Adobe,"Lehi, UT","Title short: Data Engineer. Schedule: Full-time. Remote: False. Country: United States. Skills: aws, azure, javascript, power bi, python, sql, tableau.",aws;azure;javascript;power bi;python;sql;tableau,data_engineering,Data Engineer - Cloud Operations,Data Engineer,United States,Full-time,False,lukebarousse/data_jobs
1535,Data Engineer,Crimson Interactive Inc,"Mumbai, Maharashtra, India","Title short: Data Engineer. Schedule: Full-time. Remote: False. Country: India. Skills: docker, elasticsearch, hadoop, kafka, kubernetes, mongodb, mysql, neo4j, nosql, redis, tableau.",docker;elasticsearch;hadoop;kafka;kubernetes;mongodb;mysql;neo4j;nosql;redis;tableau,data_engineering,Data Engineer,Data Engineer,India,Full-time,False,lukebarousse/data_jobs
1536,Data Engineer,King's Hawaiian,"Torrance, CA","Title short: Data Engineer. Schedule: Full-time. Remote: False. Country: Sudan. Skills: aws, azure, python, r, sap, spark, sql, sql server.",aws;azure;python;r;sap;spark;sql;sql server,data_engineering,Data Engineer,Data Engineer,Sudan,Full-time,False,lukebarousse/data_jobs
1537,Senior Data Engineer (AWS),MUFG Investor Services,"Toronto, ON, Canada","Title short: Senior Data Engineer. Schedule: Full-time. Remote: False. Country: Canada. Skills: aws, databricks, python, spark.",aws;databricks;python;spark,data_engineering,Senior Data Engineer (AWS),Senior Data Engineer,Canada,Full-time,False,lukebarousse/data_jobs
1538,Senior/Staff Data Engineer – Apache Spark (Java/Scala) (Bangkok...,Agoda,"Miami, FL","Title short: Data Engineer. Schedule: Full-time. Remote: False. Country: United States. Skills: golang, hadoop, java, linux, react, scala, spark, sql.",golang;hadoop;java;linux;react;scala;spark;sql,data_engineering,Senior/Staff Data Engineer – Apache Spark (Java/Scala) (Bangkok...,Data Engineer,United States,Full-time,False,lukebarousse/data_jobs
1539,Data Engineering Team Lead,GVT Government Technology Agency (GovTech),Anywhere,"Title short: Data Engineer. Schedule: Full-time. Remote: True. Country: Singapore. Skills: aws, azure, docker, gcp, git, nosql, spark, sql, terraform.",aws;azure;docker;gcp;git;nosql;spark;sql;terraform,data_engineering,Data Engineering Team Lead,Data Engineer,Singapore,Full-time,True,lukebarousse/data_jobs
1540,Data Engineer H/F,Talan,Anywhere,"Title short: Data Engineer. Schedule: Full-time. Remote: True. Country: France. Skills: ansible, aws, azure, cassandra, gcp, git, jenkins, mongodb, nosql, power bi, python, qlik, sql, tableau.",ansible;aws;azure;cassandra;gcp;git;jenkins;mongodb;nosql;power bi;python;qlik;sql;tableau,data_engineering,Data Engineer H/F,Data Engineer,France,Full-time,True,lukebarousse/data_jobs
1541,Chapter Lead Data Engineers Poland,Volvo Group,"Wrocław, Poland","Title short: Data Engineer. Schedule: Full-time. Remote: False. Country: Poland. Skills: azure, excel, unity.",azure;excel;unity,data_engineering,Chapter Lead Data Engineers Poland,Data Engineer,Poland,Full-time,False,lukebarousse/data_jobs
1542,Data Engineer,LEIDOS,"NAVAL SEA SYS, DC","Title short: Data Engineer. Schedule: Full-time. Remote: False. Country: United States. Skills: aws, azure, docker, flow, gcp, hadoop, java, kubernetes, mongodb, mysql, nosql, python, react, spark, sql, tableau.",aws;azure;docker;flow;gcp;hadoop;java;kubernetes;mongodb;mysql;nosql;python;react;spark;sql;tableau,data_engineering,Data Engineer,Data Engineer,United States,Full-time,False,lukebarousse/data_jobs
1543,Data Engineer,"Zelis Healthcare, LLC","Morristown, NJ","Title short: Data Engineer. Schedule: Full-time. Remote: False. Country: United States. Skills: azure, confluence, git, jira, snowflake, sql, sql server, t-sql.",azure;confluence;git;jira;snowflake;sql;sql server;t-sql,data_engineering,Data Engineer,Data Engineer,United States,Full-time,False,lukebarousse/data_jobs
1544,Junior Data Engineer Jobs,Kristina Daniel,"Fairfax, VA","Title short: Data Engineer. Schedule: Full-time. Remote: False. Country: Sudan. Skills: azure, css, excel, html, javascript, linux, python, sql.",azure;css;excel;html;javascript;linux;python;sql,data_engineering,Junior Data Engineer Jobs,Data Engineer,Sudan,Full-time,False,lukebarousse/data_jobs
1545,Data Engineer Analyst,Guidehouse,"Trenton, AL","Title short: Data Engineer. Schedule: Full-time. Remote: False. Country: United States. Skills: aws, azure, javascript, outlook, power bi, pyspark, python, qlik, r, sql, tableau, typescript.",aws;azure;javascript;outlook;power bi;pyspark;python;qlik;r;sql;tableau;typescript,data_engineering,Data Engineer Analyst,Data Engineer,United States,Full-time,False,lukebarousse/data_jobs
1546,Senior Azure Data Engineer,Entico,"Antwerp, Belgium","Title short: Senior Data Engineer. Schedule: Full-time. Remote: False. Country: Belgium. Skills: azure, databricks, docker, jupyter, python, spark.",azure;databricks;docker;jupyter;python;spark,data_engineering,Senior Azure Data Engineer,Senior Data Engineer,Belgium,Full-time,False,lukebarousse/data_jobs
1547,Senior Data Engineer,Data Build Company,"Utrecht, Netherlands","Title short: Senior Data Engineer. Schedule: Full-time. Remote: False. Country: Netherlands. Skills: airflow, ansible, aws, azure, bigquery, docker, gcp, github, gitlab, hadoop, jira, kafka, python, scala, snowflake, spark, sql, terraform.",airflow;ansible;aws;azure;bigquery;docker;gcp;github;gitlab;hadoop;jira;kafka;python;scala;snowflake;spark;sql;terraform,data_engineering,Senior Data Engineer,Senior Data Engineer,Netherlands,Full-time,False,lukebarousse/data_jobs
1548,Data Engineer,SII Group,"Kraków, Poland","Title short: Data Engineer. Schedule: Full-time. Remote: False. Country: Poland. Skills: aws, python, shell, sql.",aws;python;shell;sql,data_engineering,Data Engineer,Data Engineer,Poland,Full-time,False,lukebarousse/data_jobs
1549,Data Engineer,Career Search Partners,"New York, NY","Title short: Data Engineer. Schedule: Full-time. Remote: False. Country: United States. Skills: excel, flow, git, python, sql, sql server.",excel;flow;git;python;sql;sql server,data_engineering,Data Engineer,Data Engineer,United States,Full-time,False,lukebarousse/data_jobs
1550,Snowflake Data Engineer,Get It Recruit - Professional Services,"Plano, TX","Title short: Data Engineer. Schedule: Full-time. Remote: False. Country: United States. Skills: snowflake, sql.",snowflake;sql,data_engineering,Snowflake Data Engineer,Data Engineer,United States,Full-time,False,lukebarousse/data_jobs
1551,Senior Data Engineer,AppFolio,"Plano, TX","Title short: Senior Data Engineer. Schedule: Full-time. Remote: False. Country: United States. Skills: aws, docker, kafka, kubernetes, python, ruby, snowflake, sql, tableau.",aws;docker;kafka;kubernetes;python;ruby;snowflake;sql;tableau,data_engineering,Senior Data Engineer,Senior Data Engineer,United States,Full-time,False,lukebarousse/data_jobs
1552,Data Engineer,ASCO Engineering GmbH,Austria,Title short: Data Engineer. Schedule: Full-time. Remote: False. Country: Austria. Skills: sap.,sap,data_engineering,Data Engineer,Data Engineer,Austria,Full-time,False,lukebarousse/data_jobs
1553,Cloud Data Engineer,Telenet,"Mechelen, Belgium","Title short: Data Engineer. Schedule: Full-time. Remote: False. Country: Belgium. Skills: aws, cassandra, docker, hadoop, kafka, kubernetes, spark, sql, word.",aws;cassandra;docker;hadoop;kafka;kubernetes;spark;sql;word,data_engineering,Cloud Data Engineer,Data Engineer,Belgium,Full-time,False,lukebarousse/data_jobs
1554,Senior Azure Data Engineer,Ascendion,Anywhere,"Title short: Senior Data Engineer. Schedule: Full-time. Remote: True. Country: United States. Skills: azure, databricks, nosql, power bi, python, sql.",azure;databricks;nosql;power bi;python;sql,data_engineering,Senior Azure Data Engineer,Senior Data Engineer,United States,Full-time,True,lukebarousse/data_jobs
1555,CDI - Data Engineer (Média) (F/H),La Relève,"Ivry-sur-Seine, France","Title short: Data Engineer. Schedule: Full-time. Remote: False. Country: France. Skills: airflow, aws, hadoop, jira, redshift, scala, snowflake, spark, sql.",airflow;aws;hadoop;jira;redshift;scala;snowflake;spark;sql,data_engineering,CDI - Data Engineer (Média) (F/H),Data Engineer,France,Full-time,False,lukebarousse/data_jobs
1556,Data Analytics Engineer - Remote | WFH,Get It Recruit - Information Technology,Anywhere,"Title short: Data Engineer. Schedule: Full-time. Remote: True. Country: United States. Skills: git, looker, python, r, snowflake, sql.",git;looker;python;r;snowflake;sql,data_engineering,Data Analytics Engineer - Remote | WFH,Data Engineer,United States,Full-time,True,lukebarousse/data_jobs
1557,Data Engineer,PG&E Corporation,"Oakland, CA","Title short: Data Engineer. Schedule: Full-time. Remote: False. Country: United States. Skills: aws, pandas, pyspark, python, sap, spark, tableau.",aws;pandas;pyspark;python;sap;spark;tableau,data_engineering,Data Engineer,Data Engineer,United States,Full-time,False,lukebarousse/data_jobs
1558,Staff Data Engineer,University of Michigan - Ann Arbor,"Ann Arbor, MI","Title short: Data Engineer. Schedule: Full-time. Remote: False. Country: United States. Skills: aws, azure, gcp, oracle, sql, ssis.",aws;azure;gcp;oracle;sql;ssis,data_engineering,Staff Data Engineer,Data Engineer,United States,Full-time,False,lukebarousse/data_jobs
1559,Data Engineer Graduate (Real Time Communication) - 2024 Start (BS/ MS),ByteDance,"Seattle, WA","Title short: Data Engineer. Schedule: Full-time. Remote: False. Country: United States. Skills: golang, hadoop, java, python, scala, spark.",golang;hadoop;java;python;scala;spark,data_engineering,Data Engineer Graduate (Real Time Communication) - 2024 Start (BS/ MS),Data Engineer,United States,Full-time,False,lukebarousse/data_jobs
1560,Data Engineering Lead,Axtria - Ingenious Insights,"New Delhi, Delhi, India","Title short: Data Engineer. Schedule: Full-time. Remote: False. Country: India. Skills: aws, azure, confluence, gcp, git, jira, microstrategy, python, qlik, spark, sql, tableau.",aws;azure;confluence;gcp;git;jira;microstrategy;python;qlik;spark;sql;tableau,data_engineering,Data Engineering Lead,Data Engineer,India,Full-time,False,lukebarousse/data_jobs
1561,Data Engineer,Tech Tammina,United States,"Title short: Data Engineer. Schedule: Full-time. Remote: False. Country: Sudan. Skills: excel, sql.",excel;sql,data_engineering,Data Engineer,Data Engineer,Sudan,Full-time,False,lukebarousse/data_jobs
1562,Lead Data Engineer/Architect,BizAnalytica,Anywhere,"Title short: Data Engineer. Schedule: Full-time. Remote: True. Country: United States. Skills: aws, azure, databricks, excel, java, python, redshift, scala, snowflake, spark, sql.",aws;azure;databricks;excel;java;python;redshift;scala;snowflake;spark;sql,data_engineering,Lead Data Engineer/Architect,Data Engineer,United States,Full-time,True,lukebarousse/data_jobs
1563,Data Engineer Azure,jouw ITC vacature,"Almere, Netherlands",Title short: Data Engineer. Schedule: Full-time. Remote: False. Country: Netherlands. Skills: azure.,azure,data_engineering,Data Engineer Azure,Data Engineer,Netherlands,Full-time,False,lukebarousse/data_jobs
1564,Data Engineer,Zeelo,"London, UK","Title short: Data Engineer. Schedule: Full-time. Remote: False. Country: United Kingdom. Skills: ansible, aws, bitbucket, django, docker, dynamodb, fastapi, flask, postgresql, python.",ansible;aws;bitbucket;django;docker;dynamodb;fastapi;flask;postgresql;python,data_engineering,Data Engineer,Data Engineer,United Kingdom,Full-time,False,lukebarousse/data_jobs
1565,Data Engineer,IQVIA,Anywhere,"Title short: Data Engineer. Schedule: Full-time. Remote: True. Country: United States. Skills: postgresql, python, sql.",postgresql;python;sql,data_engineering,Data Engineer,Data Engineer,United States,Full-time,True,lukebarousse/data_jobs
1566,Data Engineer,Delaware North,"Buffalo, NY","Title short: Data Engineer. Schedule: Full-time. Remote: False. Country: United States. Skills: airflow, aws, django, mongodb, nosql, postgresql, python, redshift, sql.",airflow;aws;django;mongodb;nosql;postgresql;python;redshift;sql,data_engineering,Data Engineer,Data Engineer,United States,Full-time,False,lukebarousse/data_jobs
1567,Data Engineer Cloud (H/F),EML Consulting,France,"Title short: Data Engineer. Schedule: Full-time. Remote: False. Country: France. Skills: azure, bigquery, databricks, gcp, hadoop, java, python, scala, spark, sql.",azure;bigquery;databricks;gcp;hadoop;java;python;scala;spark;sql,data_engineering,Data Engineer Cloud (H/F),Data Engineer,France,Full-time,False,lukebarousse/data_jobs
1568,"Data Engineer, Data Architect",Gofore,"Tampere, Finland","Title short: Data Engineer. Schedule: Full-time. Remote: False. Country: Finland. Skills: aws, azure, power bi, sql.",aws;azure;power bi;sql,data_engineering,"Data Engineer, Data Architect",Data Engineer,Finland,Full-time,False,lukebarousse/data_jobs
1569,Cyber Senior Data Engineer,New York City Office of Technology & Innovation,"New York, NY","Title short: Senior Data Engineer. Schedule: Full-time. Remote: False. Country: United States. Skills: aws, azure, gcp, java, python, r, scikit-learn, terraform, unix.",aws;azure;gcp;java;python;r;scikit-learn;terraform;unix,data_engineering,Cyber Senior Data Engineer,Senior Data Engineer,United States,Full-time,False,lukebarousse/data_jobs
1570,Big Data Engineer Jobs,MAXAR Technologies,"Reston, VA","Title short: Data Engineer. Schedule: Full-time. Remote: False. Country: Sudan. Skills: aws, elasticsearch, hadoop, jupyter, kubernetes, neo4j, postgresql, python, pytorch, spark.",aws;elasticsearch;hadoop;jupyter;kubernetes;neo4j;postgresql;python;pytorch;spark,data_engineering,Big Data Engineer Jobs,Data Engineer,Sudan,Full-time,False,lukebarousse/data_jobs
1571,Data Engineer,Indotronix International Corporation,"Las Vegas, NV","Title short: Data Engineer. Schedule: Full-time. Remote: False. Country: United States. Skills: airflow, azure, databricks, kafka, python, shell.",airflow;azure;databricks;kafka;python;shell,data_engineering,Data Engineer,Data Engineer,United States,Full-time,False,lukebarousse/data_jobs
1572,Senior Data Engineer,Method-Resourcing,United Kingdom,"Title short: Senior Data Engineer. Schedule: Full-time. Remote: False. Country: United Kingdom. Skills: aws, python, redshift, sql, sql server.",aws;python;redshift;sql;sql server,data_engineering,Senior Data Engineer,Senior Data Engineer,United Kingdom,Full-time,False,lukebarousse/data_jobs
1573,Cyber Defence System and Data Engineer,Summer-Browning Associates,"Hereford, UK","Title short: Data Engineer. Schedule: Contractor. Remote: False. Country: United Kingdom. Skills: azure, splunk.",azure;splunk,data_engineering,Cyber Defence System and Data Engineer,Data Engineer,United Kingdom,Contractor,False,lukebarousse/data_jobs
1574,"Manager, Data Engineering",Capital One,"Baltimore, MD","Title short: Data Engineer. Schedule: Full-time. Remote: False. Country: United States. Skills: aws, azure, cassandra, hadoop, java, kafka, mongo, mysql, nosql, python, redshift, scala, shell, snowflake, spark, sql.",aws;azure;cassandra;hadoop;java;kafka;mongo;mysql;nosql;python;redshift;scala;shell;snowflake;spark;sql,data_engineering,"Manager, Data Engineering",Data Engineer,United States,Full-time,False,lukebarousse/data_jobs
1575,ETL/Data Engineering Specialist,Dennemeyer,Luxembourg,"Title short: Data Engineer. Schedule: Full-time. Remote: False. Country: Luxembourg. Skills: sql, sql server, tableau, visual basic.",sql;sql server;tableau;visual basic,data_engineering,ETL/Data Engineering Specialist,Data Engineer,Luxembourg,Full-time,False,lukebarousse/data_jobs
1576,Data Engineer - Online Job,Oowlish,Anywhere,Title short: Data Engineer. Schedule: Full-time. Remote: True. Country: Costa Rica. Skills: mongodb.,mongodb,data_engineering,Data Engineer - Online Job,Data Engineer,Costa Rica,Full-time,True,lukebarousse/data_jobs
1577,Data Engineer – Multimodal Data Integration,Allen Institute for Brain Science,"Seattle, WA","Title short: Data Engineer. Schedule: Full-time. Remote: False. Country: United States. Skills: git, github, python, spark.",git;github;python;spark,data_engineering,Data Engineer – Multimodal Data Integration,Data Engineer,United States,Full-time,False,lukebarousse/data_jobs
1578,Data Engineer,You.com -,"Enterprise, OR","Title short: Data Engineer. Schedule: Full-time. Remote: False. Country: Sudan. Skills: aws, azure, kafka, python, spark, sql, terraform.",aws;azure;kafka;python;spark;sql;terraform,data_engineering,Data Engineer,Data Engineer,Sudan,Full-time,False,lukebarousse/data_jobs
1579,Data Engineer,Hexaware Technologies,"Santa Clara, CA","Title short: Data Engineer. Schedule: Full-time. Remote: False. Country: United States. Skills: aws, azure, django, docker, flask, gcp, python, sql.",aws;azure;django;docker;flask;gcp;python;sql,data_engineering,Data Engineer,Data Engineer,United States,Full-time,False,lukebarousse/data_jobs
1580,Azure Data Engineer,Mississippi Consultants LLP,"Pune, Maharashtra, India","Title short: Data Engineer. Schedule: Full-time. Remote: False. Country: India. Skills: airflow, azure, databricks, pandas, power bi, pyspark, python, sql.",airflow;azure;databricks;pandas;power bi;pyspark;python;sql,data_engineering,Azure Data Engineer,Data Engineer,India,Full-time,False,lukebarousse/data_jobs
1581,Data Engineer,Leap29,"Eindhoven, Netherlands","Title short: Data Engineer. Schedule: Temp work. Remote: False. Country: Netherlands. Skills: airflow, aws, azure, gcp, kafka, python, spark, sql, tableau.",airflow;aws;azure;gcp;kafka;python;spark;sql;tableau,data_engineering,Data Engineer,Data Engineer,Netherlands,Temp work,False,lukebarousse/data_jobs
1582,Senior Data Engineer,Zobility,"Bengaluru, Karnataka, India","Title short: Senior Data Engineer. Schedule: Contractor. Remote: False. Country: India. Skills: airflow, aws, gitlab, kafka, pyspark, python, redshift, snowflake, spark, splunk, sql.",airflow;aws;gitlab;kafka;pyspark;python;redshift;snowflake;spark;splunk;sql,data_engineering,Senior Data Engineer,Senior Data Engineer,India,Contractor,False,lukebarousse/data_jobs
1583,Lead Data Engineer | Blockchain Transaction Monitoring and...,CryptoRecruit,Anywhere,"Title short: Data Engineer. Schedule: Full-time. Remote: True. Country: United States. Skills: airflow, aws, bash, docker, gcp, github, go, python, solidity, spark.",airflow;aws;bash;docker;gcp;github;go;python;solidity;spark,data_engineering,Lead Data Engineer | Blockchain Transaction Monitoring and...,Data Engineer,United States,Full-time,True,lukebarousse/data_jobs
1584,Senior Data Engineer,NVIDIA,"Guangzhou, Guangdong Province, China","Title short: Senior Data Engineer. Schedule: Full-time. Remote: False. Country: China. Skills: java, kafka, scala, spark.",java;kafka;scala;spark,data_engineering,Senior Data Engineer,Senior Data Engineer,China,Full-time,False,lukebarousse/data_jobs
1585,Data Engineer with Azure and Analytics,HQ,"Mexico City, CDMX, Mexico","Title short: Data Engineer. Schedule: Full-time. Remote: False. Country: Mexico. Skills: azure, sql, sql server, ssis.",azure;sql;sql server;ssis,data_engineering,Data Engineer with Azure and Analytics,Data Engineer,Mexico,Full-time,False,lukebarousse/data_jobs
1586,Data Engineer III-Data infrastructure - Now Hiring,FM Global,"Mansfield, MA","Title short: Data Engineer. Schedule: Full-time. Remote: False. Country: United States. Skills: azure, c#, dax, flow, power bi, sql, sql server, ssis.",azure;c#;dax;flow;power bi;sql;sql server;ssis,data_engineering,Data Engineer III-Data infrastructure - Now Hiring,Data Engineer,United States,Full-time,False,lukebarousse/data_jobs
1587,Data Engineer con Python,Keyrus,Spain,Title short: Data Engineer. Schedule: Full-time. Remote: False. Country: Spain. Skills: python.,python,data_engineering,Data Engineer con Python,Data Engineer,Spain,Full-time,False,lukebarousse/data_jobs
1588,Lead Data Engineer (Blockchain Exchange),CryptoRecruit,Anywhere,"Title short: Data Engineer. Schedule: Full-time. Remote: True. Country: United States. Skills: cassandra, elasticsearch, git, gitlab, hadoop, mongo, python, redis, solidity, sql.",cassandra;elasticsearch;git;gitlab;hadoop;mongo;python;redis;solidity;sql,data_engineering,Lead Data Engineer (Blockchain Exchange),Data Engineer,United States,Full-time,True,lukebarousse/data_jobs
1589,Senior Data Engineer für die Dateninfrastruktur,Workwise GmbH,"Berlin, Germany","Title short: Senior Data Engineer. Schedule: Full-time. Remote: False. Country: Germany. Skills: aws, kubernetes, python, sql, terraform.",aws;kubernetes;python;sql;terraform,data_engineering,Senior Data Engineer für die Dateninfrastruktur,Senior Data Engineer,Germany,Full-time,False,lukebarousse/data_jobs
1590,Senior Data Engineer,Kanini,"North Druid Hills, GA","Title short: Senior Data Engineer. Schedule: Contractor. Remote: False. Country: United States. Skills: aws, git, jira, mysql, postgresql, python, snowflake, sql, sql server.",aws;git;jira;mysql;postgresql;python;snowflake;sql;sql server,data_engineering,Senior Data Engineer,Senior Data Engineer,United States,Contractor,False,lukebarousse/data_jobs
1591,data engineer,ArcelorMittal,Luxembourg,"Title short: Data Engineer. Schedule: Full-time. Remote: False. Country: Luxembourg. Skills: hadoop, kafka, power bi, python, sap, vba.",hadoop;kafka;power bi;python;sap;vba,data_engineering,data engineer,Data Engineer,Luxembourg,Full-time,False,lukebarousse/data_jobs
1592,Data Engineers,American Express,"Phoenix, AZ","Title short: Data Engineer. Schedule: Full-time. Remote: False. Country: United States. Skills: cassandra, couchbase, express, git, jira, linux, nosql, phoenix, redhat.",cassandra;couchbase;express;git;jira;linux;nosql;phoenix;redhat,data_engineering,Data Engineers,Data Engineer,United States,Full-time,False,lukebarousse/data_jobs
1593,Senior Associate Data Engineering - Remote | WFH,Get It Recruit - Information Technology,Anywhere,"Title short: Data Engineer. Schedule: Full-time. Remote: True. Country: United States. Skills: aws, azure, java, javascript, nosql, pyspark, python, scala, spark, sql, terraform.",aws;azure;java;javascript;nosql;pyspark;python;scala;spark;sql;terraform,data_engineering,Senior Associate Data Engineering - Remote | WFH,Data Engineer,United States,Full-time,True,lukebarousse/data_jobs
1594,Data Engineer H/F,LAB 5COM,France,"Title short: Data Engineer. Schedule: Full-time. Remote: False. Country: France. Skills: angular, c, hadoop, ionic, java, javascript, kotlin, php, python, qlik, r, react, spark, spring, swift, symfony, tableau, typescript, yarn.",angular;c;hadoop;ionic;java;javascript;kotlin;php;python;qlik;r;react;spark;spring;swift;symfony;tableau;typescript;yarn,data_engineering,Data Engineer H/F,Data Engineer,France,Full-time,False,lukebarousse/data_jobs
1595,Data Engineer,Xoriant,"San Jose, CA","Title short: Data Engineer. Schedule: Full-time. Remote: False. Country: Sudan. Skills: spark, sql, tableau.",spark;sql;tableau,data_engineering,Data Engineer,Data Engineer,Sudan,Full-time,False,lukebarousse/data_jobs
1596,Data Engineer,TechBlocks,"Dallas, TX","Title short: Data Engineer. Schedule: Full-time. Remote: False. Country: Sudan. Skills: airflow, bigquery, gcp, java, python, sql.",airflow;bigquery;gcp;java;python;sql,data_engineering,Data Engineer,Data Engineer,Sudan,Full-time,False,lukebarousse/data_jobs
1597,Data Engineer,Upwork,Anywhere,"Title short: Data Engineer. Schedule: Contractor and Temp work. Remote: True. Country: United States. Skills: airflow, aws, gcp, java, mysql, postgresql, python, sql.",airflow;aws;gcp;java;mysql;postgresql;python;sql,data_engineering,Data Engineer,Data Engineer,United States,Contractor and Temp work,True,lukebarousse/data_jobs
1598,Data Engineer,Michael Page,"Barcelona, Spain","Title short: Data Engineer. Schedule: Full-time. Remote: False. Country: Spain. Skills: aws, gcp, linux, postgresql, python, sql.",aws;gcp;linux;postgresql;python;sql,data_engineering,Data Engineer,Data Engineer,Spain,Full-time,False,lukebarousse/data_jobs
1599,Senior Data Engineer - Data Insights,Cloudbeds,Anywhere,"Title short: Senior Data Engineer. Schedule: Full-time. Remote: True. Country: Canada. Skills: aws, docker, gdpr, github, hadoop, java, kafka, kubernetes, python, spark, sql, yarn.",aws;docker;gdpr;github;hadoop;java;kafka;kubernetes;python;spark;sql;yarn,data_engineering,Senior Data Engineer - Data Insights,Senior Data Engineer,Canada,Full-time,True,lukebarousse/data_jobs
1600,Data Engineer - REMOTE,Sierra Solutions,Anywhere,"Title short: Data Engineer. Schedule: Contractor. Remote: True. Country: United States. Skills: hadoop, kafka, nosql, python, pytorch, spark, sql, tensorflow.",hadoop;kafka;nosql;python;pytorch;spark;sql;tensorflow,data_engineering,Data Engineer - REMOTE,Data Engineer,United States,Contractor,True,lukebarousse/data_jobs
1601,Data Engineer,City Electrical Factors,Anywhere,"Title short: Data Engineer. Schedule: Full-time. Remote: True. Country: United Kingdom. Skills: aws, python, redshift, sql, sql server, ssis.",aws;python;redshift;sql;sql server;ssis,data_engineering,Data Engineer,Data Engineer,United Kingdom,Full-time,True,lukebarousse/data_jobs
1602,Senior Data Engineer,Pontoon,"Warwickshire, UK","Title short: Senior Data Engineer. Schedule: Contractor. Remote: False. Country: United Kingdom. Skills: sap, snowflake, sql.",sap;snowflake;sql,data_engineering,Senior Data Engineer,Senior Data Engineer,United Kingdom,Contractor,False,lukebarousse/data_jobs
1603,Data Engineer,CyberCoders,"Denver, CO","Title short: Data Engineer. Schedule: Full-time. Remote: False. Country: Sudan. Skills: hadoop, python, spark, sql.",hadoop;python;spark;sql,data_engineering,Data Engineer,Data Engineer,Sudan,Full-time,False,lukebarousse/data_jobs
1604,Data Engineer Intern,TTX Company,"Chicago, IL","Title short: Data Engineer. Schedule: Full-time. Remote: False. Country: Sudan. Skills: azure, power bi, python, sql, ssis, tableau.",azure;power bi;python;sql;ssis;tableau,data_engineering,Data Engineer Intern,Data Engineer,Sudan,Full-time,False,lukebarousse/data_jobs
1605,Data Engineer,Decision Group,"Barueri, State of São Paulo, Brazil","Title short: Data Engineer. Schedule: Full-time. Remote: False. Country: Brazil. Skills: aws, gitlab, hadoop, java, nosql, python, scala, spark, sql.",aws;gitlab;hadoop;java;nosql;python;scala;spark;sql,data_engineering,Data Engineer,Data Engineer,Brazil,Full-time,False,lukebarousse/data_jobs
1606,Data Engineer (DWH Arch),ФЛАУВАУ,Anywhere,"Title short: Data Engineer. Schedule: Full-time. Remote: True. Country: Russia. Skills: airflow, docker, git, go, jira, kafka, kubernetes, python, spark, sql, vue.",airflow;docker;git;go;jira;kafka;kubernetes;python;spark;sql;vue,data_engineering,Data Engineer (DWH Arch),Data Engineer,Russia,Full-time,True,lukebarousse/data_jobs
1607,Data Engineer- (Conversion*),Citi,"Irving, TX","Title short: Data Engineer. Schedule: Full-time. Remote: False. Country: United States. Skills: aws, azure, bitbucket, gcp, git, java, jira, kafka, nosql, scala, spark, sql.",aws;azure;bitbucket;gcp;git;java;jira;kafka;nosql;scala;spark;sql,data_engineering,Data Engineer- (Conversion*),Data Engineer,United States,Full-time,False,lukebarousse/data_jobs
1608,Lead Data Engineer,Northwell Health,New York,"Title short: Data Engineer. Schedule: Full-time. Remote: False. Country: United States. Skills: bigquery, gcp, hadoop, javascript, nosql, python, spark, sql.",bigquery;gcp;hadoop;javascript;nosql;python;spark;sql,data_engineering,Lead Data Engineer,Data Engineer,United States,Full-time,False,lukebarousse/data_jobs
1609,GCP Data Engineer,Virtusa,"Bengaluru, Karnataka, India","Title short: Data Engineer. Schedule: Full-time. Remote: False. Country: India. Skills: ansible, gcp, javascript, perl, python, shell, sql, terraform.",ansible;gcp;javascript;perl;python;shell;sql;terraform,data_engineering,GCP Data Engineer,Data Engineer,India,Full-time,False,lukebarousse/data_jobs
1610,Data Engineer,Joblift,"Paris, France","Title short: Data Engineer. Schedule: Temp work. Remote: False. Country: France. Skills: ansible, aws, azure, docker, gcp, git, hadoop, java, jenkins, kafka, kubernetes, nosql, python, scala, spark, sql, terraform.",ansible;aws;azure;docker;gcp;git;hadoop;java;jenkins;kafka;kubernetes;nosql;python;scala;spark;sql;terraform,data_engineering,Data Engineer,Data Engineer,France,Temp work,False,lukebarousse/data_jobs
1611,"Software Engineer - Data Engineer With PL/SQL, Snowflake, Python",Cisco,"Bengaluru, Karnataka, India","Title short: Data Engineer. Schedule: Full-time. Remote: False. Country: India. Skills: bitbucket, confluence, git, jenkins, jira, python, selenium, snowflake.",bitbucket;confluence;git;jenkins;jira;python;selenium;snowflake,data_engineering,"Software Engineer - Data Engineer With PL/SQL, Snowflake, Python",Data Engineer,India,Full-time,False,lukebarousse/data_jobs
1612,Associate - Data Engineer,Nuveen,"Mumbai, Maharashtra, India","Title short: Data Engineer. Schedule: Full-time. Remote: False. Country: India. Skills: airflow, aws, oracle, pyspark, python, shell, snowflake, spark.",airflow;aws;oracle;pyspark;python;shell;snowflake;spark,data_engineering,Associate - Data Engineer,Data Engineer,India,Full-time,False,lukebarousse/data_jobs
1613,CDI - Data Engineer (Industry) (F/H),La Relève,"Bagneux, France","Title short: Data Engineer. Schedule: Full-time. Remote: False. Country: France. Skills: airflow, docker, fastapi, git, postgresql, python, sql.",airflow;docker;fastapi;git;postgresql;python;sql,data_engineering,CDI - Data Engineer (Industry) (F/H),Data Engineer,France,Full-time,False,lukebarousse/data_jobs
1614,Big Data Engineer,Open Systems Inc.,Anywhere,"Title short: Data Engineer. Schedule: Contractor. Remote: True. Country: United States. Skills: aws, cassandra, gcp, git, hadoop, kafka, nosql, python, scala, shell, snowflake, spark, sql.",aws;cassandra;gcp;git;hadoop;kafka;nosql;python;scala;shell;snowflake;spark;sql,data_engineering,Big Data Engineer,Data Engineer,United States,Contractor,True,lukebarousse/data_jobs
1615,Senior Data Engineers (w/m/d). Job in Berlin My Valley Jobs Today,Bundesrechnungshof,"Berlin, Germany","Title short: Senior Data Engineer. Schedule: Part-time. Remote: False. Country: Germany. Skills: javascript, python, r, sql.",javascript;python;r;sql,data_engineering,Senior Data Engineers (w/m/d). Job in Berlin My Valley Jobs Today,Senior Data Engineer,Germany,Part-time,False,lukebarousse/data_jobs
1616,Principal Data Engineer,McKinsey & Company,"Santiago, Chile","Title short: Data Engineer. Schedule: Full-time. Remote: False. Country: Chile. Skills: airflow, aws, azure, databricks, docker, gcp, java, kubernetes, pyspark, python, scala, sql.",airflow;aws;azure;databricks;docker;gcp;java;kubernetes;pyspark;python;scala;sql,data_engineering,Principal Data Engineer,Data Engineer,Chile,Full-time,False,lukebarousse/data_jobs
1617,Senior Data Engineer - Dublin - Permanent - Hybrid,Eolas Recruitment,"Dublin, Ireland","Title short: Senior Data Engineer. Schedule: Full-time. Remote: False. Country: Ireland. Skills: airflow, aws, hadoop, kafka, pyspark, python, spark.",airflow;aws;hadoop;kafka;pyspark;python;spark,data_engineering,Senior Data Engineer - Dublin - Permanent - Hybrid,Senior Data Engineer,Ireland,Full-time,False,lukebarousse/data_jobs
1618,Data Engineer,hackajob,"Austin, TX","Title short: Data Engineer. Schedule: Full-time. Remote: False. Country: United States. Skills: nosql, sql.",nosql;sql,data_engineering,Data Engineer,Data Engineer,United States,Full-time,False,lukebarousse/data_jobs
1619,Senior Data Engineer,Idexcel,"Herndon, VA","Title short: Senior Data Engineer. Schedule: Full-time. Remote: False. Country: United States. Skills: ansible, aws, docker, java, kafka, python, scala, snowflake, spark, terraform.",ansible;aws;docker;java;kafka;python;scala;snowflake;spark;terraform,data_engineering,Senior Data Engineer,Senior Data Engineer,United States,Full-time,False,lukebarousse/data_jobs
1620,Data Engineer only USC and GC Only,IT KeySource,"Charlotte, NC","Title short: Data Engineer. Schedule: Full-time. Remote: False. Country: United States. Skills: azure, oracle, python, sql, sql server, ssis.",azure;oracle;python;sql;sql server;ssis,data_engineering,Data Engineer only USC and GC Only,Data Engineer,United States,Full-time,False,lukebarousse/data_jobs
1621,ETL Data Engineer,Eliassen Group,Anywhere,"Title short: Data Engineer. Schedule: Contractor. Remote: True. Country: United States. Skills: azure, cassandra, databricks, db2, linux, oracle, python, shell, sql, sql server.",azure;cassandra;databricks;db2;linux;oracle;python;shell;sql;sql server,data_engineering,ETL Data Engineer,Data Engineer,United States,Contractor,True,lukebarousse/data_jobs
1622,Senior Data Engineer,Thrive Global,Anywhere,"Title short: Senior Data Engineer. Schedule: Full-time. Remote: True. Country: United States. Skills: azure, gcp, gdpr, go, looker, sql, terraform.",azure;gcp;gdpr;go;looker;sql;terraform,data_engineering,Senior Data Engineer,Senior Data Engineer,United States,Full-time,True,lukebarousse/data_jobs
1623,Data Engineer,Carnera,"Pune, Maharashtra, India","Title short: Data Engineer. Schedule: Full-time. Remote: False. Country: India. Skills: aws, redshift.",aws;redshift,data_engineering,Data Engineer,Data Engineer,India,Full-time,False,lukebarousse/data_jobs
1624,Data Engineer,Verisk,"Jersey City, NJ","Title short: Data Engineer. Schedule: Full-time. Remote: False. Country: United States. Skills: aurora, aws, dynamodb, linux, python, redshift, shell, sql, windows.",aurora;aws;dynamodb;linux;python;redshift;shell;sql;windows,data_engineering,Data Engineer,Data Engineer,United States,Full-time,False,lukebarousse/data_jobs
1625,Cloud Data Engineer,Solution Design Group,"Minneapolis, MN","Title short: Data Engineer. Schedule: Full-time. Remote: False. Country: United States. Skills: aurora, aws, azure, dynamodb, jupyter, mysql, postgresql, python, r, redshift, sql, sql server, ssis, tableau.",aurora;aws;azure;dynamodb;jupyter;mysql;postgresql;python;r;redshift;sql;sql server;ssis;tableau,data_engineering,Cloud Data Engineer,Data Engineer,United States,Full-time,False,lukebarousse/data_jobs
1626,Data Engineer,AvMed,"Doral, FL","Title short: Data Engineer. Schedule: Full-time. Remote: False. Country: United States. Skills: excel, kafka, no-sql, power bi, powerpoint, qlik, spark, sql, sql server, tableau, word.",excel;kafka;no-sql;power bi;powerpoint;qlik;spark;sql;sql server;tableau;word,data_engineering,Data Engineer,Data Engineer,United States,Full-time,False,lukebarousse/data_jobs
1627,Data Engineer I,Apex Systems,"Brookhaven, GA","Title short: Data Engineer. Schedule: Contractor. Remote: False. Country: Sudan. Skills: bigquery, snowflake, sql, sql server, tableau.",bigquery;snowflake;sql;sql server;tableau,data_engineering,Data Engineer I,Data Engineer,Sudan,Contractor,False,lukebarousse/data_jobs
1628,Senior Data Engineer,Epsilon,"Center Line, MI",Title short: Senior Data Engineer. Schedule: Full-time. Remote: False. Country: United States. Skills: unix.,unix,data_engineering,Senior Data Engineer,Senior Data Engineer,United States,Full-time,False,lukebarousse/data_jobs
1629,Data Engineer,Kforce Inc,"St. Louis, MO","Title short: Data Engineer. Schedule: Contractor. Remote: False. Country: United States. Skills: python, sql.",python;sql,data_engineering,Data Engineer,Data Engineer,United States,Contractor,False,lukebarousse/data_jobs
1630,Data Engineer,SoftStandard Solutions,Anywhere,"Title short: Data Engineer. Schedule: Contractor. Remote: True. Country: Sudan. Skills: java, python, sql.",java;python;sql,data_engineering,Data Engineer,Data Engineer,Sudan,Contractor,True,lukebarousse/data_jobs
1631,Senior Data Engineer IRC203099,Energy Jobline,Anywhere,"Title short: Senior Data Engineer. Schedule: Full-time. Remote: True. Country: United States. Skills: airflow, aws, docker, git, github, java, kubernetes, looker, scala, snowflake, spark, tableau, terraform.",airflow;aws;docker;git;github;java;kubernetes;looker;scala;snowflake;spark;tableau;terraform,data_engineering,Senior Data Engineer IRC203099,Senior Data Engineer,United States,Full-time,True,lukebarousse/data_jobs
1632,Data Analytics Engineer Intern,SLB,"Stonehouse, UK","Title short: Data Engineer. Schedule: Full-time and Internship. Remote: False. Country: United Kingdom. Skills: matplotlib, numpy, pandas, python, scikit-learn, sql.",matplotlib;numpy;pandas;python;scikit-learn;sql,data_engineering,Data Analytics Engineer Intern,Data Engineer,United Kingdom,Full-time and Internship,False,lukebarousse/data_jobs
1633,Remote Principal Data Engineer,Talener,Anywhere,"Title short: Data Engineer. Schedule: Full-time. Remote: True. Country: United States. Skills: azure, databricks, java, nosql, python, snowflake, sql.",azure;databricks;java;nosql;python;snowflake;sql,data_engineering,Remote Principal Data Engineer,Data Engineer,United States,Full-time,True,lukebarousse/data_jobs
1634,Middle Data Engineer,AgileEngine,"Bogotá, Bogota, Colombia","Title short: Data Engineer. Schedule: Full-time. Remote: False. Country: Colombia. Skills: airflow, aws, gitlab, python, redshift, snowflake, spark, sql, tableau.",airflow;aws;gitlab;python;redshift;snowflake;spark;sql;tableau,data_engineering,Middle Data Engineer,Data Engineer,Colombia,Full-time,False,lukebarousse/data_jobs
1635,Senior Data Engineer,DTE Energy,"Detroit, MI","Title short: Senior Data Engineer. Schedule: Full-time. Remote: False. Country: United States. Skills: java, power bi, python, sql, sql server.",java;power bi;python;sql;sql server,data_engineering,Senior Data Engineer,Senior Data Engineer,United States,Full-time,False,lukebarousse/data_jobs
1636,Data Engineer,Insight Global,Anywhere,"Title short: Data Engineer. Schedule: Contractor. Remote: True. Country: United States. Skills: aws, python.",aws;python,data_engineering,Data Engineer,Data Engineer,United States,Contractor,True,lukebarousse/data_jobs
1637,Data Engineer,TALENT Software Services,"San Francisco, CA","Title short: Data Engineer. Schedule: Contractor. Remote: False. Country: United States. Skills: airflow, python, r, scala, spark, sql, tableau.",airflow;python;r;scala;spark;sql;tableau,data_engineering,Data Engineer,Data Engineer,United States,Contractor,False,lukebarousse/data_jobs
1638,Data Engineer,Tesla,"Austin, TX","Title short: Data Engineer. Schedule: Full-time. Remote: False. Country: United States. Skills: airflow, jira, mysql, nosql, python, sql, sql server, tableau.",airflow;jira;mysql;nosql;python;sql;sql server;tableau,data_engineering,Data Engineer,Data Engineer,United States,Full-time,False,lukebarousse/data_jobs
1639,"Senior Data Engineer – Python, Java, C++, Scala, Hadoop, Spark, SQL",trg.recruitment,"London, UK","Title short: Senior Data Engineer. Schedule: Full-time. Remote: False. Country: United Kingdom. Skills: aws, azure, c++, gcp, go, java, python.",aws;azure;c++;gcp;go;java;python,data_engineering,"Senior Data Engineer – Python, Java, C++, Scala, Hadoop, Spark, SQL",Senior Data Engineer,United Kingdom,Full-time,False,lukebarousse/data_jobs
1640,Data Engineer,System One,"Kansas City, MO","Title short: Data Engineer. Schedule: Full-time. Remote: False. Country: Sudan. Skills: aws, docker, oracle, postgresql, python, snowflake, sql, tableau, terraform.",aws;docker;oracle;postgresql;python;snowflake;sql;tableau;terraform,data_engineering,Data Engineer,Data Engineer,Sudan,Full-time,False,lukebarousse/data_jobs
1641,Snaplogic Data Engineer,KTek Resourcing,"Durham, NC","Title short: Data Engineer. Schedule: Full-time. Remote: False. Country: United States. Skills: python, sql.",python;sql,data_engineering,Snaplogic Data Engineer,Data Engineer,United States,Full-time,False,lukebarousse/data_jobs
1642,Data Engineer,ENIN System Inc,"Houston, TX","Title short: Data Engineer. Schedule: Contractor. Remote: False. Country: United States. Skills: aws, github, python, redshift, sql.",aws;github;python;redshift;sql,data_engineering,Data Engineer,Data Engineer,United States,Contractor,False,lukebarousse/data_jobs
1643,"Data Engineer (With Postgres, Aws)",Intellyk Inc.,"Vancouver, BC, Canada","Title short: Data Engineer. Schedule: Contractor. Remote: False. Country: Canada. Skills: airflow, aurora, aws, git, github, jenkins, oracle, python, sql.",airflow;aurora;aws;git;github;jenkins;oracle;python;sql,data_engineering,"Data Engineer (With Postgres, Aws)",Data Engineer,Canada,Contractor,False,lukebarousse/data_jobs
1644,Data Engineer,Ledgent Technology,"New Ulm, MN","Title short: Data Engineer. Schedule: Full-time. Remote: False. Country: United States. Skills: power bi, python, sql.",power bi;python;sql,data_engineering,Data Engineer,Data Engineer,United States,Full-time,False,lukebarousse/data_jobs
1645,Senior Python Data Engineer,CARIAD,"Wolfsburg, Germany","Title short: Senior Data Engineer. Schedule: Full-time. Remote: False. Country: Germany. Skills: azure, spark, sql.",azure;spark;sql,data_engineering,Senior Python Data Engineer,Senior Data Engineer,Germany,Full-time,False,lukebarousse/data_jobs
1646,Data Engineer-Python,"Stamford Technology Solutions LLC, DBA Infinity","Reston, VA","Title short: Data Engineer. Schedule: Contractor. Remote: False. Country: United States. Skills: aws, dynamodb, redshift, sql.",aws;dynamodb;redshift;sql,data_engineering,Data Engineer-Python,Data Engineer,United States,Contractor,False,lukebarousse/data_jobs
1647,Cloud Data Engineer,Akkodis,Anywhere,"Title short: Data Engineer. Schedule: Contractor. Remote: True. Country: United States. Skills: aws, go, nosql, pyspark, python, redshift, shell, snowflake, spark, sql, unix.",aws;go;nosql;pyspark;python;redshift;shell;snowflake;spark;sql;unix,data_engineering,Cloud Data Engineer,Data Engineer,United States,Contractor,True,lukebarousse/data_jobs
1648,Data Engineer (Hybrid),T-Stone Technologies Inc,"Houston, TX","Title short: Data Engineer. Schedule: Full-time. Remote: False. Country: United States. Skills: elasticsearch, mongodb, python, sql, sql server.",elasticsearch;mongodb;python;sql;sql server,data_engineering,Data Engineer (Hybrid),Data Engineer,United States,Full-time,False,lukebarousse/data_jobs
1649,Azure Synapse Data Engineer(W2 Only),Volmatica Inc,"Dallas, TX","Title short: Data Engineer. Schedule: Contractor. Remote: False. Country: United States. Skills: azure, sql.",azure;sql,data_engineering,Azure Synapse Data Engineer(W2 Only),Data Engineer,United States,Contractor,False,lukebarousse/data_jobs
1650,Senior Data Engineer in SuperAI,Danske Bank,"Copenhagen, Denmark","Title short: Senior Data Engineer. Schedule: Full-time. Remote: False. Country: Denmark. Skills: c#, git, go, hadoop, python, spark, sql.",c#;git;go;hadoop;python;spark;sql,data_engineering,Senior Data Engineer in SuperAI,Senior Data Engineer,Denmark,Full-time,False,lukebarousse/data_jobs
1651,Data Engineer,Forum talents handicap,"Nantes, France","Title short: Data Engineer. Schedule: Full-time. Remote: False. Country: France. Skills: azure, databricks, hadoop, java, kafka, power bi, python, qlik, r, sap, sas, scala, spark.",azure;databricks;hadoop;java;kafka;power bi;python;qlik;r;sap;sas;scala;spark,data_engineering,Data Engineer,Data Engineer,France,Full-time,False,lukebarousse/data_jobs
1652,Remote Senior AWS Data Engineer (Terraform/Python/SQL) in Africa,k0deHut,Anywhere,"Title short: Senior Data Engineer. Schedule: Full-time. Remote: True. Country: Côte d'Ivoire. Skills: aws, bash, confluence, docker, dynamodb, jira, kafka, linux, oracle, powershell, python, spark, sql, terraform, unix.",aws;bash;confluence;docker;dynamodb;jira;kafka;linux;oracle;powershell;python;spark;sql;terraform;unix,data_engineering,Remote Senior AWS Data Engineer (Terraform/Python/SQL) in Africa,Senior Data Engineer,Côte d'Ivoire,Full-time,True,lukebarousse/data_jobs
1653,Cloud Data Engineer,Iwantic,"Valencia, Spain","Title short: Data Engineer. Schedule: Full-time. Remote: False. Country: Spain. Skills: ansible, aws, jenkins, kafka, linux, oracle, postgresql, redis, terraform.",ansible;aws;jenkins;kafka;linux;oracle;postgresql;redis;terraform,data_engineering,Cloud Data Engineer,Data Engineer,Spain,Full-time,False,lukebarousse/data_jobs
1654,Data Engineer (Third Party & Integration),KNOREX,Anywhere,"Title short: Data Engineer. Schedule: Full-time. Remote: True. Country: India. Skills: mongo, node.js, python.",mongo;node.js;python,data_engineering,Data Engineer (Third Party & Integration),Data Engineer,India,Full-time,True,lukebarousse/data_jobs
1655,"Future Opportunity- Azure Data Engineer, Manager",Avanade Inc,"Jersey, GA","Title short: Data Engineer. Schedule: Full-time. Remote: False. Country: United States. Skills: azure, databricks.",azure;databricks,data_engineering,"Future Opportunity- Azure Data Engineer, Manager",Data Engineer,United States,Full-time,False,lukebarousse/data_jobs
1656,Junior Data Engineer domain Data,Intesa San Paolo,"Milan, Metropolitan City of Milan, Italy","Title short: Data Engineer. Schedule: Full-time. Remote: False. Country: Italy. Skills: azure, bigquery, git, hadoop, ibm cloud, java, nosql, oracle, postgresql, pyspark, spark, sql.",azure;bigquery;git;hadoop;ibm cloud;java;nosql;oracle;postgresql;pyspark;spark;sql,data_engineering,Junior Data Engineer domain Data,Data Engineer,Italy,Full-time,False,lukebarousse/data_jobs
1657,Senior Data Engineer,Aatop personeelsintermediair,"Hilversum, Netherlands","Title short: Senior Data Engineer. Schedule: Full-time. Remote: False. Country: Netherlands. Skills: azure, laravel, php, power bi, python, sql, sql server.",azure;laravel;php;power bi;python;sql;sql server,data_engineering,Senior Data Engineer,Senior Data Engineer,Netherlands,Full-time,False,lukebarousse/data_jobs
1658,#610 - Azure Data Engineer,Venon Solutions,"Remote, OR","Title short: Data Engineer. Schedule: Full-time and Contractor. Remote: False. Country: United States. Skills: azure, databricks, sql.",azure;databricks;sql,data_engineering,#610 - Azure Data Engineer,Data Engineer,United States,Full-time and Contractor,False,lukebarousse/data_jobs
1659,Data Engineer - Software Development Industry - Hybrid/Remote ...,Talent Candey,"Cape Town, South Africa  (+1 other)","Title short: Data Engineer. Schedule: Full-time. Remote: False. Country: South Africa. Skills: aws, azure, databricks, hadoop, kafka, spark, sql, ssis.",aws;azure;databricks;hadoop;kafka;spark;sql;ssis,data_engineering,Data Engineer - Software Development Industry - Hybrid/Remote ...,Data Engineer,South Africa,Full-time,False,lukebarousse/data_jobs
1660,Senior Data Engineer,Milliman,"Florence, Metropolitan City of Florence, Italy","Title short: Senior Data Engineer. Schedule: Full-time. Remote: False. Country: Italy. Skills: azure, databricks, python, spark, sql.",azure;databricks;python;spark;sql,data_engineering,Senior Data Engineer,Senior Data Engineer,Italy,Full-time,False,lukebarousse/data_jobs
1661,Data Engineer,ELLIOTT MOSS CONSULTING PTE. LTD.,Singapore,"Title short: Data Engineer. Schedule: Full-time. Remote: False. Country: Singapore. Skills: java, postgresql, python, redshift, snowflake, sql, tableau.",java;postgresql;python;redshift;snowflake;sql;tableau,data_engineering,Data Engineer,Data Engineer,Singapore,Full-time,False,lukebarousse/data_jobs
1662,"Associate/Research Data Engineer, Office of Information Technology","University of Nevada, Reno","Reno, NV","Title short: Data Engineer. Schedule: Full-time. Remote: False. Country: United States. Skills: ansible, c, c++, docker, elasticsearch, git, go, mongodb, mysql, python.",ansible;c;c++;docker;elasticsearch;git;go;mongodb;mysql;python,data_engineering,"Associate/Research Data Engineer, Office of Information Technology",Data Engineer,United States,Full-time,False,lukebarousse/data_jobs
1663,Senior Data Engineer,Capital One,"Barnesville, MD","Title short: Senior Data Engineer. Schedule: Full-time. Remote: False. Country: Sudan. Skills: aws, azure, cassandra, hadoop, java, kafka, mongo, mysql, nosql, python, redshift, scala, shell, snowflake, spark, sql.",aws;azure;cassandra;hadoop;java;kafka;mongo;mysql;nosql;python;redshift;scala;shell;snowflake;spark;sql,data_engineering,Senior Data Engineer,Senior Data Engineer,Sudan,Full-time,False,lukebarousse/data_jobs
1664,Data Engineer III,Chewy,"Richardson, TX","Title short: Data Engineer. Schedule: Full-time. Remote: False. Country: United States. Skills: airflow, aws, azure, confluence, gcp, jira, kafka, python, redshift, snowflake, sql.",airflow;aws;azure;confluence;gcp;jira;kafka;python;redshift;snowflake;sql,data_engineering,Data Engineer III,Data Engineer,United States,Full-time,False,lukebarousse/data_jobs
1665,Data Engineer,Techvilla Solutions,Anywhere,"Title short: Data Engineer. Schedule: Full-time. Remote: True. Country: Sudan. Skills: azure, databricks, graphql, java, javascript, pyspark, python, react, scala, spark, sql.",azure;databricks;graphql;java;javascript;pyspark;python;react;scala;spark;sql,data_engineering,Data Engineer,Data Engineer,Sudan,Full-time,True,lukebarousse/data_jobs
1666,R&D PMO Manager & Data Engineer | KUKA AG,KUKA,"Budapest, Hungary","Title short: Data Engineer. Schedule: Full-time. Remote: False. Country: Hungary. Skills: sharepoint, sql.",sharepoint;sql,data_engineering,R&D PMO Manager & Data Engineer | KUKA AG,Data Engineer,Hungary,Full-time,False,lukebarousse/data_jobs
1667,Data Engineer,RMV Workforce Corp,"Faridabad, Haryana, India","Title short: Data Engineer. Schedule: Full-time. Remote: False. Country: India. Skills: aws, azure, bash, gcp, kubernetes, linux, matlab, pyspark, python, r, scala, spark, sql, sql server, windows.",aws;azure;bash;gcp;kubernetes;linux;matlab;pyspark;python;r;scala;spark;sql;sql server;windows,data_engineering,Data Engineer,Data Engineer,India,Full-time,False,lukebarousse/data_jobs
1668,Data Engineer,Aviasales.ru,"Moscow, Russia","Title short: Data Engineer. Schedule: Full-time. Remote: False. Country: Russia. Skills: aws, go, hadoop, jenkins, jira, kafka, kubernetes, postgresql, python, react, scala, slack, sql, typescript.",aws;go;hadoop;jenkins;jira;kafka;kubernetes;postgresql;python;react;scala;slack;sql;typescript,data_engineering,Data Engineer,Data Engineer,Russia,Full-time,False,lukebarousse/data_jobs
1669,Data Engineer,BJSS,"Bristol, UK","Title short: Data Engineer. Schedule: Full-time. Remote: False. Country: United Kingdom. Skills: aws, azure, bigquery, databricks, gcp, kafka, python, redshift.",aws;azure;bigquery;databricks;gcp;kafka;python;redshift,data_engineering,Data Engineer,Data Engineer,United Kingdom,Full-time,False,lukebarousse/data_jobs
1670,Data Engineer XML,Austrian Standards plus GmbH,"Vienna, Austria",Title short: Data Engineer. Schedule: Full-time. Remote: False. Country: Austria. Skills: word.,word,data_engineering,Data Engineer XML,Data Engineer,Austria,Full-time,False,lukebarousse/data_jobs
1671,Data Engineer,Meta Inc,"Santa Fe, NM","Title short: Data Engineer. Schedule: Full-time. Remote: False. Country: Sudan. Skills: airflow, aws, azure, bigquery, python, redshift, spark, sql.",airflow;aws;azure;bigquery;python;redshift;spark;sql,data_engineering,Data Engineer,Data Engineer,Sudan,Full-time,False,lukebarousse/data_jobs
1672,Data Engineer/Analyst,Guidehouse,"Madison, AL","Title short: Data Engineer. Schedule: Full-time. Remote: False. Country: United States. Skills: aws, azure, javascript, outlook, power bi, pyspark, python, qlik, r, sql, tableau, typescript.",aws;azure;javascript;outlook;power bi;pyspark;python;qlik;r;sql;tableau;typescript,data_engineering,Data Engineer/Analyst,Data Engineer,United States,Full-time,False,lukebarousse/data_jobs
1673,Senior Data Engineer,Haleon,"Poznań, Poland","Title short: Senior Data Engineer. Schedule: Full-time. Remote: False. Country: Poland. Skills: azure, confluence, databricks, gcp, go, jira, power bi, python, sql.",azure;confluence;databricks;gcp;go;jira;power bi;python;sql,data_engineering,Senior Data Engineer,Senior Data Engineer,Poland,Full-time,False,lukebarousse/data_jobs
1674,Data Engineer,AvalonBay Communities,"Arlington, VA","Title short: Data Engineer. Schedule: Full-time. Remote: False. Country: United States. Skills: aws, power bi, python, snowflake, sql.",aws;power bi;python;snowflake;sql,data_engineering,Data Engineer,Data Engineer,United States,Full-time,False,lukebarousse/data_jobs
1675,Azure Data engineer_ 5 to 10years,Scaleorange Technologies Pvt Ltd,"Bengaluru, Karnataka, India","Title short: Data Engineer. Schedule: Contractor. Remote: False. Country: India. Skills: azure, databricks, pyspark, python, sql.",azure;databricks;pyspark;python;sql,data_engineering,Azure Data engineer_ 5 to 10years,Data Engineer,India,Contractor,False,lukebarousse/data_jobs
1676,Data Engineer,Paradigm,"Brussels, Belgium","Title short: Data Engineer. Schedule: Full-time. Remote: False. Country: Belgium. Skills: azure, databricks, kafka, oracle, python, r, sap, snowflake, sql.",azure;databricks;kafka;oracle;python;r;sap;snowflake;sql,data_engineering,Data Engineer,Data Engineer,Belgium,Full-time,False,lukebarousse/data_jobs
1677,Data Engineer / Data Visualization Engineer,Reale Mutua Assicurazioni,"Turin, Metropolitan City of Turin, Italy","Title short: Data Engineer. Schedule: Full-time. Remote: False. Country: Italy. Skills: cognos, oracle, python, qlik, r, sap, sql, sql server, tableau.",cognos;oracle;python;qlik;r;sap;sql;sql server;tableau,data_engineering,Data Engineer / Data Visualization Engineer,Data Engineer,Italy,Full-time,False,lukebarousse/data_jobs
1678,Data Engineer,Aon,Anywhere,"Title short: Data Engineer. Schedule: Full-time. Remote: True. Country: Poland. Skills: airflow, aws, databricks, pyspark, python, scala, sql, ssis.",airflow;aws;databricks;pyspark;python;scala;sql;ssis,data_engineering,Data Engineer,Data Engineer,Poland,Full-time,True,lukebarousse/data_jobs
1679,"Remote API / Data Engineer (Python, PosgreSQL, API's, AWS) Jobs",Turing,Anywhere,"Title short: Data Engineer. Schedule: Full-time. Remote: True. Country: Brazil. Skills: aws, fastapi, postgresql, python, redshift.",aws;fastapi;postgresql;python;redshift,data_engineering,"Remote API / Data Engineer (Python, PosgreSQL, API's, AWS) Jobs",Data Engineer,Brazil,Full-time,True,lukebarousse/data_jobs
1680,Data Engineer,Motion Recruitment,Anywhere,"Title short: Data Engineer. Schedule: Full-time. Remote: True. Country: United States. Skills: python, pytorch, tensorflow.",python;pytorch;tensorflow,data_engineering,Data Engineer,Data Engineer,United States,Full-time,True,lukebarousse/data_jobs
1681,IT Data Engineer,AF Group,"Lansing, MI","Title short: Data Engineer. Schedule: Full-time. Remote: False. Country: United States. Skills: aws, azure, snowflake, sql, sql server, ssis, t-sql.",aws;azure;snowflake;sql;sql server;ssis;t-sql,data_engineering,IT Data Engineer,Data Engineer,United States,Full-time,False,lukebarousse/data_jobs
1682,Ingénieur-Ingénieure Cloud Data Engineer,EDF,"Nanterre, France","Title short: Data Engineer. Schedule: Full-time. Remote: False. Country: France. Skills: aws, gcp, gitlab, jenkins, kubernetes, nosql.",aws;gcp;gitlab;jenkins;kubernetes;nosql,data_engineering,Ingénieur-Ingénieure Cloud Data Engineer,Data Engineer,France,Full-time,False,lukebarousse/data_jobs
1683,Data Engineer Big Data Solutions SiC (w/m/div.),Bosch Gruppe,"Reutlingen, Germany","Title short: Data Engineer. Schedule: Full-time and Part-time. Remote: False. Country: Germany. Skills: hadoop, python.",hadoop;python,data_engineering,Data Engineer Big Data Solutions SiC (w/m/div.),Data Engineer,Germany,Full-time and Part-time,False,lukebarousse/data_jobs
1684,"Data Engineer – STR – London, UK",Mediabistro,"London, UK","Title short: Data Engineer. Schedule: Full-time. Remote: False. Country: United Kingdom. Skills: alteryx, aws, azure, bigquery, power bi, python, redshift, sap, snowflake, sql, ssis, ssrs, tableau.",alteryx;aws;azure;bigquery;power bi;python;redshift;sap;snowflake;sql;ssis;ssrs;tableau,data_engineering,"Data Engineer – STR – London, UK",Data Engineer,United Kingdom,Full-time,False,lukebarousse/data_jobs
1685,Data Engineer,Kforce Inc,"Allentown, PA","Title short: Data Engineer. Schedule: Contractor. Remote: False. Country: Sudan. Skills: aws, nosql, pyspark, python, qlik, redshift, sql, terraform.",aws;nosql;pyspark;python;qlik;redshift;sql;terraform,data_engineering,Data Engineer,Data Engineer,Sudan,Contractor,False,lukebarousse/data_jobs
1686,Data Engineer,Planet Technology,"Seattle, WA","Title short: Data Engineer. Schedule: Full-time. Remote: False. Country: United States. Skills: aws, python, sql.",aws;python;sql,data_engineering,Data Engineer,Data Engineer,United States,Full-time,False,lukebarousse/data_jobs
1687,Databricks Data Engineer / Architect,Axiom Global Technologies,"Houston, TX","Title short: Data Engineer. Schedule: Full-time. Remote: False. Country: United States. Skills: azure, databricks, git, numpy, pandas, pyspark, python, spark, sql, terraform, unity.",azure;databricks;git;numpy;pandas;pyspark;python;spark;sql;terraform;unity,data_engineering,Databricks Data Engineer / Architect,Data Engineer,United States,Full-time,False,lukebarousse/data_jobs
1688,Data Engineer - Hybrid,Jobot,"Houston, TX",Title short: Data Engineer. Schedule: Full-time. Remote: False. Country: Sudan. Skills: flow.,flow,data_engineering,Data Engineer - Hybrid,Data Engineer,Sudan,Full-time,False,lukebarousse/data_jobs
1689,Data Engineer,FullStack Labs,"Manizales, Caldas, Colombia","Title short: Data Engineer. Schedule: Full-time. Remote: False. Country: Colombia. Skills: python, sql, tableau.",python;sql;tableau,data_engineering,Data Engineer,Data Engineer,Colombia,Full-time,False,lukebarousse/data_jobs
1690,Mid-Senior Data Engineer,IESF Group,Czechia,"Title short: Data Engineer. Schedule: Full-time. Remote: False. Country: Czechia. Skills: aws, azure, dynamodb, python.",aws;azure;dynamodb;python,data_engineering,Mid-Senior Data Engineer,Data Engineer,Czechia,Full-time,False,lukebarousse/data_jobs
1691,"Principal, Data Engineer",Fidelity Investments,"Westlake, TX","Title short: Data Engineer. Schedule: Full-time. Remote: False. Country: United States. Skills: cassandra, go, hadoop, java, mongodb, nosql, oracle, python, redshift, scala, snowflake, tableau.",cassandra;go;hadoop;java;mongodb;nosql;oracle;python;redshift;scala;snowflake;tableau,data_engineering,"Principal, Data Engineer",Data Engineer,United States,Full-time,False,lukebarousse/data_jobs
1692,Data Engineer,Planet Technology,"Chicago, IL","Title short: Data Engineer. Schedule: Full-time. Remote: False. Country: United States. Skills: azure, c#, databricks, python, spark, sql.",azure;c#;databricks;python;spark;sql,data_engineering,Data Engineer,Data Engineer,United States,Full-time,False,lukebarousse/data_jobs
1693,Mid Data Engineer (GCP) (6533 USD/Mes),Listopro,Anywhere,"Title short: Data Engineer. Schedule: Full-time. Remote: True. Country: Peru. Skills: looker, postgresql, python, sql.",looker;postgresql;python;sql,data_engineering,Mid Data Engineer (GCP) (6533 USD/Mes),Data Engineer,Peru,Full-time,True,lukebarousse/data_jobs
1694,Intermediate Data Engineer,Arcs,South Africa,"Title short: Data Engineer. Schedule: Full-time. Remote: False. Country: South Africa. Skills: git, gitlab, python, sql, terraform.",git;gitlab;python;sql;terraform,data_engineering,Intermediate Data Engineer,Data Engineer,South Africa,Full-time,False,lukebarousse/data_jobs
1695,Data Engineer,SINO GROUP,Hong Kong,"Title short: Data Engineer. Schedule: Full-time. Remote: False. Country: Hong Kong. Skills: aws, azure, databricks, mysql, power bi, python, sap, shell, sql, sql server.",aws;azure;databricks;mysql;power bi;python;sap;shell;sql;sql server,data_engineering,Data Engineer,Data Engineer,Hong Kong,Full-time,False,lukebarousse/data_jobs
1696,Data engineer в продукт МТС Маркетолог (Big Data),"«МТС», IT","Moscow, Russia","Title short: Data Engineer. Schedule: Full-time. Remote: False. Country: Russia. Skills: kafka, python, spark, sql.",kafka;python;spark;sql,data_engineering,Data engineer в продукт МТС Маркетолог (Big Data),Data Engineer,Russia,Full-time,False,lukebarousse/data_jobs
1697,ERP Data Engineer,Venteon,"Lansing, MI","Title short: Data Engineer. Schedule: Full-time. Remote: False. Country: Sudan. Skills: sap, sql.",sap;sql,data_engineering,ERP Data Engineer,Data Engineer,Sudan,Full-time,False,lukebarousse/data_jobs
1698,Data Engineer - Cassandra,Codvo.ai,Anywhere,"Title short: Data Engineer. Schedule: Full-time. Remote: True. Country: India. Skills: airflow, aws, c++, cassandra, go, hadoop, java, jenkins, jira, kafka, nosql, python, redshift, scala, spark, sql.",airflow;aws;c++;cassandra;go;hadoop;java;jenkins;jira;kafka;nosql;python;redshift;scala;spark;sql,data_engineering,Data Engineer - Cassandra,Data Engineer,India,Full-time,True,lukebarousse/data_jobs
1699,"Staff Data Engineer, Real Time Analytics and Event Streaming",LTK (formerly rewardStyle & LIKEtoKNOW.it),"New York, NY","Title short: Data Engineer. Schedule: Full-time. Remote: False. Country: United States. Skills: aws, golang, kafka, python, r, redshift, scala, spark, sql.",aws;golang;kafka;python;r;redshift;scala;spark;sql,data_engineering,"Staff Data Engineer, Real Time Analytics and Event Streaming",Data Engineer,United States,Full-time,False,lukebarousse/data_jobs
1700,Data Engineer,Engtal,"Portland, OR","Title short: Data Engineer. Schedule: Full-time. Remote: False. Country: Sudan. Skills: aws, sql.",aws;sql,data_engineering,Data Engineer,Data Engineer,Sudan,Full-time,False,lukebarousse/data_jobs
1701,Senior Data Engineer,Cavendish Professionals,"Prague, Czechia","Title short: Senior Data Engineer. Schedule: Contractor. Remote: False. Country: Czechia. Skills: azure, bigquery, databricks, go, sql, terraform.",azure;bigquery;databricks;go;sql;terraform,data_engineering,Senior Data Engineer,Senior Data Engineer,Czechia,Contractor,False,lukebarousse/data_jobs
1702,Data Engineer IV,Navy Federal Credit Union,"Pensacola, FL","Title short: Data Engineer. Schedule: Full-time. Remote: False. Country: United States. Skills: azure, databricks, nosql, python, sql, word.",azure;databricks;nosql;python;sql;word,data_engineering,Data Engineer IV,Data Engineer,United States,Full-time,False,lukebarousse/data_jobs
1703,Data Engineer 80%-100% in Mendrisio / Schlieren / St. Gallen,MF Group AG,"St Gallen, Switzerland","Title short: Data Engineer. Schedule: Full-time. Remote: False. Country: Switzerland. Skills: azure, bigquery, databricks, hadoop, kafka, linux, python, shell, spark, sql.",azure;bigquery;databricks;hadoop;kafka;linux;python;shell;spark;sql,data_engineering,Data Engineer 80%-100% in Mendrisio / Schlieren / St. Gallen,Data Engineer,Switzerland,Full-time,False,lukebarousse/data_jobs
1704,Traveling Data Engineer,NielsenIQ,"Nashville, TN","Title short: Data Engineer. Schedule: Full-time. Remote: False. Country: United States. Skills: aws, snowflake.",aws;snowflake,data_engineering,Traveling Data Engineer,Data Engineer,United States,Full-time,False,lukebarousse/data_jobs
1705,Cloud Data Engineer,OneMagnify,Michigan,"Title short: Data Engineer. Schedule: Full-time. Remote: False. Country: United States. Skills: aws, azure, flow, gcp, github, hadoop, kafka, python, scala, spark, sql, terraform.",aws;azure;flow;gcp;github;hadoop;kafka;python;scala;spark;sql;terraform,data_engineering,Cloud Data Engineer,Data Engineer,United States,Full-time,False,lukebarousse/data_jobs
1706,Data Engineer,"Susquehanna International Group, LLP (SIG)",,"Title short: Data Engineer. Schedule: Full-time. Remote: False. Country: United States. Skills: hadoop, linux, mariadb, mysql, oracle, python, shell, spark, unix.",hadoop;linux;mariadb;mysql;oracle;python;shell;spark;unix,data_engineering,Data Engineer,Data Engineer,United States,Full-time,False,lukebarousse/data_jobs
1707,Tech Lead Cloud & Big Data Engineer - H/F,Talan,"Paris, France","Title short: Cloud Engineer. Schedule: Full-time. Remote: False. Country: France. Skills: aws, azure, c#, cassandra, gcp, gitlab, java, jenkins, kafka, mysql, nosql, postgresql, python, scala, spark, sql.",aws;azure;c#;cassandra;gcp;gitlab;java;jenkins;kafka;mysql;nosql;postgresql;python;scala;spark;sql,data_engineering,Tech Lead Cloud & Big Data Engineer - H/F,Cloud Engineer,France,Full-time,False,lukebarousse/data_jobs
1708,Data Engineer ETL lnformatica API SQL Engineer (DIRECT HIRE),Robert Half,Anywhere,"Title short: Data Engineer. Schedule: Full-time. Remote: True. Country: United States. Skills: aws, azure, java, python, snowflake, sql.",aws;azure;java;python;snowflake;sql,data_engineering,Data Engineer ETL lnformatica API SQL Engineer (DIRECT HIRE),Data Engineer,United States,Full-time,True,lukebarousse/data_jobs
1709,Senior Python Data Engineer,Crackajack Solutions,"Wilmington, DE","Title short: Senior Data Engineer. Schedule: Full-time. Remote: False. Country: Sudan. Skills: aws, databricks, hadoop, java, pyspark, python, redshift, spark, sql.",aws;databricks;hadoop;java;pyspark;python;redshift;spark;sql,data_engineering,Senior Python Data Engineer,Senior Data Engineer,Sudan,Full-time,False,lukebarousse/data_jobs
1710,"Manager, Data Engineering",Balsam Brands,"Redwood City, CA","Title short: Data Engineer. Schedule: Full-time. Remote: False. Country: United States. Skills: aws, azure.",aws;azure,data_engineering,"Manager, Data Engineering",Data Engineer,United States,Full-time,False,lukebarousse/data_jobs
1711,"Manager, Data Engineering",HaiLa,"Vancouver, BC, Canada","Title short: Data Engineer. Schedule: Full-time. Remote: False. Country: Canada. Skills: flow, oracle, snowflake, sql.",flow;oracle;snowflake;sql,data_engineering,"Manager, Data Engineering",Data Engineer,Canada,Full-time,False,lukebarousse/data_jobs
1712,Data Engineer,"VMC Soft Technologies, Inc","Salt Lake City, UT","Title short: Data Engineer. Schedule: Contractor. Remote: False. Country: United States. Skills: alteryx, aws, cognos, oracle, power bi, python, qlik, r, snowflake, sql, tableau.",alteryx;aws;cognos;oracle;power bi;python;qlik;r;snowflake;sql;tableau,data_engineering,Data Engineer,Data Engineer,United States,Contractor,False,lukebarousse/data_jobs
1713,Cloud Data Engineer,Fifty-Five,"New York, NY","Title short: Data Engineer. Schedule: Full-time. Remote: False. Country: United States. Skills: aws, azure, docker, gcp, jupyter, python, snowflake, sql.",aws;azure;docker;gcp;jupyter;python;snowflake;sql,data_engineering,Cloud Data Engineer,Data Engineer,United States,Full-time,False,lukebarousse/data_jobs
1714,Senior Data Engineer,Careerfit,"Bengaluru, Karnataka, India","Title short: Senior Data Engineer. Schedule: Full-time. Remote: False. Country: India. Skills: aws, azure, gcp, linux.",aws;azure;gcp;linux,data_engineering,Senior Data Engineer,Senior Data Engineer,India,Full-time,False,lukebarousse/data_jobs
1715,Data Engineer- Kaspr,Kaspr,"Paris, France","Title short: Data Engineer. Schedule: Full-time. Remote: False. Country: France. Skills: git, nosql.",git;nosql,data_engineering,Data Engineer- Kaspr,Data Engineer,France,Full-time,False,lukebarousse/data_jobs
1716,Data Engineer,Tata Consultancy Services,Anywhere,"Title short: Data Engineer. Schedule: Full-time and Part-time. Remote: True. Country: India. Skills: linux, python, sql.",linux;python;sql,data_engineering,Data Engineer,Data Engineer,India,Full-time and Part-time,True,lukebarousse/data_jobs
1717,Data Engineer- Canadian Tire Corporation,Canadian Tire Corporation,"Toronto, ON, Canada","Title short: Data Engineer. Schedule: Full-time. Remote: False. Country: Canada. Skills: flow, hadoop, jenkins, kafka, nosql, oracle, pyspark, snowflake, sql.",flow;hadoop;jenkins;kafka;nosql;oracle;pyspark;snowflake;sql,data_engineering,Data Engineer- Canadian Tire Corporation,Data Engineer,Canada,Full-time,False,lukebarousse/data_jobs
1718,Senior Data Engineer - ETL/SSIS/Snowflake,Spartan Technologies,"Atlanta, GA","Title short: Senior Data Engineer. Schedule: Contractor. Remote: False. Country: United States. Skills: azure, snowflake, sql, sql server, ssis.",azure;snowflake;sql;sql server;ssis,data_engineering,Senior Data Engineer - ETL/SSIS/Snowflake,Senior Data Engineer,United States,Contractor,False,lukebarousse/data_jobs
1719,Big Data Engineer,Avi Software,Anywhere,"Title short: Data Engineer. Schedule: Full-time. Remote: True. Country: India. Skills: airflow, aws, azure, databricks, gcp, git, hadoop, jenkins, jira, nosql, pyspark, python, redshift, shell, spark, sql.",airflow;aws;azure;databricks;gcp;git;hadoop;jenkins;jira;nosql;pyspark;python;redshift;shell;spark;sql,data_engineering,Big Data Engineer,Data Engineer,India,Full-time,True,lukebarousse/data_jobs
1720,Data Engineer I,RELX,"Boca Raton, FL",Title short: Data Engineer. Schedule: Full-time. Remote: False. Country: United States. Skills: excel.,excel,data_engineering,Data Engineer I,Data Engineer,United States,Full-time,False,lukebarousse/data_jobs
1721,Senior Data Engineer,Manchester Digital,"Manchester, UK","Title short: Senior Data Engineer. Schedule: Full-time. Remote: False. Country: United Kingdom. Skills: aws, java, linux, nosql, spring.",aws;java;linux;nosql;spring,data_engineering,Senior Data Engineer,Senior Data Engineer,United Kingdom,Full-time,False,lukebarousse/data_jobs
1722,Data Engineer – Innovation Program,Bosch Car Multimedia Portugal,"Braga, Portugal","Title short: Data Engineer. Schedule: Full-time. Remote: False. Country: Portugal. Skills: power bi, spark, tableau.",power bi;spark;tableau,data_engineering,Data Engineer – Innovation Program,Data Engineer,Portugal,Full-time,False,lukebarousse/data_jobs
1723,Junior Data Engineer Jobs,Deloitte,"Austin, TX",Title short: Data Engineer. Schedule: Full-time. Remote: False. Country: United States. Skills: aws.,aws,data_engineering,Junior Data Engineer Jobs,Data Engineer,United States,Full-time,False,lukebarousse/data_jobs
1724,"Data Engineer, Digital Transformation (64216BR)",Harvard Business School,"Boston, MA","Title short: Data Engineer. Schedule: Full-time. Remote: False. Country: United States. Skills: aws, azure, bash, cassandra, gcp, gdpr, hadoop, java, kafka, mongodb, python, redis, scala, spark, sql, unify, zoom.",aws;azure;bash;cassandra;gcp;gdpr;hadoop;java;kafka;mongodb;python;redis;scala;spark;sql;unify;zoom,data_engineering,"Data Engineer, Digital Transformation (64216BR)",Data Engineer,United States,Full-time,False,lukebarousse/data_jobs
1725,Senior Data Engineer - Houston (in-office 2-3 days per week),Publicis Groupe,"Houston, TX","Title short: Senior Data Engineer. Schedule: Full-time. Remote: False. Country: United States. Skills: aws, azure, dynamodb, java, javascript, mysql, nosql, oracle, pyspark, python, redshift, scala, spark, sql, sql server, terraform.",aws;azure;dynamodb;java;javascript;mysql;nosql;oracle;pyspark;python;redshift;scala;spark;sql;sql server;terraform,data_engineering,Senior Data Engineer - Houston (in-office 2-3 days per week),Senior Data Engineer,United States,Full-time,False,lukebarousse/data_jobs
1726,Technical Data Engineer Confirmed H/F,Apgar Consulting,"Neuilly-sur-Seine, France","Title short: Data Engineer. Schedule: Full-time. Remote: False. Country: France. Skills: jenkins, oracle, sql, sql server.",jenkins;oracle;sql;sql server,data_engineering,Technical Data Engineer Confirmed H/F,Data Engineer,France,Full-time,False,lukebarousse/data_jobs
1727,Data Engineer,Nigel Frank International,"Reading, UK","Title short: Data Engineer. Schedule: Full-time. Remote: False. Country: United Kingdom. Skills: azure, power bi, python, sql, sql server.",azure;power bi;python;sql;sql server,data_engineering,Data Engineer,Data Engineer,United Kingdom,Full-time,False,lukebarousse/data_jobs
1728,GCP Data Engineer-W2 Candidates only,Aorton Inc,Anywhere,"Title short: Data Engineer. Schedule: Contractor. Remote: True. Country: United States. Skills: bigquery, gcp, go, java, kafka, looker, python, scala.",bigquery;gcp;go;java;kafka;looker;python;scala,data_engineering,GCP Data Engineer-W2 Candidates only,Data Engineer,United States,Contractor,True,lukebarousse/data_jobs
1729,Data Engineer,DFLabs,"Noida, Uttar Pradesh, India","Title short: Data Engineer. Schedule: Full-time. Remote: False. Country: India. Skills: airflow, aws, python, redshift, snowflake, sql, tableau.",airflow;aws;python;redshift;snowflake;sql;tableau,data_engineering,Data Engineer,Data Engineer,India,Full-time,False,lukebarousse/data_jobs
1730,Data Engineer,cultivate,Malaysia,"Title short: Data Engineer. Schedule: Full-time. Remote: False. Country: Malaysia. Skills: aws, azure, gcp, hadoop, python, spark.",aws;azure;gcp;hadoop;python;spark,data_engineering,Data Engineer,Data Engineer,Malaysia,Full-time,False,lukebarousse/data_jobs
1731,Senior Data Engineer I,GoodRx,"San Francisco, CA","Title short: Data Engineer. Schedule: Full-time. Remote: False. Country: Sudan. Skills: airflow, aws, docker, excel, github, jira, kafka, kubernetes, pyspark, redshift, spark, sql, terraform.",airflow;aws;docker;excel;github;jira;kafka;kubernetes;pyspark;redshift;spark;sql;terraform,data_engineering,Senior Data Engineer I,Data Engineer,Sudan,Full-time,False,lukebarousse/data_jobs
1732,Principal Data Engineer,Reperio Human Capital,United States,"Title short: Data Engineer. Schedule: Contractor. Remote: False. Country: United States. Skills: airflow, aws, azure, gcp, hadoop, java, python, scala, spark.",airflow;aws;azure;gcp;hadoop;java;python;scala;spark,data_engineering,Principal Data Engineer,Data Engineer,United States,Contractor,False,lukebarousse/data_jobs
1733,Data Engineer,Harry International Private Limited,"Ahmedabad, Gujarat, India","Title short: Data Engineer. Schedule: Full-time. Remote: False. Country: India. Skills: golang, java, python, scala, snowflake, spark, sql.",golang;java;python;scala;snowflake;spark;sql,data_engineering,Data Engineer,Data Engineer,India,Full-time,False,lukebarousse/data_jobs
1734,Senior Data Engineer / SW Engineer with Python,Source Technology,"Hilversum, Netherlands","Title short: Senior Data Engineer. Schedule: nan. Remote: False. Country: Netherlands. Skills: aws, python.",aws;python,data_engineering,Senior Data Engineer / SW Engineer with Python,Senior Data Engineer,Netherlands,,False,lukebarousse/data_jobs
1735,Data Engineer,Reinsight,"Stockholm, Sweden","Title short: Data Engineer. Schedule: Full-time. Remote: False. Country: Sweden. Skills: azure, python, scala, sql.",azure;python;scala;sql,data_engineering,Data Engineer,Data Engineer,Sweden,Full-time,False,lukebarousse/data_jobs
1736,Senior Data Engineer | Series D Video Analytics Start-Up (200-250 TC),Coda Search│Staffing,"Culver City, CA","Title short: Senior Data Engineer. Schedule: Full-time. Remote: False. Country: United States. Skills: aws, pandas, python, redshift, scala, spark, sql.",aws;pandas;python;redshift;scala;spark;sql,data_engineering,Senior Data Engineer | Series D Video Analytics Start-Up (200-250 TC),Senior Data Engineer,United States,Full-time,False,lukebarousse/data_jobs
1737,Data Engineer,Kaufland e-commerce,"Düsseldorf, Germany","Title short: Data Engineer. Schedule: Full-time. Remote: False. Country: Germany. Skills: ansible, kafka, kubernetes, python, terraform.",ansible;kafka;kubernetes;python;terraform,data_engineering,Data Engineer,Data Engineer,Germany,Full-time,False,lukebarousse/data_jobs
1738,Data Engineer III,Chewy,"Boston, MA","Title short: Data Engineer. Schedule: Full-time. Remote: False. Country: United States. Skills: airflow, ansible, aws, docker, git, hadoop, kafka, kubernetes, no-sql, python, spark, terraform.",airflow;ansible;aws;docker;git;hadoop;kafka;kubernetes;no-sql;python;spark;terraform,data_engineering,Data Engineer III,Data Engineer,United States,Full-time,False,lukebarousse/data_jobs
1739,Data Engineer,PBT Group,"Cape Town, South Africa","Title short: Data Engineer. Schedule: Full-time. Remote: False. Country: South Africa. Skills: azure, sql, ssis.",azure;sql;ssis,data_engineering,Data Engineer,Data Engineer,South Africa,Full-time,False,lukebarousse/data_jobs
1740,"Data Engineer (SQL, Spark, Python)",Motion Recruitment,"Los Angeles, CA","Title short: Data Engineer. Schedule: Full-time. Remote: False. Country: United States. Skills: aws, python, spark, sql.",aws;python;spark;sql,data_engineering,"Data Engineer (SQL, Spark, Python)",Data Engineer,United States,Full-time,False,lukebarousse/data_jobs
1741,Stage Data Engineer start-up à impact,Pyxo,"Lyon, France","Title short: Data Engineer. Schedule: Internship. Remote: False. Country: France. Skills: github, redshift, slack, sql.",github;redshift;slack;sql,data_engineering,Stage Data Engineer start-up à impact,Data Engineer,France,Internship,False,lukebarousse/data_jobs
1742,Data Engineer,Aspen Insurance Group,"Rocky Hill, CT","Title short: Data Engineer. Schedule: Full-time. Remote: False. Country: United States. Skills: azure, python, sql, ssis, ssrs.",azure;python;sql;ssis;ssrs,data_engineering,Data Engineer,Data Engineer,United States,Full-time,False,lukebarousse/data_jobs
1743,Lead Data Engineer,BMO,"Toronto, ON, Canada","Title short: Data Engineer. Schedule: Full-time. Remote: False. Country: Canada. Skills: aws, flow, perl, python, r, sas, spark, spss, sql.",aws;flow;perl;python;r;sas;spark;spss;sql,data_engineering,Lead Data Engineer,Data Engineer,Canada,Full-time,False,lukebarousse/data_jobs
1744,Senior Data Engineer,seQura,Anywhere,"Title short: Senior Data Engineer. Schedule: Full-time. Remote: True. Country: Spain. Skills: airflow, aws, azure, gcp, gdpr, kafka, python, spark, sql, terraform.",airflow;aws;azure;gcp;gdpr;kafka;python;spark;sql;terraform,data_engineering,Senior Data Engineer,Senior Data Engineer,Spain,Full-time,True,lukebarousse/data_jobs
1745,Data Engineer,Lever,"Manchester, NH","Title short: Data Engineer. Schedule: Full-time. Remote: False. Country: United States. Skills: aws, python, redshift, slack, snowflake.",aws;python;redshift;slack;snowflake,data_engineering,Data Engineer,Data Engineer,United States,Full-time,False,lukebarousse/data_jobs
1746,Lead Data Engineer,Zimetrics Technologies,"Pune, Maharashtra, India","Title short: Data Engineer. Schedule: Full-time. Remote: False. Country: India. Skills: aws, bash, perl, python, sql.",aws;bash;perl;python;sql,data_engineering,Lead Data Engineer,Data Engineer,India,Full-time,False,lukebarousse/data_jobs
1747,Big Data Engineer-Sunrise FL or New York NY-Onsite,HUMAC INC.,"Sunrise, FL","Title short: Data Engineer. Schedule: Contractor. Remote: False. Country: United States. Skills: airflow, bigquery, couchbase, docker, git, hadoop, kubernetes, mongodb, nosql, pyspark, python, scala, shell, spark, unix.",airflow;bigquery;couchbase;docker;git;hadoop;kubernetes;mongodb;nosql;pyspark;python;scala;shell;spark;unix,data_engineering,Big Data Engineer-Sunrise FL or New York NY-Onsite,Data Engineer,United States,Contractor,False,lukebarousse/data_jobs
1748,Data Engineer- Kaspr,Cognism,"Tunis, Tunisia","Title short: Data Engineer. Schedule: Full-time. Remote: False. Country: Tunisia. Skills: git, nosql.",git;nosql,data_engineering,Data Engineer- Kaspr,Data Engineer,Tunisia,Full-time,False,lukebarousse/data_jobs
1749,Data Analytics Engineer,Bayer Inc.,"St. Louis, MO","Title short: Data Engineer. Schedule: Full-time. Remote: False. Country: Sudan. Skills: aws, elasticsearch, github, java, jenkins, kafka, nosql, python, scala, splunk, sql.",aws;elasticsearch;github;java;jenkins;kafka;nosql;python;scala;splunk;sql,data_engineering,Data Analytics Engineer,Data Engineer,Sudan,Full-time,False,lukebarousse/data_jobs
1750,"Engineer IV, Principal Data Engineer, Energy Applications",GAF Energy,"San Rafael, CA","Title short: Data Engineer. Schedule: Full-time. Remote: False. Country: United States. Skills: bigquery, graphql, spark, tableau.",bigquery;graphql;spark;tableau,data_engineering,"Engineer IV, Principal Data Engineer, Energy Applications",Data Engineer,United States,Full-time,False,lukebarousse/data_jobs
1751,Data Engineer,Enact Mortgage Insurance,"Raleigh, NC","Title short: Data Engineer. Schedule: Full-time. Remote: False. Country: United States. Skills: aws, go, python, snowflake, spark, sql, tableau.",aws;go;python;snowflake;spark;sql;tableau,data_engineering,Data Engineer,Data Engineer,United States,Full-time,False,lukebarousse/data_jobs
1752,Sr. Cloud Data Engineer,FIS,"Newtonsville, OH","Title short: Senior Data Engineer. Schedule: Full-time. Remote: False. Country: United States. Skills: aws, azure, bigquery, gcp, hadoop, redshift, snowflake.",aws;azure;bigquery;gcp;hadoop;redshift;snowflake,data_engineering,Sr. Cloud Data Engineer,Senior Data Engineer,United States,Full-time,False,lukebarousse/data_jobs
1753,Data Engineer,ENJOY Recruitment Latvia,"Riga, Latvia","Title short: Data Engineer. Schedule: Full-time. Remote: False. Country: Latvia. Skills: sql, tableau.",sql;tableau,data_engineering,Data Engineer,Data Engineer,Latvia,Full-time,False,lukebarousse/data_jobs
1754,"Data Engineer, Azure",Technical Source,United States,"Title short: Data Engineer. Schedule: Full-time and Contractor. Remote: False. Country: United States. Skills: azure, databricks, python, sql.",azure;databricks;python;sql,data_engineering,"Data Engineer, Azure",Data Engineer,United States,Full-time and Contractor,False,lukebarousse/data_jobs
1755,"Staff Data Engineer, Real Time Analytics and Event Streaming",LTK (formerly rewardStyle & LIKEtoKNOW.it),Anywhere,"Title short: Data Engineer. Schedule: Full-time. Remote: True. Country: United States. Skills: aws, golang, kafka, python, r, redshift, scala, spark, sql.",aws;golang;kafka;python;r;redshift;scala;spark;sql,data_engineering,"Staff Data Engineer, Real Time Analytics and Event Streaming",Data Engineer,United States,Full-time,True,lukebarousse/data_jobs
1756,Data Engineer - Remote | WFH,Get It Recruit - Information Technology,Anywhere,"Title short: Data Engineer. Schedule: Full-time. Remote: True. Country: United States. Skills: airflow, aws, hadoop, kafka, python, r, redshift, scala, shell, snowflake, spark, sql.",airflow;aws;hadoop;kafka;python;r;redshift;scala;shell;snowflake;spark;sql,data_engineering,Data Engineer - Remote | WFH,Data Engineer,United States,Full-time,True,lukebarousse/data_jobs
1757,SQL data engineer,Sakhona HR,"Centurion, South Africa","Title short: Data Engineer. Schedule: Full-time. Remote: False. Country: South Africa. Skills: azure, python, r, sql, ssis.",azure;python;r;sql;ssis,data_engineering,SQL data engineer,Data Engineer,South Africa,Full-time,False,lukebarousse/data_jobs
1758,Junior BI & Data Engineer,Global Engineering Technologies,"Belgrade, Serbia","Title short: Data Engineer. Schedule: Full-time. Remote: False. Country: Serbia. Skills: atlassian, c#, cognos, java, jira, power bi, python, qlik, r, sap, sql, ssis, ssrs.",atlassian;c#;cognos;java;jira;power bi;python;qlik;r;sap;sql;ssis;ssrs,data_engineering,Junior BI & Data Engineer,Data Engineer,Serbia,Full-time,False,lukebarousse/data_jobs
1759,Azure Data Engineer,TEKletics,"Scottsdale, AZ","Title short: Data Engineer. Schedule: Full-time. Remote: False. Country: United States. Skills: azure, python, sql.",azure;python;sql,data_engineering,Azure Data Engineer,Data Engineer,United States,Full-time,False,lukebarousse/data_jobs
1760,Senior Data Engineer,Multi National Company,"Bengaluru, Karnataka, India","Title short: Senior Data Engineer. Schedule: Full-time. Remote: False. Country: India. Skills: azure, power bi, pyspark.",azure;power bi;pyspark,data_engineering,Senior Data Engineer,Senior Data Engineer,India,Full-time,False,lukebarousse/data_jobs
1761,Senior Data Engineer (Hybrid),Capital One,"Washington, DC","Title short: Senior Data Engineer. Schedule: Full-time. Remote: False. Country: United States. Skills: aws, azure, dynamodb, hadoop, java, kafka, mysql, nosql, python, redshift, scala, shell, snowflake, spark, sql.",aws;azure;dynamodb;hadoop;java;kafka;mysql;nosql;python;redshift;scala;shell;snowflake;spark;sql,data_engineering,Senior Data Engineer (Hybrid),Senior Data Engineer,United States,Full-time,False,lukebarousse/data_jobs
1762,Machine Learning Data Engineer,"Wurl, LLC",Anywhere,"Title short: Data Engineer. Schedule: Full-time. Remote: True. Country: United States. Skills: aws, databricks, linux, pyspark, python, spark, sql.",aws;databricks;linux;pyspark;python;spark;sql,data_engineering,Machine Learning Data Engineer,Data Engineer,United States,Full-time,True,lukebarousse/data_jobs
1763,"Data Engineer II/Senior Data Engineer, Cloud Solutions Development",United Therapeutics Corporation,United States,"Title short: Data Engineer. Schedule: Full-time. Remote: False. Country: United States. Skills: azure, sql, sql server, t-sql.",azure;sql;sql server;t-sql,data_engineering,"Data Engineer II/Senior Data Engineer, Cloud Solutions Development",Data Engineer,United States,Full-time,False,lukebarousse/data_jobs
1764,Senior Data Engineer,X4 Life Sciences,"Oakland, CA","Title short: Senior Data Engineer. Schedule: Full-time. Remote: False. Country: Sudan. Skills: aws, postgresql, python, snowflake, sql, sql server.",aws;postgresql;python;snowflake;sql;sql server,data_engineering,Senior Data Engineer,Senior Data Engineer,Sudan,Full-time,False,lukebarousse/data_jobs
1765,Senior Data Engineer,Etainement,"Dallas, TX","Title short: Senior Data Engineer. Schedule: Full-time. Remote: False. Country: United States. Skills: aws, azure, gcp, python, r, sql, ssis.",aws;azure;gcp;python;r;sql;ssis,data_engineering,Senior Data Engineer,Senior Data Engineer,United States,Full-time,False,lukebarousse/data_jobs
1766,Customer Data Engineer,Blu Beem,"Bogotá, Bogota, Colombia","Title short: Data Engineer. Schedule: Full-time. Remote: False. Country: Colombia. Skills: bigquery, java, javascript, matlab, python, r, redshift, sql, tableau.",bigquery;java;javascript;matlab;python;r;redshift;sql;tableau,data_engineering,Customer Data Engineer,Data Engineer,Colombia,Full-time,False,lukebarousse/data_jobs
1767,Cardo Health - Data Engineer (Contract) - Remote  from Europe,techruiter.,Anywhere,"Title short: Data Engineer. Schedule: Full-time and Contractor. Remote: True. Country: Slovakia. Skills: postgresql, python.",postgresql;python,data_engineering,Cardo Health - Data Engineer (Contract) - Remote  from Europe,Data Engineer,Slovakia,Full-time and Contractor,True,lukebarousse/data_jobs
1768,"Data Engineer/Architect (ETL/Python/Snowflake) -- Dublin, CA",TechAffinity Inc,"Dublin, CA","Title short: Data Engineer. Schedule: Contractor. Remote: False. Country: United States. Skills: java, python, snowflake.",java;python;snowflake,data_engineering,"Data Engineer/Architect (ETL/Python/Snowflake) -- Dublin, CA",Data Engineer,United States,Contractor,False,lukebarousse/data_jobs
1769,Data Engineer,TOTAL DIGITAL FACTORY,"Paris, France","Title short: Data Engineer. Schedule: Full-time. Remote: False. Country: France. Skills: aws, azure, python, spark, sql.",aws;azure;python;spark;sql,data_engineering,Data Engineer,Data Engineer,France,Full-time,False,lukebarousse/data_jobs
1770,Senior Data Engineer,Mirvac,"Sydney NSW, Australia","Title short: Senior Data Engineer. Schedule: Full-time. Remote: False. Country: Australia. Skills: aws, azure, snowflake.",aws;azure;snowflake,data_engineering,Senior Data Engineer,Senior Data Engineer,Australia,Full-time,False,lukebarousse/data_jobs
1771,"Data Engineer, Big Data Privacy and Security",TikTok,"San Jose, CA","Title short: Data Engineer. Schedule: Full-time. Remote: False. Country: Sudan. Skills: kafka, spark.",kafka;spark,data_engineering,"Data Engineer, Big Data Privacy and Security",Data Engineer,Sudan,Full-time,False,lukebarousse/data_jobs
1772,DATA ENGINEER,EyeTech Solutions,"Brussels, Belgium","Title short: Data Engineer. Schedule: Full-time. Remote: False. Country: Belgium. Skills: azure, databricks, sql, sql server.",azure;databricks;sql;sql server,data_engineering,DATA ENGINEER,Data Engineer,Belgium,Full-time,False,lukebarousse/data_jobs
1773,Data Engineer,Hexaware Technologies,"New York, NY","Title short: Data Engineer. Schedule: Full-time. Remote: False. Country: United States. Skills: airflow, aws, dynamodb, looker, python, r, snowflake, sql, ssis, terraform.",airflow;aws;dynamodb;looker;python;r;snowflake;sql;ssis;terraform,data_engineering,Data Engineer,Data Engineer,United States,Full-time,False,lukebarousse/data_jobs
1774,Staff Data Engineer,AuditBoard,Anywhere,"Title short: Data Engineer. Schedule: Full-time. Remote: True. Country: United States. Skills: airflow, aws, azure, databricks, gcp, kafka, python, snowflake, spark, sql, terraform.",airflow;aws;azure;databricks;gcp;kafka;python;snowflake;spark;sql;terraform,data_engineering,Staff Data Engineer,Data Engineer,United States,Full-time,True,lukebarousse/data_jobs
1775,Principal Data Engineer,CyberCoders,Anywhere,"Title short: Data Engineer. Schedule: Full-time. Remote: True. Country: United States. Skills: aws, hadoop, microstrategy, python, snowflake, spark, sql, tableau.",aws;hadoop;microstrategy;python;snowflake;spark;sql;tableau,data_engineering,Principal Data Engineer,Data Engineer,United States,Full-time,True,lukebarousse/data_jobs
1776,Data Engineer,Heimvorteil Harz,"Seeland, Germany","Title short: Data Engineer. Schedule: Full-time. Remote: False. Country: Germany. Skills: databricks, pyspark, python, spark, sql.",databricks;pyspark;python;spark;sql,data_engineering,Data Engineer,Data Engineer,Germany,Full-time,False,lukebarousse/data_jobs
1777,2023-7064_Data Engineer from Philippines,Arch Global Services (Philippines) Inc.,Anywhere,"Title short: Data Engineer. Schedule: Full-time. Remote: True. Country: Philippines. Skills: arch, azure, c++, databricks, excel, java, nosql, python, r, scala, snowflake, spark, sql, ssis.",arch;azure;c++;databricks;excel;java;nosql;python;r;scala;snowflake;spark;sql;ssis,data_engineering,2023-7064_Data Engineer from Philippines,Data Engineer,Philippines,Full-time,True,lukebarousse/data_jobs
1778,Hedge Fund - Python Developer/Data Engineer,Octavius Finance,"Geneva, Switzerland","Title short: Data Engineer. Schedule: Full-time. Remote: False. Country: Switzerland. Skills: aws, python.",aws;python,data_engineering,Hedge Fund - Python Developer/Data Engineer,Data Engineer,Switzerland,Full-time,False,lukebarousse/data_jobs
1779,Data Engineer (Multinational Company),DCS,Lebanon,"Title short: Data Engineer. Schedule: Full-time. Remote: False. Country: Lebanon. Skills: aws, azure, dax, gitlab, power bi, slack, sql, sql server.",aws;azure;dax;gitlab;power bi;slack;sql;sql server,data_engineering,Data Engineer (Multinational Company),Data Engineer,Lebanon,Full-time,False,lukebarousse/data_jobs
1780,Data Engineer (Entry Level),Pattern Learning AI - Career & Tech Recruitment Reimagined!,Anywhere,"Title short: Data Engineer. Schedule: Full-time. Remote: True. Country: United States. Skills: aws, azure, bigquery, gcp, hadoop, kafka, mysql, postgresql, power bi, python, r, redshift, scala, spark, sql, tableau.",aws;azure;bigquery;gcp;hadoop;kafka;mysql;postgresql;power bi;python;r;redshift;scala;spark;sql;tableau,data_engineering,Data Engineer (Entry Level),Data Engineer,United States,Full-time,True,lukebarousse/data_jobs
1781,Data Engineer Advisor,Dell Technologies,Anywhere,"Title short: Data Engineer. Schedule: Full-time. Remote: True. Country: Romania. Skills: bash, docker, kafka, kubernetes, postgresql, python.",bash;docker;kafka;kubernetes;postgresql;python,data_engineering,Data Engineer Advisor,Data Engineer,Romania,Full-time,True,lukebarousse/data_jobs
1782,Data Engineer (Permanent),Ada Meher,"Cambridge, UK","Title short: Data Engineer. Schedule: Full-time. Remote: False. Country: United Kingdom. Skills: airflow, aws, azure, gcp, hadoop, postgresql, python, spark.",airflow;aws;azure;gcp;hadoop;postgresql;python;spark,data_engineering,Data Engineer (Permanent),Data Engineer,United Kingdom,Full-time,False,lukebarousse/data_jobs
1783,"Data Engineer St. Louis, MO",Ameren,"St. Louis, MO","Title short: Data Engineer. Schedule: Full-time. Remote: False. Country: Sudan. Skills: aws, databricks, github, jenkins, jira, linux, sql.",aws;databricks;github;jenkins;jira;linux;sql,data_engineering,"Data Engineer St. Louis, MO",Data Engineer,Sudan,Full-time,False,lukebarousse/data_jobs
1784,"Data Engineer, Finance",Notion,"San Francisco, CA","Title short: Data Engineer. Schedule: Full-time. Remote: False. Country: United States. Skills: airflow, aws, azure, gcp, java, notion, python, redshift, scala, snowflake, spark, sql.",airflow;aws;azure;gcp;java;notion;python;redshift;scala;snowflake;spark;sql,data_engineering,"Data Engineer, Finance",Data Engineer,United States,Full-time,False,lukebarousse/data_jobs
1785,Data Engineer,Coopers Group AG,"Risch-Rotkreuz, Switzerland","Title short: Data Engineer. Schedule: Full-time. Remote: False. Country: Switzerland. Skills: aws, git, python, r, sap, snowflake, sql.",aws;git;python;r;sap;snowflake;sql,data_engineering,Data Engineer,Data Engineer,Switzerland,Full-time,False,lukebarousse/data_jobs
1786,Data Engineer Senior H/F,AXA Assurances,"Nanterre, France","Title short: Senior Data Engineer. Schedule: Full-time. Remote: False. Country: France. Skills: aws, azure, databricks, gcp, git, jira, nosql, pyspark, python, spark.",aws;azure;databricks;gcp;git;jira;nosql;pyspark;python;spark,data_engineering,Data Engineer Senior H/F,Senior Data Engineer,France,Full-time,False,lukebarousse/data_jobs
1787,Data Engineer,VBeyond Corporation,Anywhere,"Title short: Data Engineer. Schedule: Full-time. Remote: True. Country: United States. Skills: aws, java.",aws;java,data_engineering,Data Engineer,Data Engineer,United States,Full-time,True,lukebarousse/data_jobs
1788,Senior Data Engineer,Core Synesis,Anywhere,"Title short: Senior Data Engineer. Schedule: Full-time. Remote: True. Country: Brazil. Skills: gcp, power bi, python.",gcp;power bi;python,data_engineering,Senior Data Engineer,Senior Data Engineer,Brazil,Full-time,True,lukebarousse/data_jobs
1789,"Data Engineer, Remote Sensing Platform",WINTEG Consultancy Services Pvt. Ltd.,"Bengaluru, Karnataka, India","Title short: Data Engineer. Schedule: Full-time. Remote: False. Country: India. Skills: azure, gcp, git, looker, nosql, numpy, pandas, python, spark, sql, tableau.",azure;gcp;git;looker;nosql;numpy;pandas;python;spark;sql;tableau,data_engineering,"Data Engineer, Remote Sensing Platform",Data Engineer,India,Full-time,False,lukebarousse/data_jobs
1790,Data Engineer Jobs In Dubai UAE 2023,Boeing,Dubai - United Arab Emirates,"Title short: Data Engineer. Schedule: Full-time. Remote: False. Country: United Arab Emirates. Skills: airflow, aws, docker, git, jenkins, python, redshift, sql, tableau.",airflow;aws;docker;git;jenkins;python;redshift;sql;tableau,data_engineering,Data Engineer Jobs In Dubai UAE 2023,Data Engineer,United Arab Emirates,Full-time,False,lukebarousse/data_jobs
1791,Data Engineer,Zortech Solutions,"Wyoming, MI","Title short: Data Engineer. Schedule: Full-time. Remote: False. Country: United States. Skills: gcp, gitlab, python.",gcp;gitlab;python,data_engineering,Data Engineer,Data Engineer,United States,Full-time,False,lukebarousse/data_jobs
1792,Senior Data Engineer,"New Resources Consulting, LLC",Wisconsin,"Title short: Senior Data Engineer. Schedule: Contractor. Remote: False. Country: Sudan. Skills: power bi, snowflake, sql, sql server.",power bi;snowflake;sql;sql server,data_engineering,Senior Data Engineer,Senior Data Engineer,Sudan,Contractor,False,lukebarousse/data_jobs
1793,Lead Data & Analytics Engineer,Cynergy Business Finance,"London, UK","Title short: Data Engineer. Schedule: Full-time. Remote: False. Country: United Kingdom. Skills: power bi, python, sql.",power bi;python;sql,data_engineering,Lead Data & Analytics Engineer,Data Engineer,United Kingdom,Full-time,False,lukebarousse/data_jobs
1794,RDC Data Engineer,Bristol Myers Squibb,"Cambridge, MA","Title short: Data Engineer. Schedule: Full-time. Remote: False. Country: Sudan. Skills: airflow, aurora, docker, elasticsearch, excel, nosql, python, r, redshift, sql.",airflow;aurora;docker;elasticsearch;excel;nosql;python;r;redshift;sql,data_engineering,RDC Data Engineer,Data Engineer,Sudan,Full-time,False,lukebarousse/data_jobs
1795,Senior Data Engineer,Excella,"Washington, DC","Title short: Senior Data Engineer. Schedule: Full-time. Remote: False. Country: United States. Skills: aws, git, nosql, python.",aws;git;nosql;python,data_engineering,Senior Data Engineer,Senior Data Engineer,United States,Full-time,False,lukebarousse/data_jobs
1796,Azure Data Engineer,Jobot,United States,"Title short: Data Engineer. Schedule: Full-time. Remote: False. Country: United States. Skills: azure, c#, github, python, sql, t-sql.",azure;c#;github;python;sql;t-sql,data_engineering,Azure Data Engineer,Data Engineer,United States,Full-time,False,lukebarousse/data_jobs
1797,Sr. Data Engineer,"RedRiver Systems, LLC",Anywhere,"Title short: Data Engineer. Schedule: Full-time. Remote: True. Country: United States. Skills: airflow, aws, azure, flow, snowflake, sql, tableau.",airflow;aws;azure;flow;snowflake;sql;tableau,data_engineering,Sr. Data Engineer,Data Engineer,United States,Full-time,True,lukebarousse/data_jobs
1798,Senior Software Data Engineer,Wetility,South Africa,"Title short: Senior Data Engineer. Schedule: Full-time. Remote: False. Country: South Africa. Skills: azure, java, pyspark, python, scala, spark, sql.",azure;java;pyspark;python;scala;spark;sql,data_engineering,Senior Software Data Engineer,Senior Data Engineer,South Africa,Full-time,False,lukebarousse/data_jobs
1799,Data Engineer,Tencent,"Amsterdam, Netherlands","Title short: Data Engineer. Schedule: Full-time. Remote: False. Country: Netherlands. Skills: golang, java, linux, python, spark, sql.",golang;java;linux;python;spark;sql,data_engineering,Data Engineer,Data Engineer,Netherlands,Full-time,False,lukebarousse/data_jobs
1800,Data Engineer,Nordex Group,Spain,"Title short: Data Engineer. Schedule: Full-time. Remote: False. Country: Spain. Skills: azure, docker, kubernetes, power bi, python, r, sql.",azure;docker;kubernetes;power bi;python;r;sql,data_engineering,Data Engineer,Data Engineer,Spain,Full-time,False,lukebarousse/data_jobs
1801,Technical Program Manager – Data Engineering (Vaga afirmativa para...,Experian,"São Paulo, State of São Paulo, Brazil","Title short: Data Engineer. Schedule: Full-time. Remote: False. Country: Brazil. Skills: aws, cassandra, golang, hadoop, kafka, mongodb, python, scala, spark.",aws;cassandra;golang;hadoop;kafka;mongodb;python;scala;spark,data_engineering,Technical Program Manager – Data Engineering (Vaga afirmativa para...,Data Engineer,Brazil,Full-time,False,lukebarousse/data_jobs
1802,Remote Data Engineer,SnapX.ai,Anywhere,"Title short: Data Engineer. Schedule: Contractor. Remote: True. Country: United States. Skills: azure, python, sql.",azure;python;sql,data_engineering,Remote Data Engineer,Data Engineer,United States,Contractor,True,lukebarousse/data_jobs
1803,Data Engineer,Angkas,"Manila, Metro Manila, Philippines","Title short: Data Engineer. Schedule: nan. Remote: False. Country: Philippines. Skills: elasticsearch, nosql, sql.",elasticsearch;nosql;sql,data_engineering,Data Engineer,Data Engineer,Philippines,,False,lukebarousse/data_jobs
1804,Sr Data Engineer (Full-time),"Wells Fargo Bank, N.A., Canadian Branch",Anywhere,"Title short: Data Engineer. Schedule: Full-time and Part-time. Remote: True. Country: United States. Skills: hadoop, jupyter, oracle, plotly, pyspark, python, r, spark, sql, sql server, tableau.",hadoop;jupyter;oracle;plotly;pyspark;python;r;spark;sql;sql server;tableau,data_engineering,Sr Data Engineer (Full-time),Data Engineer,United States,Full-time and Part-time,True,lukebarousse/data_jobs
1805,Senior Software Development Engineer (Data Engineer),MetLife,"Clayton, NC","Title short: Data Engineer. Schedule: Full-time. Remote: False. Country: United States. Skills: azure, linux, power bi, python, shell, sql, tableau.",azure;linux;power bi;python;shell;sql;tableau,data_engineering,Senior Software Development Engineer (Data Engineer),Data Engineer,United States,Full-time,False,lukebarousse/data_jobs
1806,Data Engineer,Agility Partners,,"Title short: Data Engineer. Schedule: Full-time. Remote: False. Country: United States. Skills: hadoop, nosql, sql.",hadoop;nosql;sql,data_engineering,Data Engineer,Data Engineer,United States,Full-time,False,lukebarousse/data_jobs
1807,Data analytics engineer,Boskalis,"Papendrecht, Netherlands","Title short: Data Engineer. Schedule: Full-time. Remote: False. Country: Netherlands. Skills: azure, excel, power bi.",azure;excel;power bi,data_engineering,Data analytics engineer,Data Engineer,Netherlands,Full-time,False,lukebarousse/data_jobs
1808,Staff Data Engineer,Coupang,"Seoul, South Korea","Title short: Data Engineer. Schedule: Full-time. Remote: False. Country: South Korea. Skills: aws, hadoop, java, kafka, python, redis, scala, spark.",aws;hadoop;java;kafka;python;redis;scala;spark,data_engineering,Staff Data Engineer,Data Engineer,South Korea,Full-time,False,lukebarousse/data_jobs
1809,Data Engineer,John Hancock,"Boston, MA","Title short: Data Engineer. Schedule: Full-time. Remote: False. Country: Sudan. Skills: angular, azure, databricks, javascript, power bi, python, r, sql.",angular;azure;databricks;javascript;power bi;python;r;sql,data_engineering,Data Engineer,Data Engineer,Sudan,Full-time,False,lukebarousse/data_jobs
1810,Senior Data Engineer,BISTEC Global Services,"Colombo, Sri Lanka","Title short: Senior Data Engineer. Schedule: Full-time. Remote: False. Country: Sri Lanka. Skills: azure, databricks, pyspark, python, spark, sql, sql server, ssis.",azure;databricks;pyspark;python;spark;sql;sql server;ssis,data_engineering,Senior Data Engineer,Senior Data Engineer,Sri Lanka,Full-time,False,lukebarousse/data_jobs
1811,"Data Engineer – DataHub, Norlys FiberNet",Norlys,"Šentjernej, Slovenia","Title short: Data Engineer. Schedule: Full-time. Remote: False. Country: Slovenia. Skills: azure, databricks, python, sql, unity.",azure;databricks;python;sql;unity,data_engineering,"Data Engineer – DataHub, Norlys FiberNet",Data Engineer,Slovenia,Full-time,False,lukebarousse/data_jobs
1812,Senior Data Engineer,Idexcel,"Herndon, VA","Title short: Senior Data Engineer. Schedule: Full-time. Remote: False. Country: United States. Skills: ansible, aws, docker, java, kafka, pyspark, python, scala, snowflake, spark, terraform.",ansible;aws;docker;java;kafka;pyspark;python;scala;snowflake;spark;terraform,data_engineering,Senior Data Engineer,Senior Data Engineer,United States,Full-time,False,lukebarousse/data_jobs
1813,Senior Data Engineer,IDFC FIRST Bank,"Bengaluru, Karnataka, India","Title short: Senior Data Engineer. Schedule: Full-time. Remote: False. Country: India. Skills: aws, hadoop, python, scala, spark, sql, yarn.",aws;hadoop;python;scala;spark;sql;yarn,data_engineering,Senior Data Engineer,Senior Data Engineer,India,Full-time,False,lukebarousse/data_jobs
1814,Data Engineer Jr,Randstad Argentina,Argentina,"Title short: Data Engineer. Schedule: Full-time. Remote: False. Country: Argentina. Skills: azure, python.",azure;python,data_engineering,Data Engineer Jr,Data Engineer,Argentina,Full-time,False,lukebarousse/data_jobs
1815,AWS Data Engineer,Compunnel Inc.,"Jersey City, NJ","Title short: Data Engineer. Schedule: Full-time. Remote: False. Country: United States. Skills: aws, redshift.",aws;redshift,data_engineering,AWS Data Engineer,Data Engineer,United States,Full-time,False,lukebarousse/data_jobs
1816,Data Engineer II,TEKsystems,"St. Louis, MO","Title short: Data Engineer. Schedule: Full-time. Remote: False. Country: United States. Skills: snowflake, sql, sql server, ssis.",snowflake;sql;sql server;ssis,data_engineering,Data Engineer II,Data Engineer,United States,Full-time,False,lukebarousse/data_jobs
1817,Lead Data Engineer,carwow,"London, UK","Title short: Data Engineer. Schedule: Full-time. Remote: False. Country: United Kingdom. Skills: airflow, aws, looker, power bi, python, ruby, snowflake, sql, tableau, terraform.",airflow;aws;looker;power bi;python;ruby;snowflake;sql;tableau;terraform,data_engineering,Lead Data Engineer,Data Engineer,United Kingdom,Full-time,False,lukebarousse/data_jobs
1818,Senior Azure Data Engineer,Pioneer Search,"London, UK","Title short: Senior Data Engineer. Schedule: Full-time. Remote: False. Country: United Kingdom. Skills: azure, databricks, python, sql.",azure;databricks;python;sql,data_engineering,Senior Azure Data Engineer,Senior Data Engineer,United Kingdom,Full-time,False,lukebarousse/data_jobs
1819,Senior Data Engineer,Tek Tron IT,"Charlotte, NC","Title short: Senior Data Engineer. Schedule: Contractor. Remote: False. Country: United States. Skills: databricks, spark, sql.",databricks;spark;sql,data_engineering,Senior Data Engineer,Senior Data Engineer,United States,Contractor,False,lukebarousse/data_jobs
1820,Data Engineer,Allegro,Finland,"Title short: Data Engineer. Schedule: Full-time. Remote: False. Country: Finland. Skills: azure, bigquery, c#, gcp, java, python, spark, sql.",azure;bigquery;c#;gcp;java;python;spark;sql,data_engineering,Data Engineer,Data Engineer,Finland,Full-time,False,lukebarousse/data_jobs
1821,GCP Data Engineer,fleetx.io,"Chennai, Tamil Nadu, India","Title short: Data Engineer. Schedule: Full-time. Remote: False. Country: India. Skills: aws, bigquery, gcp, java, kafka, nosql, python, sql.",aws;bigquery;gcp;java;kafka;nosql;python;sql,data_engineering,GCP Data Engineer,Data Engineer,India,Full-time,False,lukebarousse/data_jobs
1822,Senior Data Engineer (Commodity Trading)),Opus Recruitment Solutions,Netherlands,"Title short: Senior Data Engineer. Schedule: Full-time. Remote: False. Country: Netherlands. Skills: azure, databricks, hadoop, kafka, python, spark, sql, terraform.",azure;databricks;hadoop;kafka;python;spark;sql;terraform,data_engineering,Senior Data Engineer (Commodity Trading)),Senior Data Engineer,Netherlands,Full-time,False,lukebarousse/data_jobs
1823,Data Engineer,Keysight Technologies,"Santa Rosa, CA",Title short: Data Engineer. Schedule: Full-time. Remote: False. Country: United States. Skills: excel.,excel,data_engineering,Data Engineer,Data Engineer,United States,Full-time,False,lukebarousse/data_jobs
1824,"Data Engineer, Mid to Staff",CommerceHub,Anywhere,"Title short: Data Engineer. Schedule: Full-time. Remote: True. Country: Spain. Skills: aws, python, redshift, scala.",aws;python;redshift;scala,data_engineering,"Data Engineer, Mid to Staff",Data Engineer,Spain,Full-time,True,lukebarousse/data_jobs
1825,Data Engineer,Poppi Technologies,"Valenzano, Metropolitan City of Bari, Italy","Title short: Data Engineer. Schedule: Full-time. Remote: False. Country: Italy. Skills: airflow, aws, databricks, go, java, kafka, python, scala, spark.",airflow;aws;databricks;go;java;kafka;python;scala;spark,data_engineering,Data Engineer,Data Engineer,Italy,Full-time,False,lukebarousse/data_jobs
1826,Senior Data Engineer,bp,"Chicago, IL","Title short: Senior Data Engineer. Schedule: Full-time. Remote: False. Country: United States. Skills: aws, c++, java, python, scala, sql.",aws;c++;java;python;scala;sql,data_engineering,Senior Data Engineer,Senior Data Engineer,United States,Full-time,False,lukebarousse/data_jobs
1827,Data Engineer,Cybernetic Search,"Zürich, Switzerland","Title short: Data Engineer. Schedule: Full-time. Remote: False. Country: Switzerland. Skills: r, sql.",r;sql,data_engineering,Data Engineer,Data Engineer,Switzerland,Full-time,False,lukebarousse/data_jobs
1828,Senior Data Engineer (Work from home Eligible),Capital One,"Fredericksburg, VA","Title short: Senior Data Engineer. Schedule: Full-time. Remote: False. Country: United States. Skills: aws, azure, cassandra, hadoop, java, kafka, mongo, mysql, nosql, python, redshift, scala, shell, snowflake, spark, sql.",aws;azure;cassandra;hadoop;java;kafka;mongo;mysql;nosql;python;redshift;scala;shell;snowflake;spark;sql,data_engineering,Senior Data Engineer (Work from home Eligible),Senior Data Engineer,United States,Full-time,False,lukebarousse/data_jobs
1829,Data Engineer,Motorpoint,"Derby, UK","Title short: Data Engineer. Schedule: Full-time. Remote: False. Country: United Kingdom. Skills: aws, azure, databricks, python, snowflake, sql.",aws;azure;databricks;python;snowflake;sql,data_engineering,Data Engineer,Data Engineer,United Kingdom,Full-time,False,lukebarousse/data_jobs
1830,Data Engineer : Python / Docker / Terraform / Snowflake ou Spark ...,Free-Work (ex Freelance-info Carriere-info),France,"Title short: Data Engineer. Schedule: Full-time. Remote: False. Country: France. Skills: aws, docker, gdpr, gitlab, linux, nosql, python, r, scala, snowflake, spark, splunk, sql, sql server, tableau, terraform.",aws;docker;gdpr;gitlab;linux;nosql;python;r;scala;snowflake;spark;splunk;sql;sql server;tableau;terraform,data_engineering,Data Engineer : Python / Docker / Terraform / Snowflake ou Spark ...,Data Engineer,France,Full-time,False,lukebarousse/data_jobs
1831,Risk Modeling Services Life - Director - Data Engineer,PwC,"Miami, FL","Title short: Data Engineer. Schedule: Full-time. Remote: False. Country: United States. Skills: azure, c#, databricks, github, node, python, sql, ssis, tableau.",azure;c#;databricks;github;node;python;sql;ssis;tableau,data_engineering,Risk Modeling Services Life - Director - Data Engineer,Data Engineer,United States,Full-time,False,lukebarousse/data_jobs
1832,Senior Data Engineer,SCUBE,Anywhere,Title short: Senior Data Engineer. Schedule: Contractor. Remote: True. Country: India. Skills: github.,github,data_engineering,Senior Data Engineer,Senior Data Engineer,India,Contractor,True,lukebarousse/data_jobs
1833,AWS Data Engineer,Effectual Inc.,Anywhere,"Title short: Data Engineer. Schedule: Full-time. Remote: True. Country: United States. Skills: airflow, aws, azure, bigquery, hadoop, java, nosql, python, redshift, scala, spark, sql.",airflow;aws;azure;bigquery;hadoop;java;nosql;python;redshift;scala;spark;sql,data_engineering,AWS Data Engineer,Data Engineer,United States,Full-time,True,lukebarousse/data_jobs
1834,Data Engineer,Feel IT Services,"Chişinău, Moldova","Title short: Data Engineer. Schedule: Full-time. Remote: False. Country: Moldova. Skills: aws, gcp, java, looker, python, scala, sql.",aws;gcp;java;looker;python;scala;sql,data_engineering,Data Engineer,Data Engineer,Moldova,Full-time,False,lukebarousse/data_jobs
1835,Cloud Data Engineer,Advantis Global,"Cupertino, CA","Title short: Data Engineer. Schedule: Contractor. Remote: False. Country: United States. Skills: aws, gcp, golang, python, sql.",aws;gcp;golang;python;sql,data_engineering,Cloud Data Engineer,Data Engineer,United States,Contractor,False,lukebarousse/data_jobs
1836,Mid Data Engineer (GCP) (Remote) (6533 USD/Mes) [Chile],Listopro,Anywhere,"Title short: Data Engineer. Schedule: Full-time. Remote: True. Country: Chile. Skills: looker, postgresql, python, sql.",looker;postgresql;python;sql,data_engineering,Mid Data Engineer (GCP) (Remote) (6533 USD/Mes) [Chile],Data Engineer,Chile,Full-time,True,lukebarousse/data_jobs
1837,Sr Data Engineer (ML),Notified,"Bengaluru, Karnataka, India","Title short: Senior Data Engineer. Schedule: Full-time. Remote: False. Country: India. Skills: ansible, aws, azure, bigquery, docker, gcp, python, redshift, terraform.",ansible;aws;azure;bigquery;docker;gcp;python;redshift;terraform,data_engineering,Sr Data Engineer (ML),Senior Data Engineer,India,Full-time,False,lukebarousse/data_jobs
1838,"Data Engineer, Jr.",Altamira Technologies Corporation,Virginia,"Title short: Data Engineer. Schedule: Full-time. Remote: False. Country: United States. Skills: airflow, aws, azure, crystal, kubernetes, linux, spark, splunk, unix.",airflow;aws;azure;crystal;kubernetes;linux;spark;splunk;unix,data_engineering,"Data Engineer, Jr.",Data Engineer,United States,Full-time,False,lukebarousse/data_jobs
1839,Senior Consultant - Data Engineer,"ThoughtWorks, Inc.",Pakistan,"Title short: Data Engineer. Schedule: Full-time. Remote: False. Country: Pakistan. Skills: airflow, aws, azure, cassandra, hadoop, kafka, nosql, spark.",airflow;aws;azure;cassandra;hadoop;kafka;nosql;spark,data_engineering,Senior Consultant - Data Engineer,Data Engineer,Pakistan,Full-time,False,lukebarousse/data_jobs
1840,Senior Data Engineer,Wizards of the Coast,"Renton, WA","Title short: Senior Data Engineer. Schedule: Full-time. Remote: False. Country: United States. Skills: airflow, aws, kafka, kubernetes, python, redshift, snowflake, sql.",airflow;aws;kafka;kubernetes;python;redshift;snowflake;sql,data_engineering,Senior Data Engineer,Senior Data Engineer,United States,Full-time,False,lukebarousse/data_jobs
1841,"Data Engineer, Analytics",Meta Inc,"Sunnyvale, CA","Title short: Data Engineer. Schedule: Full-time. Remote: False. Country: United States. Skills: c#, c++, python, scala, sql.",c#;c++;python;scala;sql,data_engineering,"Data Engineer, Analytics",Data Engineer,United States,Full-time,False,lukebarousse/data_jobs
1842,Data Engineer,"Cognizant Bulgaria, Cognizant Technology Solutions","Sofia, Bulgaria","Title short: Data Engineer. Schedule: Full-time. Remote: False. Country: Bulgaria. Skills: airflow, aws, docker, git, go, jenkins, pyspark, python, unix.",airflow;aws;docker;git;go;jenkins;pyspark;python;unix,data_engineering,Data Engineer,Data Engineer,Bulgaria,Full-time,False,lukebarousse/data_jobs
1843,Data Engineer,Harnham,"Durham, NC","Title short: Data Engineer. Schedule: Full-time. Remote: False. Country: United States. Skills: aws, databricks, python.",aws;databricks;python,data_engineering,Data Engineer,Data Engineer,United States,Full-time,False,lukebarousse/data_jobs
1844,Вакансия Data Engineer,Казах Софт Девелопмент,"Astana, Kazakhstan","Title short: Data Engineer. Schedule: Full-time. Remote: False. Country: Kazakhstan. Skills: python, sql, sql server.",python;sql;sql server,data_engineering,Вакансия Data Engineer,Data Engineer,Kazakhstan,Full-time,False,lukebarousse/data_jobs
1845,Senior Data Engineer,Collabera Digital,India,"Title short: Senior Data Engineer. Schedule: Full-time. Remote: False. Country: India. Skills: hadoop, java, kafka, pyspark, python, scala, spark, sql.",hadoop;java;kafka;pyspark;python;scala;spark;sql,data_engineering,Senior Data Engineer,Senior Data Engineer,India,Full-time,False,lukebarousse/data_jobs
1846,Senior Data Engineer,Meda Agency Inc.,"Sunnyvale, CA","Title short: Senior Data Engineer. Schedule: Full-time. Remote: False. Country: United States. Skills: airflow, bitbucket, flow, github, hadoop, java, kafka, mongo, postgresql, python, redshift, scala, spark, sql, unify.",airflow;bitbucket;flow;github;hadoop;java;kafka;mongo;postgresql;python;redshift;scala;spark;sql;unify,data_engineering,Senior Data Engineer,Senior Data Engineer,United States,Full-time,False,lukebarousse/data_jobs
1847,Data Engineer (a) in Zürich,Axept Business Software AG,"Zürich, Switzerland",Title short: Data Engineer. Schedule: Full-time. Remote: False. Country: Switzerland. Skills: qlik.,qlik,data_engineering,Data Engineer (a) in Zürich,Data Engineer,Switzerland,Full-time,False,lukebarousse/data_jobs
1848,Data Engineer,Kirklees Council,"Home, KS",Title short: Data Engineer. Schedule: Full-time. Remote: False. Country: United States. Skills: azure.,azure,data_engineering,Data Engineer,Data Engineer,United States,Full-time,False,lukebarousse/data_jobs
1849,"Experienced Data Engineer - Data Science, Biometrics",Lundbeck,"Copenhagen, Denmark","Title short: Data Engineer. Schedule: Full-time. Remote: False. Country: Denmark. Skills: bash, git, linux, python, r.",bash;git;linux;python;r,data_engineering,"Experienced Data Engineer - Data Science, Biometrics",Data Engineer,Denmark,Full-time,False,lukebarousse/data_jobs
1850,Data Engineer,A-Line Staffing Solutions,Anywhere,"Title short: Data Engineer. Schedule: Contractor. Remote: True. Country: United States. Skills: asana, azure, excel, jira, ms access, powerpoint, python, sas, spss, sql, visio, word.",asana;azure;excel;jira;ms access;powerpoint;python;sas;spss;sql;visio;word,data_engineering,Data Engineer,Data Engineer,United States,Contractor,True,lukebarousse/data_jobs
1851,AWS Data Engineer,Rahul,United States,"Title short: Data Engineer. Schedule: Full-time. Remote: False. Country: Sudan. Skills: aws, python, redshift, sql.",aws;python;redshift;sql,data_engineering,AWS Data Engineer,Data Engineer,Sudan,Full-time,False,lukebarousse/data_jobs
1852,Data Engineer,Datonomy Solutions,"Cape Town, South Africa","Title short: Data Engineer. Schedule: Full-time. Remote: False. Country: South Africa. Skills: aws, c#, dax, powerbi, python, spark, ssis, ssrs, t-sql.",aws;c#;dax;powerbi;python;spark;ssis;ssrs;t-sql,data_engineering,Data Engineer,Data Engineer,South Africa,Full-time,False,lukebarousse/data_jobs
1853,Senior Data Engineer (Work from home - Eligible),Capital One,"Newark, NJ","Title short: Senior Data Engineer. Schedule: Full-time. Remote: False. Country: United States. Skills: aws, azure, cassandra, hadoop, java, kafka, mongo, mysql, nosql, python, redshift, scala, shell, snowflake, spark, sql.",aws;azure;cassandra;hadoop;java;kafka;mongo;mysql;nosql;python;redshift;scala;shell;snowflake;spark;sql,data_engineering,Senior Data Engineer (Work from home - Eligible),Senior Data Engineer,United States,Full-time,False,lukebarousse/data_jobs
1854,Data Engineer Level 2,Symantrix Inc,"Blue Ash, OH","Title short: Data Engineer. Schedule: Full-time. Remote: False. Country: Sudan. Skills: ansible, azure, jenkins, puppet, selenium, sql, t-sql.",ansible;azure;jenkins;puppet;selenium;sql;t-sql,data_engineering,Data Engineer Level 2,Data Engineer,Sudan,Full-time,False,lukebarousse/data_jobs
1855,platform data engineer,Open Systems Technologies Corporation,"Arlington, VA","Title short: Data Engineer. Schedule: Full-time. Remote: False. Country: United States. Skills: aws, java, python, spark, sql.",aws;java;python;spark;sql,data_engineering,platform data engineer,Data Engineer,United States,Full-time,False,lukebarousse/data_jobs
1856,Data Engineer,Trademark Recruiting/Consulting,"Tampa, FL",Title short: Data Engineer. Schedule: Full-time. Remote: False. Country: United States. Skills: excel.,excel,data_engineering,Data Engineer,Data Engineer,United States,Full-time,False,lukebarousse/data_jobs
1857,Azure Data Engineer,Certified Konsult,"Copenhagen, Denmark","Title short: Data Engineer. Schedule: Full-time. Remote: False. Country: Denmark. Skills: azure, git, redshift, snowflake, sql, sql server.",azure;git;redshift;snowflake;sql;sql server,data_engineering,Azure Data Engineer,Data Engineer,Denmark,Full-time,False,lukebarousse/data_jobs
1858,Data Engineer - Finance,Figma,"San Francisco, CA","Title short: Data Engineer. Schedule: Full-time. Remote: False. Country: United States. Skills: python, snowflake, sql.",python;snowflake;sql,data_engineering,Data Engineer - Finance,Data Engineer,United States,Full-time,False,lukebarousse/data_jobs
1859,Data Engineer,Accuray,Anywhere,"Title short: Data Engineer. Schedule: Full-time. Remote: True. Country: United States. Skills: aws, azure, github, power bi, python, r, sap, snowflake, tableau.",aws;azure;github;power bi;python;r;sap;snowflake;tableau,data_engineering,Data Engineer,Data Engineer,United States,Full-time,True,lukebarousse/data_jobs
1860,Data Engineer,Novo Nordisk,"Bagsværd, Denmark","Title short: Data Engineer. Schedule: Full-time. Remote: False. Country: Denmark. Skills: aws, bash, c#, dynamodb, git, java, python, redshift, sql, typescript.",aws;bash;c#;dynamodb;git;java;python;redshift;sql;typescript,data_engineering,Data Engineer,Data Engineer,Denmark,Full-time,False,lukebarousse/data_jobs
1861,Senior Data Engineer,Juniper Square,Anywhere,"Title short: Senior Data Engineer. Schedule: Full-time. Remote: True. Country: Canada. Skills: aws, bigquery, looker, postgresql, python, redshift, snowflake, sql, tableau.",aws;bigquery;looker;postgresql;python;redshift;snowflake;sql;tableau,data_engineering,Senior Data Engineer,Senior Data Engineer,Canada,Full-time,True,lukebarousse/data_jobs
1862,Senior Data Engineer,Sun Communities,"Southfield, MI","Title short: Senior Data Engineer. Schedule: Full-time. Remote: False. Country: United States. Skills: azure, c#, databricks, java, javascript, python, sql.",azure;c#;databricks;java;javascript;python;sql,data_engineering,Senior Data Engineer,Senior Data Engineer,United States,Full-time,False,lukebarousse/data_jobs
1863,Data Engineer,Amida Technology Solutions,"Washington, DC","Title short: Data Engineer. Schedule: Full-time. Remote: False. Country: United States. Skills: azure, databricks, git, github, hadoop, kafka, pyspark, python, scala, spark, sql, sql server.",azure;databricks;git;github;hadoop;kafka;pyspark;python;scala;spark;sql;sql server,data_engineering,Data Engineer,Data Engineer,United States,Full-time,False,lukebarousse/data_jobs
1864,Senior Data Engineer,Match Group,"Dallas, TX","Title short: Senior Data Engineer. Schedule: Full-time. Remote: False. Country: Sudan. Skills: airflow, aws, python, redshift, spark, sql, sql server, ssis.",airflow;aws;python;redshift;spark;sql;sql server;ssis,data_engineering,Senior Data Engineer,Senior Data Engineer,Sudan,Full-time,False,lukebarousse/data_jobs
1865,Senior Data Engineer,Tredence Inc.,"Toronto, ON, Canada","Title short: Senior Data Engineer. Schedule: Full-time. Remote: False. Country: Canada. Skills: gcp, scala, spark, sql.",gcp;scala;spark;sql,data_engineering,Senior Data Engineer,Senior Data Engineer,Canada,Full-time,False,lukebarousse/data_jobs
1866,Senior Data Engineer,Quantify 360 Solutions,Anywhere,"Title short: Senior Data Engineer. Schedule: Full-time. Remote: True. Country: Ecuador. Skills: mongodb, python.",mongodb;python,data_engineering,Senior Data Engineer,Senior Data Engineer,Ecuador,Full-time,True,lukebarousse/data_jobs
1867,Data Engineer,V Group Inc.,New York,"Title short: Data Engineer. Schedule: Full-time. Remote: False. Country: Sudan. Skills: aws, bitbucket, graphql, java, jupyter, python, redshift, sql, tableau.",aws;bitbucket;graphql;java;jupyter;python;redshift;sql;tableau,data_engineering,Data Engineer,Data Engineer,Sudan,Full-time,False,lukebarousse/data_jobs
1868,Data Engineer,Brillio,Anywhere,"Title short: Data Engineer. Schedule: Full-time. Remote: True. Country: Romania. Skills: aws, hadoop, nosql, python, snowflake, spark, sql, terraform.",aws;hadoop;nosql;python;snowflake;spark;sql;terraform,data_engineering,Data Engineer,Data Engineer,Romania,Full-time,True,lukebarousse/data_jobs
1869,Sr. Lead Data Engineer,Capital One,"Cherry Hill, NJ","Title short: Data Engineer. Schedule: Full-time and Part-time. Remote: False. Country: United States. Skills: aws, azure, cassandra, hadoop, java, kafka, mongo, mysql, nosql, python, redshift, scala, shell, snowflake, spark, sql.",aws;azure;cassandra;hadoop;java;kafka;mongo;mysql;nosql;python;redshift;scala;shell;snowflake;spark;sql,data_engineering,Sr. Lead Data Engineer,Data Engineer,United States,Full-time and Part-time,False,lukebarousse/data_jobs
1870,Big Data Engineer,Tata Consultancy Services,"Irving, TX","Title short: Data Engineer. Schedule: Full-time. Remote: False. Country: Sudan. Skills: hadoop, kafka, python, scala, spark.",hadoop;kafka;python;scala;spark,data_engineering,Big Data Engineer,Data Engineer,Sudan,Full-time,False,lukebarousse/data_jobs
1871,Data Engineer,C2FO,"Kansas City, MO","Title short: Data Engineer. Schedule: Full-time. Remote: False. Country: United States. Skills: airflow, aws, flow, python, redshift, spark, sql, sql server.",airflow;aws;flow;python;redshift;spark;sql;sql server,data_engineering,Data Engineer,Data Engineer,United States,Full-time,False,lukebarousse/data_jobs
1872,Senior Cloud Data Engineer - Search,EDWARD JONES,"Devils Elbow, MO","Title short: Senior Data Engineer. Schedule: Full-time. Remote: False. Country: United States. Skills: azure, python.",azure;python,data_engineering,Senior Cloud Data Engineer - Search,Senior Data Engineer,United States,Full-time,False,lukebarousse/data_jobs
1873,Data Engineer || Full Time || USC or GC only || Remote,ParadigmIT,Anywhere,"Title short: Data Engineer. Schedule: Full-time. Remote: True. Country: United States. Skills: github, snowflake, tableau.",github;snowflake;tableau,data_engineering,Data Engineer || Full Time || USC or GC only || Remote,Data Engineer,United States,Full-time,True,lukebarousse/data_jobs
1874,Sr. Data Engineer,Deloitte,"Dallas, TX","Title short: Data Engineer. Schedule: Full-time. Remote: False. Country: United States. Skills: airflow, aws, azure, docker, jenkins, kafka, kubernetes, nosql, python, shell, spark, sql.",airflow;aws;azure;docker;jenkins;kafka;kubernetes;nosql;python;shell;spark;sql,data_engineering,Sr. Data Engineer,Data Engineer,United States,Full-time,False,lukebarousse/data_jobs
1875,Azure Data Engineer,QATOS,"San Ramon, CA","Title short: Data Engineer. Schedule: Full-time. Remote: False. Country: United States. Skills: ansible, azure, databricks, power bi, pyspark, python, sql.",ansible;azure;databricks;power bi;pyspark;python;sql,data_engineering,Azure Data Engineer,Data Engineer,United States,Full-time,False,lukebarousse/data_jobs
1876,Senior Data Engineer - Internationally-Based Applicants,Toptal,Anywhere,"Title short: Senior Data Engineer. Schedule: Full-time. Remote: True. Country: Ukraine. Skills: airflow, bigquery, pandas, python, scala, sql.",airflow;bigquery;pandas;python;scala;sql,data_engineering,Senior Data Engineer - Internationally-Based Applicants,Senior Data Engineer,Ukraine,Full-time,True,lukebarousse/data_jobs
1877,Data Engineer,Insight Global,"Boston, MA","Title short: Data Engineer. Schedule: Full-time. Remote: False. Country: United States. Skills: aurora, aws, postgresql, pyspark, python, redshift.",aurora;aws;postgresql;pyspark;python;redshift,data_engineering,Data Engineer,Data Engineer,United States,Full-time,False,lukebarousse/data_jobs
1878,"Data Engineer, Quantitative Strategy",GovTech Singapore,Singapore,"Title short: Data Engineer. Schedule: Full-time. Remote: False. Country: Singapore. Skills: airflow, aws, azure, bash, docker, git, hadoop, kafka, kubernetes, mongodb, neo4j, python, shell, spark, sql, ssis, terraform.",airflow;aws;azure;bash;docker;git;hadoop;kafka;kubernetes;mongodb;neo4j;python;shell;spark;sql;ssis;terraform,data_engineering,"Data Engineer, Quantitative Strategy",Data Engineer,Singapore,Full-time,False,lukebarousse/data_jobs
1879,Data Engineer H/F,Proxiel,"Levallois-Perret, France","Title short: Data Engineer. Schedule: Full-time. Remote: False. Country: France. Skills: gcp, pyspark, python.",gcp;pyspark;python,data_engineering,Data Engineer H/F,Data Engineer,France,Full-time,False,lukebarousse/data_jobs
1880,Data Engineer Jobs,Amentum,"Quantico, VA",Title short: Data Engineer. Schedule: Full-time. Remote: False. Country: Sudan. Skills: flow.,flow,data_engineering,Data Engineer Jobs,Data Engineer,Sudan,Full-time,False,lukebarousse/data_jobs
1881,Data Engineer,Global Job Services,Hong Kong,"Title short: Data Engineer. Schedule: Full-time. Remote: False. Country: Hong Kong. Skills: aws, databricks, kafka, mongodb, nosql, python, spark, sql.",aws;databricks;kafka;mongodb;nosql;python;spark;sql,data_engineering,Data Engineer,Data Engineer,Hong Kong,Full-time,False,lukebarousse/data_jobs
1882,Data Engineer,Crown Equipment,"Troy, OH","Title short: Data Engineer. Schedule: Full-time. Remote: False. Country: United States. Skills: aws, dynamodb, mysql, nosql, redshift, sql.",aws;dynamodb;mysql;nosql;redshift;sql,data_engineering,Data Engineer,Data Engineer,United States,Full-time,False,lukebarousse/data_jobs
1883,"Data Engineer, Analytics",Spokeo,Anywhere,"Title short: Data Engineer. Schedule: Full-time. Remote: True. Country: United States. Skills: aws, hadoop, nosql, python, redshift, ruby, spark, sql.",aws;hadoop;nosql;python;redshift;ruby;spark;sql,data_engineering,"Data Engineer, Analytics",Data Engineer,United States,Full-time,True,lukebarousse/data_jobs
1884,Data Engineer,HAN IT Staffing,"Iselin, NJ","Title short: Data Engineer. Schedule: Full-time. Remote: False. Country: United States. Skills: bash, pyspark, python, shell, spark, sql.",bash;pyspark;python;shell;spark;sql,data_engineering,Data Engineer,Data Engineer,United States,Full-time,False,lukebarousse/data_jobs
1885,Data Engineer,Epical,"Espoo, Finland","Title short: Data Engineer. Schedule: Full-time. Remote: False. Country: Finland. Skills: azure, power bi, ssis.",azure;power bi;ssis,data_engineering,Data Engineer,Data Engineer,Finland,Full-time,False,lukebarousse/data_jobs
1886,Data analyst/Data Engineer,Сэльвин,"Minsk, Belarus","Title short: Data Engineer. Schedule: Full-time. Remote: False. Country: Belarus. Skills: airflow, dax, docker, git, gitlab, mysql, nosql, pandas, postgresql, python, sql, sql server, tableau, typescript.",airflow;dax;docker;git;gitlab;mysql;nosql;pandas;postgresql;python;sql;sql server;tableau;typescript,data_engineering,Data analyst/Data Engineer,Data Engineer,Belarus,Full-time,False,lukebarousse/data_jobs
1887,Senior Data Engineer (remote),Ford Motor Company,Anywhere,"Title short: Senior Data Engineer. Schedule: Full-time. Remote: True. Country: United States. Skills: gcp, kafka.",gcp;kafka,data_engineering,Senior Data Engineer (remote),Senior Data Engineer,United States,Full-time,True,lukebarousse/data_jobs
1888,Data Engineer,Nexus Staff Inc.,"New York, NY","Title short: Data Engineer. Schedule: Full-time and Contractor. Remote: False. Country: United States. Skills: aws, azure, bigquery, c#, docker, gcp, git, graphql, java, jenkins, jira, kafka, kubernetes, mysql, power bi, python, redshift, scala, snowflake, spark.",aws;azure;bigquery;c#;docker;gcp;git;graphql;java;jenkins;jira;kafka;kubernetes;mysql;power bi;python;redshift;scala;snowflake;spark,data_engineering,Data Engineer,Data Engineer,United States,Full-time and Contractor,False,lukebarousse/data_jobs
1889,Senior Data Engineer,LINCOLN RECRUITMENT SPECIALISTS,Anywhere,Title short: Senior Data Engineer. Schedule: Full-time. Remote: True. Country: Ireland. Skills: sql.,sql,data_engineering,Senior Data Engineer,Senior Data Engineer,Ireland,Full-time,True,lukebarousse/data_jobs
1890,GCP Data Engineer/Data Architect,NTT DATA Italia,"Salerno, SA, Italy","Title short: Data Engineer. Schedule: Full-time. Remote: False. Country: Italy. Skills: bigquery, gcp, hadoop, sql.",bigquery;gcp;hadoop;sql,data_engineering,GCP Data Engineer/Data Architect,Data Engineer,Italy,Full-time,False,lukebarousse/data_jobs
1891,Principal Data Engineer,Citizens,"Johnston, RI","Title short: Data Engineer. Schedule: Full-time. Remote: False. Country: United States. Skills: aws, bash, c, c++, golang, java, javascript, jenkins, linux, ruby.",aws;bash;c;c++;golang;java;javascript;jenkins;linux;ruby,data_engineering,Principal Data Engineer,Data Engineer,United States,Full-time,False,lukebarousse/data_jobs
1892,Data Engineer - Remote,Turing,Anywhere,"Title short: Data Engineer. Schedule: Full-time. Remote: True. Country: Guyana. Skills: airflow, aws, bigquery, kafka, postgresql, python, redshift, snowflake, spark, sql.",airflow;aws;bigquery;kafka;postgresql;python;redshift;snowflake;spark;sql,data_engineering,Data Engineer - Remote,Data Engineer,Guyana,Full-time,True,lukebarousse/data_jobs
1893,Big Data Engineer (Various Levels) - Only W2 & One Man Corp for C2C,Open Systems Inc.,Anywhere,"Title short: Data Engineer. Schedule: Contractor. Remote: True. Country: United States. Skills: aws, azure, bigquery, cassandra, databricks, gcp, git, hadoop, kafka, nosql, python, scala, shell, snowflake, spark, sql, unity.",aws;azure;bigquery;cassandra;databricks;gcp;git;hadoop;kafka;nosql;python;scala;shell;snowflake;spark;sql;unity,data_engineering,Big Data Engineer (Various Levels) - Only W2 & One Man Corp for C2C,Data Engineer,United States,Contractor,True,lukebarousse/data_jobs
1894,Data engineer,NLB Services,"Plano, TX","Title short: Data Engineer. Schedule: Full-time. Remote: False. Country: United States. Skills: aws, databricks, python, spark, sql.",aws;databricks;python;spark;sql,data_engineering,Data engineer,Data Engineer,United States,Full-time,False,lukebarousse/data_jobs
1895,Data Engineer,WEX,"Dallas, TX","Title short: Data Engineer. Schedule: Full-time. Remote: False. Country: United States. Skills: go, pyspark, python, spark.",go;pyspark;python;spark,data_engineering,Data Engineer,Data Engineer,United States,Full-time,False,lukebarousse/data_jobs
1896,Data engineer manufacturing (H/F),Cofabrik RH,France,"Title short: Data Engineer. Schedule: Full-time. Remote: False. Country: France. Skills: git, sql.",git;sql,data_engineering,Data engineer manufacturing (H/F),Data Engineer,France,Full-time,False,lukebarousse/data_jobs
1897,Senior Data Engineer,Mercedes-Benz Research and Development India Private Limited,"Bengaluru, Karnataka, India","Title short: Senior Data Engineer. Schedule: Full-time. Remote: False. Country: India. Skills: azure, databricks, pyspark.",azure;databricks;pyspark,data_engineering,Senior Data Engineer,Senior Data Engineer,India,Full-time,False,lukebarousse/data_jobs
1898,"Senior Data Engineer =Bigdata – Hadoop, Spark, Scala (8+ years...",Tata Consultancy Services,"Mumbai, Maharashtra, India","Title short: Senior Data Engineer. Schedule: Full-time. Remote: False. Country: India. Skills: aws, bitbucket, git, hadoop, java, jenkins, linux, python, scala, spark, spring, sql.",aws;bitbucket;git;hadoop;java;jenkins;linux;python;scala;spark;spring;sql,data_engineering,"Senior Data Engineer =Bigdata – Hadoop, Spark, Scala (8+ years...",Senior Data Engineer,India,Full-time,False,lukebarousse/data_jobs
1899,Data Engineer Process Trainee,Ameriprise,"Gurugram, Haryana, India","Title short: Data Engineer. Schedule: Full-time. Remote: False. Country: India. Skills: aws, excel, linux, power bi, powerpoint, sql, tableau, vba, word.",aws;excel;linux;power bi;powerpoint;sql;tableau;vba;word,data_engineering,Data Engineer Process Trainee,Data Engineer,India,Full-time,False,lukebarousse/data_jobs
1900,Data Engineer,"ClifyX, INC",New Jersey,"Title short: Data Engineer. Schedule: Full-time. Remote: False. Country: Sudan. Skills: azure, databricks, hadoop, kafka, pyspark, python, scala, spark, sql.",azure;databricks;hadoop;kafka;pyspark;python;scala;spark;sql,data_engineering,Data Engineer,Data Engineer,Sudan,Full-time,False,lukebarousse/data_jobs
1901,Data Engineer-IBM Datastage/Oracle SQL Developer,Tata Consultancy Services,"Dallas, TX","Title short: Data Engineer. Schedule: Full-time. Remote: False. Country: Sudan. Skills: oracle, sql.",oracle;sql,data_engineering,Data Engineer-IBM Datastage/Oracle SQL Developer,Data Engineer,Sudan,Full-time,False,lukebarousse/data_jobs
1902,Senior Data Engineer,Verastar,"Manchester, UK","Title short: Senior Data Engineer. Schedule: Full-time. Remote: False. Country: United Kingdom. Skills: azure, power bi, python, sql, sql server, ssis.",azure;power bi;python;sql;sql server;ssis,data_engineering,Senior Data Engineer,Senior Data Engineer,United Kingdom,Full-time,False,lukebarousse/data_jobs
1903,Data Engineer,Emerald Publishing,Anywhere,"Title short: Data Engineer. Schedule: Full-time. Remote: True. Country: United Kingdom. Skills: azure, c#, dart, databricks, hadoop, mysql, postgresql, powershell, python, sql, sql server, ssis.",azure;c#;dart;databricks;hadoop;mysql;postgresql;powershell;python;sql;sql server;ssis,data_engineering,Data Engineer,Data Engineer,United Kingdom,Full-time,True,lukebarousse/data_jobs
1904,Data Engineer - Remote,Fox World Travel,Anywhere,"Title short: Data Engineer. Schedule: Full-time. Remote: True. Country: United States. Skills: assembly, mysql, sql.",assembly;mysql;sql,data_engineering,Data Engineer - Remote,Data Engineer,United States,Full-time,True,lukebarousse/data_jobs
1905,Data Engineer F/H,La Poste,"Saint-Denis, France","Title short: Data Engineer. Schedule: Full-time. Remote: False. Country: France. Skills: oracle, python, sas, sql, unix, windows.",oracle;python;sas;sql;unix;windows,data_engineering,Data Engineer F/H,Data Engineer,France,Full-time,False,lukebarousse/data_jobs
1906,TVSN | Senior Data Engineer BI  | Enexis,Huxley,"'s-Hertogenbosch, Netherlands",Title short: Senior Data Engineer. Schedule: Full-time. Remote: False. Country: Netherlands. Skills: snowflake.,snowflake,data_engineering,TVSN | Senior Data Engineer BI  | Enexis,Senior Data Engineer,Netherlands,Full-time,False,lukebarousse/data_jobs
1907,Data Engineer: Support Analyst & Report Developer,Megan Förg Consulting,"Cape Town, South Africa","Title short: Data Engineer. Schedule: Full-time. Remote: False. Country: South Africa. Skills: alteryx, redshift, sql, tableau.",alteryx;redshift;sql;tableau,data_engineering,Data Engineer: Support Analyst & Report Developer,Data Engineer,South Africa,Full-time,False,lukebarousse/data_jobs
1908,DATA ENGINEER EXPERIMENTE,OPPBTP,"Boulogne-Billancourt, France","Title short: Data Engineer. Schedule: Full-time. Remote: False. Country: France. Skills: python, spark.",python;spark,data_engineering,DATA ENGINEER EXPERIMENTE,Data Engineer,France,Full-time,False,lukebarousse/data_jobs
1909,"Data Engineer, Network Design Analytics",Amazon Europe Core,Belgium,"Title short: Data Engineer. Schedule: Full-time. Remote: False. Country: Belgium. Skills: aws, hadoop, java, python, scala, spark, sql, ssis, typescript.",aws;hadoop;java;python;scala;spark;sql;ssis;typescript,data_engineering,"Data Engineer, Network Design Analytics",Data Engineer,Belgium,Full-time,False,lukebarousse/data_jobs
1910,Data Engineer,Feldschlösschen Getränke AG,Anywhere,"Title short: Data Engineer. Schedule: Full-time. Remote: True. Country: Switzerland. Skills: aws, azure, databricks, power bi, python, sql.",aws;azure;databricks;power bi;python;sql,data_engineering,Data Engineer,Data Engineer,Switzerland,Full-time,True,lukebarousse/data_jobs
1911,Senior Data Engineer,Intelletec,"San Mateo, CA","Title short: Senior Data Engineer. Schedule: Full-time. Remote: False. Country: Sudan. Skills: aws, python.",aws;python,data_engineering,Senior Data Engineer,Senior Data Engineer,Sudan,Full-time,False,lukebarousse/data_jobs
1912,Data Engineer,Mutually Human,"Ada, OK","Title short: Data Engineer. Schedule: Full-time. Remote: False. Country: United States. Skills: aws, azure, databricks, docker, gcp, hadoop, java, kubernetes, nosql, python, pytorch, scala, scikit-learn, snowflake, spark, sql, tensorflow.",aws;azure;databricks;docker;gcp;hadoop;java;kubernetes;nosql;python;pytorch;scala;scikit-learn;snowflake;spark;sql;tensorflow,data_engineering,Data Engineer,Data Engineer,United States,Full-time,False,lukebarousse/data_jobs
1913,Senior Data Engineer,Bayzat,Anywhere,"Title short: Senior Data Engineer. Schedule: Full-time. Remote: True. Country: India. Skills: airflow, bigquery, python, scala, sql.",airflow;bigquery;python;scala;sql,data_engineering,Senior Data Engineer,Senior Data Engineer,India,Full-time,True,lukebarousse/data_jobs
1914,Data Engineer,Hott Source,"London, UK","Title short: Data Engineer. Schedule: Full-time. Remote: False. Country: United Kingdom. Skills: aws, azure, gcp, python, sql.",aws;azure;gcp;python;sql,data_engineering,Data Engineer,Data Engineer,United Kingdom,Full-time,False,lukebarousse/data_jobs
1915,GCP Data Engineer,Quess IT Staffing,"Hyderabad, Telangana, India","Title short: Data Engineer. Schedule: Full-time. Remote: False. Country: India. Skills: airflow, bigquery, gcp, sql.",airflow;bigquery;gcp;sql,data_engineering,GCP Data Engineer,Data Engineer,India,Full-time,False,lukebarousse/data_jobs
1916,Data Engineer,Buscojobs Direct ZA,"Cape Town, South Africa","Title short: Data Engineer. Schedule: Full-time. Remote: False. Country: South Africa. Skills: java, linux, sheets, sql.",java;linux;sheets;sql,data_engineering,Data Engineer,Data Engineer,South Africa,Full-time,False,lukebarousse/data_jobs
1917,Data Engineer / Datenbankentwickler (w/m/d) Microsoft /SQL-Server...,CURACON GmbH,"Nuremberg, Germany",Title short: Data Engineer. Schedule: Full-time. Remote: False. Country: Germany. Skills: r.,r,data_engineering,Data Engineer / Datenbankentwickler (w/m/d) Microsoft /SQL-Server...,Data Engineer,Germany,Full-time,False,lukebarousse/data_jobs
1918,Senior Data Engineer,Inspari A/S,"Lystrup, Denmark","Title short: Senior Data Engineer. Schedule: Full-time. Remote: False. Country: Denmark. Skills: azure, python, sql, sql server, ssis.",azure;python;sql;sql server;ssis,data_engineering,Senior Data Engineer,Senior Data Engineer,Denmark,Full-time,False,lukebarousse/data_jobs
1919,Data Engineer Dubai UAE,Gulf Career Hunt,Dubai - United Arab Emirates,Title short: Data Engineer. Schedule: Full-time. Remote: False. Country: United Arab Emirates. Skills: tableau.,tableau,data_engineering,Data Engineer Dubai UAE,Data Engineer,United Arab Emirates,Full-time,False,lukebarousse/data_jobs
1920,Data Engineer Jr,CFOTech,"Buenos Aires, Argentina","Title short: Data Engineer. Schedule: Full-time. Remote: False. Country: Argentina. Skills: angular, aws, oracle, sap, sql, tableau.",angular;aws;oracle;sap;sql;tableau,data_engineering,Data Engineer Jr,Data Engineer,Argentina,Full-time,False,lukebarousse/data_jobs
1921,Data Engineer,FirstParty,Anywhere,"Title short: Data Engineer. Schedule: Full-time. Remote: True. Country: United States. Skills: airflow, aws, ggplot2, linux, looker, matplotlib, plotly, python, r, sql, tableau.",airflow;aws;ggplot2;linux;looker;matplotlib;plotly;python;r;sql;tableau,data_engineering,Data Engineer,Data Engineer,United States,Full-time,True,lukebarousse/data_jobs
1922,Data Engineer,Sovereign Housing Association,"Basingstoke, UK","Title short: Data Engineer. Schedule: Full-time. Remote: False. Country: United Kingdom. Skills: azure, python, sql, t-sql.",azure;python;sql;t-sql,data_engineering,Data Engineer,Data Engineer,United Kingdom,Full-time,False,lukebarousse/data_jobs
1923,Senior Data Engineer,REACH,"Brasília - Brasilia, Federal District, Brazil","Title short: Senior Data Engineer. Schedule: Full-time. Remote: False. Country: Brazil. Skills: aws, codecommit, databricks, dynamodb, elasticsearch, hadoop, mysql, nosql, postgresql, pyspark, redis, spark, terraform.",aws;codecommit;databricks;dynamodb;elasticsearch;hadoop;mysql;nosql;postgresql;pyspark;redis;spark;terraform,data_engineering,Senior Data Engineer,Senior Data Engineer,Brazil,Full-time,False,lukebarousse/data_jobs
1924,Senior Data Engineer,Luxoft,Anywhere,"Title short: Senior Data Engineer. Schedule: Full-time. Remote: True. Country: Poland. Skills: azure, databricks, jupyter, pyspark, python, sql.",azure;databricks;jupyter;pyspark;python;sql,data_engineering,Senior Data Engineer,Senior Data Engineer,Poland,Full-time,True,lukebarousse/data_jobs
1925,Snowflake Data Engineer (Remote),Shift F5 Limited,United Kingdom,"Title short: Data Engineer. Schedule: Full-time. Remote: False. Country: United Kingdom. Skills: python, pytorch, scala, snowflake, sql, tensorflow.",python;pytorch;scala;snowflake;sql;tensorflow,data_engineering,Snowflake Data Engineer (Remote),Data Engineer,United Kingdom,Full-time,False,lukebarousse/data_jobs
1926,Data Engineer,GSK,"Dedham, MA","Title short: Data Engineer. Schedule: Full-time. Remote: False. Country: United States. Skills: ansible, azure, c++, elasticsearch, fastapi, go, jenkins, jira, kafka, kubernetes, python, react, scala, spark, splunk, terraform.",ansible;azure;c++;elasticsearch;fastapi;go;jenkins;jira;kafka;kubernetes;python;react;scala;spark;splunk;terraform,data_engineering,Data Engineer,Data Engineer,United States,Full-time,False,lukebarousse/data_jobs
1927,Data Engineer Consultant (Clearance Required),Deloitte,"Arlington, VA","Title short: Data Engineer. Schedule: Full-time. Remote: False. Country: Sudan. Skills: assembly, azure, databricks, python, sql.",assembly;azure;databricks;python;sql,data_engineering,Data Engineer Consultant (Clearance Required),Data Engineer,Sudan,Full-time,False,lukebarousse/data_jobs
1928,Data Engineer - Remote,Quad,Anywhere,"Title short: Data Engineer. Schedule: Full-time. Remote: True. Country: United States. Skills: alteryx, pyspark, python, redshift, snowflake, sql, sql server, t-sql.",alteryx;pyspark;python;redshift;snowflake;sql;sql server;t-sql,data_engineering,Data Engineer - Remote,Data Engineer,United States,Full-time,True,lukebarousse/data_jobs
1929,Data Engineer,Kforce Inc,"Irving, TX","Title short: Data Engineer. Schedule: Contractor. Remote: False. Country: United States. Skills: cassandra, kafka, kubernetes, spark, sql.",cassandra;kafka;kubernetes;spark;sql,data_engineering,Data Engineer,Data Engineer,United States,Contractor,False,lukebarousse/data_jobs
1930,Sr. Data Engineer (Snowflake) - Now Hiring,Experis,Anywhere,"Title short: Data Engineer. Schedule: Full-time. Remote: True. Country: Sudan. Skills: azure, databricks, snowflake.",azure;databricks;snowflake,data_engineering,Sr. Data Engineer (Snowflake) - Now Hiring,Data Engineer,Sudan,Full-time,True,lukebarousse/data_jobs
1931,Data Engineer Jobs,"Davidson Technologies, Inc.","Huntsville, AL","Title short: Data Engineer. Schedule: Full-time. Remote: False. Country: United States. Skills: hadoop, kafka, mongodb, spark.",hadoop;kafka;mongodb;spark,data_engineering,Data Engineer Jobs,Data Engineer,United States,Full-time,False,lukebarousse/data_jobs
1932,Senior Data Engineer Trust,Adevinta,"Barcelona, Spain","Title short: Senior Data Engineer. Schedule: Full-time. Remote: False. Country: Spain. Skills: airflow, aws, cassandra, kafka, kubernetes, nosql, redshift, spark.",airflow;aws;cassandra;kafka;kubernetes;nosql;redshift;spark,data_engineering,Senior Data Engineer Trust,Senior Data Engineer,Spain,Full-time,False,lukebarousse/data_jobs
1933,Data Engineer - Senior Consultant/Manager/Associate Director,KPMG China,Hong Kong,"Title short: Data Engineer. Schedule: Full-time. Remote: False. Country: Hong Kong. Skills: airflow, aws, azure, c++, databricks, java, kafka, python, sas, scala, sql.",airflow;aws;azure;c++;databricks;java;kafka;python;sas;scala;sql,data_engineering,Data Engineer - Senior Consultant/Manager/Associate Director,Data Engineer,Hong Kong,Full-time,False,lukebarousse/data_jobs
1934,Lead Data Platform Engineer,Lloyds Banking Group,"Bristol, UK","Title short: Data Engineer. Schedule: Full-time. Remote: False. Country: United Kingdom. Skills: c#, gcp, python, sql.",c#;gcp;python;sql,data_engineering,Lead Data Platform Engineer,Data Engineer,United Kingdom,Full-time,False,lukebarousse/data_jobs
1935,Machine Translation Data Engineer,MindSource,"Seattle, WA","Title short: Data Engineer. Schedule: nan. Remote: False. Country: United States. Skills: java, python, spark.",java;python;spark,data_engineering,Machine Translation Data Engineer,Data Engineer,United States,,False,lukebarousse/data_jobs
1936,Data Engineer 80-100% (w/m/d),Medgate Schweiz,"Basel, Switzerland","Title short: Data Engineer. Schedule: Full-time. Remote: False. Country: Switzerland. Skills: airflow, aws, azure, databricks, git, power bi, sql, tableau.",airflow;aws;azure;databricks;git;power bi;sql;tableau,data_engineering,Data Engineer 80-100% (w/m/d),Data Engineer,Switzerland,Full-time,False,lukebarousse/data_jobs
1937,"Expert, Data Engineering (40000062)",Techcombank (TCB),"Hanoi, Hoàn Kiếm, Hanoi, Vietnam","Title short: Data Engineer. Schedule: Full-time. Remote: False. Country: Vietnam. Skills: hadoop, java, kafka, kotlin, nosql, python, r, rust, scala, spark, sql, tableau.",hadoop;java;kafka;kotlin;nosql;python;r;rust;scala;spark;sql;tableau,data_engineering,"Expert, Data Engineering (40000062)",Data Engineer,Vietnam,Full-time,False,lukebarousse/data_jobs
1938,Lead Analyst- Finance Data Engineering – SAP FICO,Eaton,"Galesburg, MI","Title short: Data Engineer. Schedule: Full-time. Remote: False. Country: United States. Skills: alteryx, java, power bi, python, qlik, r, sap, sql, tableau.",alteryx;java;power bi;python;qlik;r;sap;sql;tableau,data_engineering,Lead Analyst- Finance Data Engineering – SAP FICO,Data Engineer,United States,Full-time,False,lukebarousse/data_jobs
1939,Data Engineer - Outils de pilotages & reporting (IT) / Freelance,Free-Work (ex Freelance-info Carriere-info),France,"Title short: Data Engineer. Schedule: Full-time. Remote: False. Country: France. Skills: alteryx, chef, tableau.",alteryx;chef;tableau,data_engineering,Data Engineer - Outils de pilotages & reporting (IT) / Freelance,Data Engineer,France,Full-time,False,lukebarousse/data_jobs
1940,Data Engineer - Downstream Integration,Bristol Myers Squibb,"Tampa, FL","Title short: Data Engineer. Schedule: Full-time. Remote: False. Country: Sudan. Skills: aws, azure, excel, javascript, nosql, python, sql.",aws;azure;excel;javascript;nosql;python;sql,data_engineering,Data Engineer - Downstream Integration,Data Engineer,Sudan,Full-time,False,lukebarousse/data_jobs
1941,Data Engineer - (East | Hybrid | up to 11k),Tyson Jay,Singapore,"Title short: Data Engineer. Schedule: Full-time. Remote: False. Country: Singapore. Skills: airflow, aws, databricks, datarobot, elasticsearch, kafka, looker, nosql, postgresql, redis, spark, sql, tableau.",airflow;aws;databricks;datarobot;elasticsearch;kafka;looker;nosql;postgresql;redis;spark;sql;tableau,data_engineering,Data Engineer - (East | Hybrid | up to 11k),Data Engineer,Singapore,Full-time,False,lukebarousse/data_jobs
1942,Data Engineer,PBT Group,"Cape Town, South Africa","Title short: Data Engineer. Schedule: Full-time. Remote: False. Country: South Africa. Skills: aws, c#, db2, dynamodb, f#, hadoop, java, python, r, sas, scala, sql, ssis, ssrs.",aws;c#;db2;dynamodb;f#;hadoop;java;python;r;sas;scala;sql;ssis;ssrs,data_engineering,Data Engineer,Data Engineer,South Africa,Full-time,False,lukebarousse/data_jobs
1943,Senior Data Engineer,Capital One,"McLean, VA","Title short: Senior Data Engineer. Schedule: Full-time. Remote: False. Country: United States. Skills: aws, azure, cassandra, hadoop, java, kafka, mongo, mysql, nosql, python, redshift, scala, shell, snowflake, spark, sql.",aws;azure;cassandra;hadoop;java;kafka;mongo;mysql;nosql;python;redshift;scala;shell;snowflake;spark;sql,data_engineering,Senior Data Engineer,Senior Data Engineer,United States,Full-time,False,lukebarousse/data_jobs
1944,Senior Data Engineers,System One,"Cincinnati, OH","Title short: Senior Data Engineer. Schedule: Full-time. Remote: False. Country: United States. Skills: aws, azure, databricks, power bi, pyspark, python, snowflake, sql, t-sql, tableau.",aws;azure;databricks;power bi;pyspark;python;snowflake;sql;t-sql;tableau,data_engineering,Senior Data Engineers,Senior Data Engineer,United States,Full-time,False,lukebarousse/data_jobs
1945,Data Engineer,Bytesfarms Technologies,"Indore, Madhya Pradesh, India","Title short: Data Engineer. Schedule: Full-time. Remote: False. Country: India. Skills: airflow, bigquery, flow, gcp, python, sql.",airflow;bigquery;flow;gcp;python;sql,data_engineering,Data Engineer,Data Engineer,India,Full-time,False,lukebarousse/data_jobs
1946,Data Engineer,Gravity IT Resources,Anywhere,"Title short: Data Engineer. Schedule: Full-time. Remote: True. Country: United States. Skills: airflow, python, snowflake, sql.",airflow;python;snowflake;sql,data_engineering,Data Engineer,Data Engineer,United States,Full-time,True,lukebarousse/data_jobs
1947,"Data Engineer -Hybrid at Dallas, TX- Need locals",Cerebra IT Services Private Limited,"Dallas, TX","Title short: Data Engineer. Schedule: Full-time and Temp work. Remote: False. Country: United States. Skills: gcp, hadoop, java, oracle, power bi, python, react, scala, spark, tableau.",gcp;hadoop;java;oracle;power bi;python;react;scala;spark;tableau,data_engineering,"Data Engineer -Hybrid at Dallas, TX- Need locals",Data Engineer,United States,Full-time and Temp work,False,lukebarousse/data_jobs
1948,Sr. Data Engineer - Remote,Symetra,Anywhere,"Title short: Data Engineer. Schedule: Full-time. Remote: True. Country: United States. Skills: aws, powershell, sql, sql server, windows.",aws;powershell;sql;sql server;windows,data_engineering,Sr. Data Engineer - Remote,Data Engineer,United States,Full-time,True,lukebarousse/data_jobs
1949,Data Engineer,JULO,"Jakarta, Indonesia","Title short: Data Engineer. Schedule: Full-time. Remote: False. Country: Indonesia. Skills: airflow, aws, azure, gcp, hadoop, java, kafka, postgresql, python, redshift, spark, sql.",airflow;aws;azure;gcp;hadoop;java;kafka;postgresql;python;redshift;spark;sql,data_engineering,Data Engineer,Data Engineer,Indonesia,Full-time,False,lukebarousse/data_jobs
1950,Data Engineer Teradata H/F,LCL,"Bréançon, France","Title short: Data Engineer. Schedule: Full-time. Remote: False. Country: France. Skills: git, jira, qlik, sql, unix.",git;jira;qlik;sql;unix,data_engineering,Data Engineer Teradata H/F,Data Engineer,France,Full-time,False,lukebarousse/data_jobs
1951,TV zoekt Data Engineers,Netflix,"Amsterdam, Netherlands","Title short: Data Engineer. Schedule: Full-time. Remote: False. Country: Netherlands. Skills: python, spark, sql.",python;spark;sql,data_engineering,TV zoekt Data Engineers,Data Engineer,Netherlands,Full-time,False,lukebarousse/data_jobs
1952,Data Engineer with Active TS/SCI Poly,AceStack LLC,"Chantilly, VA","Title short: Data Engineer. Schedule: Full-time. Remote: False. Country: United States. Skills: aws, git, java, linux, nosql, python, r, scala, sql, unix.",aws;git;java;linux;nosql;python;r;scala;sql;unix,data_engineering,Data Engineer with Active TS/SCI Poly,Data Engineer,United States,Full-time,False,lukebarousse/data_jobs
1953,Senior Data Engineer,Etiya,"İstanbul, Türkiye","Title short: Senior Data Engineer. Schedule: Full-time. Remote: False. Country: Turkey. Skills: aws, flow, gdpr, kafka, kubernetes, nosql, oracle, postgresql, python, sap, sql, ssis, t-sql, tableau.",aws;flow;gdpr;kafka;kubernetes;nosql;oracle;postgresql;python;sap;sql;ssis;t-sql;tableau,data_engineering,Senior Data Engineer,Senior Data Engineer,Turkey,Full-time,False,lukebarousse/data_jobs
1954,Principal Data Engineer Python Java Trading Analytics New York,Joseph Harry,"New York, NY","Title short: Data Engineer. Schedule: Full-time. Remote: False. Country: United States. Skills: aws, azure, gcp, java, kafka, python, spark.",aws;azure;gcp;java;kafka;python;spark,data_engineering,Principal Data Engineer Python Java Trading Analytics New York,Data Engineer,United States,Full-time,False,lukebarousse/data_jobs
1955,Data Engineer,StaffHost Europe,"Stavanger, Norway","Title short: Data Engineer. Schedule: Full-time. Remote: False. Country: Norway. Skills: azure, java, mysql, oracle, perl, python, sql.",azure;java;mysql;oracle;perl;python;sql,data_engineering,Data Engineer,Data Engineer,Norway,Full-time,False,lukebarousse/data_jobs
1956,"Senior Data Engineer - SQL, Snowflake",CyberCoders,Anywhere,"Title short: Senior Data Engineer. Schedule: Full-time. Remote: True. Country: United States. Skills: aws, pandas, python, redshift, snowflake, sql.",aws;pandas;python;redshift;snowflake;sql,data_engineering,"Senior Data Engineer - SQL, Snowflake",Senior Data Engineer,United States,Full-time,True,lukebarousse/data_jobs
1957,Senior Cloud Data Engineer,ACI Federal Inc,Anywhere,Title short: Senior Data Engineer. Schedule: Full-time. Remote: True. Country: United States. Skills: azure.,azure,data_engineering,Senior Cloud Data Engineer,Senior Data Engineer,United States,Full-time,True,lukebarousse/data_jobs
1958,Senior Data Engineer,Talenting Career Science,"London, UK","Title short: Senior Data Engineer. Schedule: Full-time. Remote: False. Country: United Kingdom. Skills: aws, azure, c, gcp, python, r, scala, spark, sql.",aws;azure;c;gcp;python;r;scala;spark;sql,data_engineering,Senior Data Engineer,Senior Data Engineer,United Kingdom,Full-time,False,lukebarousse/data_jobs
1959,Associate - Data Engineer,TIAA GBS India,"Mumbai, Maharashtra, India","Title short: Data Engineer. Schedule: Full-time. Remote: False. Country: India. Skills: aws, java, pyspark, python, snowflake, sql, sql server.",aws;java;pyspark;python;snowflake;sql;sql server,data_engineering,Associate - Data Engineer,Data Engineer,India,Full-time,False,lukebarousse/data_jobs
1960,(Mid/ Senior) Data Engineer,Dialectica,"Athens, Greece","Title short: Data Engineer. Schedule: Full-time. Remote: False. Country: Greece. Skills: aws, flow, python, sql.",aws;flow;python;sql,data_engineering,(Mid/ Senior) Data Engineer,Data Engineer,Greece,Full-time,False,lukebarousse/data_jobs
1961,"Principal Software Engineer, Cybersecurity (Sr. Data Engineer)",Walmart,"Bentonville, AR","Title short: Senior Data Engineer. Schedule: Full-time. Remote: False. Country: United States. Skills: airflow, cassandra, cobol, flow, git, hadoop, java, kafka, oracle, powershell, python, sap, sql.",airflow;cassandra;cobol;flow;git;hadoop;java;kafka;oracle;powershell;python;sap;sql,data_engineering,"Principal Software Engineer, Cybersecurity (Sr. Data Engineer)",Senior Data Engineer,United States,Full-time,False,lukebarousse/data_jobs
1962,Sr. Data Engineer,Insight Global,"Indianapolis, IN","Title short: Data Engineer. Schedule: Full-time. Remote: False. Country: United States. Skills: azure, git, powershell, snowflake, spark, sql.",azure;git;powershell;snowflake;spark;sql,data_engineering,Sr. Data Engineer,Data Engineer,United States,Full-time,False,lukebarousse/data_jobs
1963,Data Engineer,Oowlish,"São Paulo, State of São Paulo, Brazil",Title short: Data Engineer. Schedule: Full-time. Remote: False. Country: Brazil. Skills: mongodb.,mongodb,data_engineering,Data Engineer,Data Engineer,Brazil,Full-time,False,lukebarousse/data_jobs
1964,Data Engineer Lead (6 to 10 Yrs.),Talent Networks Pvt. Ltd,"Pune, Maharashtra, India","Title short: Data Engineer. Schedule: Full-time. Remote: False. Country: India. Skills: azure, python.",azure;python,data_engineering,Data Engineer Lead (6 to 10 Yrs.),Data Engineer,India,Full-time,False,lukebarousse/data_jobs
1965,Data engineer - Entry level,HUMAN CAPITAL BV,"Amsterdam, Netherlands","Title short: Data Engineer. Schedule: Full-time. Remote: False. Country: Netherlands. Skills: docker, git, linux, python, sql.",docker;git;linux;python;sql,data_engineering,Data engineer - Entry level,Data Engineer,Netherlands,Full-time,False,lukebarousse/data_jobs
1966,Azure Data Engineer,Infosys,"Auckland, New Zealand","Title short: Data Engineer. Schedule: Full-time. Remote: False. Country: New Zealand. Skills: azure, python, sql.",azure;python;sql,data_engineering,Azure Data Engineer,Data Engineer,New Zealand,Full-time,False,lukebarousse/data_jobs
1967,Senior Data Engineer Technical Team Lead - Atlanta,IBM Careers,"Brookhaven, GA",Title short: Senior Data Engineer. Schedule: Full-time. Remote: False. Country: Sudan. Skills: aws.,aws,data_engineering,Senior Data Engineer Technical Team Lead - Atlanta,Senior Data Engineer,Sudan,Full-time,False,lukebarousse/data_jobs
1968,Data Engineer,Robert Half,"San Jose, CA","Title short: Data Engineer. Schedule: nan. Remote: False. Country: United States. Skills: aws, git, jira, python, redshift, snowflake, sql, unix.",aws;git;jira;python;redshift;snowflake;sql;unix,data_engineering,Data Engineer,Data Engineer,United States,,False,lukebarousse/data_jobs
1969,Data Engineering Team Lead,Vito NV,"Mol, Belgium","Title short: Data Engineer. Schedule: Part-time. Remote: False. Country: Belgium. Skills: python, spark.",python;spark,data_engineering,Data Engineering Team Lead,Data Engineer,Belgium,Part-time,False,lukebarousse/data_jobs
1970,Staff Data Engineer,DoubleVerify,"Tel Aviv-Yafo, Israel","Title short: Data Engineer. Schedule: Full-time. Remote: False. Country: Israel. Skills: bigquery, databricks, docker, gcp, gitlab, java, kafka, kubernetes, python, scala, spark, sql.",bigquery;databricks;docker;gcp;gitlab;java;kafka;kubernetes;python;scala;spark;sql,data_engineering,Staff Data Engineer,Data Engineer,Israel,Full-time,False,lukebarousse/data_jobs
1971,Azure Data Engineer,hireful,"Bristol, UK","Title short: Data Engineer. Schedule: Full-time. Remote: False. Country: United Kingdom. Skills: azure, power bi, python, snowflake, sql, swift, tableau.",azure;power bi;python;snowflake;sql;swift;tableau,data_engineering,Azure Data Engineer,Data Engineer,United Kingdom,Full-time,False,lukebarousse/data_jobs
1972,Senior Data Engineer,AppsTek Corp,"Hyderabad, Telangana, India","Title short: Senior Data Engineer. Schedule: Full-time. Remote: False. Country: India. Skills: azure, git, github, sql, ssis.",azure;git;github;sql;ssis,data_engineering,Senior Data Engineer,Senior Data Engineer,India,Full-time,False,lukebarousse/data_jobs
1973,SQL Data Engineer,DISYS,Hungary,"Title short: Data Engineer. Schedule: Full-time. Remote: False. Country: Hungary. Skills: azure, github, html, power bi, python, snowflake, sql, sql server, ssis, tableau, windows.",azure;github;html;power bi;python;snowflake;sql;sql server;ssis;tableau;windows,data_engineering,SQL Data Engineer,Data Engineer,Hungary,Full-time,False,lukebarousse/data_jobs
1974,Data Platform Engineer,CertiK,"Shanghai, China","Title short: Data Engineer. Schedule: Full-time. Remote: False. Country: China. Skills: airflow, aws, azure, bash, bigquery, c++, databricks, git, golang, java, kafka, linux, mongodb, mysql, python, redis, redshift, snowflake, sql, tensorflow.",airflow;aws;azure;bash;bigquery;c++;databricks;git;golang;java;kafka;linux;mongodb;mysql;python;redis;redshift;snowflake;sql;tensorflow,data_engineering,Data Platform Engineer,Data Engineer,China,Full-time,False,lukebarousse/data_jobs
1975,Staff Data Engineer – Apache Spark (Java/Scala) (Bangkok based...,Agoda,"San Jose, CA","Title short: Data Engineer. Schedule: Full-time. Remote: False. Country: United States. Skills: golang, hadoop, java, linux, react, scala, spark, sql.",golang;hadoop;java;linux;react;scala;spark;sql,data_engineering,Staff Data Engineer – Apache Spark (Java/Scala) (Bangkok based...,Data Engineer,United States,Full-time,False,lukebarousse/data_jobs
1976,Lead Data Engineer – Azure,Harnham,"Amsterdam, Netherlands","Title short: Data Engineer. Schedule: Full-time. Remote: False. Country: Netherlands. Skills: aws, azure, gcp, hadoop, java, nosql, python, scala, spark, sql.",aws;azure;gcp;hadoop;java;nosql;python;scala;spark;sql,data_engineering,Lead Data Engineer – Azure,Data Engineer,Netherlands,Full-time,False,lukebarousse/data_jobs
1977,Senior Data Engineer(Need Ex- Walmart Consultants),CDRP Technologies,"Dallas, TX","Title short: Senior Data Engineer. Schedule: Contractor. Remote: False. Country: United States. Skills: airflow, aws, azure, bigquery, gcp, hadoop, kafka, python, scala, spark, sql.",airflow;aws;azure;bigquery;gcp;hadoop;kafka;python;scala;spark;sql,data_engineering,Senior Data Engineer(Need Ex- Walmart Consultants),Senior Data Engineer,United States,Contractor,False,lukebarousse/data_jobs
1978,Cloud Data Engineer Jobs,"Plus3 IT Systems, LLC","Reston, VA","Title short: Data Engineer. Schedule: Full-time. Remote: False. Country: United States. Skills: angular, c, docker, elasticsearch, excel, git, java, javascript, jira, jquery, kafka, linux, perl, postgresql, python, react, ruby, shell, sql, unix.",angular;c;docker;elasticsearch;excel;git;java;javascript;jira;jquery;kafka;linux;perl;postgresql;python;react;ruby;shell;sql;unix,data_engineering,Cloud Data Engineer Jobs,Data Engineer,United States,Full-time,False,lukebarousse/data_jobs
1979,Senior Data Engineer,DSV - Global Transport and Logistics,"Warsaw, Poland","Title short: Senior Data Engineer. Schedule: Full-time. Remote: False. Country: Poland. Skills: azure, databricks, dax, kafka, powershell, sql.",azure;databricks;dax;kafka;powershell;sql,data_engineering,Senior Data Engineer,Senior Data Engineer,Poland,Full-time,False,lukebarousse/data_jobs
1980,Senior Snowflake Data Engineer – Architect,Cognizant,"Riga, Latvia","Title short: Senior Data Engineer. Schedule: Full-time. Remote: False. Country: Latvia. Skills: aws, azure, gcp, snowflake, sql, tableau.",aws;azure;gcp;snowflake;sql;tableau,data_engineering,Senior Snowflake Data Engineer – Architect,Senior Data Engineer,Latvia,Full-time,False,lukebarousse/data_jobs
1981,"Data Engineer (AWS, Python, SQL)",DISYS Careers,"Durham, NC","Title short: Data Engineer. Schedule: Full-time. Remote: False. Country: United States. Skills: aws, oracle, snowflake.",aws;oracle;snowflake,data_engineering,"Data Engineer (AWS, Python, SQL)",Data Engineer,United States,Full-time,False,lukebarousse/data_jobs
1982,Senior Data Engineer,RBW Consulting,Anywhere,"Title short: Senior Data Engineer. Schedule: Full-time. Remote: True. Country: United States. Skills: python, sql.",python;sql,data_engineering,Senior Data Engineer,Senior Data Engineer,United States,Full-time,True,lukebarousse/data_jobs
1983,AWS Data Engineer II,Shift4,"Allentown, PA","Title short: Data Engineer. Schedule: Full-time. Remote: False. Country: Sudan. Skills: aws, confluence, excel, flow, jira, mysql, postgresql, pyspark, python, redshift, sql, sql server, t-sql.",aws;confluence;excel;flow;jira;mysql;postgresql;pyspark;python;redshift;sql;sql server;t-sql,data_engineering,AWS Data Engineer II,Data Engineer,Sudan,Full-time,False,lukebarousse/data_jobs
1984,"Snowflake Data Engineer -- Full Time -- Glendale, CA (Onsite)",Lorven Technologies Inc.,"Glendale, CA",Title short: Data Engineer. Schedule: Full-time. Remote: False. Country: United States. Skills: snowflake.,snowflake,data_engineering,"Snowflake Data Engineer -- Full Time -- Glendale, CA (Onsite)",Data Engineer,United States,Full-time,False,lukebarousse/data_jobs
1985,Data Engineer,AT&T,"Bedminster, NJ","Title short: Data Engineer. Schedule: Contractor. Remote: False. Country: United States. Skills: azure, databricks, postgresql, pyspark, snowflake, spark.",azure;databricks;postgresql;pyspark;snowflake;spark,data_engineering,Data Engineer,Data Engineer,United States,Contractor,False,lukebarousse/data_jobs
1986,Data Engineer,JobDost,"Bengaluru, Karnataka, India","Title short: Data Engineer. Schedule: Full-time. Remote: False. Country: India. Skills: airflow, aurora, aws, git, hadoop, pyspark, python, selenium, spark, sql.",airflow;aurora;aws;git;hadoop;pyspark;python;selenium;spark;sql,data_engineering,Data Engineer,Data Engineer,India,Full-time,False,lukebarousse/data_jobs
1987,Data Engineer,RSA,"Horsham, UK","Title short: Data Engineer. Schedule: Full-time. Remote: False. Country: United Kingdom. Skills: azure, databricks, python, sql.",azure;databricks;python;sql,data_engineering,Data Engineer,Data Engineer,United Kingdom,Full-time,False,lukebarousse/data_jobs
1988,"Data Engineer, Analytics (Generalist)",Meta,"Des Moines, IA","Title short: Data Engineer. Schedule: Full-time. Remote: False. Country: United States. Skills: python, sql.",python;sql,data_engineering,"Data Engineer, Analytics (Generalist)",Data Engineer,United States,Full-time,False,lukebarousse/data_jobs
1989,Cyber Security Data Engineer,"Vertek Solutions, Inc.",Anywhere,"Title short: Data Engineer. Schedule: Full-time. Remote: True. Country: Sudan. Skills: airflow, sql.",airflow;sql,data_engineering,Cyber Security Data Engineer,Data Engineer,Sudan,Full-time,True,lukebarousse/data_jobs
1990,Azure Data Engineer,ACI World - Airports Council International,"Montreal, QC, Canada","Title short: Data Engineer. Schedule: Full-time. Remote: False. Country: Canada. Skills: azure, databricks, flow, java, power bi, python, spark, sql, sql server, ssis, ssrs, t-sql.",azure;databricks;flow;java;power bi;python;spark;sql;sql server;ssis;ssrs;t-sql,data_engineering,Azure Data Engineer,Data Engineer,Canada,Full-time,False,lukebarousse/data_jobs
1991,Data Engineer,Helm,"Washington, DC","Title short: Data Engineer. Schedule: Full-time. Remote: False. Country: United States. Skills: aws, elasticsearch, flow, java, kafka, python, sql.",aws;elasticsearch;flow;java;kafka;python;sql,data_engineering,Data Engineer,Data Engineer,United States,Full-time,False,lukebarousse/data_jobs
1992,Data Engineer,"Aroghia Group, LLC",Anywhere,"Title short: Data Engineer. Schedule: Contractor. Remote: True. Country: United States. Skills: docker, jenkins, kubernetes, python, spark, terraform.",docker;jenkins;kubernetes;python;spark;terraform,data_engineering,Data Engineer,Data Engineer,United States,Contractor,True,lukebarousse/data_jobs
1993,Senior Data Engineer,InterEx Group,Anywhere,"Title short: Senior Data Engineer. Schedule: Contractor. Remote: True. Country: United States. Skills: aws, docker, kubernetes, mysql, postgresql, python, redshift, snowflake, spark, sql.",aws;docker;kubernetes;mysql;postgresql;python;redshift;snowflake;spark;sql,data_engineering,Senior Data Engineer,Senior Data Engineer,United States,Contractor,True,lukebarousse/data_jobs
1994,Data Engineer,Sophinea Corporation,Anywhere,"Title short: Data Engineer. Schedule: Full-time. Remote: True. Country: United States. Skills: java, python, sql.",java;python;sql,data_engineering,Data Engineer,Data Engineer,United States,Full-time,True,lukebarousse/data_jobs
1995,Data Engineer Confirmé - Scala (F/H/X),AVIV Group,France,"Title short: Data Engineer. Schedule: Full-time. Remote: False. Country: France. Skills: airflow, aws, git, java, jenkins, kubernetes, python, redshift, scala, spark, sql.",airflow;aws;git;java;jenkins;kubernetes;python;redshift;scala;spark;sql,data_engineering,Data Engineer Confirmé - Scala (F/H/X),Data Engineer,France,Full-time,False,lukebarousse/data_jobs
1996,Data Engineer,WCF Insurance,"Sandy, UT","Title short: Data Engineer. Schedule: Full-time. Remote: False. Country: United States. Skills: postgresql, sql, sql server, ssis, t-sql.",postgresql;sql;sql server;ssis;t-sql,data_engineering,Data Engineer,Data Engineer,United States,Full-time,False,lukebarousse/data_jobs
1997,Data Engineer,Tata Consultancy Services,"Sunnyvale, CA","Title short: Data Engineer. Schedule: Full-time. Remote: False. Country: United States. Skills: python, snowflake, sql.",python;snowflake;sql,data_engineering,Data Engineer,Data Engineer,United States,Full-time,False,lukebarousse/data_jobs
1998,Senior Data Engineer / ETL Developer (SSIS),FNZ Group,"Brno, Czechia","Title short: Senior Data Engineer. Schedule: Full-time. Remote: False. Country: Czechia. Skills: sql, sql server, ssis.",sql;sql server;ssis,data_engineering,Senior Data Engineer / ETL Developer (SSIS),Senior Data Engineer,Czechia,Full-time,False,lukebarousse/data_jobs
1999,Senior Data Engineer,AWM,"Aliso Viejo, CA","Title short: Senior Data Engineer. Schedule: Full-time. Remote: False. Country: Sudan. Skills: gcp, power bi, python, sql, tableau.",gcp;power bi;python;sql;tableau,data_engineering,Senior Data Engineer,Senior Data Engineer,Sudan,Full-time,False,lukebarousse/data_jobs
2000,Sr. Data Engineer,MHK TECH INC,"Houston, TX","Title short: Data Engineer. Schedule: Contractor. Remote: False. Country: United States. Skills: aws, azure, docker, flow, gcp, hadoop, java, kafka, kubernetes, nosql, python, scala, spark, sql, yarn.",aws;azure;docker;flow;gcp;hadoop;java;kafka;kubernetes;nosql;python;scala;spark;sql;yarn,data_engineering,Sr. Data Engineer,Data Engineer,United States,Contractor,False,lukebarousse/data_jobs
2001,Data Engineer - Fast Moving Consumer Goods,NTT DATA Italia,"Rome, Metropolitan City of Rome Capital, Italy","Title short: Data Engineer. Schedule: Full-time. Remote: False. Country: Italy. Skills: azure, dax, power bi, qlik, sql, sql server.",azure;dax;power bi;qlik;sql;sql server,data_engineering,Data Engineer - Fast Moving Consumer Goods,Data Engineer,Italy,Full-time,False,lukebarousse/data_jobs
2002,Cloud Data Engineer Data Analytics,IBB,"Buxtehude, Germany","Title short: Cloud Engineer. Schedule: Full-time and Part-time. Remote: False. Country: Germany. Skills: azure, databricks, power bi, sql.",azure;databricks;power bi;sql,data_engineering,Cloud Data Engineer Data Analytics,Cloud Engineer,Germany,Full-time and Part-time,False,lukebarousse/data_jobs
2003,Data Engineer,Tower Group,"George, South Africa","Title short: Data Engineer. Schedule: Full-time. Remote: False. Country: South Africa. Skills: qlik, snowflake, sql.",qlik;snowflake;sql,data_engineering,Data Engineer,Data Engineer,South Africa,Full-time,False,lukebarousse/data_jobs
2004,Data Engineer,CONVIOUS,"Amsterdam, Netherlands","Title short: Data Engineer. Schedule: Full-time. Remote: False. Country: Netherlands. Skills: graphql, python, sql.",graphql;python;sql,data_engineering,Data Engineer,Data Engineer,Netherlands,Full-time,False,lukebarousse/data_jobs
2005,Data Engineer 資料工程師 (Microsoft Azure Platform),英屬維京群島商蔚藍雲數位科技股份有限公司台灣分公司,"Xinyi District, Taipei City, Taiwan","Title short: Data Engineer. Schedule: nan. Remote: False. Country: Taiwan. Skills: airflow, docker, hadoop, java, spark.",airflow;docker;hadoop;java;spark,data_engineering,Data Engineer 資料工程師 (Microsoft Azure Platform),Data Engineer,Taiwan,,False,lukebarousse/data_jobs
2006,Junior Python Developer / Data Engineer,Smart Design,"St Petersburg, Russia","Title short: Data Engineer. Schedule: Internship. Remote: False. Country: Russia. Skills: aws, centos, django, docker, fastapi, flask, gcp, kubernetes, mongo, mysql, numpy, pandas, postgresql, python, sql, ubuntu.",aws;centos;django;docker;fastapi;flask;gcp;kubernetes;mongo;mysql;numpy;pandas;postgresql;python;sql;ubuntu,data_engineering,Junior Python Developer / Data Engineer,Data Engineer,Russia,Internship,False,lukebarousse/data_jobs
2007,Data Engineer (Only W2),Torque Technologies LLC,"Deerfield Beach, FL","Title short: Data Engineer. Schedule: Contractor. Remote: False. Country: United States. Skills: azure, flow, go, mongo, python, sql.",azure;flow;go;mongo;python;sql,data_engineering,Data Engineer (Only W2),Data Engineer,United States,Contractor,False,lukebarousse/data_jobs
2008,Data Engineer,AbbVie,"Concord, NC","Title short: Data Engineer. Schedule: Full-time. Remote: False. Country: United States. Skills: aws, oracle, power bi, qlik, snowflake, tableau.",aws;oracle;power bi;qlik;snowflake;tableau,data_engineering,Data Engineer,Data Engineer,United States,Full-time,False,lukebarousse/data_jobs
2009,Data Engineer(Azure) 13+ Years Only (Full-Time),"Zodiac Solutions, Inc","Jersey City, NJ","Title short: Data Engineer. Schedule: Full-time. Remote: False. Country: United States. Skills: azure, java, pyspark, scala, spark.",azure;java;pyspark;scala;spark,data_engineering,Data Engineer(Azure) 13+ Years Only (Full-Time),Data Engineer,United States,Full-time,False,lukebarousse/data_jobs
2010,Senior Analytics Engineer - Remote EMEA,komoot,Anywhere,"Title short: Senior Data Analyst. Schedule: Full-time. Remote: True. Country: Iceland. Skills: airflow, bigquery, git, github, looker, python, redshift, snowflake, sql, tableau.",airflow;bigquery;git;github;looker;python;redshift;snowflake;sql;tableau,data_engineering,Senior Analytics Engineer - Remote EMEA,Senior Data Analyst,Iceland,Full-time,True,lukebarousse/data_jobs
2011,Big Data Engineer,Apple Inc.,"Austin, TX","Title short: Data Engineer. Schedule: Full-time. Remote: False. Country: United States. Skills: hadoop, java, oracle, python, shell, spark, sql, unix.",hadoop;java;oracle;python;shell;spark;sql;unix,data_engineering,Big Data Engineer,Data Engineer,United States,Full-time,False,lukebarousse/data_jobs
2012,Senior Data Engineer,Evinced,"Tel Aviv-Yafo, Israel","Title short: Senior Data Engineer. Schedule: Full-time. Remote: False. Country: Israel. Skills: airflow, aws, gcp, java, python.",airflow;aws;gcp;java;python,data_engineering,Senior Data Engineer,Senior Data Engineer,Israel,Full-time,False,lukebarousse/data_jobs
2013,Capitec Careers Online Application – Data Engineer Product,Capitec Bank,"Cape Town, South Africa","Title short: Data Engineer. Schedule: Full-time. Remote: False. Country: South Africa. Skills: excel, outlook, word.",excel;outlook;word,data_engineering,Capitec Careers Online Application – Data Engineer Product,Data Engineer,South Africa,Full-time,False,lukebarousse/data_jobs
2014,Info Big Data Engineer,"Hyundai America Technical Center, Inc.","Inman, KS","Title short: Data Engineer. Schedule: Full-time. Remote: False. Country: Sudan. Skills: python, r, scala, shell, sql.",python;r;scala;shell;sql,data_engineering,Info Big Data Engineer,Data Engineer,Sudan,Full-time,False,lukebarousse/data_jobs
2015,Staff Data Engineer,Sirius XM,New Jersey   (+2 others),"Title short: Data Engineer. Schedule: Full-time. Remote: False. Country: United States. Skills: aws, go, python, redshift, scala, snowflake, spark, sql.",aws;go;python;redshift;scala;snowflake;spark;sql,data_engineering,Staff Data Engineer,Data Engineer,United States,Full-time,False,lukebarousse/data_jobs
2016,Azure Data Engineer,Arc'teryx,"North Vancouver, BC, Canada","Title short: Data Engineer. Schedule: Full-time. Remote: False. Country: Canada. Skills: azure, flow, sql.",azure;flow;sql,data_engineering,Azure Data Engineer,Data Engineer,Canada,Full-time,False,lukebarousse/data_jobs
2017,Senior Data Engineer- Remote,ANSYS,"Houston, TX","Title short: Senior Data Engineer. Schedule: Full-time. Remote: False. Country: United States. Skills: java, oracle, snowflake, sql, sql server, t-sql.",java;oracle;snowflake;sql;sql server;t-sql,data_engineering,Senior Data Engineer- Remote,Senior Data Engineer,United States,Full-time,False,lukebarousse/data_jobs
2018,Data Engineer,Hitachi Solutions Ltd,"San José Province, San José, Costa Rica","Title short: Data Engineer. Schedule: Full-time. Remote: False. Country: Costa Rica. Skills: azure, databricks, power bi, pyspark, spark, sql.",azure;databricks;power bi;pyspark;spark;sql,data_engineering,Data Engineer,Data Engineer,Costa Rica,Full-time,False,lukebarousse/data_jobs
2019,Data Engineer / Data Analyst in der Bremssystementwicklung (w/m/div.),Bosch Group,"Abstatt, Germany","Title short: Data Engineer. Schedule: Part-time. Remote: False. Country: Germany. Skills: java, python.",java;python,data_engineering,Data Engineer / Data Analyst in der Bremssystementwicklung (w/m/div.),Data Engineer,Germany,Part-time,False,lukebarousse/data_jobs
2020,"Data Engineer - Python, DBT, AWS, Airflow, SQL",Orbis,"London, UK","Title short: Data Engineer. Schedule: Full-time. Remote: False. Country: United Kingdom. Skills: airflow, aws, gcp, python, sql.",airflow;aws;gcp;python;sql,data_engineering,"Data Engineer - Python, DBT, AWS, Airflow, SQL",Data Engineer,United Kingdom,Full-time,False,lukebarousse/data_jobs
2021,Azure Data Engineer,ClifyX,"Toronto, ON, Canada",Title short: Data Engineer. Schedule: Full-time. Remote: False. Country: Canada. Skills: azure.,azure,data_engineering,Azure Data Engineer,Data Engineer,Canada,Full-time,False,lukebarousse/data_jobs
2022,Data Engineer,DAS,"Amsterdam, Netherlands","Title short: Data Engineer. Schedule: Full-time. Remote: False. Country: Netherlands. Skills: docker, nosql, oracle, python, r, sql.",docker;nosql;oracle;python;r;sql,data_engineering,Data Engineer,Data Engineer,Netherlands,Full-time,False,lukebarousse/data_jobs
2023,Data Engineer - USA REMOTE WORK,Inclusion Cloud,"Brasília - Brasilia, Federal District, Brazil","Title short: Data Engineer. Schedule: Full-time. Remote: False. Country: Brazil. Skills: airflow, aws, azure, cassandra, hadoop, java, kafka, nosql, python, scala, spark, sql, sql server.",airflow;aws;azure;cassandra;hadoop;java;kafka;nosql;python;scala;spark;sql;sql server,data_engineering,Data Engineer - USA REMOTE WORK,Data Engineer,Brazil,Full-time,False,lukebarousse/data_jobs
2024,Senior Big Data Engineer,IQ HIRED Consultancy Pvt. Ltd.,"Pune, Maharashtra, India","Title short: Senior Data Engineer. Schedule: Full-time. Remote: False. Country: India. Skills: aws, scala, spark, sql.",aws;scala;spark;sql,data_engineering,Senior Big Data Engineer,Senior Data Engineer,India,Full-time,False,lukebarousse/data_jobs
2025,Lead Data Engineer,ARAG,"Leusden, Netherlands","Title short: Data Engineer. Schedule: Full-time. Remote: False. Country: Netherlands. Skills: airflow, azure, docker, kubernetes, oracle, pyspark, python, r, spark, t-sql, terraform.",airflow;azure;docker;kubernetes;oracle;pyspark;python;r;spark;t-sql;terraform,data_engineering,Lead Data Engineer,Data Engineer,Netherlands,Full-time,False,lukebarousse/data_jobs
2026,Sr Data Engineer - Data Warehousing Technologies,Meijer,Michigan,"Title short: Senior Data Engineer. Schedule: Full-time. Remote: False. Country: United States. Skills: azure, databricks, power bi, python.",azure;databricks;power bi;python,data_engineering,Sr Data Engineer - Data Warehousing Technologies,Senior Data Engineer,United States,Full-time,False,lukebarousse/data_jobs
2027,Data Engineer,DISYS,"Dallas, TX","Title short: Data Engineer. Schedule: Contractor. Remote: False. Country: United States. Skills: aws, hadoop, kafka, nosql, python, spark, sql.",aws;hadoop;kafka;nosql;python;spark;sql,data_engineering,Data Engineer,Data Engineer,United States,Contractor,False,lukebarousse/data_jobs
2028,GCP Data Engineer,Tata Consultancy Services,"São Paulo, State of São Paulo, Brazil","Title short: Data Engineer. Schedule: Full-time. Remote: False. Country: Brazil. Skills: airflow, databricks, gcp, github, java, python, sap, snowflake, sql, terraform.",airflow;databricks;gcp;github;java;python;sap;snowflake;sql;terraform,data_engineering,GCP Data Engineer,Data Engineer,Brazil,Full-time,False,lukebarousse/data_jobs
2029,CCL Data Engineer,TEKsystems,"New York, NY","Title short: Data Engineer. Schedule: Full-time. Remote: False. Country: Sudan. Skills: sql, ssis, tableau.",sql;ssis;tableau,data_engineering,CCL Data Engineer,Data Engineer,Sudan,Full-time,False,lukebarousse/data_jobs
2030,Principal Data Engineer. Job in Estero My Valley Jobs Today,Hertz,"Estero, FL","Title short: Data Engineer. Schedule: Full-time. Remote: False. Country: United States. Skills: aws, databricks, pyspark, python.",aws;databricks;pyspark;python,data_engineering,Principal Data Engineer. Job in Estero My Valley Jobs Today,Data Engineer,United States,Full-time,False,lukebarousse/data_jobs
2031,Junior/Medior Data Engineer IRC176220,GlobalLogic,Anywhere,"Title short: Data Engineer. Schedule: Full-time. Remote: True. Country: Slovakia. Skills: azure, databricks, linux, scala, snowflake, spark, sql.",azure;databricks;linux;scala;snowflake;spark;sql,data_engineering,Junior/Medior Data Engineer IRC176220,Data Engineer,Slovakia,Full-time,True,lukebarousse/data_jobs
2032,Senior Data Engineer,CDL,"Stockport, UK","Title short: Senior Data Engineer. Schedule: Full-time. Remote: False. Country: United Kingdom. Skills: aws, git, linux, nosql, postgresql, python, sql, sql server, terraform.",aws;git;linux;nosql;postgresql;python;sql;sql server;terraform,data_engineering,Senior Data Engineer,Senior Data Engineer,United Kingdom,Full-time,False,lukebarousse/data_jobs
2033,Data Engineer,Charger Logistics,"Monterrey, Nuevo Leon, Mexico","Title short: Data Engineer. Schedule: Full-time. Remote: False. Country: Mexico. Skills: airflow, django, flask, java, javascript, kafka, nosql, python, redshift, scala, snowflake, sql, sql server, ssis.",airflow;django;flask;java;javascript;kafka;nosql;python;redshift;scala;snowflake;sql;sql server;ssis,data_engineering,Data Engineer,Data Engineer,Mexico,Full-time,False,lukebarousse/data_jobs
2034,GCP Data Engineer,Cerebra IT Services Private Limited,"Bolingbrook, IL","Title short: Data Engineer. Schedule: Full-time and Temp work. Remote: False. Country: Sudan. Skills: airflow, gcp, git, kafka, oracle, python, sql, unix, windows.",airflow;gcp;git;kafka;oracle;python;sql;unix;windows,data_engineering,GCP Data Engineer,Data Engineer,Sudan,Full-time and Temp work,False,lukebarousse/data_jobs
2035,Data Analytics Engineer,The Workshop - Inventors of Play,Spain,"Title short: Data Engineer. Schedule: Full-time. Remote: False. Country: Spain. Skills: excel, jira, python, sql, tableau.",excel;jira;python;sql;tableau,data_engineering,Data Analytics Engineer,Data Engineer,Spain,Full-time,False,lukebarousse/data_jobs
2036,Sr. Data Engineer,TriCom Technical Services,"Kansas City, MO","Title short: Data Engineer. Schedule: Contractor. Remote: False. Country: United States. Skills: databricks, java, kafka, python, redshift, snowflake, spark, sql.",databricks;java;kafka;python;redshift;snowflake;spark;sql,data_engineering,Sr. Data Engineer,Data Engineer,United States,Contractor,False,lukebarousse/data_jobs
2037,Data Engineer,Secureworks,"Hyderabad, Telangana, India","Title short: Data Engineer. Schedule: Full-time. Remote: False. Country: India. Skills: aws, jenkins, sql.",aws;jenkins;sql,data_engineering,Data Engineer,Data Engineer,India,Full-time,False,lukebarousse/data_jobs
2038,Sr. Data Engineer,Raas Infotek,Anywhere,"Title short: Data Engineer. Schedule: Contractor and Temp work. Remote: True. Country: Sudan. Skills: aws, azure, databricks, gcp, kubernetes, mariadb, mongodb, mysql, oracle, power bi, spark, tableau.",aws;azure;databricks;gcp;kubernetes;mariadb;mongodb;mysql;oracle;power bi;spark;tableau,data_engineering,Sr. Data Engineer,Data Engineer,Sudan,Contractor and Temp work,True,lukebarousse/data_jobs
2039,"Senior Data Engineer, Infrastructure-Dallas, Austin, or San...",H-E-B,"San Antonio, TX","Title short: Senior Data Engineer. Schedule: Full-time. Remote: False. Country: United States. Skills: ansible, aws, azure, chef, databricks, gcp, gitlab, go, java, jenkins, kafka, kubernetes, linux, pulumi, puppet, python, ruby, snowflake, spark, splunk.",ansible;aws;azure;chef;databricks;gcp;gitlab;go;java;jenkins;kafka;kubernetes;linux;pulumi;puppet;python;ruby;snowflake;spark;splunk,data_engineering,"Senior Data Engineer, Infrastructure-Dallas, Austin, or San...",Senior Data Engineer,United States,Full-time,False,lukebarousse/data_jobs
2040,Lead Data Engineer,KLM Royal Dutch Airlines,Netherlands,"Title short: Data Engineer. Schedule: Full-time. Remote: False. Country: Netherlands. Skills: airflow, azure, power bi, python, sql.",airflow;azure;power bi;python;sql,data_engineering,Lead Data Engineer,Data Engineer,Netherlands,Full-time,False,lukebarousse/data_jobs
2041,Data Engineer with Frontend Development Skills,FullStack Labs,"Chiclayo, Peru","Title short: Data Engineer. Schedule: Full-time. Remote: False. Country: Peru. Skills: angular, aws, azure, gcp, git, javascript, matplotlib, numpy, pandas, python, react, svelte, vue.",angular;aws;azure;gcp;git;javascript;matplotlib;numpy;pandas;python;react;svelte;vue,data_engineering,Data Engineer with Frontend Development Skills,Data Engineer,Peru,Full-time,False,lukebarousse/data_jobs
2042,Data Engineer,Saxon Global,"Philadelphia, PA","Title short: Data Engineer. Schedule: Full-time and Temp work. Remote: False. Country: United States. Skills: jenkins, kafka, python, scala, spark, sql.",jenkins;kafka;python;scala;spark;sql,data_engineering,Data Engineer,Data Engineer,United States,Full-time and Temp work,False,lukebarousse/data_jobs
2043,Data Engineer - SAP HANA (Remote United States),Stage 4 Solutions,Anywhere,"Title short: Data Engineer. Schedule: Contractor. Remote: True. Country: Sudan. Skills: git, python, r, sap, sql, tableau.",git;python;r;sap;sql;tableau,data_engineering,Data Engineer - SAP HANA (Remote United States),Data Engineer,Sudan,Contractor,True,lukebarousse/data_jobs
2044,Senior Data Engineer - Remote | WFH,Get It Recruit - Information Technology,Anywhere,"Title short: Senior Data Engineer. Schedule: Full-time. Remote: True. Country: United States. Skills: aws, azure, git, java, nosql, power bi, python, sql, tableau.",aws;azure;git;java;nosql;power bi;python;sql;tableau,data_engineering,Senior Data Engineer - Remote | WFH,Senior Data Engineer,United States,Full-time,True,lukebarousse/data_jobs
2045,Senior Data Engineer,Menschen Consulting Pvt. Ltd.,"Utrecht, Netherlands","Title short: Senior Data Engineer. Schedule: Contractor and Temp work. Remote: False. Country: Netherlands. Skills: airflow, azure, powershell, python, sql.",airflow;azure;powershell;python;sql,data_engineering,Senior Data Engineer,Senior Data Engineer,Netherlands,Contractor and Temp work,False,lukebarousse/data_jobs
2046,Senior Data Engineer - Power BI,Tiger Analytics,"Chennai, Tamil Nadu, India","Title short: Senior Data Engineer. Schedule: Full-time. Remote: False. Country: India. Skills: azure, dax, power bi, sql.",azure;dax;power bi;sql,data_engineering,Senior Data Engineer - Power BI,Senior Data Engineer,India,Full-time,False,lukebarousse/data_jobs
2047,Lead Data Engineer (REMOTE),Dick's Sporting Goods,Anywhere,"Title short: Data Engineer. Schedule: Full-time. Remote: True. Country: United States. Skills: aws, azure, bigquery, c, confluence, db2, gcp, github, java, jira, looker, microstrategy, nosql, oracle, python, qlik, redshift, scala, snowflake, spark.",aws;azure;bigquery;c;confluence;db2;gcp;github;java;jira;looker;microstrategy;nosql;oracle;python;qlik;redshift;scala;snowflake;spark,data_engineering,Lead Data Engineer (REMOTE),Data Engineer,United States,Full-time,True,lukebarousse/data_jobs
2048,Data Engineer (Healthcare),Motion Recruitment,"Irvine, CA","Title short: Data Engineer. Schedule: Full-time. Remote: False. Country: United States. Skills: numpy, pandas, python, sql.",numpy;pandas;python;sql,data_engineering,Data Engineer (Healthcare),Data Engineer,United States,Full-time,False,lukebarousse/data_jobs
2049,Big Data Engineer (Remote) 8+ yrs Exp.,Mantras2Success.com,Anywhere,"Title short: Data Engineer. Schedule: Full-time. Remote: True. Country: India. Skills: cassandra, docker, java, kubernetes, mysql, spring.",cassandra;docker;java;kubernetes;mysql;spring,data_engineering,Big Data Engineer (Remote) 8+ yrs Exp.,Data Engineer,India,Full-time,True,lukebarousse/data_jobs
2050,Data Engineer,Macquarie,"London, UK","Title short: Data Engineer. Schedule: Full-time. Remote: False. Country: United Kingdom. Skills: aws, bash, power bi, python, sql, tableau.",aws;bash;power bi;python;sql;tableau,data_engineering,Data Engineer,Data Engineer,United Kingdom,Full-time,False,lukebarousse/data_jobs
2051,Data Engineer,ScrumLaunch,Anywhere,"Title short: Data Engineer. Schedule: Full-time. Remote: True. Country: Brazil. Skills: airflow, github, snowflake, spark, sql.",airflow;github;snowflake;spark;sql,data_engineering,Data Engineer,Data Engineer,Brazil,Full-time,True,lukebarousse/data_jobs
2052,Interim Senior Data Engineer (temporary),BuyBay,"Amsterdam, Netherlands","Title short: Data Engineer. Schedule: Full-time. Remote: False. Country: Netherlands. Skills: airflow, aws, sql.",airflow;aws;sql,data_engineering,Interim Senior Data Engineer (temporary),Data Engineer,Netherlands,Full-time,False,lukebarousse/data_jobs
2053,Data Engineer & BI Developer,Yapı Kredi Teknoloji,"İzmit, Kocaeli, Türkiye","Title short: Data Engineer. Schedule: Full-time. Remote: False. Country: Turkey. Skills: oracle, power bi, sql, sql server, ssis.",oracle;power bi;sql;sql server;ssis,data_engineering,Data Engineer & BI Developer,Data Engineer,Turkey,Full-time,False,lukebarousse/data_jobs
2054,Data Engineer (ETL),Dev Technology Group,"Ashburn, VA","Title short: Data Engineer. Schedule: Full-time. Remote: False. Country: United States. Skills: cassandra, databricks, db2, dynamodb, hadoop, jupyter, oracle, pandas, python, sap, spark, splunk, sql.",cassandra;databricks;db2;dynamodb;hadoop;jupyter;oracle;pandas;python;sap;spark;splunk;sql,data_engineering,Data Engineer (ETL),Data Engineer,United States,Full-time,False,lukebarousse/data_jobs
2055,Data Engineer (m/f/n),Enovos Luxembourg,"Esch-sur-Alzette, Luxembourg","Title short: Data Engineer. Schedule: Full-time. Remote: False. Country: Luxembourg. Skills: airflow, aws, cassandra, lua, node.js, nosql, python, scala, spark, sql, tableau.",airflow;aws;cassandra;lua;node.js;nosql;python;scala;spark;sql;tableau,data_engineering,Data Engineer (m/f/n),Data Engineer,Luxembourg,Full-time,False,lukebarousse/data_jobs
2056,Data Engineer / Data Science LLM,Frank Recruitment Group,Spain,"Title short: Data Engineer. Schedule: Full-time. Remote: False. Country: Spain. Skills: aws, azure, python, pytorch, tensorflow.",aws;azure;python;pytorch;tensorflow,data_engineering,Data Engineer / Data Science LLM,Data Engineer,Spain,Full-time,False,lukebarousse/data_jobs
2057,W2 Position :: Data Engineer / Architect at (Hybrid),"Bitsoft International, Inc.","Charlotte, NC","Title short: Data Engineer. Schedule: Full-time. Remote: False. Country: United States. Skills: airflow, azure, cassandra, github, hadoop, jira, kafka, phoenix, python, scala, spark, sql.",airflow;azure;cassandra;github;hadoop;jira;kafka;phoenix;python;scala;spark;sql,data_engineering,W2 Position :: Data Engineer / Architect at (Hybrid),Data Engineer,United States,Full-time,False,lukebarousse/data_jobs
2058,Staff Data Engineer,Walmart,"Bentonville, AR","Title short: Data Engineer. Schedule: Full-time. Remote: False. Country: United States. Skills: azure, c++, git, java, jenkins, nosql, python, r, scala, spark, sql.",azure;c++;git;java;jenkins;nosql;python;r;scala;spark;sql,data_engineering,Staff Data Engineer,Data Engineer,United States,Full-time,False,lukebarousse/data_jobs
2059,Data Engineer,kattechsystems,"Minneota, MN","Title short: Data Engineer. Schedule: Full-time. Remote: False. Country: United States. Skills: aws, looker, python, redshift, snowflake, sql, tableau.",aws;looker;python;redshift;snowflake;sql;tableau,data_engineering,Data Engineer,Data Engineer,United States,Full-time,False,lukebarousse/data_jobs
2060,Senior Data Engineer,Capgemini,"Stavanger, Norway","Title short: Senior Data Engineer. Schedule: Full-time. Remote: False. Country: Norway. Skills: aws, azure, databricks, gcp, snowflake, tableau.",aws;azure;databricks;gcp;snowflake;tableau,data_engineering,Senior Data Engineer,Senior Data Engineer,Norway,Full-time,False,lukebarousse/data_jobs
2061,Data Engineer,Velocity Staff,"Olathe, KS","Title short: Data Engineer. Schedule: Full-time. Remote: False. Country: United States. Skills: aws, docker, elasticsearch, excel, git, kafka, mongodb, nosql, python, redshift, spark, terraform.",aws;docker;elasticsearch;excel;git;kafka;mongodb;nosql;python;redshift;spark;terraform,data_engineering,Data Engineer,Data Engineer,United States,Full-time,False,lukebarousse/data_jobs
2062,Big Data Engineer,"Pyramid Consulting, Inc","Charlotte, NC","Title short: Data Engineer. Schedule: Contractor. Remote: False. Country: United States. Skills: hadoop, java, kafka, linux, python, r, spark, sql, tableau.",hadoop;java;kafka;linux;python;r;spark;sql;tableau,data_engineering,Big Data Engineer,Data Engineer,United States,Contractor,False,lukebarousse/data_jobs
2063,Data Engineer,VARITE INC,"Hyderabad, Telangana, India","Title short: Data Engineer. Schedule: Contractor. Remote: False. Country: India. Skills: aws, azure, bigquery, gcp, python, redshift, sql, tableau.",aws;azure;bigquery;gcp;python;redshift;sql;tableau,data_engineering,Data Engineer,Data Engineer,India,Contractor,False,lukebarousse/data_jobs
2064,"Sr, Data Engineer (Able to obtain Secret clearance) Jobs",Akima,"Orlando, FL","Title short: Data Engineer. Schedule: Full-time. Remote: False. Country: United States. Skills: docker, kubernetes, pyspark, python, sql.",docker;kubernetes;pyspark;python;sql,data_engineering,"Sr, Data Engineer (Able to obtain Secret clearance) Jobs",Data Engineer,United States,Full-time,False,lukebarousse/data_jobs
2065,Azure Data Engineer architect Synapse Analytics,Wafts Solutions,"Merrifield, VA","Title short: Data Engineer. Schedule: Contractor. Remote: False. Country: United States. Skills: azure, databricks, flow, spark, sql.",azure;databricks;flow;spark;sql,data_engineering,Azure Data Engineer architect Synapse Analytics,Data Engineer,United States,Contractor,False,lukebarousse/data_jobs
2066,Freelance Project-based Analytics & Data Engineer,Upwork,Anywhere,"Title short: Data Engineer. Schedule: Contractor and Temp work. Remote: True. Country: United States. Skills: bigquery, looker, redshift, snowflake, sql, tableau.",bigquery;looker;redshift;snowflake;sql;tableau,data_engineering,Freelance Project-based Analytics & Data Engineer,Data Engineer,United States,Contractor and Temp work,True,lukebarousse/data_jobs
2067,Data Engineer. Job in Canberra My Valley Jobs Today,CYOS Solutions,"Canberra ACT, Australia","Title short: Data Engineer. Schedule: Full-time. Remote: False. Country: Australia. Skills: airflow, ansible, azure, cassandra, css, django, docker, elasticsearch, fastapi, flask, git, github, gitlab, html, javascript, kafka, kubernetes, mongodb, mysql, nosql.",airflow;ansible;azure;cassandra;css;django;docker;elasticsearch;fastapi;flask;git;github;gitlab;html;javascript;kafka;kubernetes;mongodb;mysql;nosql,data_engineering,Data Engineer. Job in Canberra My Valley Jobs Today,Data Engineer,Australia,Full-time,False,lukebarousse/data_jobs
2068,Azure Data Engineer (12+ Yrs needed),United IT Solutions,"Minneapolis, MN","Title short: Data Engineer. Schedule: Contractor. Remote: False. Country: United States. Skills: azure, java, python, scala, snowflake, spark, spring.",azure;java;python;scala;snowflake;spark;spring,data_engineering,Azure Data Engineer (12+ Yrs needed),Data Engineer,United States,Contractor,False,lukebarousse/data_jobs
2069,Data Engineer – Big Data,Incedo Inc.,"Dallas, TX","Title short: Data Engineer. Schedule: Full-time. Remote: False. Country: Sudan. Skills: databricks, git, nosql, pyspark, python, scala, shell, spark, sql, unix.",databricks;git;nosql;pyspark;python;scala;shell;spark;sql;unix,data_engineering,Data Engineer – Big Data,Data Engineer,Sudan,Full-time,False,lukebarousse/data_jobs
2070,GCP Data Engineer,Virtusa,"Pune, Maharashtra, India","Title short: Data Engineer. Schedule: Full-time. Remote: False. Country: India. Skills: gcp, java, sap.",gcp;java;sap,data_engineering,GCP Data Engineer,Data Engineer,India,Full-time,False,lukebarousse/data_jobs
2071,Data Engineer,"Tesla, Inc.","San Jose, CA","Title short: Data Engineer. Schedule: Full-time. Remote: False. Country: United States. Skills: bash, docker, git, github, graphql, jenkins, kubernetes, python, sql.",bash;docker;git;github;graphql;jenkins;kubernetes;python;sql,data_engineering,Data Engineer,Data Engineer,United States,Full-time,False,lukebarousse/data_jobs
2072,Data Engineer - Nne est - Metz H/F,Sopra Steria,Anywhere,"Title short: Data Engineer. Schedule: Full-time. Remote: True. Country: France. Skills: power bi, sap, spark, sql, sql server.",power bi;sap;spark;sql;sql server,data_engineering,Data Engineer - Nne est - Metz H/F,Data Engineer,France,Full-time,True,lukebarousse/data_jobs
2073,DP-203: Azure Data Engineering Trainer,RedAllianz,Anywhere,"Title short: Data Engineer. Schedule: Part-time. Remote: True. Country: India. Skills: azure, databricks, power bi, spark, sql.",azure;databricks;power bi;spark;sql,data_engineering,DP-203: Azure Data Engineering Trainer,Data Engineer,India,Part-time,True,lukebarousse/data_jobs
2074,"Senior Data Engineer, Emerging Risk",Fidelity Investments,"Denver, CO","Title short: Senior Data Engineer. Schedule: Full-time. Remote: False. Country: United States. Skills: jira, python, sql, tableau.",jira;python;sql;tableau,data_engineering,"Senior Data Engineer, Emerging Risk",Senior Data Engineer,United States,Full-time,False,lukebarousse/data_jobs
2075,Data Engineer,Verisure,"Rome, Metropolitan City of Rome Capital, Italy","Title short: Data Engineer. Schedule: Full-time. Remote: False. Country: Italy. Skills: sql, ssis.",sql;ssis,data_engineering,Data Engineer,Data Engineer,Italy,Full-time,False,lukebarousse/data_jobs
2076,Data Engineer,Alliance Resourcing Services,"Dublin, Ireland","Title short: Data Engineer. Schedule: Full-time. Remote: False. Country: Ireland. Skills: azure, git, jenkins, oracle, python, sql, ssis.",azure;git;jenkins;oracle;python;sql;ssis,data_engineering,Data Engineer,Data Engineer,Ireland,Full-time,False,lukebarousse/data_jobs
2077,GIS Data Engineer,Peaple Talent,"London, UK","Title short: Data Engineer. Schedule: Full-time. Remote: False. Country: United Kingdom. Skills: azure, python, r, sql.",azure;python;r;sql,data_engineering,GIS Data Engineer,Data Engineer,United Kingdom,Full-time,False,lukebarousse/data_jobs
2078,Azure Data Engineer,Conneqt Digital,"Bengaluru, Karnataka, India","Title short: Data Engineer. Schedule: Full-time. Remote: False. Country: India. Skills: azure, databricks, power bi, pyspark, sql, sql server, tableau.",azure;databricks;power bi;pyspark;sql;sql server;tableau,data_engineering,Azure Data Engineer,Data Engineer,India,Full-time,False,lukebarousse/data_jobs
2079,BACKFILL LEAD DATA ENGINEER,Skiltrek,"Bedminster, NJ","Title short: Data Engineer. Schedule: Contractor. Remote: False. Country: United States. Skills: airflow, aws, java, python, shell, snowflake, sql.",airflow;aws;java;python;shell;snowflake;sql,data_engineering,BACKFILL LEAD DATA ENGINEER,Data Engineer,United States,Contractor,False,lukebarousse/data_jobs
2080,Data Engineer impacting climate change,Darwin Recruitment,Italy,"Title short: Data Engineer. Schedule: Full-time. Remote: False. Country: Italy. Skills: airflow, aws, no-sql, pandas, python, sql.",airflow;aws;no-sql;pandas;python;sql,data_engineering,Data Engineer impacting climate change,Data Engineer,Italy,Full-time,False,lukebarousse/data_jobs
2081,Data Engineer Expérimenté H/F,DAVRICOURT | Certified Positive Company®,"Lille, France","Title short: Data Engineer. Schedule: Full-time. Remote: False. Country: France. Skills: airflow, aws, gcp, jenkins, python, scala, spark.",airflow;aws;gcp;jenkins;python;scala;spark,data_engineering,Data Engineer Expérimenté H/F,Data Engineer,France,Full-time,False,lukebarousse/data_jobs
2082,Data Engineer - 11561,Enlighten,"San Antonio, TX","Title short: Data Engineer. Schedule: Full-time. Remote: False. Country: United States. Skills: aws, elasticsearch, excel, flow, java, kafka, nosql, python.",aws;elasticsearch;excel;flow;java;kafka;nosql;python,data_engineering,Data Engineer - 11561,Data Engineer,United States,Full-time,False,lukebarousse/data_jobs
2083,Data Engineer,amdocs,"Guadalajara, Jalisco, Mexico","Title short: Data Engineer. Schedule: Full-time. Remote: False. Country: Mexico. Skills: airflow, aws, docker, git, jenkins, jira, kubernetes, python, scala, shell, snowflake, spark, sql.",airflow;aws;docker;git;jenkins;jira;kubernetes;python;scala;shell;snowflake;spark;sql,data_engineering,Data Engineer,Data Engineer,Mexico,Full-time,False,lukebarousse/data_jobs
2084,Senior Cloud Data Engineer,Kforce Inc,"Monona, WI","Title short: Senior Data Engineer. Schedule: Contractor. Remote: False. Country: United States. Skills: azure, databricks, python, scala, sql.",azure;databricks;python;scala;sql,data_engineering,Senior Cloud Data Engineer,Senior Data Engineer,United States,Contractor,False,lukebarousse/data_jobs
2085,SQL Data Engineer,"IQ Clarity, LLC","Irving, TX","Title short: Data Engineer. Schedule: Full-time. Remote: False. Country: United States. Skills: sql, ssis.",sql;ssis,data_engineering,SQL Data Engineer,Data Engineer,United States,Full-time,False,lukebarousse/data_jobs
2086,Senior Data Engineer (Ecosystem),"Docker, Inc",Anywhere,"Title short: Senior Data Engineer. Schedule: Full-time. Remote: True. Country: Netherlands. Skills: bigquery, c, docker, golang, looker, power bi, python, redshift, snowflake, sql, tableau.",bigquery;c;docker;golang;looker;power bi;python;redshift;snowflake;sql;tableau,data_engineering,Senior Data Engineer (Ecosystem),Senior Data Engineer,Netherlands,Full-time,True,lukebarousse/data_jobs
2087,Cloud Data Engineer,VNS Health,"New York, NY","Title short: Data Engineer. Schedule: Full-time. Remote: False. Country: United States. Skills: airflow, aws, azure, databricks, dynamodb, gcp, github, mysql, pandas, pyspark, python, snowflake, sql, sql server.",airflow;aws;azure;databricks;dynamodb;gcp;github;mysql;pandas;pyspark;python;snowflake;sql;sql server,data_engineering,Cloud Data Engineer,Data Engineer,United States,Full-time,False,lukebarousse/data_jobs
2088,Lead Data Engineer / Technical Lead - Master Data Management (MDM),Antal International,"Hyderabad, Telangana, India","Title short: Data Engineer. Schedule: Full-time. Remote: False. Country: India. Skills: gdpr, power bi, python, shell, sql, tableau, unix.",gdpr;power bi;python;shell;sql;tableau;unix,data_engineering,Lead Data Engineer / Technical Lead - Master Data Management (MDM),Data Engineer,India,Full-time,False,lukebarousse/data_jobs
2089,Data Engineer,Epsilon,"Bellwood, IL","Title short: Data Engineer. Schedule: Full-time. Remote: False. Country: United States. Skills: airflow, aws, cassandra, docker, elasticsearch, hadoop, java, kafka, kubernetes, nosql, python, scala, spark, sql.",airflow;aws;cassandra;docker;elasticsearch;hadoop;java;kafka;kubernetes;nosql;python;scala;spark;sql,data_engineering,Data Engineer,Data Engineer,United States,Full-time,False,lukebarousse/data_jobs
2090,Sr Data Engineer,"RIT Solutions, Inc.","Austin, TX","Title short: Data Engineer. Schedule: nan. Remote: False. Country: United States. Skills: airflow, pyspark.",airflow;pyspark,data_engineering,Sr Data Engineer,Data Engineer,United States,,False,lukebarousse/data_jobs
2091,AWS Data Engineer,Wipro,Anywhere,"Title short: Data Engineer. Schedule: Full-time. Remote: True. Country: United States. Skills: aws, docker, gitlab, java, jenkins, spring, terraform.",aws;docker;gitlab;java;jenkins;spring;terraform,data_engineering,AWS Data Engineer,Data Engineer,United States,Full-time,True,lukebarousse/data_jobs
2092,Sr Data Engineer,Cardinal Health,"Springfield, IL","Title short: Data Engineer. Schedule: Full-time. Remote: False. Country: United States. Skills: gcp, sap, sql, sql server.",gcp;sap;sql;sql server,data_engineering,Sr Data Engineer,Data Engineer,United States,Full-time,False,lukebarousse/data_jobs
2093,Data Engineer (Network Engineer) 3 - X-Lab,Boecore,"Colorado Springs, CO","Title short: Data Engineer. Schedule: Full-time. Remote: False. Country: United States. Skills: excel, gitlab, go, matlab, pandas, postgresql, python, tableau, windows.",excel;gitlab;go;matlab;pandas;postgresql;python;tableau;windows,data_engineering,Data Engineer (Network Engineer) 3 - X-Lab,Data Engineer,United States,Full-time,False,lukebarousse/data_jobs
2094,Data Engineer,Wipro,"Curitiba, State of Paraná, Brazil",Title short: Data Engineer. Schedule: Full-time. Remote: False. Country: Brazil. Skills: azure.,azure,data_engineering,Data Engineer,Data Engineer,Brazil,Full-time,False,lukebarousse/data_jobs
2095,Senior/Lead Data Engineer(Snowflake/ETL),Tide,"Hyderabad, Telangana, India","Title short: Senior Data Engineer. Schedule: Full-time. Remote: False. Country: India. Skills: airflow, aws, git, looker, snowflake, sql.",airflow;aws;git;looker;snowflake;sql,data_engineering,Senior/Lead Data Engineer(Snowflake/ETL),Senior Data Engineer,India,Full-time,False,lukebarousse/data_jobs
2096,Data Engineer,"International Information Technology Team, Inc.","Newark, NJ","Title short: Data Engineer. Schedule: Contractor. Remote: False. Country: United States. Skills: kafka, keras, numpy, pandas, python, r, scikit-learn, spark, sql, tensorflow, theano.",kafka;keras;numpy;pandas;python;r;scikit-learn;spark;sql;tensorflow;theano,data_engineering,Data Engineer,Data Engineer,United States,Contractor,False,lukebarousse/data_jobs
2097,"Senior Data Engineer (Richmond, VA)",AgileEngine,"Richmond, VA","Title short: Senior Data Engineer. Schedule: Full-time. Remote: False. Country: United States. Skills: java, python, spring, sql, sql server.",java;python;spring;sql;sql server,data_engineering,"Senior Data Engineer (Richmond, VA)",Senior Data Engineer,United States,Full-time,False,lukebarousse/data_jobs
2098,Senior Data Engineer,Harnham,"Los Angeles, CA","Title short: Senior Data Engineer. Schedule: Full-time. Remote: False. Country: United States. Skills: aws, python, pytorch.",aws;python;pytorch,data_engineering,Senior Data Engineer,Senior Data Engineer,United States,Full-time,False,lukebarousse/data_jobs
2099,Data Engineer,Forum talents handicap,"Toulouse, France","Title short: Data Engineer. Schedule: Full-time. Remote: False. Country: France. Skills: chef, hadoop, java, python, spark.",chef;hadoop;java;python;spark,data_engineering,Data Engineer,Data Engineer,France,Full-time,False,lukebarousse/data_jobs
2100,Data Engineer,Turing,Anywhere,"Title short: Data Engineer. Schedule: Full-time. Remote: True. Country: India. Skills: airflow, azure, databricks, python, snowflake, sql.",airflow;azure;databricks;python;snowflake;sql,data_engineering,Data Engineer,Data Engineer,India,Full-time,True,lukebarousse/data_jobs
2101,Data Engineer,Lulalend,"Cape Town, South Africa","Title short: Data Engineer. Schedule: Full-time. Remote: False. Country: South Africa. Skills: azure, flow, go, python, sql.",azure;flow;go;python;sql,data_engineering,Data Engineer,Data Engineer,South Africa,Full-time,False,lukebarousse/data_jobs
2102,Senior GCP Data Engineer (Hybrid),Cognizant Technology Solutions,"Austin, TX","Title short: Senior Data Engineer. Schedule: Full-time. Remote: False. Country: Sudan. Skills: bigquery, gcp, hadoop, scala, spark, unity.",bigquery;gcp;hadoop;scala;spark;unity,data_engineering,Senior GCP Data Engineer (Hybrid),Senior Data Engineer,Sudan,Full-time,False,lukebarousse/data_jobs
2103,Data Engineer,Clarity,"Madrid, Spain","Title short: Data Engineer. Schedule: Full-time. Remote: False. Country: Spain. Skills: cassandra, elasticsearch, hadoop, kafka, redis, redshift, spark, spring, sql.",cassandra;elasticsearch;hadoop;kafka;redis;redshift;spark;spring;sql,data_engineering,Data Engineer,Data Engineer,Spain,Full-time,False,lukebarousse/data_jobs
2104,DATA ENGINEER,STX Next,Anywhere,"Title short: Data Engineer. Schedule: Full-time. Remote: True. Country: Poland. Skills: airflow, aws, azure, docker, dynamodb, elasticsearch, gcp, git, github, graphql, hadoop, javascript, kafka, mongodb, mysql, nosql, postgresql, python, react, scala.",airflow;aws;azure;docker;dynamodb;elasticsearch;gcp;git;github;graphql;hadoop;javascript;kafka;mongodb;mysql;nosql;postgresql;python;react;scala,data_engineering,DATA ENGINEER,Data Engineer,Poland,Full-time,True,lukebarousse/data_jobs
2105,"Data Engineer III, Business Analytics",Pediatric Associates,"Plantation, FL","Title short: Data Engineer. Schedule: Full-time. Remote: False. Country: United States. Skills: azure, databricks, hadoop, kafka, nosql, python, scikit-learn, spark, sql, tensorflow.",azure;databricks;hadoop;kafka;nosql;python;scikit-learn;spark;sql;tensorflow,data_engineering,"Data Engineer III, Business Analytics",Data Engineer,United States,Full-time,False,lukebarousse/data_jobs
2106,Data Engineer R_0988,Open Source (Pty) Ltd,"Pretoria, South Africa","Title short: Data Engineer. Schedule: Full-time. Remote: False. Country: South Africa. Skills: aws, css, docker, flask, git, go, javascript, jupyter, kubernetes, linux, python, splunk.",aws;css;docker;flask;git;go;javascript;jupyter;kubernetes;linux;python;splunk,data_engineering,Data Engineer R_0988,Data Engineer,South Africa,Full-time,False,lukebarousse/data_jobs
2107,Junior Data Engineer,Outcoder iO,Anywhere,"Title short: Data Engineer. Schedule: Full-time. Remote: True. Country: United States. Skills: azure, databricks, java, kafka, pyspark, python, sql.",azure;databricks;java;kafka;pyspark;python;sql,data_engineering,Junior Data Engineer,Data Engineer,United States,Full-time,True,lukebarousse/data_jobs
2108,Data Engineer,Immobiliare.it,Anywhere,"Title short: Data Engineer. Schedule: Full-time. Remote: True. Country: Italy. Skills: airflow, ansible, aws, bash, docker, git, java, kafka, kubernetes, linux, mongodb, mysql, python, spring, terraform.",airflow;ansible;aws;bash;docker;git;java;kafka;kubernetes;linux;mongodb;mysql;python;spring;terraform,data_engineering,Data Engineer,Data Engineer,Italy,Full-time,True,lukebarousse/data_jobs
2109,Sr. Data Engineer,Uber Freight,"Nuevo Laredo, Tamaulipas, Mexico","Title short: Data Engineer. Schedule: Full-time. Remote: False. Country: Mexico. Skills: css, html, oracle, power bi, sql, sql server, ssrs, tableau.",css;html;oracle;power bi;sql;sql server;ssrs;tableau,data_engineering,Sr. Data Engineer,Data Engineer,Mexico,Full-time,False,lukebarousse/data_jobs
2110,Data Engineer,"Digitek Software, Inc.","Indianapolis, IN","Title short: Data Engineer. Schedule: Contractor. Remote: False. Country: United States. Skills: aws, azure, c#, docker, javascript, kubernetes, oracle, python, redshift, sql.",aws;azure;c#;docker;javascript;kubernetes;oracle;python;redshift;sql,data_engineering,Data Engineer,Data Engineer,United States,Contractor,False,lukebarousse/data_jobs
2111,AWS Data Engineer,Corporate Biz Solutions Inc,"Hartford, CT","Title short: Data Engineer. Schedule: Full-time. Remote: False. Country: United States. Skills: aws, pyspark, python, spark, sql.",aws;pyspark;python;spark;sql,data_engineering,AWS Data Engineer,Data Engineer,United States,Full-time,False,lukebarousse/data_jobs
2112,Data Engineer @ Red Bull Media House GmbH,DEVjobs,Anywhere,"Title short: Data Engineer. Schedule: Full-time. Remote: True. Country: Austria. Skills: aws, azure, databricks, power bi, python, r, sap, scala, snowflake, sql, tableau.",aws;azure;databricks;power bi;python;r;sap;scala;snowflake;sql;tableau,data_engineering,Data Engineer @ Red Bull Media House GmbH,Data Engineer,Austria,Full-time,True,lukebarousse/data_jobs
2113,Azure Data Engineer Support - Remote | WFH,Get It Recruit - Information Technology,Anywhere,"Title short: Data Engineer. Schedule: Full-time. Remote: True. Country: Sudan. Skills: alteryx, aws, azure, databricks, dynamodb, flow, power bi, sharepoint, splunk, sql, sql server, ssis, swift, windows.",alteryx;aws;azure;databricks;dynamodb;flow;power bi;sharepoint;splunk;sql;sql server;ssis;swift;windows,data_engineering,Azure Data Engineer Support - Remote | WFH,Data Engineer,Sudan,Full-time,True,lukebarousse/data_jobs
2114,Senior Data Engineer,AgentSync,"Denver, CO","Title short: Senior Data Engineer. Schedule: Full-time. Remote: False. Country: United States. Skills: airflow, aws, kafka, python, spark, sql, terraform.",airflow;aws;kafka;python;spark;sql;terraform,data_engineering,Senior Data Engineer,Senior Data Engineer,United States,Full-time,False,lukebarousse/data_jobs
2115,Data engineer,Monstarlab Czech Republic s.r.o.,"Prague, Czechia","Title short: Data Engineer. Schedule: Full-time. Remote: False. Country: Czechia. Skills: java, python, sql.",java;python;sql,data_engineering,Data engineer,Data Engineer,Czechia,Full-time,False,lukebarousse/data_jobs
2116,Data Engineer H/F,ADAY,Anywhere,"Title short: Data Engineer. Schedule: Full-time. Remote: True. Country: France. Skills: debian, elasticsearch, git, gitlab, linux, postgresql, python, pytorch, scikit-learn, sql.",debian;elasticsearch;git;gitlab;linux;postgresql;python;pytorch;scikit-learn;sql,data_engineering,Data Engineer H/F,Data Engineer,France,Full-time,True,lukebarousse/data_jobs
2117,Data Analytics Engineer (Remote) (5700 USD/Mes),Listopro,Anywhere,"Title short: Data Engineer. Schedule: Full-time. Remote: True. Country: Argentina. Skills: aws, azure, bigquery, gcp, git, looker, python, sql.",aws;azure;bigquery;gcp;git;looker;python;sql,data_engineering,Data Analytics Engineer (Remote) (5700 USD/Mes),Data Engineer,Argentina,Full-time,True,lukebarousse/data_jobs
2118,Data Engineer,Engage Partners Inc.,"New Ulm, MN","Title short: Data Engineer. Schedule: Full-time. Remote: False. Country: Sudan. Skills: databricks, excel, power bi, python, snowflake, sql, ssis.",databricks;excel;power bi;python;snowflake;sql;ssis,data_engineering,Data Engineer,Data Engineer,Sudan,Full-time,False,lukebarousse/data_jobs
2119,Senior Data Engineer with Python,Codete,Anywhere,"Title short: Senior Data Engineer. Schedule: Full-time. Remote: True. Country: Poland. Skills: airflow, aws, kafka, neo4j, postgresql, python, sql.",airflow;aws;kafka;neo4j;postgresql;python;sql,data_engineering,Senior Data Engineer with Python,Senior Data Engineer,Poland,Full-time,True,lukebarousse/data_jobs
2120,"Data Engineer 100% remote (Must have: Azure Data Factory, Azure...",Accion Labs,Anywhere,"Title short: Data Engineer. Schedule: Contractor and Temp work. Remote: True. Country: United States. Skills: azure, c#, databricks, dax, javascript, power bi, python, r, spark, sql, sql server, tableau.",azure;c#;databricks;dax;javascript;power bi;python;r;spark;sql;sql server;tableau,data_engineering,"Data Engineer 100% remote (Must have: Azure Data Factory, Azure...",Data Engineer,United States,Contractor and Temp work,True,lukebarousse/data_jobs
2121,Data Engineer SAP Reporting (m/w/d),Hays,Germany,"Title short: Data Engineer. Schedule: Full-time. Remote: False. Country: Germany. Skills: confluence, jira, sap.",confluence;jira;sap,data_engineering,Data Engineer SAP Reporting (m/w/d),Data Engineer,Germany,Full-time,False,lukebarousse/data_jobs
2122,Data Engineer  H/F,Expleo Group,"Montigny-le-Bretonneux, France","Title short: Data Engineer. Schedule: Full-time. Remote: False. Country: France. Skills: aws, azure, docker, gcp, git, hadoop, java, kafka, kubernetes, nosql, python, scala, snowflake, spark, sql.",aws;azure;docker;gcp;git;hadoop;java;kafka;kubernetes;nosql;python;scala;snowflake;spark;sql,data_engineering,Data Engineer  H/F,Data Engineer,France,Full-time,False,lukebarousse/data_jobs
2123,Data Engineer SQL/Python,Hitachi Solutions America,"Chicago, IL","Title short: Data Engineer. Schedule: Full-time. Remote: False. Country: United States. Skills: airflow, aws, azure, databricks, gcp, python, spark, sql.",airflow;aws;azure;databricks;gcp;python;spark;sql,data_engineering,Data Engineer SQL/Python,Data Engineer,United States,Full-time,False,lukebarousse/data_jobs
2124,Staff Data Engineer - Activision Blizzard Media,Activision Blizzard,"San Francisco, CA","Title short: Data Engineer. Schedule: Full-time. Remote: False. Country: United States. Skills: cassandra, gcp, hadoop, java, kafka, mysql, nosql, python, spark, sql.",cassandra;gcp;hadoop;java;kafka;mysql;nosql;python;spark;sql,data_engineering,Staff Data Engineer - Activision Blizzard Media,Data Engineer,United States,Full-time,False,lukebarousse/data_jobs
2125,Data Engineer Sr.,TriWest Healthcare Alliance,"Phoenix, AZ","Title short: Senior Data Engineer. Schedule: Full-time. Remote: False. Country: United States. Skills: azure, python, snowflake, sql, sql server, t-sql.",azure;python;snowflake;sql;sql server;t-sql,data_engineering,Data Engineer Sr.,Senior Data Engineer,United States,Full-time,False,lukebarousse/data_jobs
2126,CCL Data Engineer (Cerner),TEKsystems,"New York, NY","Title short: Data Engineer. Schedule: Full-time. Remote: False. Country: United States. Skills: sql, ssis, tableau.",sql;ssis;tableau,data_engineering,CCL Data Engineer (Cerner),Data Engineer,United States,Full-time,False,lukebarousse/data_jobs
2127,Data Engineer - GCP,"Cognizant India, Cognizant Technology Solutions","Pune, Maharashtra, India","Title short: Data Engineer. Schedule: Full-time. Remote: False. Country: India. Skills: bigquery, gcp, java, linux, pyspark, python, ubuntu, windows.",bigquery;gcp;java;linux;pyspark;python;ubuntu;windows,data_engineering,Data Engineer - GCP,Data Engineer,India,Full-time,False,lukebarousse/data_jobs
2128,"Data Engineer, Hybrid, Vice President",State Street,"Boston, MA","Title short: Data Engineer. Schedule: Full-time. Remote: False. Country: United States. Skills: aws, databricks, git, java, jenkins, python, sql, unix.",aws;databricks;git;java;jenkins;python;sql;unix,data_engineering,"Data Engineer, Hybrid, Vice President",Data Engineer,United States,Full-time,False,lukebarousse/data_jobs
2129,Senior Data Engineer,Manor Hill Advisors,Anywhere,"Title short: Senior Data Engineer. Schedule: Contractor. Remote: True. Country: United States. Skills: azure, sql, sql server.",azure;sql;sql server,data_engineering,Senior Data Engineer,Senior Data Engineer,United States,Contractor,True,lukebarousse/data_jobs
2130,Data Engineer (실험/분석 플랫폼),Viva Republica (Toss),South Korea,"Title short: Data Engineer. Schedule: Full-time. Remote: False. Country: South Korea. Skills: java, kafka, kotlin, python, scala, spark.",java;kafka;kotlin;python;scala;spark,data_engineering,Data Engineer (실험/분석 플랫폼),Data Engineer,South Korea,Full-time,False,lukebarousse/data_jobs
2131,Data Engineer H/F at CRAFT,join.com,"Paris, France","Title short: Data Engineer. Schedule: Full-time. Remote: False. Country: France. Skills: aws, azure, bash, gcp, numpy, pyspark, python, sql.",aws;azure;bash;gcp;numpy;pyspark;python;sql,data_engineering,Data Engineer H/F at CRAFT,Data Engineer,France,Full-time,False,lukebarousse/data_jobs
2132,Data Engineer,CyberCoders,"Raleigh, NC","Title short: Data Engineer. Schedule: Full-time. Remote: False. Country: United States. Skills: aws, azure, mysql, oracle, python, r, sql, sqlite.",aws;azure;mysql;oracle;python;r;sql;sqlite,data_engineering,Data Engineer,Data Engineer,United States,Full-time,False,lukebarousse/data_jobs
2133,Sr. Data Engineer,Univision Communications Inc.,"Bogotá, Bogota, Colombia","Title short: Data Engineer. Schedule: Full-time. Remote: False. Country: Colombia. Skills: airflow, gcp, git, python, snowflake, sql.",airflow;gcp;git;python;snowflake;sql,data_engineering,Sr. Data Engineer,Data Engineer,Colombia,Full-time,False,lukebarousse/data_jobs
2134,Lead Data Engineer,Egon Software Pvt. Ltd.,"Mumbai, Maharashtra, India","Title short: Data Engineer. Schedule: Full-time. Remote: False. Country: India. Skills: asp.net, python, sql.",asp.net;python;sql,data_engineering,Lead Data Engineer,Data Engineer,India,Full-time,False,lukebarousse/data_jobs
2135,Data Engineer,Baltimore Orioles,"Baltimore, MD","Title short: Data Engineer. Schedule: Full-time. Remote: False. Country: United States. Skills: bigquery, nosql, python, sql.",bigquery;nosql;python;sql,data_engineering,Data Engineer,Data Engineer,United States,Full-time,False,lukebarousse/data_jobs
2136,"Lead Data Engineer (Baltimore, MD)",AgileEngine,"Baltimore, MD","Title short: Data Engineer. Schedule: Full-time. Remote: False. Country: United States. Skills: java, python, spring, sql, sql server.",java;python;spring;sql;sql server,data_engineering,"Lead Data Engineer (Baltimore, MD)",Data Engineer,United States,Full-time,False,lukebarousse/data_jobs
2137,Senior Data Engineer,Publicis Sapient,"Virginia, MN","Title short: Senior Data Engineer. Schedule: Full-time. Remote: False. Country: United States. Skills: azure, terraform.",azure;terraform,data_engineering,Senior Data Engineer,Senior Data Engineer,United States,Full-time,False,lukebarousse/data_jobs
2138,Senior Data Engineer (f/m/o),WienIT GmbH,"Vienna, Austria","Title short: Senior Data Engineer. Schedule: Full-time. Remote: False. Country: Austria. Skills: azure, c#, git, java, nosql, power bi, python, r, sql.",azure;c#;git;java;nosql;power bi;python;r;sql,data_engineering,Senior Data Engineer (f/m/o),Senior Data Engineer,Austria,Full-time,False,lukebarousse/data_jobs
2139,Big Data Engineer with Scala/Java,Luxoft,Poland,"Title short: Data Engineer. Schedule: Full-time. Remote: False. Country: Poland. Skills: aws, azure, cassandra, databricks, github, java, mongodb, neo4j, nosql, oracle, postgresql, scala, spark, sql, sql server.",aws;azure;cassandra;databricks;github;java;mongodb;neo4j;nosql;oracle;postgresql;scala;spark;sql;sql server,data_engineering,Big Data Engineer with Scala/Java,Data Engineer,Poland,Full-time,False,lukebarousse/data_jobs
2140,Data Engineer,Adyen,"Amsterdam, Netherlands","Title short: Data Engineer. Schedule: Full-time. Remote: False. Country: Netherlands. Skills: airflow, docker, gitlab, hadoop, java, kafka, kubernetes, neo4j, python, scala, spark, yarn.",airflow;docker;gitlab;hadoop;java;kafka;kubernetes;neo4j;python;scala;spark;yarn,data_engineering,Data Engineer,Data Engineer,Netherlands,Full-time,False,lukebarousse/data_jobs
2141,"Senior Data Engineer, AdSmart (Scala)",NBCUniversal,"New York, NY","Title short: Senior Data Engineer. Schedule: Full-time. Remote: False. Country: Sudan. Skills: aws, java, kafka, kubernetes, nosql, scala, spark, sql.",aws;java;kafka;kubernetes;nosql;scala;spark;sql,data_engineering,"Senior Data Engineer, AdSmart (Scala)",Senior Data Engineer,Sudan,Full-time,False,lukebarousse/data_jobs
2142,JPC - 696 - Teradata Data Engineer,Flexon Technologies,"Austin, TX","Title short: Data Engineer. Schedule: Full-time. Remote: False. Country: United States. Skills: hadoop, python, sql.",hadoop;python;sql,data_engineering,JPC - 696 - Teradata Data Engineer,Data Engineer,United States,Full-time,False,lukebarousse/data_jobs
2143,Senior Data Engineer,Forsta,Anywhere,"Title short: Senior Data Engineer. Schedule: Full-time. Remote: True. Country: United States. Skills: aws, azure, c, docker, gcp, python, terraform.",aws;azure;c;docker;gcp;python;terraform,data_engineering,Senior Data Engineer,Senior Data Engineer,United States,Full-time,True,lukebarousse/data_jobs
2144,Tech Lead Data Engineer GCP H/F,Nigel Frank International,"Paris, France","Title short: Data Engineer. Schedule: Full-time. Remote: False. Country: France. Skills: aws, bigquery, gcp, redshift, scala, spark.",aws;bigquery;gcp;redshift;scala;spark,data_engineering,Tech Lead Data Engineer GCP H/F,Data Engineer,France,Full-time,False,lukebarousse/data_jobs
2145,Senior Data Engineer (H/F),Publicis Sapient France,"Paris, France","Title short: Senior Data Engineer. Schedule: Full-time. Remote: False. Country: France. Skills: airflow, aws, azure, flow, gcp, hadoop, kafka, mongodb, snowflake, spark, sql.",airflow;aws;azure;flow;gcp;hadoop;kafka;mongodb;snowflake;spark;sql,data_engineering,Senior Data Engineer (H/F),Senior Data Engineer,France,Full-time,False,lukebarousse/data_jobs
2146,Data Engineer,Kitopi,Anywhere,"Title short: Data Engineer. Schedule: Full-time. Remote: True. Country: Poland. Skills: airflow, aws, c, confluence, docker, excel, github, gitlab, jira, kafka, kubernetes, looker, power bi, python, sheets, snowflake, sql, terraform.",airflow;aws;c;confluence;docker;excel;github;gitlab;jira;kafka;kubernetes;looker;power bi;python;sheets;snowflake;sql;terraform,data_engineering,Data Engineer,Data Engineer,Poland,Full-time,True,lukebarousse/data_jobs
2147,Data Engineer,Vibrant Planet,Anywhere,"Title short: Data Engineer. Schedule: Full-time. Remote: True. Country: Sudan. Skills: airflow, hadoop, jupyter, pandas, python, spark.",airflow;hadoop;jupyter;pandas;python;spark,data_engineering,Data Engineer,Data Engineer,Sudan,Full-time,True,lukebarousse/data_jobs
2148,Senior Data Engineer,Capital One,"Camden, NJ","Title short: Senior Data Engineer. Schedule: Full-time. Remote: False. Country: United States. Skills: aws, azure, cassandra, hadoop, java, kafka, mongo, mysql, nosql, python, redshift, scala, shell, snowflake, spark, sql.",aws;azure;cassandra;hadoop;java;kafka;mongo;mysql;nosql;python;redshift;scala;shell;snowflake;spark;sql,data_engineering,Senior Data Engineer,Senior Data Engineer,United States,Full-time,False,lukebarousse/data_jobs
2149,Azure Data Engineer,Xurpas Enterprise,"Makati, Metro Manila, Philippines","Title short: Data Engineer. Schedule: nan. Remote: False. Country: Philippines. Skills: azure, python, sql, sql server.",azure;python;sql;sql server,data_engineering,Azure Data Engineer,Data Engineer,Philippines,,False,lukebarousse/data_jobs
2150,Data Engineer Sports (all genders),adesso SE,"Tasdorf, Germany","Title short: Data Engineer. Schedule: Full-time. Remote: False. Country: Germany. Skills: ansible, aws, azure, gcp, git, hadoop, java, kafka, puppet, python, scala, terraform.",ansible;aws;azure;gcp;git;hadoop;java;kafka;puppet;python;scala;terraform,data_engineering,Data Engineer Sports (all genders),Data Engineer,Germany,Full-time,False,lukebarousse/data_jobs
2151,Data Engineer/Architect (AI/ML),Snaphyre,Anywhere,"Title short: Data Engineer. Schedule: Full-time. Remote: True. Country: India. Skills: nosql, python.",nosql;python,data_engineering,Data Engineer/Architect (AI/ML),Data Engineer,India,Full-time,True,lukebarousse/data_jobs
2152,Azure Cloud Data Engineer - Hiring Immediately,Aspire Systems,"Maharashtra, India",Title short: Data Engineer. Schedule: Full-time. Remote: False. Country: India. Skills: azure.,azure,data_engineering,Azure Cloud Data Engineer - Hiring Immediately,Data Engineer,India,Full-time,False,lukebarousse/data_jobs
2153,Data Engineer in Metadata Driven Applications (m/f/d),ZEISS,"Munich, Germany","Title short: Data Engineer. Schedule: Full-time. Remote: False. Country: Germany. Skills: azure, excel, python.",azure;excel;python,data_engineering,Data Engineer in Metadata Driven Applications (m/f/d),Data Engineer,Germany,Full-time,False,lukebarousse/data_jobs
2154,Data Engineer,Tata Consultancy Services,"Chicago, IL","Title short: Data Engineer. Schedule: Full-time. Remote: False. Country: United States. Skills: azure, snowflake, sql.",azure;snowflake;sql,data_engineering,Data Engineer,Data Engineer,United States,Full-time,False,lukebarousse/data_jobs
2155,Data Engineer - Retail,Freshminds,United Kingdom,"Title short: Data Engineer. Schedule: Contractor and Temp work. Remote: False. Country: United Kingdom. Skills: azure, databricks, pyspark, sql.",azure;databricks;pyspark;sql,data_engineering,Data Engineer - Retail,Data Engineer,United Kingdom,Contractor and Temp work,False,lukebarousse/data_jobs
2156,Data Engineer - Azure,Pearl Executive Search,"Paris, France","Title short: Data Engineer. Schedule: Full-time. Remote: False. Country: France. Skills: azure, nosql, power bi, python, sql.",azure;nosql;power bi;python;sql,data_engineering,Data Engineer - Azure,Data Engineer,France,Full-time,False,lukebarousse/data_jobs
2157,Sr. Data Engineer,Ascendo Resources,"West Palm Beach, FL","Title short: Data Engineer. Schedule: Contractor. Remote: False. Country: United States. Skills: azure, sql.",azure;sql,data_engineering,Sr. Data Engineer,Data Engineer,United States,Contractor,False,lukebarousse/data_jobs
2158,Data Engineer,DXC Technology,"Manila, Metro Manila, Philippines","Title short: Data Engineer. Schedule: nan. Remote: False. Country: Philippines. Skills: aurora, aws, azure, bigquery, databricks, elasticsearch, gcp, hadoop, pyspark, python, redshift, scala, spark, sql.",aurora;aws;azure;bigquery;databricks;elasticsearch;gcp;hadoop;pyspark;python;redshift;scala;spark;sql,data_engineering,Data Engineer,Data Engineer,Philippines,,False,lukebarousse/data_jobs
2159,Consultant | Data Engineering,Amsterdam Data Collective,"Copenhagen, Denmark","Title short: Data Engineer. Schedule: Full-time. Remote: False. Country: Denmark. Skills: aws, azure, databricks, gcp, python.",aws;azure;databricks;gcp;python,data_engineering,Consultant | Data Engineering,Data Engineer,Denmark,Full-time,False,lukebarousse/data_jobs
2160,Data Engineer Senior - DWH,Hipoges,"Madrid, Spain","Title short: Senior Data Engineer. Schedule: Full-time. Remote: False. Country: Spain. Skills: excel, mysql, postgresql, sql.",excel;mysql;postgresql;sql,data_engineering,Data Engineer Senior - DWH,Senior Data Engineer,Spain,Full-time,False,lukebarousse/data_jobs
2161,Senior Data Platform Engineer (Remote) (7500 USD/Mes),Listopro,Anywhere,"Title short: Senior Data Engineer. Schedule: Full-time. Remote: True. Country: Chile. Skills: airflow, bigquery, docker, github, node, postgresql, terraform.",airflow;bigquery;docker;github;node;postgresql;terraform,data_engineering,Senior Data Platform Engineer (Remote) (7500 USD/Mes),Senior Data Engineer,Chile,Full-time,True,lukebarousse/data_jobs
2162,Lead Data Engineer (Hybrid),Chamberlain Group,"Oak Brook, IL","Title short: Data Engineer. Schedule: Full-time. Remote: False. Country: United States. Skills: azure, databricks, kafka, power bi, python, spark, sql.",azure;databricks;kafka;power bi;python;spark;sql,data_engineering,Lead Data Engineer (Hybrid),Data Engineer,United States,Full-time,False,lukebarousse/data_jobs
2163,Data Engineer (Kafka & Streaming),Toss Bank(토스뱅크),"Seoul, South Korea","Title short: Data Engineer. Schedule: Full-time. Remote: False. Country: South Korea. Skills: hadoop, kafka.",hadoop;kafka,data_engineering,Data Engineer (Kafka & Streaming),Data Engineer,South Korea,Full-time,False,lukebarousse/data_jobs
2164,Data Engineering (Data Architect),Be Different Recruitment,South Africa,"Title short: Data Engineer. Schedule: Full-time. Remote: False. Country: South Africa. Skills: aws, azure, hadoop, kafka, spark.",aws;azure;hadoop;kafka;spark,data_engineering,Data Engineering (Data Architect),Data Engineer,South Africa,Full-time,False,lukebarousse/data_jobs
2165,Data Engineer IV - Spectrum Reach,Spectrum,"Greenwood Village, CO","Title short: Data Engineer. Schedule: Full-time. Remote: False. Country: United States. Skills: airflow, alteryx, javascript, looker, nosql, python, r, shell, snowflake, spark, sql, tableau, windows.",airflow;alteryx;javascript;looker;nosql;python;r;shell;snowflake;spark;sql;tableau;windows,data_engineering,Data Engineer IV - Spectrum Reach,Data Engineer,United States,Full-time,False,lukebarousse/data_jobs
2166,Senior Big Data Engineer,Datumo,Hungary,"Title short: Senior Data Engineer. Schedule: Full-time. Remote: False. Country: Hungary. Skills: airflow, azure, bigquery, docker, gcp, kafka, kubernetes, python, scala, spark.",airflow;azure;bigquery;docker;gcp;kafka;kubernetes;python;scala;spark,data_engineering,Senior Big Data Engineer,Senior Data Engineer,Hungary,Full-time,False,lukebarousse/data_jobs
2167,Data Engineer - ETL Developer,PT. IDStar Cipta Teknologi (IDstar),"Jakarta, Indonesia","Title short: Data Engineer. Schedule: Contractor. Remote: False. Country: Indonesia. Skills: kafka, oracle, spark, sql.",kafka;oracle;spark;sql,data_engineering,Data Engineer - ETL Developer,Data Engineer,Indonesia,Contractor,False,lukebarousse/data_jobs
2168,Data Engineer H/F - Innovative Tech,Devoteam Innovative Tech,"Lille, France","Title short: Data Engineer. Schedule: Full-time. Remote: False. Country: France. Skills: aws, gcp, keras, looker, tableau, tensorflow.",aws;gcp;keras;looker;tableau;tensorflow,data_engineering,Data Engineer H/F - Innovative Tech,Data Engineer,France,Full-time,False,lukebarousse/data_jobs
2169,Senior Data Engineer,SII Group,"Gdańsk, Poland","Title short: Senior Data Engineer. Schedule: Full-time. Remote: False. Country: Poland. Skills: azure, databricks, python, scala, snowflake, spark, sql.",azure;databricks;python;scala;snowflake;spark;sql,data_engineering,Senior Data Engineer,Senior Data Engineer,Poland,Full-time,False,lukebarousse/data_jobs
2170,Senior Data Engineer,Capital One,Pennsylvania,"Title short: Senior Data Engineer. Schedule: Full-time. Remote: False. Country: United States. Skills: angular, cassandra, hadoop, java, javascript, mongo, mongodb, nosql, perl, python, scala, shell, spark, sql.",angular;cassandra;hadoop;java;javascript;mongo;mongodb;nosql;perl;python;scala;shell;spark;sql,data_engineering,Senior Data Engineer,Senior Data Engineer,United States,Full-time,False,lukebarousse/data_jobs
2171,Data Engineer,Oshi Health,"Jersey City, NJ","Title short: Data Engineer. Schedule: Full-time. Remote: False. Country: United States. Skills: aws, css, databricks, excel, go, html, java, node.js, postgresql, react, react.js, tableau.",aws;css;databricks;excel;go;html;java;node.js;postgresql;react;react.js;tableau,data_engineering,Data Engineer,Data Engineer,United States,Full-time,False,lukebarousse/data_jobs
2172,Data Engineer,INSIGHT,Italy,"Title short: Data Engineer. Schedule: Full-time. Remote: False. Country: Italy. Skills: aws, azure, bash, databricks, git, hadoop, java, jenkins, kafka, linux, python, shell, spark, sql.",aws;azure;bash;databricks;git;hadoop;java;jenkins;kafka;linux;python;shell;spark;sql,data_engineering,Data Engineer,Data Engineer,Italy,Full-time,False,lukebarousse/data_jobs
2173,Data Engineer,"Enterra Solutions, LLC",Anywhere,"Title short: Data Engineer. Schedule: Full-time. Remote: True. Country: United States. Skills: databricks, hadoop, kafka, python, scala, spark, sql.",databricks;hadoop;kafka;python;scala;spark;sql,data_engineering,Data Engineer,Data Engineer,United States,Full-time,True,lukebarousse/data_jobs
2174,Quant/Data Engineer - Macro Trading Pod - Hedge Fund - $350k,Paragon Executive Intelligence,,"Title short: Data Engineer. Schedule: Full-time. Remote: False. Country: United States. Skills: airflow, python, sql.",airflow;python;sql,data_engineering,Quant/Data Engineer - Macro Trading Pod - Hedge Fund - $350k,Data Engineer,United States,Full-time,False,lukebarousse/data_jobs
2175,Data Engineer,Insight Global,Anywhere,"Title short: Data Engineer. Schedule: Full-time. Remote: True. Country: Sudan. Skills: azure, pyspark, python, snowflake, sql.",azure;pyspark;python;snowflake;sql,data_engineering,Data Engineer,Data Engineer,Sudan,Full-time,True,lukebarousse/data_jobs
2176,"Data Engineer, CRM (m/f/x)",REWE International AG,"Vienna, Austria","Title short: Data Engineer. Schedule: Full-time. Remote: False. Country: Austria. Skills: bigquery, gcp, java, oracle, python, r, snowflake, sql.",bigquery;gcp;java;oracle;python;r;snowflake;sql,data_engineering,"Data Engineer, CRM (m/f/x)",Data Engineer,Austria,Full-time,False,lukebarousse/data_jobs
2177,Data Engineer (Security),Apex Systems,"Merrifield, VA","Title short: Data Engineer. Schedule: Full-time. Remote: False. Country: United States. Skills: azure, databricks, dax, git, github, matlab, mongo, nosql, pandas, power bi, pyspark, python, pytorch, r, sas, sharepoint, sql, ssis.",azure;databricks;dax;git;github;matlab;mongo;nosql;pandas;power bi;pyspark;python;pytorch;r;sas;sharepoint;sql;ssis,data_engineering,Data Engineer (Security),Data Engineer,United States,Full-time,False,lukebarousse/data_jobs
2178,Cloud/D&A/Microsoft/AI - AZURE DATA ENGINEER,Vega Intellisoft,"Bengaluru, Karnataka, India","Title short: Data Engineer. Schedule: Full-time. Remote: False. Country: India. Skills: azure, confluence, databricks, jira, power bi, pyspark, python, scala, spark, sql, unity.",azure;confluence;databricks;jira;power bi;pyspark;python;scala;spark;sql;unity,data_engineering,Cloud/D&A/Microsoft/AI - AZURE DATA ENGINEER,Data Engineer,India,Full-time,False,lukebarousse/data_jobs
2179,Data Engineer,Thelocal,"Madrid, Spain","Title short: Data Engineer. Schedule: Full-time. Remote: False. Country: Spain. Skills: azure, db2, oracle, sql.",azure;db2;oracle;sql,data_engineering,Data Engineer,Data Engineer,Spain,Full-time,False,lukebarousse/data_jobs
2180,"Un Data Engineer connaissant les technos Scala, Python, Spark...",Smarteo,"Issy-les-Moulineaux, France","Title short: Data Engineer. Schedule: Contractor. Remote: False. Country: France. Skills: airflow, confluence, docker, git, kafka, python, scala, spark.",airflow;confluence;docker;git;kafka;python;scala;spark,data_engineering,"Un Data Engineer connaissant les technos Scala, Python, Spark...",Data Engineer,France,Contractor,False,lukebarousse/data_jobs
2181,Data Engineer,Crystalintel,United States,"Title short: Data Engineer. Schedule: Full-time. Remote: False. Country: United States. Skills: centos, kafka, python.",centos;kafka;python,data_engineering,Data Engineer,Data Engineer,United States,Full-time,False,lukebarousse/data_jobs
2182,Senior Data Engineer - Remote/Hybrid,Proactive Appointments,"London, UK",Title short: Senior Data Engineer. Schedule: Full-time. Remote: False. Country: United Kingdom. Skills: azure.,azure,data_engineering,Senior Data Engineer - Remote/Hybrid,Senior Data Engineer,United Kingdom,Full-time,False,lukebarousse/data_jobs
2183,Manager Data Engineers,Canyon Associates,"Remote, OR","Title short: Data Engineer. Schedule: Full-time. Remote: False. Country: Sudan. Skills: aws, azure, databricks, mongodb, nosql, power bi, python, snowflake, sql, sql server.",aws;azure;databricks;mongodb;nosql;power bi;python;snowflake;sql;sql server,data_engineering,Manager Data Engineers,Data Engineer,Sudan,Full-time,False,lukebarousse/data_jobs
2184,Data Engineer-Associate,JPMorgan Chase & Co.,"Bengaluru, Karnataka, India","Title short: Data Engineer. Schedule: Full-time. Remote: False. Country: India. Skills: aws, cassandra, hadoop, kafka, python, redshift, spark.",aws;cassandra;hadoop;kafka;python;redshift;spark,data_engineering,Data Engineer-Associate,Data Engineer,India,Full-time,False,lukebarousse/data_jobs
2185,Senior Data Engineer - VP(K),BNY Mellon,"Pittsburgh, PA","Title short: Senior Data Engineer. Schedule: Full-time. Remote: False. Country: United States. Skills: azure, dax, mysql, oracle, power bi.",azure;dax;mysql;oracle;power bi,data_engineering,Senior Data Engineer - VP(K),Senior Data Engineer,United States,Full-time,False,lukebarousse/data_jobs
2186,"Senior Consultant, Development-Data Engineering",Infogain,"Gurugram, Haryana, India","Title short: Data Engineer. Schedule: Full-time. Remote: False. Country: India. Skills: airflow, flow, sql.",airflow;flow;sql,data_engineering,"Senior Consultant, Development-Data Engineering",Data Engineer,India,Full-time,False,lukebarousse/data_jobs
2187,Data Engineer/Python/Java,Technology Partners,"St. Louis, MO","Title short: Data Engineer. Schedule: Full-time. Remote: False. Country: United States. Skills: aws, bash, docker, github, go, graphql, java, javascript, kafka, kubernetes, python, r, scala, spark, sql.",aws;bash;docker;github;go;graphql;java;javascript;kafka;kubernetes;python;r;scala;spark;sql,data_engineering,Data Engineer/Python/Java,Data Engineer,United States,Full-time,False,lukebarousse/data_jobs
2188,Big Data Engineer (Java),LSEG (London Stock Exchange Group),"New York, NY","Title short: Data Engineer. Schedule: Full-time. Remote: False. Country: United States. Skills: express, git, gitlab, hadoop, java, jenkins, linux, puppet, scala, spark, sql, svn.",express;git;gitlab;hadoop;java;jenkins;linux;puppet;scala;spark;sql;svn,data_engineering,Big Data Engineer (Java),Data Engineer,United States,Full-time,False,lukebarousse/data_jobs
2189,LatentBridge - Senior Data Engineer - Python/SQL,Latent bridge,India,"Title short: Senior Data Engineer. Schedule: Full-time. Remote: False. Country: India. Skills: airflow, ansible, aws, azure, c++, cassandra, docker, hadoop, java, kafka, kubernetes, mongodb, python, spark, sql, terraform, yarn.",airflow;ansible;aws;azure;c++;cassandra;docker;hadoop;java;kafka;kubernetes;mongodb;python;spark;sql;terraform;yarn,data_engineering,LatentBridge - Senior Data Engineer - Python/SQL,Senior Data Engineer,India,Full-time,False,lukebarousse/data_jobs
2190,Data Engineer with AWS -Hybrid,MSys Inc.,"Boston, MA",Title short: Data Engineer. Schedule: Full-time. Remote: False. Country: United States. Skills: aws.,aws,data_engineering,Data Engineer with AWS -Hybrid,Data Engineer,United States,Full-time,False,lukebarousse/data_jobs
2191,Ssr. Data Engineer,Teladoc Health,Anywhere,"Title short: Data Engineer. Schedule: Contractor. Remote: True. Country: Argentina. Skills: docker, redshift, sql.",docker;redshift;sql,data_engineering,Ssr. Data Engineer,Data Engineer,Argentina,Contractor,True,lukebarousse/data_jobs
2192,Data Engineer - Systematic Credit - Leading Hedge Fund,Capital Markets Recruitment,"London, UK","Title short: Data Engineer. Schedule: Full-time. Remote: False. Country: United Kingdom. Skills: nosql, python, sql.",nosql;python;sql,data_engineering,Data Engineer - Systematic Credit - Leading Hedge Fund,Data Engineer,United Kingdom,Full-time,False,lukebarousse/data_jobs
2193,Data Engineer,Indium Software,"Bengaluru, Karnataka, India","Title short: Data Engineer. Schedule: Full-time. Remote: False. Country: India. Skills: python, sql.",python;sql,data_engineering,Data Engineer,Data Engineer,India,Full-time,False,lukebarousse/data_jobs
2194,Network Data Engineer,Precise Solutions,"Chicago, IL",Title short: Data Engineer. Schedule: Full-time. Remote: False. Country: United States. Skills: sql.,sql,data_engineering,Network Data Engineer,Data Engineer,United States,Full-time,False,lukebarousse/data_jobs
2195,Data Engineer (202564),Bull City Talent Group,Anywhere,"Title short: Data Engineer. Schedule: Contractor. Remote: True. Country: United States. Skills: bigquery, gcp, html, oracle, python, sql, unix.",bigquery;gcp;html;oracle;python;sql;unix,data_engineering,Data Engineer (202564),Data Engineer,United States,Contractor,True,lukebarousse/data_jobs
2196,Senior Big Data Engineer,EPAM Anywhere,Anywhere,"Title short: Senior Data Engineer. Schedule: Full-time. Remote: True. Country: Kazakhstan. Skills: hadoop, python, spark.",hadoop;python;spark,data_engineering,Senior Big Data Engineer,Senior Data Engineer,Kazakhstan,Full-time,True,lukebarousse/data_jobs
2197,Senior Data Engineer,"Miracle Software Systems, Inc","Dearborn, MI","Title short: Senior Data Engineer. Schedule: Full-time. Remote: False. Country: United States. Skills: bigquery, gcp, hadoop, java, python, sql, sql server.",bigquery;gcp;hadoop;java;python;sql;sql server,data_engineering,Senior Data Engineer,Senior Data Engineer,United States,Full-time,False,lukebarousse/data_jobs
2198,Data Engineer,SuperScale,"Bratislava, Slovakia",Title short: Data Engineer. Schedule: Full-time. Remote: False. Country: Slovakia. Skills: sql.,sql,data_engineering,Data Engineer,Data Engineer,Slovakia,Full-time,False,lukebarousse/data_jobs
2199,Senior Data Engineer,EMnify,"London, UK","Title short: Senior Data Engineer. Schedule: Full-time. Remote: False. Country: United Kingdom. Skills: airflow, aws, azure, bigquery, flow, hadoop, java, nosql, python, redshift, scala, spark.",airflow;aws;azure;bigquery;flow;hadoop;java;nosql;python;redshift;scala;spark,data_engineering,Senior Data Engineer,Senior Data Engineer,United Kingdom,Full-time,False,lukebarousse/data_jobs
2200,Senior Data Engineer,Stott and May,"Prague, Czechia","Title short: Senior Data Engineer. Schedule: Contractor. Remote: False. Country: Czechia. Skills: aws, azure, databricks, kafka, spark.",aws;azure;databricks;kafka;spark,data_engineering,Senior Data Engineer,Senior Data Engineer,Czechia,Contractor,False,lukebarousse/data_jobs
2201,"PhD position in computer science (NLP, finance)",Грешнев Олег Владимирович,Russia,"Title short: Machine Learning Engineer. Schedule: Full-time. Remote: False. Country: Russia. Skills: python, r.",python;r,ml_engineering,"PhD position in computer science (NLP, finance)",Machine Learning Engineer,Russia,Full-time,False,lukebarousse/data_jobs
2202,Sr ML Engineer - Research & NLP (Remote),BenchSci,"Toronto, ON, Canada","Title short: Machine Learning Engineer. Schedule: Full-time. Remote: False. Country: Canada. Skills: pandas, python, pytorch, sql.",pandas;python;pytorch;sql,ml_engineering,Sr ML Engineer - Research & NLP (Remote),Machine Learning Engineer,Canada,Full-time,False,lukebarousse/data_jobs
2203,Sr Principal Data Scientist/ML Engineer,Oracle,"Little Rock, AR","Title short: Senior Data Scientist. Schedule: Full-time. Remote: False. Country: Sudan. Skills: go, oracle, python, pytorch, scikit-learn, tensorflow.",go;oracle;python;pytorch;scikit-learn;tensorflow,ml_engineering,Sr Principal Data Scientist/ML Engineer,Senior Data Scientist,Sudan,Full-time,False,lukebarousse/data_jobs
2204,Machine Learning Engineer/Scientist High Performance Computing,Haiper,Anywhere,"Title short: Machine Learning Engineer. Schedule: Full-time. Remote: True. Country: Canada. Skills: python, pytorch.",python;pytorch,ml_engineering,Machine Learning Engineer/Scientist High Performance Computing,Machine Learning Engineer,Canada,Full-time,True,lukebarousse/data_jobs
2205,Lead Data Scientist/ Lead Machine Learning Engineer (Bangkok...,Agoda,"Vancouver, BC, Canada","Title short: Machine Learning Engineer. Schedule: Full-time. Remote: False. Country: Canada. Skills: pyspark, python, scala, sql.",pyspark;python;scala;sql,ml_engineering,Lead Data Scientist/ Lead Machine Learning Engineer (Bangkok...,Machine Learning Engineer,Canada,Full-time,False,lukebarousse/data_jobs
2206,Machine Learning Engineer,UNICCON Group of Companies,"Abuja, Nigeria","Title short: Machine Learning Engineer. Schedule: Full-time. Remote: False. Country: Nigeria. Skills: c++, docker, kubernetes, nltk, python, pytorch, tensorflow.",c++;docker;kubernetes;nltk;python;pytorch;tensorflow,ml_engineering,Machine Learning Engineer,Machine Learning Engineer,Nigeria,Full-time,False,lukebarousse/data_jobs
2207,"Senior Machine Learning Engineer AI, Analytics & Data",H&M Group,"Stockholm, Sweden","Title short: Machine Learning Engineer. Schedule: Full-time. Remote: False. Country: Sweden. Skills: gcp, gdpr, go, java, python.",gcp;gdpr;go;java;python,ml_engineering,"Senior Machine Learning Engineer AI, Analytics & Data",Machine Learning Engineer,Sweden,Full-time,False,lukebarousse/data_jobs
2208,Lead Machine Learning Engineer,EPAM Systems,Anywhere,"Title short: Machine Learning Engineer. Schedule: Full-time. Remote: True. Country: Armenia. Skills: aws, azure, docker, gcp, jenkins, kubernetes, python, spark, sql.",aws;azure;docker;gcp;jenkins;kubernetes;python;spark;sql,ml_engineering,Lead Machine Learning Engineer,Machine Learning Engineer,Armenia,Full-time,True,lukebarousse/data_jobs
2209,Data Scientist / ML Engineer,Coface,"Bois-Colombes, France","Title short: Machine Learning Engineer. Schedule: Full-time. Remote: False. Country: France. Skills: airflow, git, java, linux, nosql, python, react, sql.",airflow;git;java;linux;nosql;python;react;sql,ml_engineering,Data Scientist / ML Engineer,Machine Learning Engineer,France,Full-time,False,lukebarousse/data_jobs
2210,Lead Machine Learning Engineer,fierlo,Singapore,"Title short: Machine Learning Engineer. Schedule: Full-time. Remote: False. Country: Singapore. Skills: aws, keras, numpy, pandas, python, pytorch, scikit-learn.",aws;keras;numpy;pandas;python;pytorch;scikit-learn,ml_engineering,Lead Machine Learning Engineer,Machine Learning Engineer,Singapore,Full-time,False,lukebarousse/data_jobs
2211,ML Engineer,Fusemachines,"Lima, Peru","Title short: Machine Learning Engineer. Schedule: Full-time. Remote: False. Country: Peru. Skills: python, pytorch, tensorflow.",python;pytorch;tensorflow,ml_engineering,ML Engineer,Machine Learning Engineer,Peru,Full-time,False,lukebarousse/data_jobs
2212,Machine Learning Engineer,SnapHunt Pte Ltd,Singapore,"Title short: Machine Learning Engineer. Schedule: Full-time. Remote: False. Country: Singapore. Skills: c++, opencv, python, tensorflow.",c++;opencv;python;tensorflow,ml_engineering,Machine Learning Engineer,Machine Learning Engineer,Singapore,Full-time,False,lukebarousse/data_jobs
2213,Data Science - Machine Learning Engineer,Brooksource,Anywhere,"Title short: Machine Learning Engineer. Schedule: Full-time. Remote: True. Country: United States. Skills: git, github, go, hadoop, nosql, python, r, spark, sql.",git;github;go;hadoop;nosql;python;r;spark;sql,ml_engineering,Data Science - Machine Learning Engineer,Machine Learning Engineer,United States,Full-time,True,lukebarousse/data_jobs
2214,Machine Learning Engineer/DevOps Engineer,Sia Partners,"Amsterdam, Netherlands","Title short: Machine Learning Engineer. Schedule: Full-time. Remote: False. Country: Netherlands. Skills: ansible, aws, azure, chef, docker, gcp, kubernetes, mongodb, nosql, postgresql, python, sql, terraform.",ansible;aws;azure;chef;docker;gcp;kubernetes;mongodb;nosql;postgresql;python;sql;terraform,ml_engineering,Machine Learning Engineer/DevOps Engineer,Machine Learning Engineer,Netherlands,Full-time,False,lukebarousse/data_jobs
2215,Senior Machine Learning Engineer,Playtika,"Herzliya, Israel","Title short: Machine Learning Engineer. Schedule: Full-time. Remote: False. Country: Israel. Skills: docker, hadoop, kafka, keras, kubernetes, no-sql, pytorch, scikit-learn, spark, sql, tensorflow, word.",docker;hadoop;kafka;keras;kubernetes;no-sql;pytorch;scikit-learn;spark;sql;tensorflow;word,ml_engineering,Senior Machine Learning Engineer,Machine Learning Engineer,Israel,Full-time,False,lukebarousse/data_jobs
2216,ETL Engineer,Solera Corporation,"Ciudad Nezahualcóyotl, State of Mexico, Mexico","Title short: Machine Learning Engineer. Schedule: Full-time. Remote: False. Country: Mexico. Skills: alteryx, aws, azure, excel, nosql, oracle, python, spark, sql, sql server, ssis.",alteryx;aws;azure;excel;nosql;oracle;python;spark;sql;sql server;ssis,ml_engineering,ETL Engineer,Machine Learning Engineer,Mexico,Full-time,False,lukebarousse/data_jobs
2217,AI Engineer,Joblift,"Paris, France",Title short: Machine Learning Engineer. Schedule: Full-time and Temp work. Remote: False. Country: France. Skills: assembly.,assembly,ml_engineering,AI Engineer,Machine Learning Engineer,France,Full-time and Temp work,False,lukebarousse/data_jobs
2218,Machine Learning Engineer,PAYBACK,"Warsaw, Poland","Title short: Machine Learning Engineer. Schedule: Full-time. Remote: False. Country: Poland. Skills: ansible, cassandra, docker, firebase, gcp, java, jenkins, kafka, kubernetes, oracle, python, pytorch, scala, spark, spring, tensorflow.",ansible;cassandra;docker;firebase;gcp;java;jenkins;kafka;kubernetes;oracle;python;pytorch;scala;spark;spring;tensorflow,ml_engineering,Machine Learning Engineer,Machine Learning Engineer,Poland,Full-time,False,lukebarousse/data_jobs
2219,Computer Vision Developer (R&D),Bosch Group,"Bengaluru, Karnataka, India","Title short: Machine Learning Engineer. Schedule: Full-time. Remote: False. Country: India. Skills: keras, mxnet, opencv, python, pytorch, tensorflow.",keras;mxnet;opencv;python;pytorch;tensorflow,ml_engineering,Computer Vision Developer (R&D),Machine Learning Engineer,India,Full-time,False,lukebarousse/data_jobs
2220,Machine Learning Engineer,IBM,Costa Rica,"Title short: Machine Learning Engineer. Schedule: Full-time. Remote: False. Country: Costa Rica. Skills: c, c++, databricks, hadoop, java, keras, numpy, pandas, python, pytorch, scala, scikit-learn, spark, sql, tensorflow.",c;c++;databricks;hadoop;java;keras;numpy;pandas;python;pytorch;scala;scikit-learn;spark;sql;tensorflow,ml_engineering,Machine Learning Engineer,Machine Learning Engineer,Costa Rica,Full-time,False,lukebarousse/data_jobs
2221,Engineer,The Hard Hat Professional SA,"Johannesburg, South Africa",Title short: Machine Learning Engineer. Schedule: Full-time. Remote: False. Country: South Africa. Skills: go.,go,ml_engineering,Engineer,Machine Learning Engineer,South Africa,Full-time,False,lukebarousse/data_jobs
2222,Senior Data Engineer/Machine Learning Engineer,Harnham,"Birmingham, UK","Title short: Machine Learning Engineer. Schedule: Full-time. Remote: False. Country: United Kingdom. Skills: python, sql.",python;sql,ml_engineering,Senior Data Engineer/Machine Learning Engineer,Machine Learning Engineer,United Kingdom,Full-time,False,lukebarousse/data_jobs
2223,Staff Machine Learning Engineer,Zendesk,"Sobótka, Poland","Title short: Machine Learning Engineer. Schedule: Full-time. Remote: False. Country: Poland. Skills: aurora, aws, docker, elasticsearch, go, java, kafka, kubernetes, mysql, python, pytorch, redis, ruby, scala, slack, spark, tensorflow.",aurora;aws;docker;elasticsearch;go;java;kafka;kubernetes;mysql;python;pytorch;redis;ruby;scala;slack;spark;tensorflow,ml_engineering,Staff Machine Learning Engineer,Machine Learning Engineer,Poland,Full-time,False,lukebarousse/data_jobs
2224,Senior NLP/ML Engineer,Exadel,Hungary,"Title short: Machine Learning Engineer. Schedule: Full-time. Remote: False. Country: Hungary. Skills: airflow, aws, hugging face, kafka, pandas, python, pytorch, redshift, spark, sql, tensorflow.",airflow;aws;hugging face;kafka;pandas;python;pytorch;redshift;spark;sql;tensorflow,ml_engineering,Senior NLP/ML Engineer,Machine Learning Engineer,Hungary,Full-time,False,lukebarousse/data_jobs
2225,Machine Learning Engineering Lead,Pfizer,"San José Province, Escazu, Costa Rica","Title short: Machine Learning Engineer. Schedule: Full-time. Remote: False. Country: Costa Rica. Skills: aws, github, jenkins, python, snowflake.",aws;github;jenkins;python;snowflake,ml_engineering,Machine Learning Engineering Lead,Machine Learning Engineer,Costa Rica,Full-time,False,lukebarousse/data_jobs
2226,Machine Learning Engineer,eMumba,"Islamabad, Pakistan","Title short: Machine Learning Engineer. Schedule: Full-time. Remote: False. Country: Pakistan. Skills: go, pandas, python, scikit-learn.",go;pandas;python;scikit-learn,ml_engineering,Machine Learning Engineer,Machine Learning Engineer,Pakistan,Full-time,False,lukebarousse/data_jobs
2227,AI Engineer,ING,"Amsterdam, Netherlands","Title short: Machine Learning Engineer. Schedule: Full-time. Remote: False. Country: Netherlands. Skills: python, sql, tensorflow, theano.",python;sql;tensorflow;theano,ml_engineering,AI Engineer,Machine Learning Engineer,Netherlands,Full-time,False,lukebarousse/data_jobs
2228,Senior Machine Learning Engineer (Data Science),sennder,"Berlin, Germany","Title short: Senior Data Scientist. Schedule: Full-time. Remote: False. Country: Germany. Skills: aws, git, go, jira, python.",aws;git;go;jira;python,ml_engineering,Senior Machine Learning Engineer (Data Science),Senior Data Scientist,Germany,Full-time,False,lukebarousse/data_jobs
2229,Senior Data Scientist / ML Engineer,Synechron,"Amsterdam, Netherlands","Title short: Senior Data Scientist. Schedule: Full-time. Remote: False. Country: Netherlands. Skills: gcp, hadoop, pandas, python, r, sas, scala, spark, sql.",gcp;hadoop;pandas;python;r;sas;scala;spark;sql,ml_engineering,Senior Data Scientist / ML Engineer,Senior Data Scientist,Netherlands,Full-time,False,lukebarousse/data_jobs
2230,Machine Learning Engineer,Ambush,"Porto Alegre, RS, Brazil","Title short: Machine Learning Engineer. Schedule: Full-time. Remote: False. Country: Brazil. Skills: c, c++, go, jupyter, linux, numpy, pandas, python, pytorch, rust, sql.",c;c++;go;jupyter;linux;numpy;pandas;python;pytorch;rust;sql,ml_engineering,Machine Learning Engineer,Machine Learning Engineer,Brazil,Full-time,False,lukebarousse/data_jobs
2231,Mid-Level Data Scientist / Machine Learning Engineer (m/f/d),HeyJobs GmbH,"Berlin, Germany","Title short: Machine Learning Engineer. Schedule: Full-time. Remote: False. Country: Germany. Skills: airflow, aws, docker, git, jupyter, pandas, python, pytorch, sql.",airflow;aws;docker;git;jupyter;pandas;python;pytorch;sql,ml_engineering,Mid-Level Data Scientist / Machine Learning Engineer (m/f/d),Machine Learning Engineer,Germany,Full-time,False,lukebarousse/data_jobs
2232,Sr. Data Scientist (Machine Learning Engineering),PetCo,"Austin, TX","Title short: Machine Learning Engineer. Schedule: Full-time. Remote: False. Country: Sudan. Skills: airflow, aws, docker, dynamodb, flask, gcp, git, gitlab, hadoop, kubernetes, nosql, python, pytorch, r, spark, sql, tensorflow.",airflow;aws;docker;dynamodb;flask;gcp;git;gitlab;hadoop;kubernetes;nosql;python;pytorch;r;spark;sql;tensorflow,ml_engineering,Sr. Data Scientist (Machine Learning Engineering),Machine Learning Engineer,Sudan,Full-time,False,lukebarousse/data_jobs
2233,MLOps Engineer,Veo,"Copenhagen, Denmark","Title short: Machine Learning Engineer. Schedule: Full-time. Remote: False. Country: Denmark. Skills: aws, azure, docker, elasticsearch, kubernetes, linux, pytorch, tensorflow.",aws;azure;docker;elasticsearch;kubernetes;linux;pytorch;tensorflow,ml_engineering,MLOps Engineer,Machine Learning Engineer,Denmark,Full-time,False,lukebarousse/data_jobs
2234,Principal Machine Learning Engineer,sennder,Anywhere,"Title short: Machine Learning Engineer. Schedule: Full-time. Remote: True. Country: Greece. Skills: docker, flask, git, go, jira, jupyter, kafka, python, terraform.",docker;flask;git;go;jira;jupyter;kafka;python;terraform,ml_engineering,Principal Machine Learning Engineer,Machine Learning Engineer,Greece,Full-time,True,lukebarousse/data_jobs
2235,Business Intelligence Engineer (m/f/d),Dr. Schär,"Burgstall, Autonomous Province of Bolzano – South Tyrol, Italy",Title short: Machine Learning Engineer. Schedule: Full-time. Remote: False. Country: Italy. Skills: sql.,sql,ml_engineering,Business Intelligence Engineer (m/f/d),Machine Learning Engineer,Italy,Full-time,False,lukebarousse/data_jobs
2236,Ingeniera / Ingeniero de Machine Learning,MercadoLibre,"Montevideo, Montevideo Department, Uruguay","Title short: Machine Learning Engineer. Schedule: Full-time. Remote: False. Country: Uruguay. Skills: keras, matplotlib, numpy, pandas, python, pytorch, redshift, scikit-learn, tensorflow.",keras;matplotlib;numpy;pandas;python;pytorch;redshift;scikit-learn;tensorflow,ml_engineering,Ingeniera / Ingeniero de Machine Learning,Machine Learning Engineer,Uruguay,Full-time,False,lukebarousse/data_jobs
2237,Machine Learning Engineer - MLOps,Wolt,"Helsinki, Finland","Title short: Machine Learning Engineer. Schedule: Full-time. Remote: False. Country: Finland. Skills: docker, kubernetes, python.",docker;kubernetes;python,ml_engineering,Machine Learning Engineer - MLOps,Machine Learning Engineer,Finland,Full-time,False,lukebarousse/data_jobs
2238,Mi analyst,HAYS Recrutement Interne,"Balma, France",Title short: Machine Learning Engineer. Schedule: Temp work. Remote: False. Country: France. Skills: sheets.,sheets,ml_engineering,Mi analyst,Machine Learning Engineer,France,Temp work,False,lukebarousse/data_jobs
2239,Senior Machine Learning Engineer,Unisys,"Vilnius, Vilnius City Municipality, Lithuania","Title short: Machine Learning Engineer. Schedule: Full-time. Remote: False. Country: Lithuania. Skills: python, spark.",python;spark,ml_engineering,Senior Machine Learning Engineer,Machine Learning Engineer,Lithuania,Full-time,False,lukebarousse/data_jobs
2240,Machine Learning Engineer (Computer Vision),Перескоков Владислав Андреевич,"St Petersburg, Russia","Title short: Machine Learning Engineer. Schedule: Full-time. Remote: False. Country: Russia. Skills: git, linux, opencv, pytorch.",git;linux;opencv;pytorch,ml_engineering,Machine Learning Engineer (Computer Vision),Machine Learning Engineer,Russia,Full-time,False,lukebarousse/data_jobs
2241,Internship - Machine Learning Engineer - Predictive Maintenance of...,Infineon Technologies,Singapore,Title short: Machine Learning Engineer. Schedule: Full-time. Remote: False. Country: Singapore. Skills: python.,python,ml_engineering,Internship - Machine Learning Engineer - Predictive Maintenance of...,Machine Learning Engineer,Singapore,Full-time,False,lukebarousse/data_jobs
2242,Machine Learning Engineer,Tangspac,Singapore,"Title short: Machine Learning Engineer. Schedule: Full-time. Remote: False. Country: Singapore. Skills: hadoop, python, spark.",hadoop;python;spark,ml_engineering,Machine Learning Engineer,Machine Learning Engineer,Singapore,Full-time,False,lukebarousse/data_jobs
2243,ML Engineer,NKU Technologies Pvt.Ltd.,"Lahore, Pakistan","Title short: Machine Learning Engineer. Schedule: Full-time. Remote: False. Country: Pakistan. Skills: java, python, pytorch, r, scikit-learn, tensorflow.",java;python;pytorch;r;scikit-learn;tensorflow,ml_engineering,ML Engineer,Machine Learning Engineer,Pakistan,Full-time,False,lukebarousse/data_jobs
2244,Senior Machine Learning Engineer,TRACTIAN,Anywhere,"Title short: Machine Learning Engineer. Schedule: Full-time. Remote: True. Country: Brazil. Skills: c, c++, python, pytorch, scikit-learn, tensorflow.",c;c++;python;pytorch;scikit-learn;tensorflow,ml_engineering,Senior Machine Learning Engineer,Machine Learning Engineer,Brazil,Full-time,True,lukebarousse/data_jobs
2245,Data Science/Machine Learning Engineer,Legal Monster ApS,"Copenhagen, Denmark","Title short: Machine Learning Engineer. Schedule: Full-time. Remote: False. Country: Denmark. Skills: docker, gdpr, kubernetes, python, pytorch, scikit-learn, terminal.",docker;gdpr;kubernetes;python;pytorch;scikit-learn;terminal,ml_engineering,Data Science/Machine Learning Engineer,Machine Learning Engineer,Denmark,Full-time,False,lukebarousse/data_jobs
2246,MLOps Engineer,SIXT,"Lisbon, Portugal","Title short: Machine Learning Engineer. Schedule: Full-time. Remote: False. Country: Portugal. Skills: aws, docker, gcp, kubernetes, python, terraform.",aws;docker;gcp;kubernetes;python;terraform,ml_engineering,MLOps Engineer,Machine Learning Engineer,Portugal,Full-time,False,lukebarousse/data_jobs
2247,MLOps Engineer (AI),Golden Careers Recruitment,"Limassol, Cyprus","Title short: Machine Learning Engineer. Schedule: Full-time. Remote: False. Country: Cyprus. Skills: azure, docker, elasticsearch, github, golang, jenkins, kafka, kubernetes, mongodb, nosql, postgresql, python, sql, terraform.",azure;docker;elasticsearch;github;golang;jenkins;kafka;kubernetes;mongodb;nosql;postgresql;python;sql;terraform,ml_engineering,MLOps Engineer (AI),Machine Learning Engineer,Cyprus,Full-time,False,lukebarousse/data_jobs
2248,Machine Learning Scientist - NLP,Zenon Analytics,"New Delhi, Delhi, India","Title short: Machine Learning Engineer. Schedule: Full-time. Remote: False. Country: India. Skills: aws, azure, gcp, pytorch, tensorflow.",aws;azure;gcp;pytorch;tensorflow,ml_engineering,Machine Learning Scientist - NLP,Machine Learning Engineer,India,Full-time,False,lukebarousse/data_jobs
2249,Machine Learning,RxCloud,"Remote, OR","Title short: Machine Learning Engineer. Schedule: Full-time. Remote: False. Country: United States. Skills: java, keras, python, pytorch, r, scikit-learn.",java;keras;python;pytorch;r;scikit-learn,ml_engineering,Machine Learning,Machine Learning Engineer,United States,Full-time,False,lukebarousse/data_jobs
2250,MLOPS and Data Engineer,Aviva,"Bristol, UK","Title short: Data Engineer. Schedule: Full-time. Remote: False. Country: United Kingdom. Skills: confluence, jira, kubernetes, pyspark, spark.",confluence;jira;kubernetes;pyspark;spark,ml_engineering,MLOPS and Data Engineer,Data Engineer,United Kingdom,Full-time,False,lukebarousse/data_jobs
2251,Machine Learning Engineer,NeuralWorks,"Santiago, Chile","Title short: Machine Learning Engineer. Schedule: Full-time. Remote: False. Country: Chile. Skills: docker, gcp, python, sql, unix.",docker;gcp;python;sql;unix,ml_engineering,Machine Learning Engineer,Machine Learning Engineer,Chile,Full-time,False,lukebarousse/data_jobs
2252,Senior Machine Learning Engineer,ZCL | Xerxe,China,"Title short: Machine Learning Engineer. Schedule: Full-time. Remote: False. Country: China. Skills: docker, elasticsearch, git, go, jenkins, kubernetes, postgresql, python, redis, sap, spark.",docker;elasticsearch;git;go;jenkins;kubernetes;postgresql;python;redis;sap;spark,ml_engineering,Senior Machine Learning Engineer,Machine Learning Engineer,China,Full-time,False,lukebarousse/data_jobs
2253,Lead Machine Learning Engineer,Recruiting from Scratch,"St Louis, Senegal","Title short: Machine Learning Engineer. Schedule: Full-time. Remote: False. Country: Senegal. Skills: python, pytorch, snowflake, sql, tensorflow.",python;pytorch;snowflake;sql;tensorflow,ml_engineering,Lead Machine Learning Engineer,Machine Learning Engineer,Senegal,Full-time,False,lukebarousse/data_jobs
2254,"Machine Learning Scientist, Startups",Alberta Machine Intelligence Institute,"Edmonton, AB, Canada","Title short: Machine Learning Engineer. Schedule: Full-time. Remote: False. Country: Canada. Skills: c++, java, jupyter, keras, pandas, python, pytorch, r, scikit-learn, tensorflow.",c++;java;jupyter;keras;pandas;python;pytorch;r;scikit-learn;tensorflow,ml_engineering,"Machine Learning Scientist, Startups",Machine Learning Engineer,Canada,Full-time,False,lukebarousse/data_jobs
2255,Machine Learning Engineer,Happening,"Zagreb, Croatia","Title short: Machine Learning Engineer. Schedule: Full-time. Remote: False. Country: Croatia. Skills: aws, azure, docker, dynamodb, gcp, git, kafka, kubernetes, python, pytorch, scikit-learn, spark, tensorflow.",aws;azure;docker;dynamodb;gcp;git;kafka;kubernetes;python;pytorch;scikit-learn;spark;tensorflow,ml_engineering,Machine Learning Engineer,Machine Learning Engineer,Croatia,Full-time,False,lukebarousse/data_jobs
2256,Senior Data Scientist/MLOps (m/w/d),Passion for People GmbH,"Karlsruhe, Germany","Title short: Senior Data Scientist. Schedule: Full-time. Remote: False. Country: Germany. Skills: python, pytorch, sql, tensorflow.",python;pytorch;sql;tensorflow,ml_engineering,Senior Data Scientist/MLOps (m/w/d),Senior Data Scientist,Germany,Full-time,False,lukebarousse/data_jobs
2257,Senior ML Engineer,Honeycomb Software,"Lviv, Lviv Oblast, Ukraine","Title short: Machine Learning Engineer. Schedule: Full-time. Remote: False. Country: Ukraine. Skills: c++, python, pytorch, tensorflow.",c++;python;pytorch;tensorflow,ml_engineering,Senior ML Engineer,Machine Learning Engineer,Ukraine,Full-time,False,lukebarousse/data_jobs
2258,ML Engineer,NordAxon,"Malmö, Sweden","Title short: Machine Learning Engineer. Schedule: Full-time. Remote: False. Country: Sweden. Skills: c++, cassandra, docker, fastapi, flask, gcp, git, java, keras, kubernetes, mongodb, neo4j, nosql, pandas, python, pytorch, react, sql, tensorflow, theano.",c++;cassandra;docker;fastapi;flask;gcp;git;java;keras;kubernetes;mongodb;neo4j;nosql;pandas;python;pytorch;react;sql;tensorflow;theano,ml_engineering,ML Engineer,Machine Learning Engineer,Sweden,Full-time,False,lukebarousse/data_jobs
2259,Machine Learning Engineer (zzp - freelance),Waternet,"Noordbeemster, Netherlands",Title short: Machine Learning Engineer. Schedule: Contractor. Remote: False. Country: Netherlands. Skills: azure.,azure,ml_engineering,Machine Learning Engineer (zzp - freelance),Machine Learning Engineer,Netherlands,Contractor,False,lukebarousse/data_jobs
2260,Machine Learning Engineer Pleno,Loopt,"Brasília - Brasilia, Federal District, Brazil","Title short: Machine Learning Engineer. Schedule: Full-time. Remote: False. Country: Brazil. Skills: aws, azure, gcp, git, pandas, python, pytorch, scikit-learn, tensorflow.",aws;azure;gcp;git;pandas;python;pytorch;scikit-learn;tensorflow,ml_engineering,Machine Learning Engineer Pleno,Machine Learning Engineer,Brazil,Full-time,False,lukebarousse/data_jobs
2261,AI/ML Engineer,Knowesis Inc.,Anywhere,"Title short: Machine Learning Engineer. Schedule: Full-time. Remote: True. Country: United States. Skills: aws, azure, c++, gcp, hadoop, java, keras, python, pytorch, r, spark, tensorflow.",aws;azure;c++;gcp;hadoop;java;keras;python;pytorch;r;spark;tensorflow,ml_engineering,AI/ML Engineer,Machine Learning Engineer,United States,Full-time,True,lukebarousse/data_jobs
2262,AI/ML Engineer - ICL - OPEN RANK,Georgia Tech Research Institute,"Atlanta, GA","Title short: Machine Learning Engineer. Schedule: Full-time. Remote: False. Country: United States. Skills: aws, azure, databricks, github, jupyter, matlab, python, r, scala, spark, sql.",aws;azure;databricks;github;jupyter;matlab;python;r;scala;spark;sql,ml_engineering,AI/ML Engineer - ICL - OPEN RANK,Machine Learning Engineer,United States,Full-time,False,lukebarousse/data_jobs
2263,NLP Research Engineer,DigitalOwl,"Tel Aviv-Yafo, Israel","Title short: Machine Learning Engineer. Schedule: Full-time. Remote: False. Country: Israel. Skills: python, pytorch, tensorflow.",python;pytorch;tensorflow,ml_engineering,NLP Research Engineer,Machine Learning Engineer,Israel,Full-time,False,lukebarousse/data_jobs
2264,Junior Machine Learning Engineer,UN - United Nations,"Beirut, Lebanon","Title short: Machine Learning Engineer. Schedule: nan. Remote: False. Country: Lebanon. Skills: aws, azure, python, r, sql, windows.",aws;azure;python;r;sql;windows,ml_engineering,Junior Machine Learning Engineer,Machine Learning Engineer,Lebanon,,False,lukebarousse/data_jobs
2265,Senior Machine Learning Scientist (Poland Remote),Turnitin,Anywhere,"Title short: Machine Learning Engineer. Schedule: Full-time. Remote: True. Country: Poland. Skills: aws, docker, flask, git, github, hugging face, javascript, jupyter, python, pytorch, react, scikit-learn, sql.",aws;docker;flask;git;github;hugging face;javascript;jupyter;python;pytorch;react;scikit-learn;sql,ml_engineering,Senior Machine Learning Scientist (Poland Remote),Machine Learning Engineer,Poland,Full-time,True,lukebarousse/data_jobs
2266,Machine Learning Engineer,HiredScore,"Tel Aviv-Yafo, Israel","Title short: Machine Learning Engineer. Schedule: Full-time. Remote: False. Country: Israel. Skills: c, python.",c;python,ml_engineering,Machine Learning Engineer,Machine Learning Engineer,Israel,Full-time,False,lukebarousse/data_jobs
2267,Python With ML Engineer,Navtech,"Hyderabad, Telangana, India","Title short: Machine Learning Engineer. Schedule: Full-time. Remote: False. Country: India. Skills: aws, python, pytorch, scikit-learn, tensorflow.",aws;python;pytorch;scikit-learn;tensorflow,ml_engineering,Python With ML Engineer,Machine Learning Engineer,India,Full-time,False,lukebarousse/data_jobs
2268,Sr. Machine Learning Engineer,Cardinal Health,"Bengaluru, Karnataka, India","Title short: Machine Learning Engineer. Schedule: Full-time. Remote: False. Country: India. Skills: gcp, jenkins, python, tensorflow.",gcp;jenkins;python;tensorflow,ml_engineering,Sr. Machine Learning Engineer,Machine Learning Engineer,India,Full-time,False,lukebarousse/data_jobs
2269,Machine Learning Engineer | Taguig,Ubiquity,"Taguig, Metro Manila, Philippines","Title short: Machine Learning Engineer. Schedule: Full-time. Remote: False. Country: Philippines. Skills: excel, pytorch, tensorflow.",excel;pytorch;tensorflow,ml_engineering,Machine Learning Engineer | Taguig,Machine Learning Engineer,Philippines,Full-time,False,lukebarousse/data_jobs
2270,Machine Learning Researcher,finegrain,"Paris, France",Title short: Machine Learning Engineer. Schedule: Full-time. Remote: False. Country: France. Skills: pytorch.,pytorch,ml_engineering,Machine Learning Researcher,Machine Learning Engineer,France,Full-time,False,lukebarousse/data_jobs
2271,Machine Learning Engineer,Viaplay Group,"Stockholm, Sweden","Title short: Machine Learning Engineer. Schedule: Full-time. Remote: False. Country: Sweden. Skills: aws, go, python, spark, sql.",aws;go;python;spark;sql,ml_engineering,Machine Learning Engineer,Machine Learning Engineer,Sweden,Full-time,False,lukebarousse/data_jobs
2272,Computer Vision Scientist,Harnham,"Santa Monica, CA","Title short: Machine Learning Engineer. Schedule: Full-time. Remote: False. Country: United States. Skills: c++, python.",c++;python,ml_engineering,Computer Vision Scientist,Machine Learning Engineer,United States,Full-time,False,lukebarousse/data_jobs
2273,"(Senior) Data and Machine Learning Engineer, CSII",The Hong Kong Jockey Club,Hong Kong,"Title short: Senior Data Engineer. Schedule: nan. Remote: False. Country: Hong Kong. Skills: c#, c++, docker, java, kubernetes, python, sql, sql server, vba.",c#;c++;docker;java;kubernetes;python;sql;sql server;vba,ml_engineering,"(Senior) Data and Machine Learning Engineer, CSII",Senior Data Engineer,Hong Kong,,False,lukebarousse/data_jobs
2274,ML Ops Engineer,Atura,"Cape Town, South Africa","Title short: Machine Learning Engineer. Schedule: Full-time. Remote: False. Country: South Africa. Skills: aws, azure, docker, git, kubernetes, python, pytorch, scikit-learn, tensorflow.",aws;azure;docker;git;kubernetes;python;pytorch;scikit-learn;tensorflow,ml_engineering,ML Ops Engineer,Machine Learning Engineer,South Africa,Full-time,False,lukebarousse/data_jobs
2275,Kafka Engineer,Sollers Consulting,Italy,"Title short: Machine Learning Engineer. Schedule: Full-time. Remote: False. Country: Italy. Skills: airflow, flow, java, kafka, nosql, python, r, scala, spark.",airflow;flow;java;kafka;nosql;python;r;scala;spark,ml_engineering,Kafka Engineer,Machine Learning Engineer,Italy,Full-time,False,lukebarousse/data_jobs
2276,MLOps Engineer,BigData Republic,"Nieuwegein, Netherlands","Title short: Machine Learning Engineer. Schedule: Full-time. Remote: False. Country: Netherlands. Skills: airflow, docker, go, kafka, kubernetes, python, spark, terraform.",airflow;docker;go;kafka;kubernetes;python;spark;terraform,ml_engineering,MLOps Engineer,Machine Learning Engineer,Netherlands,Full-time,False,lukebarousse/data_jobs
2277,Staff Machine Learning Engineer,Intuit,"Petah Tikva, Israel","Title short: Machine Learning Engineer. Schedule: Full-time. Remote: False. Country: Israel. Skills: aws, docker, git, github, java, keras, kubernetes, nltk, numpy, pandas, python, scala, spark, sql, tensorflow.",aws;docker;git;github;java;keras;kubernetes;nltk;numpy;pandas;python;scala;spark;sql;tensorflow,ml_engineering,Staff Machine Learning Engineer,Machine Learning Engineer,Israel,Full-time,False,lukebarousse/data_jobs
2278,Lead ML Engineer - PO of MLOps,Novo Nordisk,"Bagsværd, Denmark","Title short: Machine Learning Engineer. Schedule: Full-time. Remote: False. Country: Denmark. Skills: aws, go.",aws;go,ml_engineering,Lead ML Engineer - PO of MLOps,Machine Learning Engineer,Denmark,Full-time,False,lukebarousse/data_jobs
2279,Senior Machine Learning Engineer,Intercom,"Dublin, Ireland","Title short: Machine Learning Engineer. Schedule: Full-time. Remote: False. Country: Ireland. Skills: atlassian, aws, matplotlib, sql.",atlassian;aws;matplotlib;sql,ml_engineering,Senior Machine Learning Engineer,Machine Learning Engineer,Ireland,Full-time,False,lukebarousse/data_jobs
2280,Senior ML Engineer,Norlys Denmark,"Aarhus, Denmark","Title short: Machine Learning Engineer. Schedule: Full-time. Remote: False. Country: Denmark. Skills: azure, databricks, flask, python.",azure;databricks;flask;python,ml_engineering,Senior ML Engineer,Machine Learning Engineer,Denmark,Full-time,False,lukebarousse/data_jobs
2281,Applied Machine Learning Scientist,Thomson Reuters,"Mexico City, CDMX, Mexico","Title short: Machine Learning Engineer. Schedule: Full-time. Remote: False. Country: Mexico. Skills: java, python, scala.",java;python;scala,ml_engineering,Applied Machine Learning Scientist,Machine Learning Engineer,Mexico,Full-time,False,lukebarousse/data_jobs
2282,Machine Learning Engineer,Devoteam,Anywhere,"Title short: Machine Learning Engineer. Schedule: Full-time. Remote: True. Country: Portugal. Skills: azure, c#, databricks, kafka, python, spark.",azure;c#;databricks;kafka;python;spark,ml_engineering,Machine Learning Engineer,Machine Learning Engineer,Portugal,Full-time,True,lukebarousse/data_jobs
2283,NLP Engineer,Verisk,"Jersey City, NJ","Title short: Machine Learning Engineer. Schedule: Full-time. Remote: False. Country: United States. Skills: aws, azure, python, pytorch, tensorflow.",aws;azure;python;pytorch;tensorflow,ml_engineering,NLP Engineer,Machine Learning Engineer,United States,Full-time,False,lukebarousse/data_jobs
2284,Senior MLOPs Engineer (100% remote),Datrick,Anywhere,"Title short: Machine Learning Engineer. Schedule: Contractor. Remote: True. Country: Hungary. Skills: airflow, aws, bash, cassandra, docker, flask, jenkins, kafka, keras, kubernetes, mysql, oracle, python, pytorch, scala, scikit-learn, spark, spring, sql, tensorflow.",airflow;aws;bash;cassandra;docker;flask;jenkins;kafka;keras;kubernetes;mysql;oracle;python;pytorch;scala;scikit-learn;spark;spring;sql;tensorflow,ml_engineering,Senior MLOPs Engineer (100% remote),Machine Learning Engineer,Hungary,Contractor,True,lukebarousse/data_jobs
2285,Assistant Professor Position in Computer Science with a Focus on...,Syddansk Universitet (SDU),"Copenhagen, Denmark",Title short: Machine Learning Engineer. Schedule: Full-time. Remote: False. Country: Denmark. Skills: word.,word,ml_engineering,Assistant Professor Position in Computer Science with a Focus on...,Machine Learning Engineer,Denmark,Full-time,False,lukebarousse/data_jobs
2286,ML Engineer,AMK TECHNOLOGY SDN BHD,"Kuala Lumpur, Federal Territory of Kuala Lumpur, Malaysia","Title short: Machine Learning Engineer. Schedule: Full-time. Remote: False. Country: Malaysia. Skills: azure, databricks, python.",azure;databricks;python,ml_engineering,ML Engineer,Machine Learning Engineer,Malaysia,Full-time,False,lukebarousse/data_jobs
2287,AI/ML Engineer,VakıfBank,"İstanbul, Türkiye","Title short: Machine Learning Engineer. Schedule: Full-time. Remote: False. Country: Turkey. Skills: docker, kafka, keras, linux, mongodb, nosql, oracle, python, pytorch, sql, tensorflow.",docker;kafka;keras;linux;mongodb;nosql;oracle;python;pytorch;sql;tensorflow,ml_engineering,AI/ML Engineer,Machine Learning Engineer,Turkey,Full-time,False,lukebarousse/data_jobs
2288,"Senior Consultant, AI/ML Engineer",Slalom,"Tokyo, Japan","Title short: Machine Learning Engineer. Schedule: Full-time. Remote: False. Country: Japan. Skills: azure, python, r.",azure;python;r,ml_engineering,"Senior Consultant, AI/ML Engineer",Machine Learning Engineer,Japan,Full-time,False,lukebarousse/data_jobs
2289,Senior Machine Learning Engineer,"New Relic, Inc.","Tel Aviv-Yafo, Israel","Title short: Machine Learning Engineer. Schedule: Full-time. Remote: False. Country: Israel. Skills: aws, kafka, kotlin, kubernetes, python, spark, tensorflow.",aws;kafka;kotlin;kubernetes;python;spark;tensorflow,ml_engineering,Senior Machine Learning Engineer,Machine Learning Engineer,Israel,Full-time,False,lukebarousse/data_jobs
2290,Big Data Engineer or AI/ML Engineer,Tan Check Consolidated Inc.,"Round Rock, TX","Title short: Data Engineer. Schedule: Contractor. Remote: False. Country: United States. Skills: airflow, docker, gitlab, hadoop, kafka, kubernetes, python, redis, spark, sql.",airflow;docker;gitlab;hadoop;kafka;kubernetes;python;redis;spark;sql,ml_engineering,Big Data Engineer or AI/ML Engineer,Data Engineer,United States,Contractor,False,lukebarousse/data_jobs
2291,Machine Learning Engineer,ClearML,Anywhere,"Title short: Machine Learning Engineer. Schedule: Full-time. Remote: True. Country: Canada. Skills: kubernetes, python.",kubernetes;python,ml_engineering,Machine Learning Engineer,Machine Learning Engineer,Canada,Full-time,True,lukebarousse/data_jobs
2292,MDM Engineer,Wenger & Watson Inc,"Pune, Maharashtra, India","Title short: Machine Learning Engineer. Schedule: Full-time. Remote: False. Country: India. Skills: db2, java, mysql, oracle, python, sap, sql, sql server.",db2;java;mysql;oracle;python;sap;sql;sql server,ml_engineering,MDM Engineer,Machine Learning Engineer,India,Full-time,False,lukebarousse/data_jobs
2293,Prompt Engineer/Generative AI Engineer,Joblift,"Paris, France","Title short: Machine Learning Engineer. Schedule: Temp work. Remote: False. Country: France. Skills: nltk, python, pytorch, tensorflow.",nltk;python;pytorch;tensorflow,ml_engineering,Prompt Engineer/Generative AI Engineer,Machine Learning Engineer,France,Temp work,False,lukebarousse/data_jobs
2294,MI Analyst,In Technology Group,"Liverpool, UK","Title short: Machine Learning Engineer. Schedule: Full-time. Remote: False. Country: United Kingdom. Skills: excel, sql.",excel;sql,ml_engineering,MI Analyst,Machine Learning Engineer,United Kingdom,Full-time,False,lukebarousse/data_jobs
2295,Principal Machine Learning Engineer,Storm5,Anywhere,"Title short: Machine Learning Engineer. Schedule: Full-time. Remote: True. Country: Sudan. Skills: airflow, aws, docker, gcp, java, kubernetes, python, spark, sql.",airflow;aws;docker;gcp;java;kubernetes;python;spark;sql,ml_engineering,Principal Machine Learning Engineer,Machine Learning Engineer,Sudan,Full-time,True,lukebarousse/data_jobs
2296,MACHINE LEARNING RESEARCHER,BPTI,"Vilnius, Vilnius City Municipality, Lithuania","Title short: Machine Learning Engineer. Schedule: Full-time. Remote: False. Country: Lithuania. Skills: c, c++, julia, matlab, python.",c;c++;julia;matlab;python,ml_engineering,MACHINE LEARNING RESEARCHER,Machine Learning Engineer,Lithuania,Full-time,False,lukebarousse/data_jobs
2297,Security Analytics Lead (m/f/x),Dynatrace,"Klagenfurt am Wörthersee, Austria","Title short: Machine Learning Engineer. Schedule: Full-time. Remote: False. Country: Austria. Skills: kubernetes, python.",kubernetes;python,ml_engineering,Security Analytics Lead (m/f/x),Machine Learning Engineer,Austria,Full-time,False,lukebarousse/data_jobs
2298,Machine Learning Engineer,CGG,"Calgary, AB, Canada","Title short: Machine Learning Engineer. Schedule: Full-time. Remote: False. Country: Canada. Skills: c, c++, java, python, pytorch, tensorflow.",c;c++;java;python;pytorch;tensorflow,ml_engineering,Machine Learning Engineer,Machine Learning Engineer,Canada,Full-time,False,lukebarousse/data_jobs
2299,Automation Analyst,TMF Group,"Kuala Lumpur, Federal Territory of Kuala Lumpur, Malaysia","Title short: Machine Learning Engineer. Schedule: Full-time. Remote: False. Country: Malaysia. Skills: alteryx, excel, sql.",alteryx;excel;sql,ml_engineering,Automation Analyst,Machine Learning Engineer,Malaysia,Full-time,False,lukebarousse/data_jobs
2300,ML Engineer Senior,NTT DATA Italia,"Bari, Metropolitan City of Bari, Italy","Title short: Machine Learning Engineer. Schedule: Full-time. Remote: False. Country: Italy. Skills: c++, java, keras, python, pytorch, scala, spark.",c++;java;keras;python;pytorch;scala;spark,ml_engineering,ML Engineer Senior,Machine Learning Engineer,Italy,Full-time,False,lukebarousse/data_jobs
2301,ML Engineer,Zurich Insurance Company Ltd.,"Bratislava, Slovakia","Title short: Machine Learning Engineer. Schedule: Full-time. Remote: False. Country: Slovakia. Skills: aws, azure, c++, java, python, pytorch, scikit-learn, spark, tensorflow.",aws;azure;c++;java;python;pytorch;scikit-learn;spark;tensorflow,ml_engineering,ML Engineer,Machine Learning Engineer,Slovakia,Full-time,False,lukebarousse/data_jobs
2302,Senior C+ Autosar Adaptive Engineer,Luxoft,"Mexico City, CDMX, Mexico","Title short: Machine Learning Engineer. Schedule: Full-time. Remote: False. Country: Mexico. Skills: c++, git, jira, linux, python.",c++;git;jira;linux;python,ml_engineering,Senior C+ Autosar Adaptive Engineer,Machine Learning Engineer,Mexico,Full-time,False,lukebarousse/data_jobs
2303,Machine Learning Scientist,Joblift,"Paris, France","Title short: Machine Learning Engineer. Schedule: Temp work. Remote: False. Country: France. Skills: numpy, opencv, pandas, python, pytorch, sas, tensorflow.",numpy;opencv;pandas;python;pytorch;sas;tensorflow,ml_engineering,Machine Learning Scientist,Machine Learning Engineer,France,Temp work,False,lukebarousse/data_jobs
2304,Machine Learning Engineer,Jooble-PT,"Portalegre, Portugal","Title short: Machine Learning Engineer. Schedule: Full-time. Remote: False. Country: Portugal. Skills: aws, docker, fastapi, linux, numpy, pandas, python, sql.",aws;docker;fastapi;linux;numpy;pandas;python;sql,ml_engineering,Machine Learning Engineer,Machine Learning Engineer,Portugal,Full-time,False,lukebarousse/data_jobs
2305,Machine Learning Engineer,Tech Mahindra,"Nuevo León, Baja California, Mexico",Title short: Machine Learning Engineer. Schedule: Full-time. Remote: False. Country: Mexico. Skills: pyspark.,pyspark,ml_engineering,Machine Learning Engineer,Machine Learning Engineer,Mexico,Full-time,False,lukebarousse/data_jobs
2306,Engineer - Process,Shell Oil,"Makati, Metro Manila, Philippines","Title short: Machine Learning Engineer. Schedule: Full-time. Remote: False. Country: Philippines. Skills: flow, outlook.",flow;outlook,ml_engineering,Engineer - Process,Machine Learning Engineer,Philippines,Full-time,False,lukebarousse/data_jobs
2307,Data scientist / Machine Learning Engineer,SEO.ai,"Lyngby, Denmark","Title short: Machine Learning Engineer. Schedule: Full-time. Remote: False. Country: Denmark. Skills: php, python, pytorch, r, sql, tensorflow.",php;python;pytorch;r;sql;tensorflow,ml_engineering,Data scientist / Machine Learning Engineer,Machine Learning Engineer,Denmark,Full-time,False,lukebarousse/data_jobs
2308,Lead ML Engineer,Novo Nordisk,"Bagsværd, Denmark","Title short: Machine Learning Engineer. Schedule: Full-time. Remote: False. Country: Denmark. Skills: aws, go, python.",aws;go;python,ml_engineering,Lead ML Engineer,Machine Learning Engineer,Denmark,Full-time,False,lukebarousse/data_jobs
2309,Stage Machine Learning,Talend,"Nantes, France","Title short: Machine Learning Engineer. Schedule: Full-time. Remote: False. Country: France. Skills: gdpr, git, python, r, sas.",gdpr;git;python;r;sas,ml_engineering,Stage Machine Learning,Machine Learning Engineer,France,Full-time,False,lukebarousse/data_jobs
2310,Sr. Machine Learning Engineer,"Align Technology, Inc.",Canada,"Title short: Machine Learning Engineer. Schedule: Full-time. Remote: False. Country: Canada. Skills: atlassian, aws, bitbucket, c#, c++, confluence, git, jira, keras, numpy, pandas, power bi, python, spark, sql, tableau.",atlassian;aws;bitbucket;c#;c++;confluence;git;jira;keras;numpy;pandas;power bi;python;spark;sql;tableau,ml_engineering,Sr. Machine Learning Engineer,Machine Learning Engineer,Canada,Full-time,False,lukebarousse/data_jobs
2311,"Machine Learning Engineer, Multimedia Arch Data and Algorithm...",TikTok,Singapore,"Title short: Machine Learning Engineer. Schedule: Full-time. Remote: False. Country: Singapore. Skills: arch, golang, java, mxnet, python, pytorch, tensorflow.",arch;golang;java;mxnet;python;pytorch;tensorflow,ml_engineering,"Machine Learning Engineer, Multimedia Arch Data and Algorithm...",Machine Learning Engineer,Singapore,Full-time,False,lukebarousse/data_jobs
2312,Machine Learning Engineer,CPH.AI,"Frederiksberg, Denmark","Title short: Machine Learning Engineer. Schedule: Internship. Remote: False. Country: Denmark. Skills: python, pytorch, spark, tensorflow.",python;pytorch;spark;tensorflow,ml_engineering,Machine Learning Engineer,Machine Learning Engineer,Denmark,Internship,False,lukebarousse/data_jobs
2313,Machine Learning Engineer,Others,West Bengal,Title short: Machine Learning Engineer. Schedule: Contractor. Remote: False. Country: India. Skills: express.,express,ml_engineering,Machine Learning Engineer,Machine Learning Engineer,India,Contractor,False,lukebarousse/data_jobs
2314,Embedded Machine Learning Engineer (C++),Scandit,Anywhere,"Title short: Machine Learning Engineer. Schedule: Full-time. Remote: True. Country: Finland. Skills: c++, go, python.",c++;go;python,ml_engineering,Embedded Machine Learning Engineer (C++),Machine Learning Engineer,Finland,Full-time,True,lukebarousse/data_jobs
2315,AI Engineer,Care Health,"Ho Chi Minh City, Vietnam","Title short: Machine Learning Engineer. Schedule: Full-time. Remote: False. Country: Vietnam. Skills: go, keras, pyspark, python, pytorch, tensorflow.",go;keras;pyspark;python;pytorch;tensorflow,ml_engineering,AI Engineer,Machine Learning Engineer,Vietnam,Full-time,False,lukebarousse/data_jobs
2316,Senior Machine Learning Engineer - MLOps,IQVIA,Netherlands,"Title short: Machine Learning Engineer. Schedule: Full-time. Remote: False. Country: Netherlands. Skills: aws, azure, docker, gcp, kubernetes, linux, python, pytorch, tensorflow.",aws;azure;docker;gcp;kubernetes;linux;python;pytorch;tensorflow,ml_engineering,Senior Machine Learning Engineer - MLOps,Machine Learning Engineer,Netherlands,Full-time,False,lukebarousse/data_jobs
2317,Machine Learning Engineer,ISenseGroup/ICCS,"Athens, Greece","Title short: Machine Learning Engineer. Schedule: Full-time. Remote: False. Country: Greece. Skills: github, matlab, opencv, python, pytorch, scikit-learn, unity.",github;matlab;opencv;python;pytorch;scikit-learn;unity,ml_engineering,Machine Learning Engineer,Machine Learning Engineer,Greece,Full-time,False,lukebarousse/data_jobs
2318,Machine Learning,N-iX,"Roman, Romania","Title short: Machine Learning Engineer. Schedule: Full-time. Remote: False. Country: Romania. Skills: docker, python.",docker;python,ml_engineering,Machine Learning,Machine Learning Engineer,Romania,Full-time,False,lukebarousse/data_jobs
2319,Machine Learning Engineer,Medium,"Madrid, Spain","Title short: Machine Learning Engineer. Schedule: Full-time. Remote: False. Country: Spain. Skills: aws, gcp, mxnet, python, pytorch, spark, tensorflow.",aws;gcp;mxnet;python;pytorch;spark;tensorflow,ml_engineering,Machine Learning Engineer,Machine Learning Engineer,Spain,Full-time,False,lukebarousse/data_jobs
2320,Python Machine Learning Engineer,Harnham,"Amsterdam, Netherlands","Title short: Machine Learning Engineer. Schedule: Full-time. Remote: False. Country: Netherlands. Skills: airflow, aws, azure, gcp, hadoop, java, keras, linux, pandas, pyspark, python, scala, spark, tableau, tensorflow, windows, word.",airflow;aws;azure;gcp;hadoop;java;keras;linux;pandas;pyspark;python;scala;spark;tableau;tensorflow;windows;word,ml_engineering,Python Machine Learning Engineer,Machine Learning Engineer,Netherlands,Full-time,False,lukebarousse/data_jobs
2321,Machine Learning Engineer,AFFINITY Portugal,"Porto, Portugal","Title short: Machine Learning Engineer. Schedule: Full-time. Remote: False. Country: Portugal. Skills: airflow, aws, python, spark.",airflow;aws;python;spark,ml_engineering,Machine Learning Engineer,Machine Learning Engineer,Portugal,Full-time,False,lukebarousse/data_jobs
2322,Senior Machine Learning Engineer,SR2 | Socially Responsible Recruitment | Certified B Corporation™,"Düsseldorf, Germany",Title short: Machine Learning Engineer. Schedule: Full-time. Remote: False. Country: Germany. Skills: python.,python,ml_engineering,Senior Machine Learning Engineer,Machine Learning Engineer,Germany,Full-time,False,lukebarousse/data_jobs
2323,ML Engineer,Vestas,"Chennai, Tamil Nadu, India","Title short: Machine Learning Engineer. Schedule: Full-time. Remote: False. Country: India. Skills: azure, databricks, django, flask, rshiny, sql.",azure;databricks;django;flask;rshiny;sql,ml_engineering,ML Engineer,Machine Learning Engineer,India,Full-time,False,lukebarousse/data_jobs
2324,Data Engineer / MLops-(H/F),Société Générale Assurances,France,"Title short: Data Engineer. Schedule: Full-time. Remote: False. Country: France. Skills: docker, gitlab, hadoop, jenkins, pyspark, python, sas, spark.",docker;gitlab;hadoop;jenkins;pyspark;python;sas;spark,ml_engineering,Data Engineer / MLops-(H/F),Data Engineer,France,Full-time,False,lukebarousse/data_jobs
2325,MLOps  Engineer,Spotos,"Vilnius, Vilnius city municipality, Lithuania","Title short: Machine Learning Engineer. Schedule: Full-time. Remote: False. Country: Lithuania. Skills: airflow, bash, datarobot, docker, gcp, github, gitlab, go, kubernetes, linux, python, pytorch, ruby, scikit-learn, tensorflow.",airflow;bash;datarobot;docker;gcp;github;gitlab;go;kubernetes;linux;python;pytorch;ruby;scikit-learn;tensorflow,ml_engineering,MLOps  Engineer,Machine Learning Engineer,Lithuania,Full-time,False,lukebarousse/data_jobs
2326,Senior ML Engineer,Пану Ольга Германовна,Anywhere,"Title short: Machine Learning Engineer. Schedule: Full-time. Remote: True. Country: Kazakhstan. Skills: c++, git, notion, python, pytorch, rust, slack, tensorflow.",c++;git;notion;python;pytorch;rust;slack;tensorflow,ml_engineering,Senior ML Engineer,Machine Learning Engineer,Kazakhstan,Full-time,True,lukebarousse/data_jobs
2327,Senior Learning Analyst,D2L,Anywhere,"Title short: Machine Learning Engineer. Schedule: Full-time. Remote: True. Country: Canada. Skills: sql, tableau.",sql;tableau,ml_engineering,Senior Learning Analyst,Machine Learning Engineer,Canada,Full-time,True,lukebarousse/data_jobs
2328,Python Machine Learning Engineer,Leegality,Namibia,Title short: Machine Learning Engineer. Schedule: Full-time. Remote: False. Country: Namibia. Skills: python.,python,ml_engineering,Python Machine Learning Engineer,Machine Learning Engineer,Namibia,Full-time,False,lukebarousse/data_jobs
2329,Senior Machine Learning/ AI Engineer (f/m/d) Spain,SIGNA Sports United,"Barcelona, Spain","Title short: Machine Learning Engineer. Schedule: Full-time. Remote: False. Country: Spain. Skills: aws, sql.",aws;sql,ml_engineering,Senior Machine Learning/ AI Engineer (f/m/d) Spain,Machine Learning Engineer,Spain,Full-time,False,lukebarousse/data_jobs
2330,ML Engineer,Toss Securities (토스증권),South Korea,"Title short: Machine Learning Engineer. Schedule: Full-time. Remote: False. Country: South Korea. Skills: airflow, elasticsearch, hadoop, kafka, spark.",airflow;elasticsearch;hadoop;kafka;spark,ml_engineering,ML Engineer,Machine Learning Engineer,South Korea,Full-time,False,lukebarousse/data_jobs
2331,Machine learning engineer,ЭНИ.РАН,Anywhere,"Title short: Machine Learning Engineer. Schedule: Full-time. Remote: True. Country: Russia. Skills: docker, linux, numpy, python, pytorch.",docker;linux;numpy;python;pytorch,ml_engineering,Machine learning engineer,Machine Learning Engineer,Russia,Full-time,True,lukebarousse/data_jobs
2332,ETL Engineer,Planit Testing,"Sydney NSW, Australia","Title short: Machine Learning Engineer. Schedule: Full-time. Remote: False. Country: Australia. Skills: databricks, python, sap, sql.",databricks;python;sap;sql,ml_engineering,ETL Engineer,Machine Learning Engineer,Australia,Full-time,False,lukebarousse/data_jobs
2333,Machine Learning Engineer,Pfizer,"San José Province, San José, Costa Rica","Title short: Machine Learning Engineer. Schedule: Full-time. Remote: False. Country: Costa Rica. Skills: aws, github, jenkins, python, r, snowflake, sql.",aws;github;jenkins;python;r;snowflake;sql,ml_engineering,Machine Learning Engineer,Machine Learning Engineer,Costa Rica,Full-time,False,lukebarousse/data_jobs
2334,Hiring for Data Modeller - Consultant,Geval6 Inc,Anywhere,"Title short: Machine Learning Engineer. Schedule: Part-time. Remote: True. Country: India. Skills: airflow, azure, flow, python, sap, sql, sql server.",airflow;azure;flow;python;sap;sql;sql server,ml_engineering,Hiring for Data Modeller - Consultant,Machine Learning Engineer,India,Part-time,True,lukebarousse/data_jobs
2335,Machine Learning Engineer / Data Scientist (m/w/d),Porsche Deutschland GmbH,"Bietigheim-Bissingen, Germany","Title short: Machine Learning Engineer. Schedule: Full-time. Remote: False. Country: Germany. Skills: aws, azure, python, pytorch, sql, tensorflow.",aws;azure;python;pytorch;sql;tensorflow,ml_engineering,Machine Learning Engineer / Data Scientist (m/w/d),Machine Learning Engineer,Germany,Full-time,False,lukebarousse/data_jobs
2336,Machine Learning Developer,AlleyCorp,"Ibagué, Ibague, Tolima, Colombia","Title short: Machine Learning Engineer. Schedule: Full-time. Remote: False. Country: Colombia. Skills: aws, python, pytorch, r, scikit-learn, spark, tensorflow.",aws;python;pytorch;r;scikit-learn;spark;tensorflow,ml_engineering,Machine Learning Developer,Machine Learning Engineer,Colombia,Full-time,False,lukebarousse/data_jobs
2337,Machine Learning Engineer (Data Mining) - Global E-Commerce,TikTok,Singapore,"Title short: Machine Learning Engineer. Schedule: Full-time. Remote: False. Country: Singapore. Skills: hadoop, pytorch, spark, tensorflow.",hadoop;pytorch;spark;tensorflow,ml_engineering,Machine Learning Engineer (Data Mining) - Global E-Commerce,Machine Learning Engineer,Singapore,Full-time,False,lukebarousse/data_jobs
2338,GDPR and Legal Analyst (m/f/x),Tipico,"St Julian's, Malta","Title short: Machine Learning Engineer. Schedule: Full-time. Remote: False. Country: Malta. Skills: excel, gdpr.",excel;gdpr,ml_engineering,GDPR and Legal Analyst (m/f/x),Machine Learning Engineer,Malta,Full-time,False,lukebarousse/data_jobs
2339,Staff Machine Learning Engineer,Zendesk,Portugal,"Title short: Machine Learning Engineer. Schedule: Full-time. Remote: False. Country: Portugal. Skills: aurora, aws, docker, elasticsearch, go, java, kafka, kubernetes, mysql, python, pytorch, redis, ruby, scala, slack, spark, tensorflow.",aurora;aws;docker;elasticsearch;go;java;kafka;kubernetes;mysql;python;pytorch;redis;ruby;scala;slack;spark;tensorflow,ml_engineering,Staff Machine Learning Engineer,Machine Learning Engineer,Portugal,Full-time,False,lukebarousse/data_jobs
2340,Senior Machine Learning Engineer,Epsilon India,"Bengaluru, Karnataka, India","Title short: Machine Learning Engineer. Schedule: Full-time. Remote: False. Country: India. Skills: airflow, keras, kubernetes, linux, python, pytorch, tensorflow.",airflow;keras;kubernetes;linux;python;pytorch;tensorflow,ml_engineering,Senior Machine Learning Engineer,Machine Learning Engineer,India,Full-time,False,lukebarousse/data_jobs
2341,[job-9621] Machine Learning Engineer Senior,CI&T,Brazil,"Title short: Machine Learning Engineer. Schedule: Full-time. Remote: False. Country: Brazil. Skills: azure, databricks, docker, python, pytorch, scikit-learn, tensorflow.",azure;databricks;docker;python;pytorch;scikit-learn;tensorflow,ml_engineering,[job-9621] Machine Learning Engineer Senior,Machine Learning Engineer,Brazil,Full-time,False,lukebarousse/data_jobs
2342,"Sr. Associate, Machine Learning Engineer",Poudouleveis.gr,"Thessaloniki, Greece","Title short: Machine Learning Engineer. Schedule: Full-time. Remote: False. Country: Greece. Skills: python, r, sql.",python;r;sql,ml_engineering,"Sr. Associate, Machine Learning Engineer",Machine Learning Engineer,Greece,Full-time,False,lukebarousse/data_jobs
2343,Power Bi,Tata Consultancy Services,"Rosemont, IL","Title short: Machine Learning Engineer. Schedule: Full-time. Remote: False. Country: United States. Skills: power bi, sql, sql server, tableau.",power bi;sql;sql server;tableau,ml_engineering,Power Bi,Machine Learning Engineer,United States,Full-time,False,lukebarousse/data_jobs
2344,ML Engineer,Crayon,"Lisbon, Portugal","Title short: Machine Learning Engineer. Schedule: Full-time. Remote: False. Country: Portugal. Skills: aws, azure, gcp, git, jenkins, keras, kubernetes, linux, python, pytorch, scikit-learn.",aws;azure;gcp;git;jenkins;keras;kubernetes;linux;python;pytorch;scikit-learn,ml_engineering,ML Engineer,Machine Learning Engineer,Portugal,Full-time,False,lukebarousse/data_jobs
2345,Machine Learning Engineer,Talent et au-dela,Dubai - United Arab Emirates,"Title short: Machine Learning Engineer. Schedule: Full-time. Remote: False. Country: United Arab Emirates. Skills: pyspark, python, pytorch, sql.",pyspark;python;pytorch;sql,ml_engineering,Machine Learning Engineer,Machine Learning Engineer,United Arab Emirates,Full-time,False,lukebarousse/data_jobs
2346,Senior Data Scientist/ML Engineer,MSCCN,"Augusta, GA","Title short: Senior Data Scientist. Schedule: Full-time. Remote: False. Country: United States. Skills: go, oracle, python, pytorch, scikit-learn, tensorflow.",go;oracle;python;pytorch;scikit-learn;tensorflow,ml_engineering,Senior Data Scientist/ML Engineer,Senior Data Scientist,United States,Full-time,False,lukebarousse/data_jobs
2347,Lead ML Engineer,Digital Waffle,Anywhere,"Title short: Machine Learning Engineer. Schedule: Full-time. Remote: True. Country: United Kingdom. Skills: aws, azure, hugging face, matplotlib, numpy, pandas, python, pytorch, scikit-learn, seaborn, tensorflow.",aws;azure;hugging face;matplotlib;numpy;pandas;python;pytorch;scikit-learn;seaborn;tensorflow,ml_engineering,Lead ML Engineer,Machine Learning Engineer,United Kingdom,Full-time,True,lukebarousse/data_jobs
2348,Machine Learning Engineer / Data Scientist (gn)- 100% Remote,workidentity GmbH,Anywhere,"Title short: Machine Learning Engineer. Schedule: Full-time. Remote: True. Country: Germany. Skills: aws, azure, java, python, r, sap.",aws;azure;java;python;r;sap,ml_engineering,Machine Learning Engineer / Data Scientist (gn)- 100% Remote,Machine Learning Engineer,Germany,Full-time,True,lukebarousse/data_jobs
2349,Machine Learning Engineer,FPT Software,Anywhere,"Title short: Machine Learning Engineer. Schedule: Full-time. Remote: True. Country: Canada. Skills: c, databricks, hadoop, java, keras, numpy, pandas, python, pytorch, scala, spark, sql, tensorflow.",c;databricks;hadoop;java;keras;numpy;pandas;python;pytorch;scala;spark;sql;tensorflow,ml_engineering,Machine Learning Engineer,Machine Learning Engineer,Canada,Full-time,True,lukebarousse/data_jobs
2350,"Applied Machine Learning Engineer, Speech and Audio Systems",Fusemachines,"Buenos Aires, Argentina","Title short: Machine Learning Engineer. Schedule: Full-time. Remote: False. Country: Argentina. Skills: python, pytorch, tensorflow.",python;pytorch;tensorflow,ml_engineering,"Applied Machine Learning Engineer, Speech and Audio Systems",Machine Learning Engineer,Argentina,Full-time,False,lukebarousse/data_jobs
2351,Data Scientist/Machine Learning Engineer – Entry/Junior Level,SynergisticIT,"Miami, FL","Title short: Machine Learning Engineer. Schedule: Contractor. Remote: False. Country: United States. Skills: c++, django, go, java, keras, numpy, pandas, python, pytorch, r, scala, scikit-learn, sql, tensorflow.",c++;django;go;java;keras;numpy;pandas;python;pytorch;r;scala;scikit-learn;sql;tensorflow,ml_engineering,Data Scientist/Machine Learning Engineer – Entry/Junior Level,Machine Learning Engineer,United States,Contractor,False,lukebarousse/data_jobs
2352,Machine Learning Operations Engineer,Flash Group,"Cape Town, South Africa","Title short: Machine Learning Engineer. Schedule: Full-time. Remote: False. Country: South Africa. Skills: aws, azure, docker, gcp, java, kubernetes, python.",aws;azure;docker;gcp;java;kubernetes;python,ml_engineering,Machine Learning Operations Engineer,Machine Learning Engineer,South Africa,Full-time,False,lukebarousse/data_jobs
2353,Senior Data Scientist / ML Engineer,Devexperts,Anywhere,"Title short: Senior Data Scientist. Schedule: Full-time. Remote: True. Country: Turkey. Skills: airflow, aws, docker, hugging face, kubernetes, python, pytorch.",airflow;aws;docker;hugging face;kubernetes;python;pytorch,ml_engineering,Senior Data Scientist / ML Engineer,Senior Data Scientist,Turkey,Full-time,True,lukebarousse/data_jobs
2354,"Engineer, Machine Learning",First Quantum Minerals,"Colón, Panama","Title short: Machine Learning Engineer. Schedule: Full-time. Remote: False. Country: Panama. Skills: bitbucket, git, gitlab, keras, python, pytorch, r, scikit-learn, spark, svn, tensorflow.",bitbucket;git;gitlab;keras;python;pytorch;r;scikit-learn;spark;svn;tensorflow,ml_engineering,"Engineer, Machine Learning",Machine Learning Engineer,Panama,Full-time,False,lukebarousse/data_jobs
2355,Machine Learning Engineer,TDCX,"Kuala Lumpur, Federal Territory of Kuala Lumpur, Malaysia","Title short: Machine Learning Engineer. Schedule: Full-time. Remote: False. Country: Malaysia. Skills: electron, mysql.",electron;mysql,ml_engineering,Machine Learning Engineer,Machine Learning Engineer,Malaysia,Full-time,False,lukebarousse/data_jobs
2356,Machine Learning Engineer,SIXT,"Lisbon, Portugal","Title short: Machine Learning Engineer. Schedule: Full-time. Remote: False. Country: Portugal. Skills: aws, gcp, python.",aws;gcp;python,ml_engineering,Machine Learning Engineer,Machine Learning Engineer,Portugal,Full-time,False,lukebarousse/data_jobs
2357,MLOps Engineer(NJ),Tiger Analytics,Anywhere,"Title short: Machine Learning Engineer. Schedule: Full-time. Remote: True. Country: Sudan. Skills: airflow, aws, docker, fastapi, flask, hadoop, homebrew, keras, kubernetes, numpy, oracle, pandas, python, spark, tensorflow, terraform.",airflow;aws;docker;fastapi;flask;hadoop;homebrew;keras;kubernetes;numpy;oracle;pandas;python;spark;tensorflow;terraform,ml_engineering,MLOps Engineer(NJ),Machine Learning Engineer,Sudan,Full-time,True,lukebarousse/data_jobs
2358,Applied ML Scientist/ML Engineer,Neural Dsp Technologies Oy,"Helsinki, Finland","Title short: Machine Learning Engineer. Schedule: Full-time. Remote: False. Country: Finland. Skills: aws, c++, git, numpy, pandas, python, pytorch, react, typescript.",aws;c++;git;numpy;pandas;python;pytorch;react;typescript,ml_engineering,Applied ML Scientist/ML Engineer,Machine Learning Engineer,Finland,Full-time,False,lukebarousse/data_jobs
2359,Senior Machine Learning Engineer,Cognizant,"Vilnius, Vilnius City Municipality, Lithuania","Title short: Machine Learning Engineer. Schedule: Full-time. Remote: False. Country: Lithuania. Skills: docker, go, kubernetes, python, spark, sql.",docker;go;kubernetes;python;spark;sql,ml_engineering,Senior Machine Learning Engineer,Machine Learning Engineer,Lithuania,Full-time,False,lukebarousse/data_jobs
2360,Machine Learning Engineer,ST ENGINEERING IHQ PTE. LTD.,Singapore,"Title short: Machine Learning Engineer. Schedule: Full-time. Remote: False. Country: Singapore. Skills: airflow, aws, azure, docker, hadoop, kafka, kubernetes, mxnet, numpy, pandas, pytorch, spark, tensorflow.",airflow;aws;azure;docker;hadoop;kafka;kubernetes;mxnet;numpy;pandas;pytorch;spark;tensorflow,ml_engineering,Machine Learning Engineer,Machine Learning Engineer,Singapore,Full-time,False,lukebarousse/data_jobs
2361,AI/ML Engineer,Samespace,"Mumbai, Maharashtra, India","Title short: Machine Learning Engineer. Schedule: Full-time. Remote: False. Country: India. Skills: numpy, pandas, python, pytorch, tensorflow.",numpy;pandas;python;pytorch;tensorflow,ml_engineering,AI/ML Engineer,Machine Learning Engineer,India,Full-time,False,lukebarousse/data_jobs
2362,Senior Machine Learning Engineer,Zendesk,Portugal,"Title short: Machine Learning Engineer. Schedule: Full-time. Remote: False. Country: Portugal. Skills: aurora, aws, docker, elasticsearch, go, java, kafka, kubernetes, mysql, python, pytorch, redis, ruby, scala, slack, spark, tensorflow.",aurora;aws;docker;elasticsearch;go;java;kafka;kubernetes;mysql;python;pytorch;redis;ruby;scala;slack;spark;tensorflow,ml_engineering,Senior Machine Learning Engineer,Machine Learning Engineer,Portugal,Full-time,False,lukebarousse/data_jobs
2363,Machine Learning Engineer,Wind Tre,"Rho, Metropolitan City of Milan, Italy","Title short: Machine Learning Engineer. Schedule: Full-time. Remote: False. Country: Italy. Skills: airflow, docker, flask, git, pandas, python, scikit-learn, shell, spark, sql.",airflow;docker;flask;git;pandas;python;scikit-learn;shell;spark;sql,ml_engineering,Machine Learning Engineer,Machine Learning Engineer,Italy,Full-time,False,lukebarousse/data_jobs
2364,Full-Stack/Machine Learning Engineer,Turing,"Vienna, Austria","Title short: Machine Learning Engineer. Schedule: Full-time. Remote: False. Country: Austria. Skills: python, ruby.",python;ruby,ml_engineering,Full-Stack/Machine Learning Engineer,Machine Learning Engineer,Austria,Full-time,False,lukebarousse/data_jobs
2365,Machine Learning Engineer,CISCO SYSTEMS (Czech Republic) s.r.o.,"Prague, Czechia","Title short: Machine Learning Engineer. Schedule: Full-time. Remote: False. Country: Czechia. Skills: aws, java, kubernetes, python, scala, spark.",aws;java;kubernetes;python;scala;spark,ml_engineering,Machine Learning Engineer,Machine Learning Engineer,Czechia,Full-time,False,lukebarousse/data_jobs
2366,ML Engineer - Data & Advanced Analytics,Penske Truck Leasing,"Jenkintown, PA","Title short: Machine Learning Engineer. Schedule: Full-time. Remote: False. Country: United States. Skills: angular, aws, java, javascript, mysql, nosql, python, react, sas, spring, sql.",angular;aws;java;javascript;mysql;nosql;python;react;sas;spring;sql,ml_engineering,ML Engineer - Data & Advanced Analytics,Machine Learning Engineer,United States,Full-time,False,lukebarousse/data_jobs
2367,Machine Learning Engineer,ESPRIMO srl,"Catania, Metropolitan city of Catania, Italy","Title short: Machine Learning Engineer. Schedule: Full-time. Remote: False. Country: Italy. Skills: c++, gitlab, opencv, python, tensorflow.",c++;gitlab;opencv;python;tensorflow,ml_engineering,Machine Learning Engineer,Machine Learning Engineer,Italy,Full-time,False,lukebarousse/data_jobs
2368,ML Ops Engineer,Sea,"London, UK","Title short: Machine Learning Engineer. Schedule: Full-time. Remote: False. Country: United Kingdom. Skills: azure, databricks, docker, git, kubernetes, nosql, numpy, pandas, power bi, python, spark, sql.",azure;databricks;docker;git;kubernetes;nosql;numpy;pandas;power bi;python;spark;sql,ml_engineering,ML Ops Engineer,Machine Learning Engineer,United Kingdom,Full-time,False,lukebarousse/data_jobs
2369,Data Science - Machine Learning Engineer,LastingSales,"Lahore, Pakistan","Title short: Machine Learning Engineer. Schedule: Full-time. Remote: False. Country: Pakistan. Skills: java, numpy, pandas, python, pytorch, scala, tensorflow.",java;numpy;pandas;python;pytorch;scala;tensorflow,ml_engineering,Data Science - Machine Learning Engineer,Machine Learning Engineer,Pakistan,Full-time,False,lukebarousse/data_jobs
2370,Machine Learning Engineer,Adroit People Limited (UK),"Prague, Czechia","Title short: Machine Learning Engineer. Schedule: Contractor. Remote: False. Country: Czechia. Skills: docker, kubernetes.",docker;kubernetes,ml_engineering,Machine Learning Engineer,Machine Learning Engineer,Czechia,Contractor,False,lukebarousse/data_jobs
2371,Senior Machine Learning Engineer,PharmiWeb.Jobs: Global Life Science Jobs,China,"Title short: Machine Learning Engineer. Schedule: Full-time. Remote: False. Country: China. Skills: aws, azure, c++, java, python, pytorch, r, scikit-learn, tensorflow.",aws;azure;c++;java;python;pytorch;r;scikit-learn;tensorflow,ml_engineering,Senior Machine Learning Engineer,Machine Learning Engineer,China,Full-time,False,lukebarousse/data_jobs
2372,Machine Learning Engineer,IPsoft,"Bengaluru, Karnataka, India","Title short: Machine Learning Engineer. Schedule: Full-time. Remote: False. Country: India. Skills: go, java, julia, nltk, r, scikit-learn, spring, sql, word.",go;java;julia;nltk;r;scikit-learn;spring;sql;word,ml_engineering,Machine Learning Engineer,Machine Learning Engineer,India,Full-time,False,lukebarousse/data_jobs
2373,Machine learning scientist or engineer,The Max Delbrück Center for Molecular Medicine (MDC),"Berlin, Germany","Title short: Machine Learning Engineer. Schedule: Full-time. Remote: False. Country: Germany. Skills: python, pytorch, scikit-learn.",python;pytorch;scikit-learn,ml_engineering,Machine learning scientist or engineer,Machine Learning Engineer,Germany,Full-time,False,lukebarousse/data_jobs
2374,MLOps Data Engineer f/m/d,AVL,"Graz, Austria","Title short: Data Engineer. Schedule: Full-time. Remote: False. Country: Austria. Skills: aws, azure, bash, gcp, kubernetes, linux, pyspark, python.",aws;azure;bash;gcp;kubernetes;linux;pyspark;python,ml_engineering,MLOps Data Engineer f/m/d,Data Engineer,Austria,Full-time,False,lukebarousse/data_jobs
2375,Machine Learning / LLM Engineer – Data Governance Platforma Dawiso,Dawiso,"Prague, Czechia","Title short: Machine Learning Engineer. Schedule: Full-time. Remote: False. Country: Czechia. Skills: keras, numpy, pandas, python, pytorch, scikit-learn, sql.",keras;numpy;pandas;python;pytorch;scikit-learn;sql,ml_engineering,Machine Learning / LLM Engineer – Data Governance Platforma Dawiso,Machine Learning Engineer,Czechia,Full-time,False,lukebarousse/data_jobs
2376,AI/ML Engineer – AWS Data Platform,Greymatter Innovationz,Anywhere,"Title short: Machine Learning Engineer. Schedule: Full-time. Remote: True. Country: India. Skills: aws, c, c++, java, javascript, keras, python, pytorch, r, tensorflow.",aws;c;c++;java;javascript;keras;python;pytorch;r;tensorflow,ml_engineering,AI/ML Engineer – AWS Data Platform,Machine Learning Engineer,India,Full-time,True,lukebarousse/data_jobs
2377,Junior Machine Learning,Allinweb,"Lugano, Switzerland","Title short: Machine Learning Engineer. Schedule: Full-time. Remote: False. Country: Switzerland. Skills: angular, hadoop, java, javascript, kafka, kubernetes, python, spark.",angular;hadoop;java;javascript;kafka;kubernetes;python;spark,ml_engineering,Junior Machine Learning,Machine Learning Engineer,Switzerland,Full-time,False,lukebarousse/data_jobs
2378,Machine Learning Engineer (Data Science),IRIS Technology Group,"Cornellà de Llobregat, Spain","Title short: Machine Learning Engineer. Schedule: Full-time. Remote: False. Country: Spain. Skills: c#, c++, git, mysql, python, pytorch, sql, sql server.",c#;c++;git;mysql;python;pytorch;sql;sql server,ml_engineering,Machine Learning Engineer (Data Science),Machine Learning Engineer,Spain,Full-time,False,lukebarousse/data_jobs
2379,Staff Machine Learning Engineer,PagerDuty,"Lisbon, Portugal","Title short: Machine Learning Engineer. Schedule: Full-time. Remote: False. Country: Portugal. Skills: aws, go, zoom.",aws;go;zoom,ml_engineering,Staff Machine Learning Engineer,Machine Learning Engineer,Portugal,Full-time,False,lukebarousse/data_jobs
2380,Senior Machine Learning Engineer,Tooploox,"Warsaw, Poland","Title short: Machine Learning Engineer. Schedule: Full-time. Remote: False. Country: Poland. Skills: keras, python, pytorch, scikit-learn, tensorflow.",keras;python;pytorch;scikit-learn;tensorflow,ml_engineering,Senior Machine Learning Engineer,Machine Learning Engineer,Poland,Full-time,False,lukebarousse/data_jobs
2381,Senior Machine Learning Engineer (in EU),OLSYS Ltd,Anywhere,Title short: Machine Learning Engineer. Schedule: Full-time. Remote: True. Country: Ukraine. Skills: pytorch.,pytorch,ml_engineering,Senior Machine Learning Engineer (in EU),Machine Learning Engineer,Ukraine,Full-time,True,lukebarousse/data_jobs
2382,MLOps Engineer,RedLight,"Coimbra, Portugal","Title short: Machine Learning Engineer. Schedule: Full-time. Remote: False. Country: Portugal. Skills: aws, docker, kubernetes, nltk, python, pytorch, tensorflow, terraform.",aws;docker;kubernetes;nltk;python;pytorch;tensorflow;terraform,ml_engineering,MLOps Engineer,Machine Learning Engineer,Portugal,Full-time,False,lukebarousse/data_jobs
2383,"Manager, AI Scientist, AI",Prudential Zenith Life,Hong Kong,Title short: Machine Learning Engineer. Schedule: Full-time. Remote: False. Country: Hong Kong. Skills: azure.,azure,ml_engineering,"Manager, AI Scientist, AI",Machine Learning Engineer,Hong Kong,Full-time,False,lukebarousse/data_jobs
2384,Data/Machine Learning Engineer,Irdeto,"Wrocław, Poland","Title short: Machine Learning Engineer. Schedule: Full-time. Remote: False. Country: Poland. Skills: aws, azure, docker, elasticsearch, git, go, kafka, python, spark, sql, terraform.",aws;azure;docker;elasticsearch;git;go;kafka;python;spark;sql;terraform,ml_engineering,Data/Machine Learning Engineer,Machine Learning Engineer,Poland,Full-time,False,lukebarousse/data_jobs
2385,Machine Learning Engineer,SKIM,"Rotterdam, Netherlands","Title short: Machine Learning Engineer. Schedule: Full-time. Remote: False. Country: Netherlands. Skills: aws, azure, python, r.",aws;azure;python;r,ml_engineering,Machine Learning Engineer,Machine Learning Engineer,Netherlands,Full-time,False,lukebarousse/data_jobs
2386,Engineer,Thula Solutions,"Johannesburg, South Africa","Title short: Machine Learning Engineer. Schedule: Full-time. Remote: False. Country: South Africa. Skills: java, python.",java;python,ml_engineering,Engineer,Machine Learning Engineer,South Africa,Full-time,False,lukebarousse/data_jobs
2387,Data Scientist / Machine Learning Engineer (f/m/div.),Bosch Group,"Abstatt, Germany","Title short: Machine Learning Engineer. Schedule: Full-time. Remote: False. Country: Germany. Skills: keras, python, pytorch, spark, tensorflow.",keras;python;pytorch;spark;tensorflow,ml_engineering,Data Scientist / Machine Learning Engineer (f/m/div.),Machine Learning Engineer,Germany,Full-time,False,lukebarousse/data_jobs
2388,Machine Learning Engineer,Team Remotely Inc,Anywhere,"Title short: Machine Learning Engineer. Schedule: Full-time. Remote: True. Country: United States. Skills: c++, hadoop, java, python, pytorch, scikit-learn, spark, tensorflow.",c++;hadoop;java;python;pytorch;scikit-learn;spark;tensorflow,ml_engineering,Machine Learning Engineer,Machine Learning Engineer,United States,Full-time,True,lukebarousse/data_jobs
2389,Senior NLP Engineer,"Svitla Systems, Inc.","Kyiv, Ukraine","Title short: Machine Learning Engineer. Schedule: Full-time. Remote: False. Country: Ukraine. Skills: aws, docker, keras, python, pytorch, scikit-learn, tensorflow.",aws;docker;keras;python;pytorch;scikit-learn;tensorflow,ml_engineering,Senior NLP Engineer,Machine Learning Engineer,Ukraine,Full-time,False,lukebarousse/data_jobs
2390,Machine Learning Engineer,Docler Holding,Luxembourg,"Title short: Machine Learning Engineer. Schedule: Full-time. Remote: False. Country: Luxembourg. Skills: python, pytorch, scikit-learn, tensorflow.",python;pytorch;scikit-learn;tensorflow,ml_engineering,Machine Learning Engineer,Machine Learning Engineer,Luxembourg,Full-time,False,lukebarousse/data_jobs
2391,Data And Machine Learning Engineer,Acxiom,"Heroica Veracruz, Ver., Mexico","Title short: Machine Learning Engineer. Schedule: Full-time. Remote: False. Country: Mexico. Skills: hadoop, python, r, sas, sql, tableau.",hadoop;python;r;sas;sql;tableau,ml_engineering,Data And Machine Learning Engineer,Machine Learning Engineer,Mexico,Full-time,False,lukebarousse/data_jobs
2392,Solution Architect within Advanced Analytics,SmartGeeks Consulting AB,Sweden,"Title short: Machine Learning Engineer. Schedule: Full-time. Remote: False. Country: Sweden. Skills: angular, azure.",angular;azure,ml_engineering,Solution Architect within Advanced Analytics,Machine Learning Engineer,Sweden,Full-time,False,lukebarousse/data_jobs
2393,Senior ML NLP Engineer,AI REV LLC,"Warsaw, Poland","Title short: Machine Learning Engineer. Schedule: Part-time. Remote: False. Country: Poland. Skills: aws, django, docker, flask, git, keras, python, pytorch, scikit-learn, tensorflow, vue.",aws;django;docker;flask;git;keras;python;pytorch;scikit-learn;tensorflow;vue,ml_engineering,Senior ML NLP Engineer,Machine Learning Engineer,Poland,Part-time,False,lukebarousse/data_jobs
2394,Machine Learning Engineer,Senarios Pvt Ltd,"Lahore, Pakistan","Title short: Machine Learning Engineer. Schedule: Full-time. Remote: False. Country: Pakistan. Skills: nltk, python, pytorch, scikit-learn, tensorflow.",nltk;python;pytorch;scikit-learn;tensorflow,ml_engineering,Machine Learning Engineer,Machine Learning Engineer,Pakistan,Full-time,False,lukebarousse/data_jobs
2395,(Senior) Data Scientist / ML Engineer (m/w/d),OBI Group Holding SE & Co. KGaA,"Cologne, Germany","Title short: Senior Data Scientist. Schedule: Full-time. Remote: False. Country: Germany. Skills: docker, flow, python, spark.",docker;flow;python;spark,ml_engineering,(Senior) Data Scientist / ML Engineer (m/w/d),Senior Data Scientist,Germany,Full-time,False,lukebarousse/data_jobs
2396,ML Engineer,Эрливидео,"Moscow, Russia","Title short: Machine Learning Engineer. Schedule: Full-time. Remote: False. Country: Russia. Skills: c++, django, docker, flask, git, github, gitlab, linux, numpy, python, sql.",c++;django;docker;flask;git;github;gitlab;linux;numpy;python;sql,ml_engineering,ML Engineer,Machine Learning Engineer,Russia,Full-time,False,lukebarousse/data_jobs
2397,Lead Data Scientist - Machine Learning Engineer,CVS Health,"New York, NY","Title short: Machine Learning Engineer. Schedule: Full-time. Remote: False. Country: United States. Skills: python, sql.",python;sql,ml_engineering,Lead Data Scientist - Machine Learning Engineer,Machine Learning Engineer,United States,Full-time,False,lukebarousse/data_jobs
2398,Дата-инженер (группа мониторинга платформы данных),Mediascope,"Moscow, Russia","Title short: Machine Learning Engineer. Schedule: Full-time. Remote: False. Country: Russia. Skills: airflow, hadoop, python, scala, sql.",airflow;hadoop;python;scala;sql,ml_engineering,Дата-инженер (группа мониторинга платформы данных),Machine Learning Engineer,Russia,Full-time,False,lukebarousse/data_jobs
2399,Senior Data Engineer - MLOps (50K - 60K),Randstad,Hong Kong,Title short: Senior Data Engineer. Schedule: Full-time. Remote: False. Country: Hong Kong. Skills: sql.,sql,ml_engineering,Senior Data Engineer - MLOps (50K - 60K),Senior Data Engineer,Hong Kong,Full-time,False,lukebarousse/data_jobs
2400,Machine Learning Engineer,Predicto,"Moscow, Russia","Title short: Machine Learning Engineer. Schedule: Full-time. Remote: False. Country: Russia. Skills: python, spark, sql.",python;spark;sql,ml_engineering,Machine Learning Engineer,Machine Learning Engineer,Russia,Full-time,False,lukebarousse/data_jobs
2401,Machine Learning Engineer,Cafu,"Beirut, Lebanon","Title short: Machine Learning Engineer. Schedule: Full-time. Remote: False. Country: Lebanon. Skills: aws, python, pytorch.",aws;python;pytorch,ml_engineering,Machine Learning Engineer,Machine Learning Engineer,Lebanon,Full-time,False,lukebarousse/data_jobs
2402,Senior Machine Learning Engineer (15617) Canada (Remote),Getty Images,Anywhere,"Title short: Machine Learning Engineer. Schedule: Full-time. Remote: True. Country: Canada. Skills: aws, bash, c#, docker, gitlab, java, kafka, python, ruby, spark, splunk, tensorflow.",aws;bash;c#;docker;gitlab;java;kafka;python;ruby;spark;splunk;tensorflow,ml_engineering,Senior Machine Learning Engineer (15617) Canada (Remote),Machine Learning Engineer,Canada,Full-time,True,lukebarousse/data_jobs
2403,Machine Learning Engineer - Property,Robert Walters,Hong Kong,"Title short: Machine Learning Engineer. Schedule: Full-time. Remote: False. Country: Hong Kong. Skills: python, sql.",python;sql,ml_engineering,Machine Learning Engineer - Property,Machine Learning Engineer,Hong Kong,Full-time,False,lukebarousse/data_jobs
2404,Senior Machine Learning Engineer,SmartRecruiters Inc,Poland,"Title short: Machine Learning Engineer. Schedule: Full-time. Remote: False. Country: Poland. Skills: python, pytorch, tensorflow.",python;pytorch;tensorflow,ml_engineering,Senior Machine Learning Engineer,Machine Learning Engineer,Poland,Full-time,False,lukebarousse/data_jobs
2405,Python Developer / ML Engineer,hubQuest,Anywhere,"Title short: Machine Learning Engineer. Schedule: Full-time. Remote: True. Country: Poland. Skills: azure, databricks, go, hadoop, pyspark, python, spark, sql.",azure;databricks;go;hadoop;pyspark;python;spark;sql,ml_engineering,Python Developer / ML Engineer,Machine Learning Engineer,Poland,Full-time,True,lukebarousse/data_jobs
2406,Senior Data Scientist / Machine Learning Engineer (m/f/d),HeyJobs GmbH,"Berlin, Germany","Title short: Machine Learning Engineer. Schedule: Full-time. Remote: False. Country: Germany. Skills: airflow, aws, docker, git, jupyter, pandas, python, pytorch, sql.",airflow;aws;docker;git;jupyter;pandas;python;pytorch;sql,ml_engineering,Senior Data Scientist / Machine Learning Engineer (m/f/d),Machine Learning Engineer,Germany,Full-time,False,lukebarousse/data_jobs
2407,Senior Data Scientist (Machine Learning Engineer),Walmart,"Dallas, TX","Title short: Senior Data Scientist. Schedule: Full-time. Remote: False. Country: United States. Skills: docker, kubernetes, python, pytorch, r, scala, spark, tensorflow.",docker;kubernetes;python;pytorch;r;scala;spark;tensorflow,ml_engineering,Senior Data Scientist (Machine Learning Engineer),Senior Data Scientist,United States,Full-time,False,lukebarousse/data_jobs
2408,Machine Learning,Sysmatch,"Lisbon, Portugal","Title short: Machine Learning Engineer. Schedule: Full-time. Remote: False. Country: Portugal. Skills: python, sql, sql server.",python;sql;sql server,ml_engineering,Machine Learning,Machine Learning Engineer,Portugal,Full-time,False,lukebarousse/data_jobs
2409,AI/ML Engineer (L3/L4),Gather,"San Francisco, CA","Title short: Machine Learning Engineer. Schedule: Full-time. Remote: False. Country: United States. Skills: c++, java, python.",c++;java;python,ml_engineering,AI/ML Engineer (L3/L4),Machine Learning Engineer,United States,Full-time,False,lukebarousse/data_jobs
2410,Data Scientist / Machine Learning Engineer - Contract to Hire,Upwork,Anywhere,"Title short: Machine Learning Engineer. Schedule: Contractor and Temp work. Remote: True. Country: United States. Skills: gcp, go, python.",gcp;go;python,ml_engineering,Data Scientist / Machine Learning Engineer - Contract to Hire,Machine Learning Engineer,United States,Contractor and Temp work,True,lukebarousse/data_jobs
2411,Sr Principal Data Scientist/ML Engineer,Oracle,"Boise, ID","Title short: Senior Data Scientist. Schedule: Full-time. Remote: False. Country: United States. Skills: go, oracle, python, pytorch, scikit-learn, tensorflow.",go;oracle;python;pytorch;scikit-learn;tensorflow,ml_engineering,Sr Principal Data Scientist/ML Engineer,Senior Data Scientist,United States,Full-time,False,lukebarousse/data_jobs
2412,Senior Machine Learning Engineer,VCC Link,Philippines,"Title short: Machine Learning Engineer. Schedule: nan. Remote: False. Country: Philippines. Skills: numpy, pandas, php, python, r, scala.",numpy;pandas;php;python;r;scala,ml_engineering,Senior Machine Learning Engineer,Machine Learning Engineer,Philippines,,False,lukebarousse/data_jobs
2413,Junior/ Middle Machine Learning Engineer,UPSKILLS PTE. LTD.,Singapore,"Title short: Machine Learning Engineer. Schedule: Full-time. Remote: False. Country: Singapore. Skills: angular, aws, azure, docker, gcp, git, hadoop, java, jenkins, kafka, kubernetes, linux, python, r, sql.",angular;aws;azure;docker;gcp;git;hadoop;java;jenkins;kafka;kubernetes;linux;python;r;sql,ml_engineering,Junior/ Middle Machine Learning Engineer,Machine Learning Engineer,Singapore,Full-time,False,lukebarousse/data_jobs
2414,Machine Learning Engineer,VA Locator,Anywhere,"Title short: Machine Learning Engineer. Schedule: Full-time. Remote: True. Country: Venezuela. Skills: numpy, opencv, python, pytorch, tensorflow.",numpy;opencv;python;pytorch;tensorflow,ml_engineering,Machine Learning Engineer,Machine Learning Engineer,Venezuela,Full-time,True,lukebarousse/data_jobs
2415,Automation Engineer,NTT,"Valencia, Spain","Title short: Machine Learning Engineer. Schedule: Full-time. Remote: False. Country: Spain. Skills: angular, asp.net, asp.net core, bitbucket, c#, drupal, git, javascript, jira, jquery, linux, ms access, mysql, oracle, powershell, python, react, sharepoint, sql, sql server.",angular;asp.net;asp.net core;bitbucket;c#;drupal;git;javascript;jira;jquery;linux;ms access;mysql;oracle;powershell;python;react;sharepoint;sql;sql server,ml_engineering,Automation Engineer,Machine Learning Engineer,Spain,Full-time,False,lukebarousse/data_jobs
2416,Max 4500 Artificial Intelligence Engineer @ PJ,Agensi Pekerjaan JEV Management Sdn. Bhd.,"Petaling Jaya, Selangor, Malaysia",Title short: Machine Learning Engineer. Schedule: Full-time. Remote: False. Country: Malaysia. Skills: python.,python,ml_engineering,Max 4500 Artificial Intelligence Engineer @ PJ,Machine Learning Engineer,Malaysia,Full-time,False,lukebarousse/data_jobs
2417,Senior Machine Learning Engineer,Extreme Networks,"Toronto, ON, Canada","Title short: Machine Learning Engineer. Schedule: Full-time. Remote: False. Country: Canada. Skills: neo4j, python, pytorch, scikit-learn, tensorflow.",neo4j;python;pytorch;scikit-learn;tensorflow,ml_engineering,Senior Machine Learning Engineer,Machine Learning Engineer,Canada,Full-time,False,lukebarousse/data_jobs
2418,Engineer,ANZ,"Melbourne VIC, Australia","Title short: Machine Learning Engineer. Schedule: Full-time. Remote: False. Country: Australia. Skills: git, graphql, javascript, jenkins, nosql, python, splunk, sql.",git;graphql;javascript;jenkins;nosql;python;splunk;sql,ml_engineering,Engineer,Machine Learning Engineer,Australia,Full-time,False,lukebarousse/data_jobs
2419,Sr Principal Data Scientist/ML Engineer,Oracle,"Topeka, KS","Title short: Senior Data Scientist. Schedule: Full-time. Remote: False. Country: United States. Skills: go, oracle, python, pytorch, scikit-learn, tensorflow.",go;oracle;python;pytorch;scikit-learn;tensorflow,ml_engineering,Sr Principal Data Scientist/ML Engineer,Senior Data Scientist,United States,Full-time,False,lukebarousse/data_jobs
2420,GIS/EO Machine Learning Scientist,Irish Centre for High-End Computing (ICHEC),"Dublin, Ireland","Title short: Machine Learning Engineer. Schedule: Full-time. Remote: False. Country: Ireland. Skills: python, r.",python;r,ml_engineering,GIS/EO Machine Learning Scientist,Machine Learning Engineer,Ireland,Full-time,False,lukebarousse/data_jobs
2421,Looking for a machine learning engineer and data scientist,Upwork,Anywhere,Title short: Machine Learning Engineer. Schedule: Contractor. Remote: True. Country: United States. Skills: azure.,azure,ml_engineering,Looking for a machine learning engineer and data scientist,Machine Learning Engineer,United States,Contractor,True,lukebarousse/data_jobs
2422,Huxley Associates Belgium - ML Ops Engineer,Huxley Associates Belgium,"Brussels, Belgium","Title short: Machine Learning Engineer. Schedule: Full-time. Remote: False. Country: Belgium. Skills: docker, git, kubernetes, linux, python.",docker;git;kubernetes;linux;python,ml_engineering,Huxley Associates Belgium - ML Ops Engineer,Machine Learning Engineer,Belgium,Full-time,False,lukebarousse/data_jobs
2423,Junior ML / AI Engineer (initiativ),talentbase.tech,Anywhere,"Title short: Machine Learning Engineer. Schedule: Full-time. Remote: True. Country: Austria. Skills: python, pytorch, tensorflow.",python;pytorch;tensorflow,ml_engineering,Junior ML / AI Engineer (initiativ),Machine Learning Engineer,Austria,Full-time,True,lukebarousse/data_jobs
2424,Data Scientist / ML Engineer,Abi Global Health,"Dublin, Ireland","Title short: Machine Learning Engineer. Schedule: Full-time. Remote: False. Country: Ireland. Skills: aws, azure, keras, pytorch, scikit-learn.",aws;azure;keras;pytorch;scikit-learn,ml_engineering,Data Scientist / ML Engineer,Machine Learning Engineer,Ireland,Full-time,False,lukebarousse/data_jobs
2425,Machine Learning Engineer,OpenX,"Kraków, Poland","Title short: Machine Learning Engineer. Schedule: Full-time. Remote: False. Country: Poland. Skills: gcp, golang, java, python, pytorch, sql, tensorflow.",gcp;golang;java;python;pytorch;sql;tensorflow,ml_engineering,Machine Learning Engineer,Machine Learning Engineer,Poland,Full-time,False,lukebarousse/data_jobs
2426,Machine Learning Engineer,Korentec Technologies,"Ra'anana, Israel","Title short: Machine Learning Engineer. Schedule: Full-time. Remote: False. Country: Israel. Skills: aws, python.",aws;python,ml_engineering,Machine Learning Engineer,Machine Learning Engineer,Israel,Full-time,False,lukebarousse/data_jobs
2427,Middle MLOps Engineer (Python Developer),Неофлекс,Anywhere,"Title short: Machine Learning Engineer. Schedule: Full-time. Remote: True. Country: Russia. Skills: airflow, aws, azure, cassandra, docker, fastapi, flask, flow, gcp, git, jenkins, kubernetes, linux, postgresql, python, pytorch, scikit-learn, tensorflow, ubuntu.",airflow;aws;azure;cassandra;docker;fastapi;flask;flow;gcp;git;jenkins;kubernetes;linux;postgresql;python;pytorch;scikit-learn;tensorflow;ubuntu,ml_engineering,Middle MLOps Engineer (Python Developer),Machine Learning Engineer,Russia,Full-time,True,lukebarousse/data_jobs
2428,Machine Learning Engineer,illimity Bank S.p.A.,"Faenza, Province of Ravenna, Italy","Title short: Machine Learning Engineer. Schedule: Full-time. Remote: False. Country: Italy. Skills: dynamodb, mongodb, mysql, nosql, postgresql, redshift, snowflake.",dynamodb;mongodb;mysql;nosql;postgresql;redshift;snowflake,ml_engineering,Machine Learning Engineer,Machine Learning Engineer,Italy,Full-time,False,lukebarousse/data_jobs
2429,AI Scientist,TMC,"Eindhoven, Netherlands","Title short: Machine Learning Engineer. Schedule: Contractor. Remote: False. Country: Netherlands. Skills: flow, python, pytorch, tensorflow.",flow;python;pytorch;tensorflow,ml_engineering,AI Scientist,Machine Learning Engineer,Netherlands,Contractor,False,lukebarousse/data_jobs
2430,"Staff Engineer, Machine Learning",ecobee,Anywhere,"Title short: Machine Learning Engineer. Schedule: Full-time. Remote: True. Country: Canada. Skills: keras, python, pytorch, spark, tensorflow.",keras;python;pytorch;spark;tensorflow,ml_engineering,"Staff Engineer, Machine Learning",Machine Learning Engineer,Canada,Full-time,True,lukebarousse/data_jobs
2431,Machine Learning Engineer,Eudinamis S.r.l.,"Rimini, Province of Rimini, Italy","Title short: Machine Learning Engineer. Schedule: Full-time. Remote: False. Country: Italy. Skills: aws, c, c++, excel, java, php, python, sql.",aws;c;c++;excel;java;php;python;sql,ml_engineering,Machine Learning Engineer,Machine Learning Engineer,Italy,Full-time,False,lukebarousse/data_jobs
2432,ML Engineer,Toss Bank(토스뱅크),"Seoul, South Korea","Title short: Machine Learning Engineer. Schedule: Full-time. Remote: False. Country: South Korea. Skills: hadoop, kafka, python, sql.",hadoop;kafka;python;sql,ml_engineering,ML Engineer,Machine Learning Engineer,South Korea,Full-time,False,lukebarousse/data_jobs
2433,ML engineer (middle\senior),USETECH,"Moscow, Russia","Title short: Machine Learning Engineer. Schedule: Full-time. Remote: False. Country: Russia. Skills: docker, fastapi, git, kafka, linux, postgresql, python.",docker;fastapi;git;kafka;linux;postgresql;python,ml_engineering,ML engineer (middle\senior),Machine Learning Engineer,Russia,Full-time,False,lukebarousse/data_jobs
2434,Senior Machine Learning Engineer/Analyst,United Nations Economic and Social Commission for Western Asia,"Beirut, Lebanon","Title short: Machine Learning Engineer. Schedule: Full-time. Remote: False. Country: Lebanon. Skills: aws, azure, git, hadoop, python, pytorch, r, scikit-learn, spark, sql, tensorflow.",aws;azure;git;hadoop;python;pytorch;r;scikit-learn;spark;sql;tensorflow,ml_engineering,Senior Machine Learning Engineer/Analyst,Machine Learning Engineer,Lebanon,Full-time,False,lukebarousse/data_jobs
2435,(Senior) MLOPS Engineer,Segula Technologies,Abu Dhabi - United Arab Emirates,"Title short: Machine Learning Engineer. Schedule: Full-time. Remote: False. Country: United Arab Emirates. Skills: c++, java, linux, python, pytorch, spark, tensorflow.",c++;java;linux;python;pytorch;spark;tensorflow,ml_engineering,(Senior) MLOPS Engineer,Machine Learning Engineer,United Arab Emirates,Full-time,False,lukebarousse/data_jobs
2436,Machine Learning Engineer,Pernod Ricard,"Paris, France","Title short: Machine Learning Engineer. Schedule: Full-time. Remote: False. Country: France. Skills: azure, docker, java, pandas, python, pytorch, scala, scikit-learn.",azure;docker;java;pandas;python;pytorch;scala;scikit-learn,ml_engineering,Machine Learning Engineer,Machine Learning Engineer,France,Full-time,False,lukebarousse/data_jobs
2437,Senior ML Engineer,Entropik,"Bengaluru, Karnataka, India","Title short: Machine Learning Engineer. Schedule: Full-time. Remote: False. Country: India. Skills: aws, c++, git, keras, matplotlib, numpy, opencv, pandas, python, tensorflow.",aws;c++;git;keras;matplotlib;numpy;opencv;pandas;python;tensorflow,ml_engineering,Senior ML Engineer,Machine Learning Engineer,India,Full-time,False,lukebarousse/data_jobs
2438,ML Engineer,iOLAP,Anywhere,"Title short: Machine Learning Engineer. Schedule: Full-time. Remote: True. Country: Mexico. Skills: aws, azure, databricks, git, keras, python, pytorch, sql, tensorflow.",aws;azure;databricks;git;keras;python;pytorch;sql;tensorflow,ml_engineering,ML Engineer,Machine Learning Engineer,Mexico,Full-time,True,lukebarousse/data_jobs
2439,Data Analytics and Machine Learning Engineer,Network IT,"Centurion, South Africa","Title short: Machine Learning Engineer. Schedule: Full-time. Remote: False. Country: South Africa. Skills: matlab, python, sql.",matlab;python;sql,ml_engineering,Data Analytics and Machine Learning Engineer,Machine Learning Engineer,South Africa,Full-time,False,lukebarousse/data_jobs
2440,ML OPs Engineer,Cognitive AI,Anywhere,"Title short: Machine Learning Engineer. Schedule: Full-time. Remote: True. Country: Canada. Skills: aws, codecommit.",aws;codecommit,ml_engineering,ML OPs Engineer,Machine Learning Engineer,Canada,Full-time,True,lukebarousse/data_jobs
2441,Machine Learning Specialist,Port 6,"Helsinki, Finland",Title short: Machine Learning Engineer. Schedule: Full-time. Remote: False. Country: Finland. Skills: go.,go,ml_engineering,Machine Learning Specialist,Machine Learning Engineer,Finland,Full-time,False,lukebarousse/data_jobs
2442,Customer Engineering Specialist Generative AI Mandarin English,Expoint,Taiwan,"Title short: Machine Learning Engineer. Schedule: Contractor. Remote: False. Country: Taiwan. Skills: pytorch, tensorflow.",pytorch;tensorflow,ml_engineering,Customer Engineering Specialist Generative AI Mandarin English,Machine Learning Engineer,Taiwan,Contractor,False,lukebarousse/data_jobs
2443,AI/ML Engineer,Systematic A/S,"Aarhus, Denmark","Title short: Machine Learning Engineer. Schedule: Full-time. Remote: False. Country: Denmark. Skills: excel, python.",excel;python,ml_engineering,AI/ML Engineer,Machine Learning Engineer,Denmark,Full-time,False,lukebarousse/data_jobs
2444,Data Scientist / Machine Learning Engineer - Remote,Ekinox,Anywhere,"Title short: Machine Learning Engineer. Schedule: Full-time. Remote: True. Country: France. Skills: pytorch, scikit-learn, tensorflow.",pytorch;scikit-learn;tensorflow,ml_engineering,Data Scientist / Machine Learning Engineer - Remote,Machine Learning Engineer,France,Full-time,True,lukebarousse/data_jobs
2445,Senior Machine Learning Engineer,Lever,France,"Title short: Machine Learning Engineer. Schedule: Full-time. Remote: False. Country: France. Skills: aws, clojure, github, jenkins, kafka, kubernetes, linux, terraform.",aws;clojure;github;jenkins;kafka;kubernetes;linux;terraform,ml_engineering,Senior Machine Learning Engineer,Machine Learning Engineer,France,Full-time,False,lukebarousse/data_jobs
2446,Senior Data/ML Engineer to Advanced Analytics and AI Department,Handelsbanken,"Stockholm, Sweden","Title short: Senior Data Engineer. Schedule: Full-time. Remote: False. Country: Sweden. Skills: azure, linux, python, spark, sql.",azure;linux;python;spark;sql,ml_engineering,Senior Data/ML Engineer to Advanced Analytics and AI Department,Senior Data Engineer,Sweden,Full-time,False,lukebarousse/data_jobs
2447,Senior Machine Learning Engineer,Liquidity Group,Abu Dhabi - United Arab Emirates,"Title short: Machine Learning Engineer. Schedule: Full-time. Remote: False. Country: United Arab Emirates. Skills: python, sql.",python;sql,ml_engineering,Senior Machine Learning Engineer,Machine Learning Engineer,United Arab Emirates,Full-time,False,lukebarousse/data_jobs
2448,Machine Learning Engineer,Workday,"Pune, Maharashtra, India","Title short: Machine Learning Engineer. Schedule: Full-time. Remote: False. Country: India. Skills: databricks, mysql, pandas, python, spark.",databricks;mysql;pandas;python;spark,ml_engineering,Machine Learning Engineer,Machine Learning Engineer,India,Full-time,False,lukebarousse/data_jobs
2449,Machine Learning + Ai Engineer,Tekton Labs,"Buenos Aires, Argentina","Title short: Machine Learning Engineer. Schedule: Full-time. Remote: False. Country: Argentina. Skills: angular, aws, ionic, mysql, node.js.",angular;aws;ionic;mysql;node.js,ml_engineering,Machine Learning + Ai Engineer,Machine Learning Engineer,Argentina,Full-time,False,lukebarousse/data_jobs
2450,Machine Learning Engineer,Motopay,"Lagos, Nigeria","Title short: Machine Learning Engineer. Schedule: Full-time. Remote: False. Country: Nigeria. Skills: aws, gcp, pytorch, scikit-learn, tensorflow.",aws;gcp;pytorch;scikit-learn;tensorflow,ml_engineering,Machine Learning Engineer,Machine Learning Engineer,Nigeria,Full-time,False,lukebarousse/data_jobs
2451,Machine Learning Engineer (ML Engineer),Ashley Grove Blu Analytics,"Münster, Germany","Title short: Machine Learning Engineer. Schedule: Full-time. Remote: False. Country: Germany. Skills: c++, java, python.",c++;java;python,ml_engineering,Machine Learning Engineer (ML Engineer),Machine Learning Engineer,Germany,Full-time,False,lukebarousse/data_jobs
2452,Machine Learning Engineer,Encora,"Mexico City, CDMX, Mexico","Title short: Machine Learning Engineer. Schedule: Full-time. Remote: False. Country: Mexico. Skills: aws, azure, gcp, numpy, pandas, python, scikit-learn, sql.",aws;azure;gcp;numpy;pandas;python;scikit-learn;sql,ml_engineering,Machine Learning Engineer,Machine Learning Engineer,Mexico,Full-time,False,lukebarousse/data_jobs
2453,Engineer,Captain,"Madrid, Spain",Title short: Machine Learning Engineer. Schedule: Full-time. Remote: False. Country: Spain. Skills: go.,go,ml_engineering,Engineer,Machine Learning Engineer,Spain,Full-time,False,lukebarousse/data_jobs
2454,Machine Learning Engineer,Alef Education,Abu Dhabi - United Arab Emirates,"Title short: Machine Learning Engineer. Schedule: Full-time. Remote: False. Country: United Arab Emirates. Skills: aws, cassandra, java, jupyter, kafka, keras, mxnet, nltk, nosql, python, pytorch, r, scala, scikit-learn, spark, tensorflow.",aws;cassandra;java;jupyter;kafka;keras;mxnet;nltk;nosql;python;pytorch;r;scala;scikit-learn;spark;tensorflow,ml_engineering,Machine Learning Engineer,Machine Learning Engineer,United Arab Emirates,Full-time,False,lukebarousse/data_jobs
2455,ML Engineer,«UZUM TECHNOLOGIES».,Anywhere,"Title short: Machine Learning Engineer. Schedule: Full-time. Remote: True. Country: Russia. Skills: airflow, elasticsearch, matplotlib, numpy, pandas, postgresql, python, spark, sql.",airflow;elasticsearch;matplotlib;numpy;pandas;postgresql;python;spark;sql,ml_engineering,ML Engineer,Machine Learning Engineer,Russia,Full-time,True,lukebarousse/data_jobs
2456,ML Engineering Team Lead,Convizit,"Tel Aviv-Yafo, Israel","Title short: Machine Learning Engineer. Schedule: Full-time. Remote: False. Country: Israel. Skills: aws, nosql, python, sql.",aws;nosql;python;sql,ml_engineering,ML Engineering Team Lead,Machine Learning Engineer,Israel,Full-time,False,lukebarousse/data_jobs
2457,Machine Learning Engineer,"Workday, Inc.","Copenhagen, Denmark","Title short: Machine Learning Engineer. Schedule: Full-time. Remote: False. Country: Denmark. Skills: aws, numpy, pandas, python, pytorch, tensorflow.",aws;numpy;pandas;python;pytorch;tensorflow,ml_engineering,Machine Learning Engineer,Machine Learning Engineer,Denmark,Full-time,False,lukebarousse/data_jobs
2458,Project Manager  (AI/ML),Ethika Solutions,West Bengal,"Title short: Machine Learning Engineer. Schedule: Full-time. Remote: False. Country: India. Skills: azure, gcp, sql.",azure;gcp;sql,ml_engineering,Project Manager  (AI/ML),Machine Learning Engineer,India,Full-time,False,lukebarousse/data_jobs
2459,Stage ingénieur MLOps (H/F) - Janvier 2024,CHANEL,France,"Title short: Machine Learning Engineer. Schedule: Full-time. Remote: False. Country: France. Skills: aws, azure, databricks, gcp, keras, python, pytorch, scikit-learn, tensorflow.",aws;azure;databricks;gcp;keras;python;pytorch;scikit-learn;tensorflow,ml_engineering,Stage ingénieur MLOps (H/F) - Janvier 2024,Machine Learning Engineer,France,Full-time,False,lukebarousse/data_jobs
2460,Junior Machine Learning Engineer,United Nations Economic and Social Commission for Western Asia,"Beirut, Lebanon","Title short: Machine Learning Engineer. Schedule: Full-time. Remote: False. Country: Lebanon. Skills: aws, azure, python, r, sql, windows.",aws;azure;python;r;sql;windows,ml_engineering,Junior Machine Learning Engineer,Machine Learning Engineer,Lebanon,Full-time,False,lukebarousse/data_jobs
2461,Sr ML Engineer,SLB,"Bogotá, Bogota, Colombia","Title short: Machine Learning Engineer. Schedule: Full-time. Remote: False. Country: Colombia. Skills: azure, python, sap.",azure;python;sap,ml_engineering,Sr ML Engineer,Machine Learning Engineer,Colombia,Full-time,False,lukebarousse/data_jobs
2462,Consultant ETL (H/F),CITECH,"Paris, France","Title short: Machine Learning Engineer. Schedule: Full-time. Remote: False. Country: France. Skills: confluence, oracle, sql, sql server.",confluence;oracle;sql;sql server,ml_engineering,Consultant ETL (H/F),Machine Learning Engineer,France,Full-time,False,lukebarousse/data_jobs
2463,Machine Learning Engineer,Deltatre,Italy,"Title short: Machine Learning Engineer. Schedule: Full-time. Remote: False. Country: Italy. Skills: azure, c#, c++, keras, kubernetes, python, pytorch, scikit-learn, tensorflow, watson.",azure;c#;c++;keras;kubernetes;python;pytorch;scikit-learn;tensorflow;watson,ml_engineering,Machine Learning Engineer,Machine Learning Engineer,Italy,Full-time,False,lukebarousse/data_jobs
2464,Machine Learning Engineer / Data Scientist - Google Cloud (all...,adesso SE,"Rostock, Germany","Title short: Machine Learning Engineer. Schedule: Full-time. Remote: False. Country: Germany. Skills: go, java, linux, node.js, python, pytorch, scikit-learn, tensorflow.",go;java;linux;node.js;python;pytorch;scikit-learn;tensorflow,ml_engineering,Machine Learning Engineer / Data Scientist - Google Cloud (all...,Machine Learning Engineer,Germany,Full-time,False,lukebarousse/data_jobs
2465,Machine Learning Engineer,Rijk Zwaan,"De Lier, Netherlands","Title short: Machine Learning Engineer. Schedule: Full-time. Remote: False. Country: Netherlands. Skills: azure, docker, linux, python.",azure;docker;linux;python,ml_engineering,Machine Learning Engineer,Machine Learning Engineer,Netherlands,Full-time,False,lukebarousse/data_jobs
2466,Senior Machine Learning Engineer(Remote),Allergan Data Labs,Anywhere,"Title short: Machine Learning Engineer. Schedule: Full-time. Remote: True. Country: United States. Skills: aws, azure, docker, git, nosql, pandas, python, scikit-learn, spark, sql.",aws;azure;docker;git;nosql;pandas;python;scikit-learn;spark;sql,ml_engineering,Senior Machine Learning Engineer(Remote),Machine Learning Engineer,United States,Full-time,True,lukebarousse/data_jobs
2467,Machine Learning Engineer - Recommendation,CTW,"Tokyo, Japan",Title short: Machine Learning Engineer. Schedule: Full-time. Remote: False. Country: Japan. Skills: go.,go,ml_engineering,Machine Learning Engineer - Recommendation,Machine Learning Engineer,Japan,Full-time,False,lukebarousse/data_jobs
2468,Machine Learning Engineer,Arrive Logistics,"Guadalajara, Jalisco, Mexico","Title short: Machine Learning Engineer. Schedule: Full-time. Remote: False. Country: Mexico. Skills: aws, azure, gcp, python, sql.",aws;azure;gcp;python;sql,ml_engineering,Machine Learning Engineer,Machine Learning Engineer,Mexico,Full-time,False,lukebarousse/data_jobs
2469,Data/ML Engineer,Culture Guru,United Kingdom,"Title short: Data Engineer. Schedule: Full-time. Remote: False. Country: United Kingdom. Skills: aws, azure, docker, kubernetes, python.",aws;azure;docker;kubernetes;python,ml_engineering,Data/ML Engineer,Data Engineer,United Kingdom,Full-time,False,lukebarousse/data_jobs
2470,Machine Learning Engineer,Planet Pharma,"İstanbul, Türkiye","Title short: Machine Learning Engineer. Schedule: Full-time. Remote: False. Country: Turkey. Skills: c++, keras, python, pytorch, tensorflow.",c++;keras;python;pytorch;tensorflow,ml_engineering,Machine Learning Engineer,Machine Learning Engineer,Turkey,Full-time,False,lukebarousse/data_jobs
2471,Machine Learning Engineer,ZipRecruiter,"Tel Aviv-Yafo, Israel","Title short: Machine Learning Engineer. Schedule: Full-time. Remote: False. Country: Israel. Skills: aws, java, linux, nltk, python, scala, scikit-learn, tensorflow.",aws;java;linux;nltk;python;scala;scikit-learn;tensorflow,ml_engineering,Machine Learning Engineer,Machine Learning Engineer,Israel,Full-time,False,lukebarousse/data_jobs
2472,MDM Engineer,Zone IT Solutions,"Melbourne VIC, Australia",Title short: Machine Learning Engineer. Schedule: Full-time. Remote: False. Country: Australia. Skills: windows.,windows,ml_engineering,MDM Engineer,Machine Learning Engineer,Australia,Full-time,False,lukebarousse/data_jobs
2473,VACATURE: PYTHON ENGINEER. Job in Brussel My Valley Jobs Today,EyeTech Solutions,"Brussels, Belgium",Title short: Machine Learning Engineer. Schedule: Full-time. Remote: False. Country: Belgium. Skills: python.,python,ml_engineering,VACATURE: PYTHON ENGINEER. Job in Brussel My Valley Jobs Today,Machine Learning Engineer,Belgium,Full-time,False,lukebarousse/data_jobs
2474,Machine Learning Engineer,Stellantis,Anywhere,"Title short: Machine Learning Engineer. Schedule: Full-time. Remote: True. Country: Poland. Skills: aws, databricks, docker, kubernetes, pyspark, python, r, scala, scikit-learn, shell, sql.",aws;databricks;docker;kubernetes;pyspark;python;r;scala;scikit-learn;shell;sql,ml_engineering,Machine Learning Engineer,Machine Learning Engineer,Poland,Full-time,True,lukebarousse/data_jobs
2475,Junior Machine Learning Engineer,Phoenix Recruitment LLC,Anywhere,"Title short: Machine Learning Engineer. Schedule: Full-time. Remote: True. Country: United States. Skills: c++, hadoop, java, phoenix, python, pytorch, scikit-learn, spark, tensorflow.",c++;hadoop;java;phoenix;python;pytorch;scikit-learn;spark;tensorflow,ml_engineering,Junior Machine Learning Engineer,Machine Learning Engineer,United States,Full-time,True,lukebarousse/data_jobs
2476,Software Engineer (MLOps),Nexthink,"Lausanne, Switzerland","Title short: Software Engineer. Schedule: Full-time. Remote: False. Country: Switzerland. Skills: aws, docker, java, kubernetes, python.",aws;docker;java;kubernetes;python,ml_engineering,Software Engineer (MLOps),Software Engineer,Switzerland,Full-time,False,lukebarousse/data_jobs
2477,Machine Learning Engineer,Sardine,Anywhere,"Title short: Machine Learning Engineer. Schedule: Full-time. Remote: True. Country: Canada. Skills: aws, azure, docker, gcp, go, java, kubernetes, python, sql, terraform, typescript.",aws;azure;docker;gcp;go;java;kubernetes;python;sql;terraform;typescript,ml_engineering,Machine Learning Engineer,Machine Learning Engineer,Canada,Full-time,True,lukebarousse/data_jobs
2478,Engageret DevOps Engineer til videreudvikling af Machine Learning...,Udviklings- og Forenklingsstyrelsen,"Copenhagen, Denmark","Title short: Machine Learning Engineer. Schedule: Full-time. Remote: False. Country: Denmark. Skills: ansible, docker, github, jenkins, linux, python, r, sql.",ansible;docker;github;jenkins;linux;python;r;sql,ml_engineering,Engageret DevOps Engineer til videreudvikling af Machine Learning...,Machine Learning Engineer,Denmark,Full-time,False,lukebarousse/data_jobs
2479,Deep learning engineer,PerPlant,"Copenhagen, Denmark",Title short: Machine Learning Engineer. Schedule: Full-time. Remote: False. Country: Denmark. Skills: excel.,excel,ml_engineering,Deep learning engineer,Machine Learning Engineer,Denmark,Full-time,False,lukebarousse/data_jobs
2480,Machine Learning Engineer,Deliveroo,India,"Title short: Machine Learning Engineer. Schedule: Full-time. Remote: False. Country: India. Skills: aws, pytorch.",aws;pytorch,ml_engineering,Machine Learning Engineer,Machine Learning Engineer,India,Full-time,False,lukebarousse/data_jobs
2481,Machine Learning Engineer (Mid/Senior),OpenBet,"Athens, Greece","Title short: Machine Learning Engineer. Schedule: Full-time. Remote: False. Country: Greece. Skills: bitbucket, c#, cassandra, confluence, github, gitlab, go, hadoop, jira, keras, matplotlib, mongodb, numpy, pandas, python, pytorch, qlik, scikit-learn, sql, tableau.",bitbucket;c#;cassandra;confluence;github;gitlab;go;hadoop;jira;keras;matplotlib;mongodb;numpy;pandas;python;pytorch;qlik;scikit-learn;sql;tableau,ml_engineering,Machine Learning Engineer (Mid/Senior),Machine Learning Engineer,Greece,Full-time,False,lukebarousse/data_jobs
2482,Senior Machine Learning Engineer - Ads Retrieval,Reddit,"Amsterdam, Netherlands","Title short: Machine Learning Engineer. Schedule: Full-time. Remote: False. Country: Netherlands. Skills: c++, golang, java, python.",c++;golang;java;python,ml_engineering,Senior Machine Learning Engineer - Ads Retrieval,Machine Learning Engineer,Netherlands,Full-time,False,lukebarousse/data_jobs
2483,Machine Learning Engineer,Mercor,Anywhere,"Title short: Machine Learning Engineer. Schedule: Full-time. Remote: True. Country: India. Skills: aws, c++, hadoop, java, keras, python, pytorch, scikit-learn, spark, tensorflow.",aws;c++;hadoop;java;keras;python;pytorch;scikit-learn;spark;tensorflow,ml_engineering,Machine Learning Engineer,Machine Learning Engineer,India,Full-time,True,lukebarousse/data_jobs
2484,Lead Machine Learning Engineer,Brenntag,"Amsterdam, Netherlands","Title short: Machine Learning Engineer. Schedule: Full-time. Remote: False. Country: Netherlands. Skills: c++, java, python, r, sas, scala, terraform.",c++;java;python;r;sas;scala;terraform,ml_engineering,Lead Machine Learning Engineer,Machine Learning Engineer,Netherlands,Full-time,False,lukebarousse/data_jobs
2485,AI/ML Engineer,Remedy Intelligent Staffing,Austria,"Title short: Machine Learning Engineer. Schedule: Full-time. Remote: False. Country: Austria. Skills: aws, hugging face, numpy, pandas, python, pytorch, redshift, scikit-learn, tensorflow.",aws;hugging face;numpy;pandas;python;pytorch;redshift;scikit-learn;tensorflow,ml_engineering,AI/ML Engineer,Machine Learning Engineer,Austria,Full-time,False,lukebarousse/data_jobs
2486,Machine Learning Engineer,Turing,Anywhere,Title short: Machine Learning Engineer. Schedule: Full-time. Remote: True. Country: Brazil. Skills: python.,python,ml_engineering,Machine Learning Engineer,Machine Learning Engineer,Brazil,Full-time,True,lukebarousse/data_jobs
2487,Senior MLOps Engineer (100% remote),Datrick,Anywhere,"Title short: Machine Learning Engineer. Schedule: Contractor. Remote: True. Country: Moldova. Skills: airflow, aws, bash, cassandra, docker, flask, jenkins, kafka, keras, kubernetes, mysql, oracle, python, pytorch, scala, scikit-learn, spark, spring, sql, tensorflow.",airflow;aws;bash;cassandra;docker;flask;jenkins;kafka;keras;kubernetes;mysql;oracle;python;pytorch;scala;scikit-learn;spark;spring;sql;tensorflow,ml_engineering,Senior MLOps Engineer (100% remote),Machine Learning Engineer,Moldova,Contractor,True,lukebarousse/data_jobs
2488,MLOps engineer in the field of computer vision,Univrses AB,"Stockholm, Sweden","Title short: Machine Learning Engineer. Schedule: Full-time. Remote: False. Country: Sweden. Skills: aws, bash, docker, flow, git, jenkins, kubernetes, linux, python, pytorch, tensorflow.",aws;bash;docker;flow;git;jenkins;kubernetes;linux;python;pytorch;tensorflow,ml_engineering,MLOps engineer in the field of computer vision,Machine Learning Engineer,Sweden,Full-time,False,lukebarousse/data_jobs
2489,Senior Machine Learning Engineer,noimos ag,"Dietikon, Switzerland","Title short: Machine Learning Engineer. Schedule: Full-time. Remote: False. Country: Switzerland. Skills: docker, gcp, github, numpy, opencv, pandas, python, pytorch, sql.",docker;gcp;github;numpy;opencv;pandas;python;pytorch;sql,ml_engineering,Senior Machine Learning Engineer,Machine Learning Engineer,Switzerland,Full-time,False,lukebarousse/data_jobs
2490,Binance Accelerator Program - SRE Engineer (Machine Learning...,Binance,Singapore,"Title short: Machine Learning Engineer. Schedule: Full-time. Remote: False. Country: Singapore. Skills: go, hadoop, java, python, scala, spark, spring.",go;hadoop;java;python;scala;spark;spring,ml_engineering,Binance Accelerator Program - SRE Engineer (Machine Learning...,Machine Learning Engineer,Singapore,Full-time,False,lukebarousse/data_jobs
2491,Machine Learning Engineer,ZeroNorth,"Copenhagen, Denmark","Title short: Machine Learning Engineer. Schedule: Full-time. Remote: False. Country: Denmark. Skills: aws, dynamodb, fastapi, github, python, pytorch, scikit-learn.",aws;dynamodb;fastapi;github;python;pytorch;scikit-learn,ml_engineering,Machine Learning Engineer,Machine Learning Engineer,Denmark,Full-time,False,lukebarousse/data_jobs
2492,ML Engineer,WalkingTree Technologies,"Hyderabad, Telangana, India   (+2 others)","Title short: Machine Learning Engineer. Schedule: Full-time. Remote: False. Country: India. Skills: c++, java, opencv, python, pytorch.",c++;java;opencv;python;pytorch,ml_engineering,ML Engineer,Machine Learning Engineer,India,Full-time,False,lukebarousse/data_jobs
2493,Machine Learning Engineer,Consforc LLC.,"Lahore, Pakistan","Title short: Machine Learning Engineer. Schedule: Full-time. Remote: False. Country: Pakistan. Skills: aws, c++, docker, gcp, java, kubernetes, python, pytorch, tensorflow.",aws;c++;docker;gcp;java;kubernetes;python;pytorch;tensorflow,ml_engineering,Machine Learning Engineer,Machine Learning Engineer,Pakistan,Full-time,False,lukebarousse/data_jobs
2494,ETL Analyst,PPG,"Brno, Czechia",Title short: Machine Learning Engineer. Schedule: Full-time. Remote: False. Country: Czechia. Skills: sap.,sap,ml_engineering,ETL Analyst,Machine Learning Engineer,Czechia,Full-time,False,lukebarousse/data_jobs
2495,Senior Machine Learning Engineer,Harvey Nash,"Dublin, Ireland",Title short: Machine Learning Engineer. Schedule: Full-time. Remote: False. Country: Ireland. Skills: python.,python,ml_engineering,Senior Machine Learning Engineer,Machine Learning Engineer,Ireland,Full-time,False,lukebarousse/data_jobs
2496,ML Engineer,Crayon,Anywhere,"Title short: Machine Learning Engineer. Schedule: Full-time. Remote: True. Country: Bulgaria. Skills: aws, azure, gcp, git, jenkins, keras, kubernetes, linux, python, pytorch, scikit-learn.",aws;azure;gcp;git;jenkins;keras;kubernetes;linux;python;pytorch;scikit-learn,ml_engineering,ML Engineer,Machine Learning Engineer,Bulgaria,Full-time,True,lukebarousse/data_jobs
2497,NLP Engineer,Larus Technologies,"Ottawa, ON, Canada","Title short: Machine Learning Engineer. Schedule: Full-time. Remote: False. Country: Canada. Skills: azure, docker, gcp, git, hugging face, keras, kubernetes, nltk, python, pytorch, tensorflow.",azure;docker;gcp;git;hugging face;keras;kubernetes;nltk;python;pytorch;tensorflow,ml_engineering,NLP Engineer,Machine Learning Engineer,Canada,Full-time,False,lukebarousse/data_jobs
2498,Senior Machine Learning Engineer,ironSource,"Tel Aviv-Yafo, Israel","Title short: Machine Learning Engineer. Schedule: Full-time. Remote: False. Country: Israel. Skills: aws, azure, docker, gcp, kafka, nosql, python, spark, sql, unity.",aws;azure;docker;gcp;kafka;nosql;python;spark;sql;unity,ml_engineering,Senior Machine Learning Engineer,Machine Learning Engineer,Israel,Full-time,False,lukebarousse/data_jobs
2499,Freelance Engineer || Solution Architect Azure ML,Pixie Recruitment Services Limited,"Brussels, Belgium","Title short: Machine Learning Engineer. Schedule: Contractor. Remote: False. Country: Belgium. Skills: azure, databricks, docker, express, terraform.",azure;databricks;docker;express;terraform,ml_engineering,Freelance Engineer || Solution Architect Azure ML,Machine Learning Engineer,Belgium,Contractor,False,lukebarousse/data_jobs
2500,Test Automation Developer (Python) - Machine Learning,Kinaxis,"Chennai, Tamil Nadu, India",Title short: Machine Learning Engineer. Schedule: Full-time. Remote: False. Country: India. Skills: python.,python,ml_engineering,Test Automation Developer (Python) - Machine Learning,Machine Learning Engineer,India,Full-time,False,lukebarousse/data_jobs
