job_id,title,company,location,description,skills,role_family,role_subfamily,raw_title,title_short,country,schedule_type,work_from_home,source,n_skills
1,Data Scientist II,"Radwell International, LLC",Anywhere,"Title short: Data Scientist. Schedule: Full-time. Remote: True. Country: United States. Skills: azure, excel, mongodb, pandas, python, r, spark, sql, sql server, windows.",azure;excel;mongodb;pandas;python;r;spark;sql;sql server;windows,data_science,general_data_science,Data Scientist II,Data Scientist,United States,Full-time,True,lukebarousse/data_jobs,10
2,Data Science Team Lead,Johns Hopkins Applied Physics Laboratory,"Laurel, MD","Title short: Data Scientist. Schedule: Full-time. Remote: False. Country: United States. Skills: apl, excel, go.",apl;excel;go,data_science,general_data_science,Data Science Team Lead,Data Scientist,United States,Full-time,False,lukebarousse/data_jobs,3
3,Data Scientist,Bitwise Solutions,"Pune, Maharashtra, India","Title short: Data Scientist. Schedule: Full-time. Remote: False. Country: India. Skills: c++, hadoop, java, python, r, scala, sql, tableau.",c++;hadoop;java;python;r;scala;sql;tableau,data_science,general_data_science,Data Scientist,Data Scientist,India,Full-time,False,lukebarousse/data_jobs,8
4,Data Scientist,Devoteam,"Zaventem, Belgium","Title short: Data Scientist. Schedule: Full-time. Remote: False. Country: Belgium. Skills: hadoop, matplotlib, numpy, pandas, python, r, scikit-learn, spark, sql.",hadoop;matplotlib;numpy;pandas;python;r;scikit-learn;spark;sql,data_science,general_data_science,Data Scientist,Data Scientist,Belgium,Full-time,False,lukebarousse/data_jobs,9
5,CRM Data Specialist,Netskope,"San José Province, San José, Costa Rica","Title short: Data Scientist. Schedule: Full-time. Remote: False. Country: Costa Rica. Skills: excel, gdpr.",excel;gdpr,data_science,general_data_science,CRM Data Specialist,Data Scientist,Costa Rica,Full-time,False,lukebarousse/data_jobs,2
6,Sr. Data Scientist (NLP) - Full-time / Part-time,MCKESSON,"Dallas, TX","Title short: Data Scientist. Schedule: Full-time. Remote: False. Country: United States. Skills: azure, databricks, hadoop, nltk, pandas, pyspark, python, spark.",azure;databricks;hadoop;nltk;pandas;pyspark;python;spark,data_science,general_data_science,Sr. Data Scientist (NLP) - Full-time / Part-time,Data Scientist,United States,Full-time,False,lukebarousse/data_jobs,8
7,Data Scientist I,Appalachian Regional Healthcare,"Paris, KY","Title short: Data Scientist. Schedule: Full-time. Remote: False. Country: United States. Skills: c++, hadoop, java, python, r, scala, sql, tableau.",c++;hadoop;java;python;r;scala;sql;tableau,data_science,general_data_science,Data Scientist I,Data Scientist,United States,Full-time,False,lukebarousse/data_jobs,8
8,Binance Accelerator Program - Data Scientist (Risk Management),Binance,Singapore,"Title short: Data Scientist. Schedule: Contractor. Remote: False. Country: Singapore. Skills: java, python, scala.",java;python;scala,data_science,general_data_science,Binance Accelerator Program - Data Scientist (Risk Management),Data Scientist,Singapore,Contractor,False,lukebarousse/data_jobs,3
9,Data Scientist SME or Program Manager,Mavinsys,"Austin, TX","Title short: Data Scientist. Schedule: Contractor. Remote: False. Country: United States. Skills: css, databricks, git, html, javascript, linux, lua, redshift, snowflake, sql, tableau.",css;databricks;git;html;javascript;linux;lua;redshift;snowflake;sql;tableau,data_science,general_data_science,Data Scientist SME or Program Manager,Data Scientist,United States,Contractor,False,lukebarousse/data_jobs,11
10,Data Scientist,Mars,"São Paulo, State of São Paulo, Brazil","Title short: Data Scientist. Schedule: Full-time. Remote: False. Country: Brazil. Skills: azure, python, sql.",azure;python;sql,data_science,general_data_science,Data Scientist,Data Scientist,Brazil,Full-time,False,lukebarousse/data_jobs,3
11,Senior Data Scientist,Europcar Mobility Group,"Paris, France","Title short: Senior Data Scientist. Schedule: Full-time. Remote: False. Country: France. Skills: aws, gcp, python.",aws;gcp;python,data_science,general_data_science,Senior Data Scientist,Senior Data Scientist,France,Full-time,False,lukebarousse/data_jobs,3
12,Data Scientist,ClosedLoop,"Austin, TX","Title short: Data Scientist. Schedule: Full-time. Remote: False. Country: Sudan. Skills: go, python.",go;python,data_science,general_data_science,Data Scientist,Data Scientist,Sudan,Full-time,False,lukebarousse/data_jobs,2
13,Data Scientist,Infineon Technologies AG,"Villach, Austria","Title short: Data Scientist. Schedule: Full-time and Part-time. Remote: False. Country: Austria. Skills: git, javascript, jira, linux, matlab, perl, python, r, sql.",git;javascript;jira;linux;matlab;perl;python;r;sql,data_science,general_data_science,Data Scientist,Data Scientist,Austria,Full-time and Part-time,False,lukebarousse/data_jobs,9
14,Data Science,Pfizer,Brazil,"Title short: Data Scientist. Schedule: Full-time. Remote: False. Country: Brazil. Skills: airflow, angular, aws, git, javascript, jenkins, kubernetes, python, r, react, snowflake, sql.",airflow;angular;aws;git;javascript;jenkins;kubernetes;python;r;react;snowflake;sql,data_science,general_data_science,Data Science,Data Scientist,Brazil,Full-time,False,lukebarousse/data_jobs,12
15,Data Science Team Lead,GovTech Singapore,Singapore,"Title short: Data Scientist. Schedule: Full-time. Remote: False. Country: Singapore. Skills: python, qlik, r, tableau.",python;qlik;r;tableau,data_science,general_data_science,Data Science Team Lead,Data Scientist,Singapore,Full-time,False,lukebarousse/data_jobs,4
16,Data Scientist,Concurrent Technologies Corporation,Australia,"Title short: Data Scientist. Schedule: Full-time. Remote: False. Country: Australia. Skills: bash, git, hadoop, java, python, r, react, spark, sql, tableau, unix.",bash;git;hadoop;java;python;r;react;spark;sql;tableau;unix,data_science,general_data_science,Data Scientist,Data Scientist,Australia,Full-time,False,lukebarousse/data_jobs,11
17,Data Scientist,Talently,"Temuco, Chile","Title short: Data Scientist. Schedule: Full-time. Remote: False. Country: Chile. Skills: excel, numpy, pandas, python, sql, tableau, tensorflow.",excel;numpy;pandas;python;sql;tableau;tensorflow,data_science,general_data_science,Data Scientist,Data Scientist,Chile,Full-time,False,lukebarousse/data_jobs,7
18,"Data Scientist, Risk Data Mining - USDS",TikTok,"Mountain View, CA","Title short: Data Scientist. Schedule: Full-time. Remote: False. Country: United States. Skills: express, python, r, sql.",express;python;r;sql,data_science,general_data_science,"Data Scientist, Risk Data Mining - USDS",Data Scientist,United States,Full-time,False,lukebarousse/data_jobs,4
19,Data Scientist,Avangarde Consulting,"Rome, Metropolitan City of Rome Capital, Italy","Title short: Data Scientist. Schedule: Full-time. Remote: False. Country: Italy. Skills: java, python, r, sql.",java;python;r;sql,data_science,general_data_science,Data Scientist,Data Scientist,Italy,Full-time,False,lukebarousse/data_jobs,4
20,Data Scientist,University of Colorado Anschutz Medical Campus,"Aurora, CO","Title short: Data Scientist. Schedule: Full-time. Remote: False. Country: Sudan. Skills: aurora, bash, docker, git, linux, matplotlib, numpy, pandas, python, sql.",aurora;bash;docker;git;linux;matplotlib;numpy;pandas;python;sql,data_science,general_data_science,Data Scientist,Data Scientist,Sudan,Full-time,False,lukebarousse/data_jobs,10
21,Data Scientist,Stantec,"Atlanta, GA","Title short: Data Scientist. Schedule: Full-time. Remote: False. Country: United States. Skills: c#, python, r, sql.",c#;python;r;sql,data_science,general_data_science,Data Scientist,Data Scientist,United States,Full-time,False,lukebarousse/data_jobs,4
22,Azure Big Data Engineer,FHIOS Smart Knowledge,"Madrid, Spain","Title short: Data Scientist. Schedule: Full-time. Remote: False. Country: Spain. Skills: azure, scala.",azure;scala,data_engineering,general_data_engineering,Azure Big Data Engineer,Data Scientist,Spain,Full-time,False,lukebarousse/data_jobs,2
23,Data Scientist,4 Corner Resources,Anywhere,"Title short: Data Scientist. Schedule: Full-time. Remote: True. Country: United States. Skills: hadoop, python, r, spark, sql, t-sql, tableau.",hadoop;python;r;spark;sql;t-sql;tableau,data_science,general_data_science,Data Scientist,Data Scientist,United States,Full-time,True,lukebarousse/data_jobs,7
24,Global Data Scientist,Kimberly-Clark,Anywhere,"Title short: Data Scientist. Schedule: Full-time. Remote: True. Country: United States. Skills: azure, excel, power bi, powerpoint, python, r, sap, snowflake, sql.",azure;excel;power bi;powerpoint;python;r;sap;snowflake;sql,data_science,general_data_science,Global Data Scientist,Data Scientist,United States,Full-time,True,lukebarousse/data_jobs,9
25,DATA SCIENTIST,Joboss,"Madrid, Spain","Title short: Data Scientist. Schedule: Full-time. Remote: False. Country: Spain. Skills: git, hadoop, jira, python, r, spark, sql.",git;hadoop;jira;python;r;spark;sql,data_science,general_data_science,DATA SCIENTIST,Data Scientist,Spain,Full-time,False,lukebarousse/data_jobs,7
26,Data Scientist,LotusFlare,"Sunnyvale, CA","Title short: Data Scientist. Schedule: Full-time. Remote: False. Country: United States. Skills: aws, nosql, python, sql.",aws;nosql;python;sql,data_science,general_data_science,Data Scientist,Data Scientist,United States,Full-time,False,lukebarousse/data_jobs,4
27,Data Scientist Senior,Alaya Digital Solutions,"Santiago, Chile","Title short: Senior Data Scientist. Schedule: Full-time. Remote: False. Country: Chile. Skills: aws, azure, matlab, python, sql.",aws;azure;matlab;python;sql,data_science,general_data_science,Data Scientist Senior,Senior Data Scientist,Chile,Full-time,False,lukebarousse/data_jobs,5
28,Mid/ Senior Data Scientist with NLP,Trans.eu Group,Anywhere,"Title short: Data Scientist. Schedule: Full-time. Remote: True. Country: Poland. Skills: airflow, aws, git, keras, pyspark, python, pytorch, scikit-learn, snowflake, sql, tensorflow.",airflow;aws;git;keras;pyspark;python;pytorch;scikit-learn;snowflake;sql;tensorflow,data_science,general_data_science,Mid/ Senior Data Scientist with NLP,Data Scientist,Poland,Full-time,True,lukebarousse/data_jobs,11
29,Senior Data Scientist,Ratepay,"Berlin, Germany","Title short: Senior Data Scientist. Schedule: Full-time. Remote: False. Country: Germany. Skills: aws, python, sql, word.",aws;python;sql;word,data_science,general_data_science,Senior Data Scientist,Senior Data Scientist,Germany,Full-time,False,lukebarousse/data_jobs,4
30,Data Science Team Lead,StepStone Group,Anywhere,"Title short: Data Scientist. Schedule: Full-time. Remote: True. Country: United Kingdom. Skills: docker, react.",docker;react,data_science,general_data_science,Data Science Team Lead,Data Scientist,United Kingdom,Full-time,True,lukebarousse/data_jobs,2
31,Data Scientist I,Truist Inc,"Charlotte, NC","Title short: Data Scientist. Schedule: Full-time. Remote: False. Country: United States. Skills: hadoop, jquery, nosql, python, r, sas, spark, sql.",hadoop;jquery;nosql;python;r;sas;spark;sql,data_science,general_data_science,Data Scientist I,Data Scientist,United States,Full-time,False,lukebarousse/data_jobs,8
32,Data scientist - Actuaire Réassurance (H/F),ACM GIE,"Strasbourg, France","Title short: Data Scientist. Schedule: Full-time. Remote: False. Country: France. Skills: sas, vba.",sas;vba,data_science,general_data_science,Data scientist - Actuaire Réassurance (H/F),Data Scientist,France,Full-time,False,lukebarousse/data_jobs,2
33,Data Scientist,MAS Management Network,Anywhere,"Title short: Data Scientist. Schedule: Full-time. Remote: True. Country: Italy. Skills: airflow, gcp, github, microstrategy, oracle, power bi, sql.",airflow;gcp;github;microstrategy;oracle;power bi;sql,data_science,general_data_science,Data Scientist,Data Scientist,Italy,Full-time,True,lukebarousse/data_jobs,7
34,"Mission Data Scientist, Senior - Security Clearance Required",Booz Allen Hamilton,"Fayetteville, NC","Title short: Senior Data Scientist. Schedule: Full-time. Remote: False. Country: United States. Skills: docker, kubernetes, pandas, postgresql, python, r, splunk, tableau.",docker;kubernetes;pandas;postgresql;python;r;splunk;tableau,data_science,general_data_science,"Mission Data Scientist, Senior - Security Clearance Required",Senior Data Scientist,United States,Full-time,False,lukebarousse/data_jobs,8
35,"Digital Analyst, Innovation",Cathay Pacific Airways Ltd,Hong Kong,"Title short: Data Scientist. Schedule: Full-time. Remote: False. Country: Hong Kong. Skills: confluence, jira.",confluence;jira,data_science,general_data_science,"Digital Analyst, Innovation",Data Scientist,Hong Kong,Full-time,False,lukebarousse/data_jobs,2
36,Senior Data Scientist,The Trade Desk,"London, UK","Title short: Senior Data Scientist. Schedule: Full-time. Remote: False. Country: United Kingdom. Skills: java, python, scala, spark, sql.",java;python;scala;spark;sql,data_science,general_data_science,Senior Data Scientist,Senior Data Scientist,United Kingdom,Full-time,False,lukebarousse/data_jobs,5
37,Senior Data Scientist,TRM Labs,Anywhere,"Title short: Senior Data Scientist. Schedule: Full-time. Remote: True. Country: Sudan. Skills: git, python, sql.",git;python;sql,data_science,general_data_science,Senior Data Scientist,Senior Data Scientist,Sudan,Full-time,True,lukebarousse/data_jobs,3
38,Data Scientist (f/m/d) | Recommendation,eduki,Anywhere,"Title short: Data Scientist. Schedule: Full-time. Remote: True. Country: Germany. Skills: go, python, sql, windows.",go;python;sql;windows,data_science,general_data_science,Data Scientist (f/m/d) | Recommendation,Data Scientist,Germany,Full-time,True,lukebarousse/data_jobs,4
39,"Data / AI Scientist (Boston, MA)",Takeda,"Lexington, KY","Title short: Data Scientist. Schedule: Full-time. Remote: False. Country: United States. Skills: confluence, databricks, jira, python, r, spark.",confluence;databricks;jira;python;r;spark,data_science,general_data_science,"Data / AI Scientist (Boston, MA)",Data Scientist,United States,Full-time,False,lukebarousse/data_jobs,6
40,NATOIS-0008 Data Scientist (NS) - TUE 13 Jun,"EMW, Inc.","Brussels, Belgium","Title short: Data Scientist. Schedule: Full-time. Remote: False. Country: Belgium. Skills: aws, azure, c, hadoop, python, r, sql, tableau.",aws;azure;c;hadoop;python;r;sql;tableau,data_science,general_data_science,NATOIS-0008 Data Scientist (NS) - TUE 13 Jun,Data Scientist,Belgium,Full-time,False,lukebarousse/data_jobs,8
41,Data Scientist,JobLeads GmbH,"Milan, Metropolitan City of Milan, Italy","Title short: Data Scientist. Schedule: Full-time. Remote: False. Country: Italy. Skills: alteryx, c++, github, java, power bi, python, r, sap, scala, shell, sql.",alteryx;c++;github;java;power bi;python;r;sap;scala;shell;sql,data_science,general_data_science,Data Scientist,Data Scientist,Italy,Full-time,False,lukebarousse/data_jobs,11
42,Senior Clinical Data Scientist with focus on Statistical Programming,"Boehringer Ingelheim Pharmaceuticals, Inc",Anywhere,"Title short: Senior Data Scientist. Schedule: Full-time. Remote: True. Country: United States. Skills: r, sas.",r;sas,data_science,general_data_science,Senior Clinical Data Scientist with focus on Statistical Programming,Senior Data Scientist,United States,Full-time,True,lukebarousse/data_jobs,2
43,Data Scientist,Nesine.com,Anywhere,"Title short: Data Scientist. Schedule: Full-time. Remote: True. Country: Turkey. Skills: elasticsearch, hadoop, kafka, keras, nosql, numpy, python, pytorch, scikit-learn, spark, sql, tableau, tensorflow.",elasticsearch;hadoop;kafka;keras;nosql;numpy;python;pytorch;scikit-learn;spark;sql;tableau;tensorflow,data_science,general_data_science,Data Scientist,Data Scientist,Turkey,Full-time,True,lukebarousse/data_jobs,13
44,Data Scientist,Kforce Inc,"Lewisville, TX","Title short: Data Scientist. Schedule: Contractor. Remote: False. Country: Sudan. Skills: matlab, python, r, sas, snowflake, sql.",matlab;python;r;sas;snowflake;sql,data_science,general_data_science,Data Scientist,Data Scientist,Sudan,Contractor,False,lukebarousse/data_jobs,6
45,Senior Bioinformatics Research Scientist- Data Scientist,St. Jude Children's Research Hospital,"Brighton, TN","Title short: Data Scientist. Schedule: Full-time. Remote: False. Country: United States. Skills: electron, r.",electron;r,data_science,general_data_science,Senior Bioinformatics Research Scientist- Data Scientist,Data Scientist,United States,Full-time,False,lukebarousse/data_jobs,2
46,Data Scientist Technology Risk (w/m/d),Ernst & Young GmbH,"Munich, Germany","Title short: Data Scientist. Schedule: Full-time. Remote: False. Country: Germany. Skills: excel, outlook, powerpoint, word.",excel;outlook;powerpoint;word,data_science,general_data_science,Data Scientist Technology Risk (w/m/d),Data Scientist,Germany,Full-time,False,lukebarousse/data_jobs,4
47,Sr. Data Scientist,McKesson,"Dallas, TX","Title short: Data Scientist. Schedule: Full-time. Remote: False. Country: United States. Skills: azure, databricks, hadoop, nltk, pandas, pyspark, python, spark.",azure;databricks;hadoop;nltk;pandas;pyspark;python;spark,data_science,general_data_science,Sr. Data Scientist,Data Scientist,United States,Full-time,False,lukebarousse/data_jobs,8
48,Data Scientist (m/w/d),Deutsche Bundesbank,"Frankfurt, Germany","Title short: Data Scientist. Schedule: Full-time. Remote: False. Country: Germany. Skills: aws, azure, java, python, r, sql.",aws;azure;java;python;r;sql,data_science,general_data_science,Data Scientist (m/w/d),Data Scientist,Germany,Full-time,False,lukebarousse/data_jobs,6
49,Chatbot Data Scientist,Futuri,Anywhere,"Title short: Data Scientist. Schedule: Full-time. Remote: True. Country: United States. Skills: aws, excel, git, javascript, mysql, nosql, python.",aws;excel;git;javascript;mysql;nosql;python,data_science,general_data_science,Chatbot Data Scientist,Data Scientist,United States,Full-time,True,lukebarousse/data_jobs,7
50,Mid level Data Scientist,HireMeFast LLC - Career Accelerator - Land A Job,Anywhere,"Title short: Data Scientist. Schedule: Full-time. Remote: True. Country: Canada. Skills: aws, gcp, python, r, sql.",aws;gcp;python;r;sql,data_science,general_data_science,Mid level Data Scientist,Data Scientist,Canada,Full-time,True,lukebarousse/data_jobs,5
51,Senior Data Scientist,DESAISIV,"Amman, Jordan","Title short: Senior Data Scientist. Schedule: Full-time. Remote: False. Country: Jordan. Skills: aws, azure, matplotlib, pandas, python, r, scala.",aws;azure;matplotlib;pandas;python;r;scala,data_science,general_data_science,Senior Data Scientist,Senior Data Scientist,Jordan,Full-time,False,lukebarousse/data_jobs,7
52,"Senior Data Scientist, Marketing",Vinted,"Amsterdam, Netherlands","Title short: Senior Data Scientist. Schedule: Full-time. Remote: False. Country: Netherlands. Skills: looker, python, r, sql, tableau.",looker;python;r;sql;tableau,data_science,general_data_science,"Senior Data Scientist, Marketing",Senior Data Scientist,Netherlands,Full-time,False,lukebarousse/data_jobs,5
53,"Data Scientist, Liquidity Management",Stripe,Anywhere,"Title short: Data Scientist. Schedule: Full-time. Remote: True. Country: Sudan. Skills: c++, matlab, python, r, spark, sql.",c++;matlab;python;r;spark;sql,data_science,general_data_science,"Data Scientist, Liquidity Management",Data Scientist,Sudan,Full-time,True,lukebarousse/data_jobs,6
54,Data Scientist,SoKat,"Washington, DC","Title short: Data Scientist. Schedule: Full-time. Remote: False. Country: United States. Skills: aws, python, sql.",aws;python;sql,data_science,general_data_science,Data Scientist,Data Scientist,United States,Full-time,False,lukebarousse/data_jobs,3
55,Marketing Data Scientist,Smartly Video and Display,"Taguig, Metro Manila, Philippines","Title short: Data Scientist. Schedule: nan. Remote: False. Country: Philippines. Skills: python, r, sql.",python;r;sql,data_science,general_data_science,Marketing Data Scientist,Data Scientist,Philippines,,False,lukebarousse/data_jobs,3
56,"Lead Data Scientist (Bangkok based, relocation provided)",Agoda,"Atlanta, GA","Title short: Data Scientist. Schedule: Full-time. Remote: False. Country: United States. Skills: pyspark, python, scala, sql.",pyspark;python;scala;sql,data_science,general_data_science,"Lead Data Scientist (Bangkok based, relocation provided)",Data Scientist,United States,Full-time,False,lukebarousse/data_jobs,4
57,Geospatial Intelligence Analyst,Fire and Emergency New Zealand,"Wellington, New Zealand","Title short: Data Scientist. Schedule: Full-time. Remote: False. Country: New Zealand. Skills: python, sql, sql server.",python;sql;sql server,data_science,general_data_science,Geospatial Intelligence Analyst,Data Scientist,New Zealand,Full-time,False,lukebarousse/data_jobs,3
58,Analytics Engineer,Epidemic Sound,"Stockholm, Sweden","Title short: Data Scientist. Schedule: Full-time. Remote: False. Country: Sweden. Skills: airflow, aws, bigquery, gcp, looker, python, snowflake, sql, terraform.",airflow;aws;bigquery;gcp;looker;python;snowflake;sql;terraform,data_engineering,analytics_engineering,Analytics Engineer,Data Scientist,Sweden,Full-time,False,lukebarousse/data_jobs,9
59,Senior Data Scientist,CAE,"Orlando, FL","Title short: Senior Data Scientist. Schedule: Full-time. Remote: False. Country: United States. Skills: aws, azure, c, hadoop, kafka, matlab, nosql, python, r, sas, sql, tensorflow.",aws;azure;c;hadoop;kafka;matlab;nosql;python;r;sas;sql;tensorflow,data_science,general_data_science,Senior Data Scientist,Senior Data Scientist,United States,Full-time,False,lukebarousse/data_jobs,12
60,Senior Data Scientist,MMS,"Miami, FL","Title short: Senior Data Scientist. Schedule: Full-time. Remote: False. Country: United States. Skills: java, julia, power bi, python, r.",java;julia;power bi;python;r,data_science,general_data_science,Senior Data Scientist,Senior Data Scientist,United States,Full-time,False,lukebarousse/data_jobs,5
61,Full Stack Data Scientist,Professional Engineering Consultants,"Wichita, KS","Title short: Data Scientist. Schedule: Full-time. Remote: False. Country: United States. Skills: angular, asp.net, c#, css, fortran, java, javascript, jquery, mongodb, mysql, node.js, php, python, r, react, sql.",angular;asp.net;c#;css;fortran;java;javascript;jquery;mongodb;mysql;node.js;php;python;r;react;sql,data_science,general_data_science,Full Stack Data Scientist,Data Scientist,United States,Full-time,False,lukebarousse/data_jobs,16
62,Data Scientist/Architect,Keysight Technologies,Singapore,"Title short: Data Scientist. Schedule: Full-time. Remote: False. Country: Singapore. Skills: mongo, mongodb, nosql.",mongo;mongodb;nosql,data_science,general_data_science,Data Scientist/Architect,Data Scientist,Singapore,Full-time,False,lukebarousse/data_jobs,3
63,Data Scientist,Médiane Système,"Brussels, Belgium","Title short: Data Scientist. Schedule: Full-time. Remote: False. Country: Belgium. Skills: hadoop, kafka, python, spark.",hadoop;kafka;python;spark,data_science,general_data_science,Data Scientist,Data Scientist,Belgium,Full-time,False,lukebarousse/data_jobs,4
64,Modeller Data Scientist,Nestlé,"Esplugues de Llobregat, Spain","Title short: Data Scientist. Schedule: Full-time. Remote: False. Country: Spain. Skills: excel, python, r, sql.",excel;python;r;sql,data_science,general_data_science,Modeller Data Scientist,Data Scientist,Spain,Full-time,False,lukebarousse/data_jobs,4
65,ML & Data Science - Working Student - B2B Solutions,JustWatch,Anywhere,"Title short: Data Scientist. Schedule: Part-time. Remote: True. Country: Germany. Skills: python, pytorch, snowflake.",python;pytorch;snowflake,data_science,general_data_science,ML & Data Science - Working Student - B2B Solutions,Data Scientist,Germany,Part-time,True,lukebarousse/data_jobs,3
66,Data Scientist,Deloitte,"Atlanta, GA","Title short: Data Scientist. Schedule: Full-time. Remote: False. Country: United States. Skills: aws, azure, docker, gcp, jupyter, keras, pandas, python, pytorch, scikit-learn, tensorflow.",aws;azure;docker;gcp;jupyter;keras;pandas;python;pytorch;scikit-learn;tensorflow,data_science,general_data_science,Data Scientist,Data Scientist,United States,Full-time,False,lukebarousse/data_jobs,11
67,Junior Data Scientist,Arkin,"Rotterdam, Netherlands","Title short: Data Scientist. Schedule: Full-time. Remote: False. Country: Netherlands. Skills: python, sql, word.",python;sql;word,data_science,general_data_science,Junior Data Scientist,Data Scientist,Netherlands,Full-time,False,lukebarousse/data_jobs,3
68,"Anaplan Consultant, Strategic Analytics - Data Science",Deloitte,"Panama City, FL","Title short: Data Scientist. Schedule: Full-time. Remote: False. Country: United States. Skills: datarobot, excel, outlook, powerpoint, python, r, sql, tableau.",datarobot;excel;outlook;powerpoint;python;r;sql;tableau,data_science,general_data_science,"Anaplan Consultant, Strategic Analytics - Data Science",Data Scientist,United States,Full-time,False,lukebarousse/data_jobs,8
69,Data Scientist,Digital India Corporation,"New Delhi, Delhi, India","Title short: Data Scientist. Schedule: Contractor. Remote: False. Country: India. Skills: excel, powerpoint, sas, sql, tableau.",excel;powerpoint;sas;sql;tableau,data_science,general_data_science,Data Scientist,Data Scientist,India,Contractor,False,lukebarousse/data_jobs,5
70,Data Scientist,Magna International,India,"Title short: Data Scientist. Schedule: Full-time. Remote: False. Country: India. Skills: azure, databricks, gdpr, power bi, unity.",azure;databricks;gdpr;power bi;unity,data_science,general_data_science,Data Scientist,Data Scientist,India,Full-time,False,lukebarousse/data_jobs,5
71,Lead AI Speech Data Scientist,TIGI HR ®,"Bengaluru, Karnataka, India","Title short: Data Scientist. Schedule: Full-time. Remote: False. Country: India. Skills: aws, bash, c++, gcp, java, python, pytorch, tensorflow.",aws;bash;c++;gcp;java;python;pytorch;tensorflow,data_science,general_data_science,Lead AI Speech Data Scientist,Data Scientist,India,Full-time,False,lukebarousse/data_jobs,8
72,Data Scientist,PublicisGroupe,"Kuala Lumpur, Federal Territory of Kuala Lumpur, Malaysia","Title short: Data Scientist. Schedule: Full-time. Remote: False. Country: Malaysia. Skills: aws, hadoop, linux, python, r, spark, sql.",aws;hadoop;linux;python;r;spark;sql,data_science,general_data_science,Data Scientist,Data Scientist,Malaysia,Full-time,False,lukebarousse/data_jobs,7
73,"Manager/Assistant Manager (Data Scientist/Engineer), SCALE ...",National University of Singapore,Singapore,"Title short: Data Engineer. Schedule: Full-time. Remote: False. Country: Singapore. Skills: numpy, pandas, power bi, python, qlik, sql, tableau.",numpy;pandas;power bi;python;qlik;sql;tableau,data_engineering,general_data_engineering,"Manager/Assistant Manager (Data Scientist/Engineer), SCALE ...",Data Engineer,Singapore,Full-time,False,lukebarousse/data_jobs,7
74,Data Scientist - Business Analytics - Chase,Jobleads-UK,"London, UK","Title short: Data Scientist. Schedule: Full-time. Remote: False. Country: United Kingdom. Skills: python, sql.",python;sql,data_science,general_data_science,Data Scientist - Business Analytics - Chase,Data Scientist,United Kingdom,Full-time,False,lukebarousse/data_jobs,2
75,Data Scientist III,Conduent,Anywhere,"Title short: Data Scientist. Schedule: Full-time. Remote: True. Country: Sudan. Skills: azure, sql, ssis.",azure;sql;ssis,data_science,general_data_science,Data Scientist III,Data Scientist,Sudan,Full-time,True,lukebarousse/data_jobs,3
76,AI/ML Health Data Scientist Managing Consultant,Guidehouse,"Dallas, TX","Title short: Data Scientist. Schedule: Full-time. Remote: False. Country: Sudan. Skills: power bi, python, r, sas, tableau.",power bi;python;r;sas;tableau,data_science,general_data_science,AI/ML Health Data Scientist Managing Consultant,Data Scientist,Sudan,Full-time,False,lukebarousse/data_jobs,5
77,Lead Data Scientist,The Hong Kong Jockey Club,Hong Kong,"Title short: Data Scientist. Schedule: Full-time. Remote: False. Country: Hong Kong. Skills: c#, python, r, sql, vba.",c#;python;r;sql;vba,data_science,general_data_science,Lead Data Scientist,Data Scientist,Hong Kong,Full-time,False,lukebarousse/data_jobs,5
78,Junior Data Scientist,ATS Relab,"Milan, Metropolitan City of Milan, Italy","Title short: Data Scientist. Schedule: Full-time. Remote: False. Country: Italy. Skills: aws, azure, elasticsearch, flow, mongodb, nosql, postgresql, python.",aws;azure;elasticsearch;flow;mongodb;nosql;postgresql;python,data_science,general_data_science,Junior Data Scientist,Data Scientist,Italy,Full-time,False,lukebarousse/data_jobs,8
79,Data Scientist,Hiring Machine,"Brasília - Brasilia, Federal District, Brazil","Title short: Data Scientist. Schedule: Full-time. Remote: False. Country: Brazil. Skills: matplotlib, numpy, pandas, python, scikit-learn, sql.",matplotlib;numpy;pandas;python;scikit-learn;sql,data_science,general_data_science,Data Scientist,Data Scientist,Brazil,Full-time,False,lukebarousse/data_jobs,6
80,Jnr Data Scientist for exciting projects with Global Clients ...,Upwork,Anywhere,"Title short: Data Scientist. Schedule: Full-time. Remote: True. Country: Sudan. Skills: aws, azure, excel, powerpoint, python, r, tidyverse.",aws;azure;excel;powerpoint;python;r;tidyverse,data_science,general_data_science,Jnr Data Scientist for exciting projects with Global Clients ...,Data Scientist,Sudan,Full-time,True,lukebarousse/data_jobs,7
81,Data Defense Developer - USDS,TikTok,"Mountain View, CA","Title short: Data Scientist. Schedule: Full-time. Remote: False. Country: United States. Skills: aws, bitbucket, express, github, go, java, kafka, mongo, numpy, pandas, python, redis.",aws;bitbucket;express;github;go;java;kafka;mongo;numpy;pandas;python;redis,data_science,general_data_science,Data Defense Developer - USDS,Data Scientist,United States,Full-time,False,lukebarousse/data_jobs,12
82,Data Scientist,Beonit,"Barcelona, Spain","Title short: Data Scientist. Schedule: Full-time. Remote: False. Country: Spain. Skills: oracle, pyspark, r, spark.",oracle;pyspark;r;spark,data_science,general_data_science,Data Scientist,Data Scientist,Spain,Full-time,False,lukebarousse/data_jobs,4
83,AI/ML Health Data Scientist - Senior Consultant,Guidehouse,"Union City, GA","Title short: Senior Data Scientist. Schedule: Full-time. Remote: False. Country: United States. Skills: power bi, python, r, sas, tableau.",power bi;python;r;sas;tableau,data_science,general_data_science,AI/ML Health Data Scientist - Senior Consultant,Senior Data Scientist,United States,Full-time,False,lukebarousse/data_jobs,5
84,Senior or Principal Data Scientist (m/w/d),Boehringer Ingelheim,"Biberach, Germany","Title short: Data Scientist. Schedule: Full-time. Remote: False. Country: Germany. Skills: julia, python, r.",julia;python;r,data_science,general_data_science,Senior or Principal Data Scientist (m/w/d),Data Scientist,Germany,Full-time,False,lukebarousse/data_jobs,3
85,Data Scientist,Talently,"Agricultura 4-A, Ecatepec de Morelos, Méx., Mexico","Title short: Data Scientist. Schedule: Full-time. Remote: False. Country: Mexico. Skills: excel, numpy, pandas, python, sql, tableau, tensorflow.",excel;numpy;pandas;python;sql;tableau;tensorflow,data_science,general_data_science,Data Scientist,Data Scientist,Mexico,Full-time,False,lukebarousse/data_jobs,7
86,"Data Scientist, Computational Biology",NewLimit,"South San Francisco, CA","Title short: Data Scientist. Schedule: Full-time. Remote: False. Country: United States. Skills: numpy, pandas, python, unix.",numpy;pandas;python;unix,data_science,general_data_science,"Data Scientist, Computational Biology",Data Scientist,United States,Full-time,False,lukebarousse/data_jobs,4
87,Data Scientist,MRJ Recruitment,United Kingdom,"Title short: Data Scientist. Schedule: Full-time. Remote: False. Country: United Kingdom. Skills: python, sql.",python;sql,data_science,general_data_science,Data Scientist,Data Scientist,United Kingdom,Full-time,False,lukebarousse/data_jobs,2
88,Data Science (NLP Research and Analytics) work from home...,IGurus Consultancy Services LLP,Anywhere,"Title short: Data Scientist. Schedule: Part-time. Remote: True. Country: India. Skills: django, flask, flow, python.",django;flask;flow;python,data_science,general_data_science,Data Science (NLP Research and Analytics) work from home...,Data Scientist,India,Part-time,True,lukebarousse/data_jobs,4
89,Consultor/A Big Data,Krell Consulting,"Las Palmas de Gran Canaria, Spain","Title short: Data Scientist. Schedule: Full-time. Remote: False. Country: Spain. Skills: julia, microstrategy, power bi, sas.",julia;microstrategy;power bi;sas,data_science,general_data_science,Consultor/A Big Data,Data Scientist,Spain,Full-time,False,lukebarousse/data_jobs,4
90,Sr People Analytics Data Scientist,Workday,"Dublin, Ireland","Title short: Data Scientist. Schedule: Full-time. Remote: False. Country: Ireland. Skills: python, r.",python;r,data_science,general_data_science,Sr People Analytics Data Scientist,Data Scientist,Ireland,Full-time,False,lukebarousse/data_jobs,2
91,Data Scientist - Clearance Required - Security Clearance Required,LMI,"Springfield, VA","Title short: Data Scientist. Schedule: Full-time. Remote: False. Country: United States. Skills: python, sql.",python;sql,data_science,general_data_science,Data Scientist - Clearance Required - Security Clearance Required,Data Scientist,United States,Full-time,False,lukebarousse/data_jobs,2
92,Data Scientist,NTT DATA,"Hyderabad, Telangana, India","Title short: Data Scientist. Schedule: Full-time. Remote: False. Country: India. Skills: azure, flow, power bi, python, r, sap, tableau, tensorflow.",azure;flow;power bi;python;r;sap;tableau;tensorflow,data_science,general_data_science,Data Scientist,Data Scientist,India,Full-time,False,lukebarousse/data_jobs,8
93,Senior Data Scientist (REMOTE POSITION),"UpHealth, Inc.",Anywhere,"Title short: Senior Data Scientist. Schedule: Full-time. Remote: True. Country: India. Skills: aws, azure, gcp.",aws;azure;gcp,data_science,general_data_science,Senior Data Scientist (REMOTE POSITION),Senior Data Scientist,India,Full-time,True,lukebarousse/data_jobs,3
94,Regalix India - Data Scientist - Machine Learning/Tableau,Regalix India Pvt Ltd,"Bengaluru, Karnataka, India","Title short: Data Scientist. Schedule: Full-time. Remote: False. Country: India. Skills: sas, tableau.",sas;tableau,data_science,general_data_science,Regalix India - Data Scientist - Machine Learning/Tableau,Data Scientist,India,Full-time,False,lukebarousse/data_jobs,2
95,Senior Data Scientist (Remote),Prime Holding,"Plovdiv, Bulgaria","Title short: Senior Data Scientist. Schedule: Full-time. Remote: False. Country: Bulgaria. Skills: go, python, r, tableau.",go;python;r;tableau,data_science,general_data_science,Senior Data Scientist (Remote),Senior Data Scientist,Bulgaria,Full-time,False,lukebarousse/data_jobs,4
96,Senior Data Scientist,Walmart,"Carrollton, GA","Title short: Senior Data Scientist. Schedule: Full-time. Remote: False. Country: United States. Skills: gcp, nosql, python, r, scala, spark, sql, tensorflow.",gcp;nosql;python;r;scala;spark;sql;tensorflow,data_science,general_data_science,Senior Data Scientist,Senior Data Scientist,United States,Full-time,False,lukebarousse/data_jobs,8
97,Experienced Data Scientist,BOEING,"Bengaluru, Karnataka, India","Title short: Data Scientist. Schedule: Full-time. Remote: False. Country: India. Skills: c++, matlab, power bi, python, pytorch, r, tableau, tensorflow.",c++;matlab;power bi;python;pytorch;r;tableau;tensorflow,data_science,general_data_science,Experienced Data Scientist,Data Scientist,India,Full-time,False,lukebarousse/data_jobs,8
98,Data Scientist I,MasterCard,United States,"Title short: Data Scientist. Schedule: Full-time. Remote: False. Country: Sudan. Skills: hadoop, keras, python, pytorch, r, spark, sql, tensorflow.",hadoop;keras;python;pytorch;r;spark;sql;tensorflow,data_science,general_data_science,Data Scientist I,Data Scientist,Sudan,Full-time,False,lukebarousse/data_jobs,8
99,Deep learning engineer/ Data scientist (computer vision or nlp...,Paxcom India Pvt. Ltd,"New Delhi, Delhi, India","Title short: Data Scientist. Schedule: Full-time. Remote: False. Country: India. Skills: angular, aws, bash, docker, java, jenkins, kubernetes, linux, matplotlib, numpy, postgresql, python, pytorch, scikit-learn, spark, tensorflow.",angular;aws;bash;docker;java;jenkins;kubernetes;linux;matplotlib;numpy;postgresql;python;pytorch;scikit-learn;spark;tensorflow,data_science,general_data_science,Deep learning engineer/ Data scientist (computer vision or nlp...,Data Scientist,India,Full-time,False,lukebarousse/data_jobs,16
100,"Intern, Data Science",Munich Re,Singapore,"Title short: Data Scientist. Schedule: Internship. Remote: False. Country: Singapore. Skills: azure, c#, power bi, python, r, rshiny.",azure;c#;power bi;python;r;rshiny,data_science,general_data_science,"Intern, Data Science",Data Scientist,Singapore,Internship,False,lukebarousse/data_jobs,6
101,Data Scientist with German (m/f/d),Magna International,"Graz, Austria","Title short: Data Scientist. Schedule: Full-time. Remote: False. Country: Austria. Skills: aws, docker, gdpr, git, hadoop, python, r, spark, sql, tableau, tensorflow, unity.",aws;docker;gdpr;git;hadoop;python;r;spark;sql;tableau;tensorflow;unity,data_science,general_data_science,Data Scientist with German (m/f/d),Data Scientist,Austria,Full-time,False,lukebarousse/data_jobs,12
102,"Senior Data Scientist, Product",Shakepay Inc.,Canada,"Title short: Senior Data Scientist. Schedule: Full-time. Remote: False. Country: Canada. Skills: python, r, snowflake, sql.",python;r;snowflake;sql,data_science,general_data_science,"Senior Data Scientist, Product",Senior Data Scientist,Canada,Full-time,False,lukebarousse/data_jobs,4
103,Senior Data Scientist - AI/ML,TIAA,"Frisco, TX","Title short: Senior Data Scientist. Schedule: Full-time. Remote: False. Country: United States. Skills: aws, azure, css, docker, html, javascript, kubernetes, python.",aws;azure;css;docker;html;javascript;kubernetes;python,data_science,general_data_science,Senior Data Scientist - AI/ML,Senior Data Scientist,United States,Full-time,False,lukebarousse/data_jobs,8
104,Data Scientist,Kforce Inc,"Rockledge, FL","Title short: Data Scientist. Schedule: Contractor. Remote: False. Country: United States. Skills: excel, qlik, sql, tableau.",excel;qlik;sql;tableau,data_science,general_data_science,Data Scientist,Data Scientist,United States,Contractor,False,lukebarousse/data_jobs,4
105,Senior Data Scientist,Deloitte,"Gilbert, AZ","Title short: Senior Data Scientist. Schedule: Full-time. Remote: False. Country: Sudan. Skills: aws, azure, docker, excel, gcp, jenkins, kubernetes, linux, matlab, nosql, r, sas, spark, spss, sql, windows.",aws;azure;docker;excel;gcp;jenkins;kubernetes;linux;matlab;nosql;r;sas;spark;spss;sql;windows,data_science,general_data_science,Senior Data Scientist,Senior Data Scientist,Sudan,Full-time,False,lukebarousse/data_jobs,16
106,Junior Data Scientist,Orbis Operations,United States,"Title short: Data Scientist. Schedule: Full-time. Remote: False. Country: United States. Skills: excel, oracle, python, r, sql.",excel;oracle;python;r;sql,data_science,general_data_science,Junior Data Scientist,Data Scientist,United States,Full-time,False,lukebarousse/data_jobs,5
107,Senior Data Scientist,SOSi,"Semmes, AL","Title short: Senior Data Scientist. Schedule: Full-time. Remote: False. Country: United States. Skills: gitlab, kafka, kubernetes, linux, neo4j, numpy, python, pytorch, r, sql, tableau, tensorflow.",gitlab;kafka;kubernetes;linux;neo4j;numpy;python;pytorch;r;sql;tableau;tensorflow,data_science,general_data_science,Senior Data Scientist,Senior Data Scientist,United States,Full-time,False,lukebarousse/data_jobs,12
108,Data Scientist,Algoscale,Anywhere,"Title short: Data Scientist. Schedule: Full-time. Remote: True. Country: India. Skills: aws, java, mongodb, nosql, postgresql, python, r, sql.",aws;java;mongodb;nosql;postgresql;python;r;sql,data_science,general_data_science,Data Scientist,Data Scientist,India,Full-time,True,lukebarousse/data_jobs,8
109,Product Director Data Science,Metropolitan Transportation Authority (MTA),United States,"Title short: Data Scientist. Schedule: Full-time. Remote: False. Country: Sudan. Skills: docker, git, go, python, r.",docker;git;go;python;r,data_science,general_data_science,Product Director Data Science,Data Scientist,Sudan,Full-time,False,lukebarousse/data_jobs,5
110,"Director, Data Science",American Credit Acceptance,"Spartanburg, SC","Title short: Data Scientist. Schedule: Full-time. Remote: False. Country: United States. Skills: go, python, r, sql, tableau.",go;python;r;sql;tableau,data_science,general_data_science,"Director, Data Science",Data Scientist,United States,Full-time,False,lukebarousse/data_jobs,5
111,BI and Data Visualization Specialist,"Rollins, Inc.","Atlanta, GA","Title short: Data Scientist. Schedule: Full-time. Remote: False. Country: United States. Skills: azure, excel, oracle, power bi, powershell, spreadsheet, sql, ssis, vba, visual basic, windows.",azure;excel;oracle;power bi;powershell;spreadsheet;sql;ssis;vba;visual basic;windows,data_science,general_data_science,BI and Data Visualization Specialist,Data Scientist,United States,Full-time,False,lukebarousse/data_jobs,11
112,Senior Data Scientist,Capgemini,Luxembourg,"Title short: Senior Data Scientist. Schedule: Full-time. Remote: False. Country: Luxembourg. Skills: aws, azure, c, c++, git, java, python, pytorch, scala, tensorflow, vue.",aws;azure;c;c++;git;java;python;pytorch;scala;tensorflow;vue,data_science,general_data_science,Senior Data Scientist,Senior Data Scientist,Luxembourg,Full-time,False,lukebarousse/data_jobs,11
113,Lead Data Scientist,Adform Sp. z o.o.,Finland,"Title short: Data Scientist. Schedule: Full-time. Remote: False. Country: Finland. Skills: aws, git, hadoop, java, nosql, python, scala, spark, sql, word.",aws;git;hadoop;java;nosql;python;scala;spark;sql;word,data_science,general_data_science,Lead Data Scientist,Data Scientist,Finland,Full-time,False,lukebarousse/data_jobs,10
114,Data Analytics Developer,E*Pro Inc,"Culver City, CA","Title short: Data Scientist. Schedule: Full-time. Remote: False. Country: United States. Skills: oracle, shell, snowflake, sql, sql server, unix.",oracle;shell;snowflake;sql;sql server;unix,data_science,general_data_science,Data Analytics Developer,Data Scientist,United States,Full-time,False,lukebarousse/data_jobs,6
115,Data Scientist - Pricing analyst,Careermap,United Kingdom,"Title short: Data Scientist. Schedule: Full-time. Remote: False. Country: United Kingdom. Skills: python, r, sql.",python;r;sql,data_science,general_data_science,Data Scientist - Pricing analyst,Data Scientist,United Kingdom,Full-time,False,lukebarousse/data_jobs,3
116,Data Scientist,IQVIA,Anywhere,"Title short: Data Scientist. Schedule: Full-time. Remote: True. Country: United States. Skills: airflow, aws, elasticsearch, git, keras, nosql, power bi, python, pytorch, redshift, sas, scikit-learn, spark, tableau, tensorflow.",airflow;aws;elasticsearch;git;keras;nosql;power bi;python;pytorch;redshift;sas;scikit-learn;spark;tableau;tensorflow,data_science,general_data_science,Data Scientist,Data Scientist,United States,Full-time,True,lukebarousse/data_jobs,15
117,Data Scientist,Tyrads PTE. LTD.,"Bali, Indonesia","Title short: Data Scientist. Schedule: Full-time. Remote: False. Country: Indonesia. Skills: aws, azure, gcp, hadoop, power bi, python, r, spark, tableau.",aws;azure;gcp;hadoop;power bi;python;r;spark;tableau,data_science,general_data_science,Data Scientist,Data Scientist,Indonesia,Full-time,False,lukebarousse/data_jobs,9
118,Reports Analyst,WorldSource Healthcare,"Manila, Metro Manila, Philippines","Title short: Data Scientist. Schedule: Full-time. Remote: False. Country: Philippines. Skills: excel, spreadsheet.",excel;spreadsheet,data_science,general_data_science,Reports Analyst,Data Scientist,Philippines,Full-time,False,lukebarousse/data_jobs,2
119,Entry Level Programmer/Coder/Developer/Data Scientist/Analyst/Engineer,SynergisticIT,"Indianapolis, IN","Title short: Data Scientist. Schedule: Part-time and Contractor. Remote: False. Country: United States. Skills: django, python, scala.",django;python;scala,data_science,general_data_science,Entry Level Programmer/Coder/Developer/Data Scientist/Analyst/Engineer,Data Scientist,United States,Part-time and Contractor,False,lukebarousse/data_jobs,3
120,Data Scientist(Junior),SynergisticIT,"Columbia, SC","Title short: Data Scientist. Schedule: Part-time. Remote: False. Country: United States. Skills: django, python, scala.",django;python;scala,data_science,general_data_science,Data Scientist(Junior),Data Scientist,United States,Part-time,False,lukebarousse/data_jobs,3
121,"Chengdu/KDC, Data Scientist, DA D&A, Advisory",KPMG China,China,"Title short: Data Scientist. Schedule: Full-time. Remote: False. Country: China. Skills: alteryx, power bi, python, r, sql, tableau, vba.",alteryx;power bi;python;r;sql;tableau;vba,data_science,general_data_science,"Chengdu/KDC, Data Scientist, DA D&A, Advisory",Data Scientist,China,Full-time,False,lukebarousse/data_jobs,7
122,Data Science- ML,LTIMindtree,"Kolkata, West Bengal, India","Title short: Data Scientist. Schedule: Full-time. Remote: False. Country: India. Skills: julia, python.",julia;python,data_science,general_data_science,Data Science- ML,Data Scientist,India,Full-time,False,lukebarousse/data_jobs,2
123,Data scientist,Aristocrat IT Solutions Pvt Ltd,United States,"Title short: Data Scientist. Schedule: Full-time. Remote: False. Country: United States. Skills: c++, hadoop, java, python, r, scala, sql, tableau.",c++;hadoop;java;python;r;scala;sql;tableau,data_science,general_data_science,Data scientist,Data Scientist,United States,Full-time,False,lukebarousse/data_jobs,8
124,Data Scientist H/F,Open,"Strasbourg, France","Title short: Data Scientist. Schedule: Full-time. Remote: False. Country: France. Skills: python, sql.",python;sql,data_science,general_data_science,Data Scientist H/F,Data Scientist,France,Full-time,False,lukebarousse/data_jobs,2
125,Data Scientist - Sr. Data Scientist,FedEx Ground,Anywhere,"Title short: Senior Data Scientist. Schedule: Full-time. Remote: True. Country: United States. Skills: oracle, python, r, ruby, sql, tableau.",oracle;python;r;ruby;sql;tableau,data_science,general_data_science,Data Scientist - Sr. Data Scientist,Senior Data Scientist,United States,Full-time,True,lukebarousse/data_jobs,6
126,Senior Data Scientist,TEKsystems (Allegis Group Singapore Pte Ltd),Singapore,"Title short: Senior Data Scientist. Schedule: Full-time. Remote: False. Country: Singapore. Skills: python, spark, sql.",python;spark;sql,data_science,general_data_science,Senior Data Scientist,Senior Data Scientist,Singapore,Full-time,False,lukebarousse/data_jobs,3
127,Senior Data Scientist,Walmart,"San Bruno, CA","Title short: Senior Data Scientist. Schedule: Full-time and Part-time. Remote: False. Country: United States. Skills: python, r, scala, spark, sql, tensorflow.",python;r;scala;spark;sql;tensorflow,data_science,general_data_science,Senior Data Scientist,Senior Data Scientist,United States,Full-time and Part-time,False,lukebarousse/data_jobs,6
128,Data Scientist (m/f/d),Magna International,"Graz, Austria","Title short: Data Scientist. Schedule: Full-time. Remote: False. Country: Austria. Skills: aws, docker, gdpr, git, hadoop, python, r, spark, sql, tableau, tensorflow, unity.",aws;docker;gdpr;git;hadoop;python;r;spark;sql;tableau;tensorflow;unity,data_science,general_data_science,Data Scientist (m/f/d),Data Scientist,Austria,Full-time,False,lukebarousse/data_jobs,12
129,Principal Associate Data Scientist - Community Impact & Investment,Capital One,"McLean, VA","Title short: Data Scientist. Schedule: Full-time. Remote: False. Country: United States. Skills: aws, python, r, scala, sql.",aws;python;r;scala;sql,data_science,general_data_science,Principal Associate Data Scientist - Community Impact & Investment,Data Scientist,United States,Full-time,False,lukebarousse/data_jobs,5
130,Data Scientist,SynergisticIT,"Boerne, TX","Title short: Data Scientist. Schedule: Full-time. Remote: False. Country: Sudan. Skills: c++, java, python, r, scala, sql.",c++;java;python;r;scala;sql,data_science,general_data_science,Data Scientist,Data Scientist,Sudan,Full-time,False,lukebarousse/data_jobs,6
131,Internship - Data Project Manager - Paris,numberly,"Paris, France","Title short: Data Scientist. Schedule: Internship. Remote: False. Country: France. Skills: dax, hadoop, power bi, python, spark, sql.",dax;hadoop;power bi;python;spark;sql,data_science,general_data_science,Internship - Data Project Manager - Paris,Data Scientist,France,Internship,False,lukebarousse/data_jobs,6
132,Senior Data Scientist,Transformco,"Miami, FL","Title short: Senior Data Scientist. Schedule: Full-time. Remote: False. Country: United States. Skills: excel, java, linux, matlab, python, r, sql, unix.",excel;java;linux;matlab;python;r;sql;unix,data_science,general_data_science,Senior Data Scientist,Senior Data Scientist,United States,Full-time,False,lukebarousse/data_jobs,8
133,Data Scientist-Marketing,Loyalytics AI,"Bengaluru, Karnataka, India","Title short: Data Scientist. Schedule: Full-time. Remote: False. Country: India. Skills: numpy, pandas, python, r, scikit-learn, sql.",numpy;pandas;python;r;scikit-learn;sql,data_science,general_data_science,Data Scientist-Marketing,Data Scientist,India,Full-time,False,lukebarousse/data_jobs,6
134,"Postdoctoral Fellowship, Pathology - Translational Research & Data...",Genmab,"Princeton, NJ","Title short: Data Scientist. Schedule: Full-time. Remote: False. Country: United States. Skills: java, matlab, python, pytorch, scikit-learn, tensorflow.",java;matlab;python;pytorch;scikit-learn;tensorflow,data_science,general_data_science,"Postdoctoral Fellowship, Pathology - Translational Research & Data...",Data Scientist,United States,Full-time,False,lukebarousse/data_jobs,6
135,"Data Scientist - NLP, regex, OpenCV, Python, AWS - Contract to Hire",Upwork,Anywhere,"Title short: Data Scientist. Schedule: Contractor. Remote: True. Country: United States. Skills: aws, python.",aws;python,data_science,general_data_science,"Data Scientist - NLP, regex, OpenCV, Python, AWS - Contract to Hire",Data Scientist,United States,Contractor,True,lukebarousse/data_jobs,2
136,Data Scientist,Elevance Health,"Miami, FL","Title short: Data Scientist. Schedule: Full-time. Remote: False. Country: United States. Skills: go, hadoop, python, r, sas.",go;hadoop;python;r;sas,data_science,general_data_science,Data Scientist,Data Scientist,United States,Full-time,False,lukebarousse/data_jobs,5
137,Sr. Artificial Intelligence and Machine Learning Data Scientist...,Martin's Point Health Care,Anywhere,"Title short: Data Scientist. Schedule: Full-time. Remote: True. Country: United States. Skills: excel, hadoop, jupyter, keras, matplotlib, numpy, pandas, pyspark, python, r, scikit-learn, sql, sql server, tableau.",excel;hadoop;jupyter;keras;matplotlib;numpy;pandas;pyspark;python;r;scikit-learn;sql;sql server;tableau,data_science,general_data_science,Sr. Artificial Intelligence and Machine Learning Data Scientist...,Data Scientist,United States,Full-time,True,lukebarousse/data_jobs,14
138,Associate Data Scientist,World Wide Technology,"Edmond, OK","Title short: Data Scientist. Schedule: Full-time. Remote: False. Country: Sudan. Skills: git, keras, matplotlib, numpy, pandas, python, pytorch, scikit-learn, tensorflow.",git;keras;matplotlib;numpy;pandas;python;pytorch;scikit-learn;tensorflow,data_science,general_data_science,Associate Data Scientist,Data Scientist,Sudan,Full-time,False,lukebarousse/data_jobs,9
139,"Senior Data Scientist - Revenue Acceleration, Recommendation...",Shopify,"Atlanta, GA","Title short: Senior Data Scientist. Schedule: Full-time. Remote: False. Country: United States. Skills: excel, python, sql.",excel;python;sql,data_science,general_data_science,"Senior Data Scientist - Revenue Acceleration, Recommendation...",Senior Data Scientist,United States,Full-time,False,lukebarousse/data_jobs,3
140,Data Scientist,T+O+M Executive Ireland,"Dublin, Ireland","Title short: Data Scientist. Schedule: Full-time. Remote: False. Country: Ireland. Skills: databricks, python, r, sql.",databricks;python;r;sql,data_science,general_data_science,Data Scientist,Data Scientist,Ireland,Full-time,False,lukebarousse/data_jobs,4
141,Sr Data Scientist-Supply Chain,Honeywell,"Charlotte, NC","Title short: Data Scientist. Schedule: Full-time. Remote: False. Country: United States. Skills: express, flow, python, snowflake, sql.",express;flow;python;snowflake;sql,data_science,general_data_science,Sr Data Scientist-Supply Chain,Data Scientist,United States,Full-time,False,lukebarousse/data_jobs,5
142,Data Science Manager,IKEA Gruppe,"Assen, Netherlands","Title short: Data Scientist. Schedule: Full-time. Remote: False. Country: Netherlands. Skills: python, sql.",python;sql,data_science,general_data_science,Data Science Manager,Data Scientist,Netherlands,Full-time,False,lukebarousse/data_jobs,2
143,Data Scientist,TELUS,"Calgary, AB, Canada","Title short: Data Scientist. Schedule: Full-time. Remote: False. Country: Canada. Skills: aws, azure, gcp, github, numpy, pandas, python, scikit-learn, sql, tensorflow.",aws;azure;gcp;github;numpy;pandas;python;scikit-learn;sql;tensorflow,data_science,general_data_science,Data Scientist,Data Scientist,Canada,Full-time,False,lukebarousse/data_jobs,10
144,Data Scientist,Toss Bank(토스뱅크),"Seoul, South Korea","Title short: Data Scientist. Schedule: Full-time. Remote: False. Country: South Korea. Skills: python, pytorch, r, spark, sql, tensorflow.",python;pytorch;r;spark;sql;tensorflow,data_science,general_data_science,Data Scientist,Data Scientist,South Korea,Full-time,False,lukebarousse/data_jobs,6
145,"Senior Data Scientist (Greater Boston Area, MA)",Deloitte,,"Title short: Senior Data Scientist. Schedule: Full-time. Remote: False. Country: United States. Skills: aws, azure, docker, gcp, jupyter, keras, pandas, python, pytorch, scikit-learn, tensorflow.",aws;azure;docker;gcp;jupyter;keras;pandas;python;pytorch;scikit-learn;tensorflow,data_science,general_data_science,"Senior Data Scientist (Greater Boston Area, MA)",Senior Data Scientist,United States,Full-time,False,lukebarousse/data_jobs,11
146,HR Data Scientist,"Tyler Technologies, Inc.","Yarmouth, ME","Title short: Data Scientist. Schedule: Full-time. Remote: False. Country: United States. Skills: hadoop, java, julia, python, r, sas, spark, sql.",hadoop;java;julia;python;r;sas;spark;sql,data_science,general_data_science,HR Data Scientist,Data Scientist,United States,Full-time,False,lukebarousse/data_jobs,8
147,Lead Data Scientist,Honeywell,"Johnson City, TN","Title short: Data Scientist. Schedule: Full-time. Remote: False. Country: United States. Skills: flow, hadoop, microstrategy, python, r, spark, sql, tableau.",flow;hadoop;microstrategy;python;r;spark;sql;tableau,data_science,general_data_science,Lead Data Scientist,Data Scientist,United States,Full-time,False,lukebarousse/data_jobs,8
148,Manager Data Scientist H/F,Page Personnel,"Paris, France","Title short: Data Scientist. Schedule: Full-time. Remote: False. Country: France. Skills: aws, chef, gcp, python, r, sql.",aws;chef;gcp;python;r;sql,data_science,general_data_science,Manager Data Scientist H/F,Data Scientist,France,Full-time,False,lukebarousse/data_jobs,6
149,Sr. Data Scientist - Customer Experience Analytics (US REMOTE),Splunk,"Tampa, FL","Title short: Data Scientist. Schedule: Full-time. Remote: False. Country: United States. Skills: matplotlib, python, seaborn, snowflake, splunk, sql, tableau.",matplotlib;python;seaborn;snowflake;splunk;sql;tableau,data_science,general_data_science,Sr. Data Scientist - Customer Experience Analytics (US REMOTE),Data Scientist,United States,Full-time,False,lukebarousse/data_jobs,7
150,Data Analytics Engineer / Data Scientist III,"Progress Rail, A Caterpillar Company","La Grange, IL","Title short: Data Scientist. Schedule: Full-time. Remote: False. Country: United States. Skills: aws, cassandra, hadoop, matplotlib, nosql, numpy, pandas, pyspark, python, r, snowflake, spark, sql, tableau.",aws;cassandra;hadoop;matplotlib;nosql;numpy;pandas;pyspark;python;r;snowflake;spark;sql;tableau,data_engineering,analytics_engineering,Data Analytics Engineer / Data Scientist III,Data Scientist,United States,Full-time,False,lukebarousse/data_jobs,14
151,Data Scientist,Zen Strategics LLC,"Vienna, VA","Title short: Data Scientist. Schedule: Full-time. Remote: False. Country: United States. Skills: git, hadoop, python, r, spark.",git;hadoop;python;r;spark,data_science,general_data_science,Data Scientist,Data Scientist,United States,Full-time,False,lukebarousse/data_jobs,5
152,Senior Data Scientist,Tata Group,"Shannon, County Clare, Ireland","Title short: Senior Data Scientist. Schedule: Full-time. Remote: False. Country: Ireland. Skills: aws, python, r, sql.",aws;python;r;sql,data_science,general_data_science,Senior Data Scientist,Senior Data Scientist,Ireland,Full-time,False,lukebarousse/data_jobs,4
153,Data Scientist Senior/Lead - H/F,Assystem,"Courbevoie, France","Title short: Data Scientist. Schedule: Full-time. Remote: False. Country: France. Skills: airflow, aws, azure, dynamodb, elasticsearch, hadoop, java, kafka, python, scala, spark.",airflow;aws;azure;dynamodb;elasticsearch;hadoop;java;kafka;python;scala;spark,data_science,general_data_science,Data Scientist Senior/Lead - H/F,Data Scientist,France,Full-time,False,lukebarousse/data_jobs,11
154,Senior Data Scientist,Idexcel,"Herndon, VA","Title short: Senior Data Scientist. Schedule: Full-time. Remote: False. Country: United States. Skills: aws, bitbucket, ggplot2, github, javascript, matplotlib, numpy, pandas, python, r, scikit-learn, seaborn, sql.",aws;bitbucket;ggplot2;github;javascript;matplotlib;numpy;pandas;python;r;scikit-learn;seaborn;sql,data_science,general_data_science,Senior Data Scientist,Senior Data Scientist,United States,Full-time,False,lukebarousse/data_jobs,13
155,Lead Data Scientist,Honeywell,"Phoenix, AZ","Title short: Data Scientist. Schedule: Full-time. Remote: False. Country: United States. Skills: flow, hadoop, microstrategy, python, r, spark, sql, tableau.",flow;hadoop;microstrategy;python;r;spark;sql;tableau,data_science,general_data_science,Lead Data Scientist,Data Scientist,United States,Full-time,False,lukebarousse/data_jobs,8
156,Data Scientist,Maruti Suzuki India Ltd,"New Delhi, Delhi, India","Title short: Data Scientist. Schedule: Full-time. Remote: False. Country: India. Skills: python, r, sas, sql.",python;r;sas;sql,data_science,general_data_science,Data Scientist,Data Scientist,India,Full-time,False,lukebarousse/data_jobs,4
157,Data Scientist & Analyst expérimenté,Eulidia,"Paris, France","Title short: Data Scientist. Schedule: Full-time. Remote: False. Country: France. Skills: python, sql, tableau.",python;sql;tableau,data_science,general_data_science,Data Scientist & Analyst expérimenté,Data Scientist,France,Full-time,False,lukebarousse/data_jobs,3
158,DATA SCIENTIST F/H,Assistance Publique Hôpitaux de Paris,"Paris, France","Title short: Data Scientist. Schedule: Full-time. Remote: False. Country: France. Skills: git, python, r, sas, spark, sql.",git;python;r;sas;spark;sql,data_science,general_data_science,DATA SCIENTIST F/H,Data Scientist,France,Full-time,False,lukebarousse/data_jobs,6
159,Data Scientist,Small Business Administration,"Herndon, VA","Title short: Data Scientist. Schedule: Full-time and Part-time. Remote: False. Country: United States. Skills: oracle, sql.",oracle;sql,data_science,general_data_science,Data Scientist,Data Scientist,United States,Full-time and Part-time,False,lukebarousse/data_jobs,2
160,Data Scientist (Mid) - Customer Analytics,Experis,"St. Louis, MO","Title short: Data Scientist. Schedule: Full-time. Remote: False. Country: United States. Skills: aws, docker, flask, git, python, r, sql.",aws;docker;flask;git;python;r;sql,data_science,general_data_science,Data Scientist (Mid) - Customer Analytics,Data Scientist,United States,Full-time,False,lukebarousse/data_jobs,7
161,Mid Data Scientist,Saxon Global,"Texas City, TX","Title short: Data Scientist. Schedule: Full-time. Remote: False. Country: Sudan. Skills: aws, azure, kubernetes, numpy, python, pytorch, spark, sql, tensorflow.",aws;azure;kubernetes;numpy;python;pytorch;spark;sql;tensorflow,data_science,general_data_science,Mid Data Scientist,Data Scientist,Sudan,Full-time,False,lukebarousse/data_jobs,9
162,Data Scientist,Techvilla Solutions,Anywhere,"Title short: Data Scientist. Schedule: Full-time. Remote: True. Country: United States. Skills: pyspark, python, sql.",pyspark;python;sql,data_science,general_data_science,Data Scientist,Data Scientist,United States,Full-time,True,lukebarousse/data_jobs,3
163,Data Scientist - Full-time / Part-time,MCKESSON,"Irving, TX","Title short: Data Scientist. Schedule: Full-time. Remote: False. Country: United States. Skills: excel, powerpoint, python, sas, sql, word.",excel;powerpoint;python;sas;sql;word,data_science,general_data_science,Data Scientist - Full-time / Part-time,Data Scientist,United States,Full-time,False,lukebarousse/data_jobs,6
164,"Científico de Datos Big Data Remoto, Madrid",CAS TRAINING,"Madrid, Spain","Title short: Data Scientist. Schedule: Full-time. Remote: False. Country: Spain. Skills: python, spark.",python;spark,data_science,general_data_science,"Científico de Datos Big Data Remoto, Madrid",Data Scientist,Spain,Full-time,False,lukebarousse/data_jobs,2
165,Data Scientist Consultant- Top Secret Clearance Required,Deloitte,"Arlington, VA","Title short: Data Scientist. Schedule: Full-time. Remote: False. Country: United States. Skills: confluence, flow, hadoop, java, jira, python, r, scala, spark, sql, windows.",confluence;flow;hadoop;java;jira;python;r;scala;spark;sql;windows,data_science,general_data_science,Data Scientist Consultant- Top Secret Clearance Required,Data Scientist,United States,Full-time,False,lukebarousse/data_jobs,11
166,Data Scientist,MindQuad Solutions,"Ahmedabad, Gujarat, India","Title short: Data Scientist. Schedule: Full-time. Remote: False. Country: India. Skills: ggplot2, matplotlib, python, r, sas, sql, tableau.",ggplot2;matplotlib;python;r;sas;sql;tableau,data_science,general_data_science,Data Scientist,Data Scientist,India,Full-time,False,lukebarousse/data_jobs,7
167,QC Data Scientist,Johnson Matthey,"West Deptford, NJ","Title short: Data Scientist. Schedule: Full-time. Remote: False. Country: United States. Skills: alteryx, power bi, tableau, vba.",alteryx;power bi;tableau;vba,data_science,general_data_science,QC Data Scientist,Data Scientist,United States,Full-time,False,lukebarousse/data_jobs,4
168,Data Scientist Risque de crédit - RQTH,Mission Handicap,"Champigny-sur-Marne, France","Title short: Data Scientist. Schedule: Full-time. Remote: False. Country: France. Skills: r, sas.",r;sas,data_science,general_data_science,Data Scientist Risque de crédit - RQTH,Data Scientist,France,Full-time,False,lukebarousse/data_jobs,2
169,Data Scientist,Robert Walters,"Taguig, Metro Manila, Philippines","Title short: Data Scientist. Schedule: Full-time. Remote: False. Country: Philippines. Skills: aws, docker, linux, python.",aws;docker;linux;python,data_science,general_data_science,Data Scientist,Data Scientist,Philippines,Full-time,False,lukebarousse/data_jobs,4
170,Senior Data Scientist,Nova Futur Ltd,"London, UK","Title short: Senior Data Scientist. Schedule: Full-time. Remote: False. Country: United Kingdom. Skills: bigquery, docker, flask, gcp, git, hadoop, python, spark, sql.",bigquery;docker;flask;gcp;git;hadoop;python;spark;sql,data_science,general_data_science,Senior Data Scientist,Senior Data Scientist,United Kingdom,Full-time,False,lukebarousse/data_jobs,9
171,Data Scientist,Harnham,"San Francisco, CA","Title short: Data Scientist. Schedule: Full-time. Remote: False. Country: United States. Skills: python, sql.",python;sql,data_science,general_data_science,Data Scientist,Data Scientist,United States,Full-time,False,lukebarousse/data_jobs,2
172,Senior Data Scientist,Crimtan,"Cardiff, UK","Title short: Senior Data Scientist. Schedule: Full-time. Remote: False. Country: United Kingdom. Skills: airflow, bash, docker, git, hadoop, linux, numpy, pandas, postgresql, pyspark, python, shell, spark, sql.",airflow;bash;docker;git;hadoop;linux;numpy;pandas;postgresql;pyspark;python;shell;spark;sql,data_science,general_data_science,Senior Data Scientist,Senior Data Scientist,United Kingdom,Full-time,False,lukebarousse/data_jobs,14
173,Data Visualization Consultant,Capgemini Belgium,Belgium,"Title short: Data Scientist. Schedule: Full-time and Part-time. Remote: False. Country: Belgium. Skills: microstrategy, power bi, qlik, sap, sas, tableau.",microstrategy;power bi;qlik;sap;sas;tableau,data_science,general_data_science,Data Visualization Consultant,Data Scientist,Belgium,Full-time and Part-time,False,lukebarousse/data_jobs,6
174,Data Scientist,Inchcape Digital,Philippines,"Title short: Data Scientist. Schedule: Full-time. Remote: False. Country: Philippines. Skills: aws, azure, git.",aws;azure;git,data_science,general_data_science,Data Scientist,Data Scientist,Philippines,Full-time,False,lukebarousse/data_jobs,3
175,Principal Data Scientist (Hybrid),Tremor Video,"New York, NY","Title short: Data Scientist. Schedule: Full-time. Remote: False. Country: Sudan. Skills: keras, mongodb, pandas, python, pytorch, redis, scala, spark, sql, tensorflow.",keras;mongodb;pandas;python;pytorch;redis;scala;spark;sql;tensorflow,data_science,general_data_science,Principal Data Scientist (Hybrid),Data Scientist,Sudan,Full-time,False,lukebarousse/data_jobs,10
176,AI Data Science SME - Python | R + SQL | NoSQL | Apache - Hybrid ...,Deloitte,"Arlington, VA","Title short: Data Scientist. Schedule: Full-time. Remote: False. Country: United States. Skills: hadoop, java, nosql, python, qlik, r, spark, sql, tableau.",hadoop;java;nosql;python;qlik;r;spark;sql;tableau,data_science,general_data_science,AI Data Science SME - Python | R + SQL | NoSQL | Apache - Hybrid ...,Data Scientist,United States,Full-time,False,lukebarousse/data_jobs,9
177,Data Scientist,MANGO,"Barcelona, Spain","Title short: Data Scientist. Schedule: Full-time. Remote: False. Country: Spain. Skills: airflow, aws, databricks, dynamodb, python, scala, spark.",airflow;aws;databricks;dynamodb;python;scala;spark,data_science,general_data_science,Data Scientist,Data Scientist,Spain,Full-time,False,lukebarousse/data_jobs,7
178,Data Scientist II,UTHealth,"Center, TX","Title short: Data Scientist. Schedule: Full-time. Remote: False. Country: Sudan. Skills: excel, hadoop, java, matlab, python, r, sas, spss, sql, tableau.",excel;hadoop;java;matlab;python;r;sas;spss;sql;tableau,data_science,general_data_science,Data Scientist II,Data Scientist,Sudan,Full-time,False,lukebarousse/data_jobs,10
179,lead data scientist with machine learning,McKesson,"Irving, TX","Title short: Data Scientist. Schedule: Full-time. Remote: False. Country: United States. Skills: java, linux, power bi, python, pytorch, r, shell, snowflake, sql, tableau, tensorflow.",java;linux;power bi;python;pytorch;r;shell;snowflake;sql;tableau;tensorflow,data_science,general_data_science,lead data scientist with machine learning,Data Scientist,United States,Full-time,False,lukebarousse/data_jobs,11
180,2024 Analytics and Data Science Graduate Programme,Le Boat,United Kingdom,"Title short: Data Scientist. Schedule: Full-time and Part-time. Remote: False. Country: United Kingdom. Skills: c, express.",c;express,data_science,general_data_science,2024 Analytics and Data Science Graduate Programme,Data Scientist,United Kingdom,Full-time and Part-time,False,lukebarousse/data_jobs,2
181,Data Analyst/Data science,PSRTEK,"Rowlett, TX","Title short: Data Scientist. Schedule: Full-time. Remote: False. Country: Sudan. Skills: excel, sql, sql server.",excel;sql;sql server,data_science,general_data_science,Data Analyst/Data science,Data Scientist,Sudan,Full-time,False,lukebarousse/data_jobs,3
182,"Assistant Vice President Data Scientist, Credit Risk Modeler",HSBC,"New York, NY","Title short: Data Scientist. Schedule: Full-time. Remote: False. Country: United States. Skills: python, r, spark, sql.",python;r;spark;sql,data_science,general_data_science,"Assistant Vice President Data Scientist, Credit Risk Modeler",Data Scientist,United States,Full-time,False,lukebarousse/data_jobs,4
183,Datenwissenschaftler/in und Ingenieur/in,CTcon,"Frankfurt, Germany","Title short: Data Scientist. Schedule: Full-time. Remote: False. Country: Germany. Skills: dax, julia, nosql, python, qlik, r, sql, tableau.",dax;julia;nosql;python;qlik;r;sql;tableau,data_science,general_data_science,Datenwissenschaftler/in und Ingenieur/in,Data Scientist,Germany,Full-time,False,lukebarousse/data_jobs,8
184,Sr Data Scientist,Bayer Sp. z o.o.,Finland,"Title short: Data Scientist. Schedule: Full-time. Remote: False. Country: Finland. Skills: flow, java, python, r, scala, sql.",flow;java;python;r;scala;sql,data_science,general_data_science,Sr Data Scientist,Data Scientist,Finland,Full-time,False,lukebarousse/data_jobs,6
185,Senior Data Scientist [команда Поиска],СберМаркет,"Moscow, Russia","Title short: Senior Data Scientist. Schedule: Full-time. Remote: False. Country: Russia. Skills: airflow, jupyter, kubernetes, python, sql.",airflow;jupyter;kubernetes;python;sql,data_science,general_data_science,Senior Data Scientist [команда Поиска],Senior Data Scientist,Russia,Full-time,False,lukebarousse/data_jobs,5
186,Senior Data Scientist,JAGGAER,"Belgrade, Serbia","Title short: Senior Data Scientist. Schedule: Full-time. Remote: False. Country: Serbia. Skills: aws, azure, gcp, git, jira, python, pytorch, react, symfony, tensorflow.",aws;azure;gcp;git;jira;python;pytorch;react;symfony;tensorflow,data_science,general_data_science,Senior Data Scientist,Senior Data Scientist,Serbia,Full-time,False,lukebarousse/data_jobs,10
187,Senior Data Scientist,Capgemini Engineering,"Barcelona, Spain","Title short: Senior Data Scientist. Schedule: Full-time. Remote: False. Country: Spain. Skills: aws, azure, keras, pandas, python, pytorch, tensorflow.",aws;azure;keras;pandas;python;pytorch;tensorflow,data_science,general_data_science,Senior Data Scientist,Senior Data Scientist,Spain,Full-time,False,lukebarousse/data_jobs,7
188,Data Scientist,Experfy,"Texas City, TX","Title short: Data Scientist. Schedule: Full-time. Remote: False. Country: United States. Skills: python, r.",python;r,data_science,general_data_science,Data Scientist,Data Scientist,United States,Full-time,False,lukebarousse/data_jobs,2
189,Senior Data Scientist,Galaxy i technologies Inc,"Austin, TX","Title short: Senior Data Scientist. Schedule: Contractor. Remote: False. Country: Sudan. Skills: perl, python, sql.",perl;python;sql,data_science,general_data_science,Senior Data Scientist,Senior Data Scientist,Sudan,Contractor,False,lukebarousse/data_jobs,3
190,R&D Data Scientist,Joblift,"Aix-en-Provence, France","Title short: Data Scientist. Schedule: Temp work. Remote: False. Country: France. Skills: hadoop, python, r, spark.",hadoop;python;r;spark,data_science,general_data_science,R&D Data Scientist,Data Scientist,France,Temp work,False,lukebarousse/data_jobs,4
191,"Data Scientist - R, Python","ArnAmy, Inc.","Tallahassee, FL","Title short: Data Scientist. Schedule: Contractor. Remote: False. Country: United States. Skills: azure, hadoop, pandas, python, r, spark, sql.",azure;hadoop;pandas;python;r;spark;sql,data_science,general_data_science,"Data Scientist - R, Python",Data Scientist,United States,Contractor,False,lukebarousse/data_jobs,7
192,"Data Scientist, Customer AI Engineering",Tractable,"London, UK","Title short: Data Scientist. Schedule: Full-time. Remote: False. Country: United Kingdom. Skills: numpy, pandas, python, scikit-learn.",numpy;pandas;python;scikit-learn,data_science,general_data_science,"Data Scientist, Customer AI Engineering",Data Scientist,United Kingdom,Full-time,False,lukebarousse/data_jobs,4
193,Part Time Professor- Data Science,LINC Education,Anywhere,"Title short: Data Scientist. Schedule: Part-time and Contractor. Remote: True. Country: India. Skills: keras, power bi, python, pytorch, r, tableau, tensorflow.",keras;power bi;python;pytorch;r;tableau;tensorflow,data_science,general_data_science,Part Time Professor- Data Science,Data Scientist,India,Part-time and Contractor,True,lukebarousse/data_jobs,7
194,Data Scientist,"GE Appliances, a Haier company",Anywhere,"Title short: Data Scientist. Schedule: Full-time. Remote: True. Country: United States. Skills: angular, aws, docker, flask, jupyter, kubernetes, oracle, python, r, redshift, sas, sql, tableau.",angular;aws;docker;flask;jupyter;kubernetes;oracle;python;r;redshift;sas;sql;tableau,data_science,general_data_science,Data Scientist,Data Scientist,United States,Full-time,True,lukebarousse/data_jobs,13
195,Data & Applied Intelligence #hub,Accenture,"Buenos Aires, Argentina","Title short: Data Scientist. Schedule: Full-time. Remote: False. Country: Argentina. Skills: angular, aws, azure, gcp, postgresql, python, react, sql, sql server.",angular;aws;azure;gcp;postgresql;python;react;sql;sql server,data_science,general_data_science,Data & Applied Intelligence #hub,Data Scientist,Argentina,Full-time,False,lukebarousse/data_jobs,9
196,Data Scientist,Elder Research Inc,"Arlington, VA","Title short: Data Scientist. Schedule: Full-time. Remote: False. Country: United States. Skills: flask, javascript, nosql, python, r, react, spark, sql.",flask;javascript;nosql;python;r;react;spark;sql,data_science,general_data_science,Data Scientist,Data Scientist,United States,Full-time,False,lukebarousse/data_jobs,8
197,Data Scientist,Rapinno Tech Inc,"Houston, TX","Title short: Data Scientist. Schedule: Full-time. Remote: False. Country: Sudan. Skills: aws, azure, keras, numpy, pandas, pyspark, python, pytorch, r, spark, sql, tensorflow.",aws;azure;keras;numpy;pandas;pyspark;python;pytorch;r;spark;sql;tensorflow,data_science,general_data_science,Data Scientist,Data Scientist,Sudan,Full-time,False,lukebarousse/data_jobs,12
198,Data Scientist,Plastic Omnium,India,"Title short: Data Scientist. Schedule: Full-time. Remote: False. Country: India. Skills: node, python, r.",node;python;r,data_science,general_data_science,Data Scientist,Data Scientist,India,Full-time,False,lukebarousse/data_jobs,3
199,Senior Data Scientist,Coinbase,"Raleigh, NC","Title short: Senior Data Scientist. Schedule: Full-time. Remote: False. Country: United States. Skills: gdpr, python, sql.",gdpr;python;sql,data_science,general_data_science,Senior Data Scientist,Senior Data Scientist,United States,Full-time,False,lukebarousse/data_jobs,3
200,Data Analyst Specialist,Hitachi Careers,"Madonna del Piano, Switzerland","Title short: Data Scientist. Schedule: Full-time. Remote: False. Country: Switzerland. Skills: power bi, sql, tableau.",power bi;sql;tableau,data_science,general_data_science,Data Analyst Specialist,Data Scientist,Switzerland,Full-time,False,lukebarousse/data_jobs,3
201,Data Scientist (Remote),SynergisticIT,Anywhere,"Title short: Data Scientist. Schedule: Contractor. Remote: True. Country: United States. Skills: c++, docker, java, javascript, jenkins, oracle, python, sas, spring, tableau.",c++;docker;java;javascript;jenkins;oracle;python;sas;spring;tableau,data_science,general_data_science,Data Scientist (Remote),Data Scientist,United States,Contractor,True,lukebarousse/data_jobs,10
202,Senior Data Scientist,Peraton,"Reston, VA","Title short: Senior Data Scientist. Schedule: Full-time. Remote: False. Country: United States. Skills: aws, c#, c++, github, hadoop, java, nosql, oracle, perl, python, r, sharepoint, sql, tableau, windows.",aws;c#;c++;github;hadoop;java;nosql;oracle;perl;python;r;sharepoint;sql;tableau;windows,data_science,general_data_science,Senior Data Scientist,Senior Data Scientist,United States,Full-time,False,lukebarousse/data_jobs,15
203,Senior Principal Data Scientist,Walgreens,"Deerfield, IL","Title short: Senior Data Scientist. Schedule: Full-time. Remote: False. Country: United States. Skills: c, databricks, hadoop, python, r, snowflake, spark, sql.",c;databricks;hadoop;python;r;snowflake;spark;sql,data_science,general_data_science,Senior Principal Data Scientist,Senior Data Scientist,United States,Full-time,False,lukebarousse/data_jobs,8
204,Data Scientist,Robert Walters,Indonesia,"Title short: Data Scientist. Schedule: Full-time. Remote: False. Country: Indonesia. Skills: python, sql.",python;sql,data_science,general_data_science,Data Scientist,Data Scientist,Indonesia,Full-time,False,lukebarousse/data_jobs,2
205,"Senior Advisor, Data Science",Dell Technologies,"Jackson, MS","Title short: Data Scientist. Schedule: Full-time. Remote: False. Country: United States. Skills: python, r, sql.",python;r;sql,data_science,general_data_science,"Senior Advisor, Data Science",Data Scientist,United States,Full-time,False,lukebarousse/data_jobs,3
206,Lead Supply Chain Data Scientist - Remote | WFH,Get It Recruit - Transportation,Anywhere,"Title short: Data Scientist. Schedule: Full-time. Remote: True. Country: United States. Skills: azure, databricks, python, r, snowflake, sql.",azure;databricks;python;r;snowflake;sql,data_science,general_data_science,Lead Supply Chain Data Scientist - Remote | WFH,Data Scientist,United States,Full-time,True,lukebarousse/data_jobs,6
207,"Data Scientist ( Onsite - Dallas, TX)",Tietoevry,"Dallas, TX","Title short: Data Scientist. Schedule: Contractor and Temp work. Remote: False. Country: United States. Skills: azure, databricks, keras, matplotlib, numpy, pandas, pyspark, python, snowflake, sql, tensorflow.",azure;databricks;keras;matplotlib;numpy;pandas;pyspark;python;snowflake;sql;tensorflow,data_science,general_data_science,"Data Scientist ( Onsite - Dallas, TX)",Data Scientist,United States,Contractor and Temp work,False,lukebarousse/data_jobs,11
208,DATA SCIENTIST,MH Solutions,"Pretoria, South Africa","Title short: Data Scientist. Schedule: Full-time. Remote: False. Country: South Africa. Skills: power bi, python, r, sql, tableau.",power bi;python;r;sql;tableau,data_science,general_data_science,DATA SCIENTIST,Data Scientist,South Africa,Full-time,False,lukebarousse/data_jobs,5
209,Data Scientist,General Dynamics Corp,"Fort Belvoir, VA","Title short: Data Scientist. Schedule: Full-time. Remote: False. Country: United States. Skills: airflow, aws, c++, gcp, go, julia, kafka, linux, python, r, spark, tensorflow.",airflow;aws;c++;gcp;go;julia;kafka;linux;python;r;spark;tensorflow,data_science,general_data_science,Data Scientist,Data Scientist,United States,Full-time,False,lukebarousse/data_jobs,12
210,Data Scientist,ASML,"Veldhoven, Netherlands","Title short: Data Scientist. Schedule: Full-time. Remote: False. Country: Netherlands. Skills: alteryx, azure, excel, planner, python, r, spark, sql.",alteryx;azure;excel;planner;python;r;spark;sql,data_science,general_data_science,Data Scientist,Data Scientist,Netherlands,Full-time,False,lukebarousse/data_jobs,8
211,Lead Data Scientist,Intellias,Anywhere,"Title short: Data Scientist. Schedule: Full-time. Remote: True. Country: Spain. Skills: python, sql.",python;sql,data_science,general_data_science,Lead Data Scientist,Data Scientist,Spain,Full-time,True,lukebarousse/data_jobs,2
212,Senior Data Scientist,Productsup,"'s-Hertogenbosch, Netherlands","Title short: Senior Data Scientist. Schedule: Full-time. Remote: False. Country: Netherlands. Skills: pandas, python, pytorch.",pandas;python;pytorch,data_science,general_data_science,Senior Data Scientist,Senior Data Scientist,Netherlands,Full-time,False,lukebarousse/data_jobs,3
213,Senior Data Scientist,Qualogy,Netherlands,"Title short: Senior Data Scientist. Schedule: Full-time. Remote: False. Country: Netherlands. Skills: hadoop, java, python, r.",hadoop;java;python;r,data_science,general_data_science,Senior Data Scientist,Senior Data Scientist,Netherlands,Full-time,False,lukebarousse/data_jobs,4
214,Data Scientist,Target,"Minneapolis, MN","Title short: Data Scientist. Schedule: Full-time. Remote: False. Country: United States. Skills: java, kotlin, python, r, scala, spark, sql.",java;kotlin;python;r;scala;spark;sql,data_science,general_data_science,Data Scientist,Data Scientist,United States,Full-time,False,lukebarousse/data_jobs,7
215,Data Science - (10+ Years),Speridian Technologies,Anywhere,"Title short: Data Scientist. Schedule: Contractor. Remote: True. Country: United States. Skills: aws, kubernetes.",aws;kubernetes,data_science,general_data_science,Data Science - (10+ Years),Data Scientist,United States,Contractor,True,lukebarousse/data_jobs,2
216,Senior Data Scientist - Remote | WFH,Get It Recruit - Healthcare,Anywhere,"Title short: Senior Data Scientist. Schedule: Full-time. Remote: True. Country: United States. Skills: aws, azure, gcp, power bi, python, sql, tableau.",aws;azure;gcp;power bi;python;sql;tableau,data_science,general_data_science,Senior Data Scientist - Remote | WFH,Senior Data Scientist,United States,Full-time,True,lukebarousse/data_jobs,7
217,Information Analyst,Norwegian Refugee Council,"Bogotá, Bogota, Colombia","Title short: Data Scientist. Schedule: Contractor. Remote: False. Country: Colombia. Skills: excel, python, r, tableau.",excel;python;r;tableau,data_science,general_data_science,Information Analyst,Data Scientist,Colombia,Contractor,False,lukebarousse/data_jobs,4
218,Senior Data Scientist,Snipebridge,"Houston, TX","Title short: Senior Data Scientist. Schedule: Full-time. Remote: False. Country: United States. Skills: hadoop, python, r, sas, spark, sql.",hadoop;python;r;sas;spark;sql,data_science,general_data_science,Senior Data Scientist,Senior Data Scientist,United States,Full-time,False,lukebarousse/data_jobs,6
219,Data Scientist Lead,UCB,"Atlanta, GA","Title short: Data Scientist. Schedule: Full-time. Remote: False. Country: United States. Skills: go, python, r.",go;python;r,data_science,general_data_science,Data Scientist Lead,Data Scientist,United States,Full-time,False,lukebarousse/data_jobs,3
220,Data scientist,JobBusters,"Stockholm, Sweden","Title short: Data Scientist. Schedule: Full-time. Remote: False. Country: Sweden. Skills: aws, azure, pandas, plotly, scikit-learn, sql.",aws;azure;pandas;plotly;scikit-learn;sql,data_science,general_data_science,Data scientist,Data Scientist,Sweden,Full-time,False,lukebarousse/data_jobs,6
221,Data scientist,E-Works,France,"Title short: Data Scientist. Schedule: Full-time. Remote: False. Country: France. Skills: python, sas.",python;sas,data_science,general_data_science,Data scientist,Data Scientist,France,Full-time,False,lukebarousse/data_jobs,2
222,Senior Data Scientist - Insights (Product),Preply,Anywhere,"Title short: Senior Data Scientist. Schedule: Full-time. Remote: True. Country: Netherlands. Skills: databricks, express, github, gitlab, looker, pyspark.",databricks;express;github;gitlab;looker;pyspark,data_science,general_data_science,Senior Data Scientist - Insights (Product),Senior Data Scientist,Netherlands,Full-time,True,lukebarousse/data_jobs,6
223,VP Data Science - Practice Lead,Fidelity Investments,"Boston, MA","Title short: Data Scientist. Schedule: Full-time. Remote: False. Country: United States. Skills: docker, go, keras, mxnet, python, tensorflow.",docker;go;keras;mxnet;python;tensorflow,data_science,general_data_science,VP Data Science - Practice Lead,Data Scientist,United States,Full-time,False,lukebarousse/data_jobs,6
224,(Senior) Data Scientist,HolidayCheck Group AG,"Munich, Germany","Title short: Senior Data Scientist. Schedule: Full-time. Remote: False. Country: Germany. Skills: bigquery, express, linux, macos, python, r, sql, windows.",bigquery;express;linux;macos;python;r;sql;windows,data_science,general_data_science,(Senior) Data Scientist,Senior Data Scientist,Germany,Full-time,False,lukebarousse/data_jobs,8
225,Senior Data Scientist,Pave,"San Francisco, CA","Title short: Senior Data Scientist. Schedule: Full-time. Remote: False. Country: United States. Skills: airtable, bigquery, go, looker, python, r, sql.",airtable;bigquery;go;looker;python;r;sql,data_science,general_data_science,Senior Data Scientist,Senior Data Scientist,United States,Full-time,False,lukebarousse/data_jobs,7
226,Data Science Manager,IQVIA LLC,"State Line, PA","Title short: Data Scientist. Schedule: Full-time. Remote: False. Country: United States. Skills: hadoop, python, r, sas, spark, sql, tableau.",hadoop;python;r;sas;spark;sql;tableau,data_science,general_data_science,Data Science Manager,Data Scientist,United States,Full-time,False,lukebarousse/data_jobs,7
227,Junior Data Scientist,"Fut-Ure Recruitment & Technology, SL","Graz, Austria","Title short: Data Scientist. Schedule: Full-time. Remote: False. Country: Austria. Skills: aws, azure, gcp, python, r, sql.",aws;azure;gcp;python;r;sql,data_science,general_data_science,Junior Data Scientist,Data Scientist,Austria,Full-time,False,lukebarousse/data_jobs,6
228,"Senior Data Scientist, Venmo",Venmo,"Mexico City, CDMX, Mexico","Title short: Senior Data Scientist. Schedule: Full-time. Remote: False. Country: Mexico. Skills: python, r, sql.",python;r;sql,data_science,general_data_science,"Senior Data Scientist, Venmo",Senior Data Scientist,Mexico,Full-time,False,lukebarousse/data_jobs,3
229,Data Scientist,Keskinäinen Vakuutusyhtiö Fennia,Anywhere,"Title short: Data Scientist. Schedule: Full-time. Remote: True. Country: Finland. Skills: aws, python, sql, tableau.",aws;python;sql;tableau,data_science,general_data_science,Data Scientist,Data Scientist,Finland,Full-time,True,lukebarousse/data_jobs,4
230,Sr Data Scientist,"Horizon Therapeutics , Inc. Defunct","Arlington, TX","Title short: Data Scientist. Schedule: Full-time. Remote: False. Country: Sudan. Skills: pyspark, python, sql.",pyspark;python;sql,data_science,general_data_science,Sr Data Scientist,Data Scientist,Sudan,Full-time,False,lukebarousse/data_jobs,3
231,"Senior Data Scientist, AI Products",Red Ventures,"Charlotte, NC","Title short: Senior Data Scientist. Schedule: Full-time. Remote: False. Country: United States. Skills: databricks, go, python.",databricks;go;python,data_science,general_data_science,"Senior Data Scientist, AI Products",Senior Data Scientist,United States,Full-time,False,lukebarousse/data_jobs,3
232,Data Scientist,Cardinal Health,"Houston, TX","Title short: Data Scientist. Schedule: Full-time. Remote: False. Country: United States. Skills: gcp, python, pytorch.",gcp;python;pytorch,data_science,general_data_science,Data Scientist,Data Scientist,United States,Full-time,False,lukebarousse/data_jobs,3
233,Data Scientist 2,Humana,"Baltimore, MD","Title short: Data Scientist. Schedule: Full-time. Remote: False. Country: United States. Skills: aws, azure, databricks, gcp, pyspark, python.",aws;azure;databricks;gcp;pyspark;python,data_science,general_data_science,Data Scientist 2,Data Scientist,United States,Full-time,False,lukebarousse/data_jobs,6
234,Senior Data Scientist,ECS,"Springfield, MA","Title short: Senior Data Scientist. Schedule: Full-time. Remote: False. Country: United States. Skills: java, javascript, matplotlib, plotly, python, r, sas, spss, sql, tableau.",java;javascript;matplotlib;plotly;python;r;sas;spss;sql;tableau,data_science,general_data_science,Senior Data Scientist,Senior Data Scientist,United States,Full-time,False,lukebarousse/data_jobs,10
235,stage – data science llm et chain tree of thoughts – h/f,CHAPSVISION,"Lille, France","Title short: Data Scientist. Schedule: Temp work and Internship. Remote: False. Country: France. Skills: python, shell, visio.",python;shell;visio,data_science,general_data_science,stage – data science llm et chain tree of thoughts – h/f,Data Scientist,France,Temp work and Internship,False,lukebarousse/data_jobs,3
236,"Data Scientist confirmé - ""English Fluent""",DataScientest.com,"Puteaux, France","Title short: Data Scientist. Schedule: Full-time. Remote: False. Country: France. Skills: aws, azure.",aws;azure,data_science,general_data_science,"Data Scientist confirmé - ""English Fluent""",Data Scientist,France,Full-time,False,lukebarousse/data_jobs,2
237,Data Scientist,Communicate,"Johannesburg, South Africa","Title short: Data Scientist. Schedule: Full-time. Remote: False. Country: South Africa. Skills: c, c++, java, python, visual basic.",c;c++;java;python;visual basic,data_science,general_data_science,Data Scientist,Data Scientist,South Africa,Full-time,False,lukebarousse/data_jobs,5
238,Data Scientist,Insight Global,Anywhere,"Title short: Data Scientist. Schedule: Contractor. Remote: True. Country: Sudan. Skills: python, r, sas, sql.",python;r;sas;sql,data_science,general_data_science,Data Scientist,Data Scientist,Sudan,Contractor,True,lukebarousse/data_jobs,4
239,"SPDR ETF Capital Markets Data Scientist, State Street Global...",Gdziepracujemy.pl,"Kraków, Poland","Title short: Data Scientist. Schedule: Full-time. Remote: False. Country: Poland. Skills: excel, flow, python, r, sql, terminal.",excel;flow;python;r;sql;terminal,data_science,general_data_science,"SPDR ETF Capital Markets Data Scientist, State Street Global...",Data Scientist,Poland,Full-time,False,lukebarousse/data_jobs,6
240,Data Scientist II,University of Wisconsin-Madison,"Madison, WI","Title short: Data Scientist. Schedule: Full-time. Remote: False. Country: United States. Skills: python, r, sas, spss.",python;r;sas;spss,data_science,general_data_science,Data Scientist II,Data Scientist,United States,Full-time,False,lukebarousse/data_jobs,4
241,Data Analytics Tech Lead,BairesDev,"Pereira, Risaralda, Colombia","Title short: Data Scientist. Schedule: Full-time. Remote: False. Country: Colombia. Skills: python, r, sql.",python;r;sql,data_science,general_data_science,Data Analytics Tech Lead,Data Scientist,Colombia,Full-time,False,lukebarousse/data_jobs,3
242,Sr Data Scientist,"Agile Resources, Inc.",Anywhere,"Title short: Data Scientist. Schedule: Contractor. Remote: True. Country: United States. Skills: aws, gcp, python, sql.",aws;gcp;python;sql,data_science,general_data_science,Sr Data Scientist,Data Scientist,United States,Contractor,True,lukebarousse/data_jobs,4
243,Data Scientist,WorkNomads,Anywhere,"Title short: Data Scientist. Schedule: Full-time. Remote: True. Country: Bulgaria. Skills: azure, python.",azure;python,data_science,general_data_science,Data Scientist,Data Scientist,Bulgaria,Full-time,True,lukebarousse/data_jobs,2
244,"Data Scientist/Senior Data Scientist, Statistical Genetics",Calico Life Sciences,"South San Francisco, CA","Title short: Data Scientist. Schedule: Full-time. Remote: False. Country: United States. Skills: python, r.",python;r,data_science,general_data_science,"Data Scientist/Senior Data Scientist, Statistical Genetics",Data Scientist,United States,Full-time,False,lukebarousse/data_jobs,2
245,Data Scientist,Insight Global,Anywhere,"Title short: Data Scientist. Schedule: Contractor. Remote: True. Country: United States. Skills: aws, excel, microsoft teams, oracle, outlook, planner, power bi, powerpoint, python, sql, sql server.",aws;excel;microsoft teams;oracle;outlook;planner;power bi;powerpoint;python;sql;sql server,data_science,general_data_science,Data Scientist,Data Scientist,United States,Contractor,True,lukebarousse/data_jobs,11
246,Data Scientist,AOS,India,"Title short: Data Scientist. Schedule: Full-time. Remote: False. Country: India. Skills: excel, python, sql.",excel;python;sql,data_science,general_data_science,Data Scientist,Data Scientist,India,Full-time,False,lukebarousse/data_jobs,3
247,Data Scientist,MAM Gruppe,"Frankfurt, Germany","Title short: Data Scientist. Schedule: Full-time. Remote: False. Country: Germany. Skills: azure, mariadb.",azure;mariadb,data_science,general_data_science,Data Scientist,Data Scientist,Germany,Full-time,False,lukebarousse/data_jobs,2
248,Data Team Lead (Knowledge Graphs),Frontiers,Anywhere,"Title short: Data Scientist. Schedule: Full-time. Remote: True. Country: Sweden. Skills: bigquery, databricks, elasticsearch, gcp, kafka, mongodb, neo4j, postgresql, pyspark.",bigquery;databricks;elasticsearch;gcp;kafka;mongodb;neo4j;postgresql;pyspark,data_science,general_data_science,Data Team Lead (Knowledge Graphs),Data Scientist,Sweden,Full-time,True,lukebarousse/data_jobs,9
249,Data Scientist,Customer Value Partners,"Washington, DC","Title short: Data Scientist. Schedule: Full-time. Remote: False. Country: United States. Skills: aws, github, microstrategy, plotly, power bi, python, sap, tableau.",aws;github;microstrategy;plotly;power bi;python;sap;tableau,data_science,general_data_science,Data Scientist,Data Scientist,United States,Full-time,False,lukebarousse/data_jobs,8
250,Senior Data Scientist,Peach IT Professionals Inc,"Plano, TX","Title short: Senior Data Scientist. Schedule: Contractor. Remote: False. Country: United States. Skills: hadoop, java, python, r, spark, sql.",hadoop;java;python;r;spark;sql,data_science,general_data_science,Senior Data Scientist,Senior Data Scientist,United States,Contractor,False,lukebarousse/data_jobs,6
251,"Manager, Data Science",Hubbell Incorporated,United States,"Title short: Data Scientist. Schedule: Full-time. Remote: False. Country: Sudan. Skills: assembly, azure, databricks, dax, power bi, pyspark, python, sap, sql.",assembly;azure;databricks;dax;power bi;pyspark;python;sap;sql,data_science,general_data_science,"Manager, Data Science",Data Scientist,Sudan,Full-time,False,lukebarousse/data_jobs,9
252,SOCOM Data Scientist with Security Clearance,USGI,"Hopewell, FL","Title short: Data Scientist. Schedule: Full-time. Remote: False. Country: United States. Skills: excel, flow, python, r, sharepoint, word.",excel;flow;python;r;sharepoint;word,data_science,general_data_science,SOCOM Data Scientist with Security Clearance,Data Scientist,United States,Full-time,False,lukebarousse/data_jobs,6
253,Data Science Instructor,Xaltius,"Gurugram, Haryana, India","Title short: Data Scientist. Schedule: Contractor. Remote: False. Country: India. Skills: python, sql.",python;sql,data_science,general_data_science,Data Science Instructor,Data Scientist,India,Contractor,False,lukebarousse/data_jobs,2
254,Middle Data Scientist/Engineer,Data Science UA,"Kyiv, Ukraine","Title short: Data Scientist. Schedule: Full-time. Remote: False. Country: Ukraine. Skills: flask, nosql, numpy, pandas, scikit-learn, sql.",flask;nosql;numpy;pandas;scikit-learn;sql,data_science,general_data_science,Middle Data Scientist/Engineer,Data Scientist,Ukraine,Full-time,False,lukebarousse/data_jobs,6
255,"Assistant Manager (Data Scientist), AIO Innovation Office (Contract)",National University Health System,Singapore,"Title short: Data Scientist. Schedule: Contractor. Remote: False. Country: Singapore. Skills: aws, azure, gcp, python, pytorch, scikit-learn, tensorflow.",aws;azure;gcp;python;pytorch;scikit-learn;tensorflow,data_science,general_data_science,"Assistant Manager (Data Scientist), AIO Innovation Office (Contract)",Data Scientist,Singapore,Contractor,False,lukebarousse/data_jobs,7
256,Data Scientist,Estrada International Staffing Solutions,"Lagos, Nigeria","Title short: Data Scientist. Schedule: Full-time. Remote: False. Country: Nigeria. Skills: hadoop, power bi, python, r, spark, tableau.",hadoop;power bi;python;r;spark;tableau,data_science,general_data_science,Data Scientist,Data Scientist,Nigeria,Full-time,False,lukebarousse/data_jobs,6
257,Data Scientist,Zyoin,"Bengaluru, Karnataka, India","Title short: Data Scientist. Schedule: Full-time. Remote: False. Country: India. Skills: keras, python, tensorflow, theano.",keras;python;tensorflow;theano,data_science,general_data_science,Data Scientist,Data Scientist,India,Full-time,False,lukebarousse/data_jobs,4
258,Data Scientist (m/w/d),Sopra Steria,Germany   (+6 others),"Title short: Data Scientist. Schedule: Full-time. Remote: False. Country: Germany. Skills: oracle, power bi, python, r, tableau.",oracle;power bi;python;r;tableau,data_science,general_data_science,Data Scientist (m/w/d),Data Scientist,Germany,Full-time,False,lukebarousse/data_jobs,5
259,Data Scientist to Froda,Ants,"Stockholm, Sweden","Title short: Data Scientist. Schedule: Full-time. Remote: False. Country: Sweden. Skills: c#, java, python, r, sql.",c#;java;python;r;sql,data_science,general_data_science,Data Scientist to Froda,Data Scientist,Sweden,Full-time,False,lukebarousse/data_jobs,5
260,"Data Scientist/Data Modeler, Remote","The ACI Group, Inc.","Baltimore, MD","Title short: Data Scientist. Schedule: Contractor. Remote: False. Country: United States. Skills: power bi, python, r, sas, splunk, sql.",power bi;python;r;sas;splunk;sql,data_science,general_data_science,"Data Scientist/Data Modeler, Remote",Data Scientist,United States,Contractor,False,lukebarousse/data_jobs,6
261,Graduate Data Scientist,Arup,Hong Kong,"Title short: Data Scientist. Schedule: Full-time. Remote: False. Country: Hong Kong. Skills: aws, azure, c, c#, gcp, go, java, javascript, mongodb, python, typescript.",aws;azure;c;c#;gcp;go;java;javascript;mongodb;python;typescript,data_science,general_data_science,Graduate Data Scientist,Data Scientist,Hong Kong,Full-time,False,lukebarousse/data_jobs,11
262,Data Scientist I/II (Insights),Navy Federal Credit Union,"Merrifield, VA","Title short: Data Scientist. Schedule: Full-time. Remote: False. Country: United States. Skills: aws, azure, databricks, ggplot2, hadoop, matplotlib, power bi, python, r, scala, spark, sql, tableau, word.",aws;azure;databricks;ggplot2;hadoop;matplotlib;power bi;python;r;scala;spark;sql;tableau;word,data_science,general_data_science,Data Scientist I/II (Insights),Data Scientist,United States,Full-time,False,lukebarousse/data_jobs,14
263,"Staff Data Scientist, Food Alliance (m/f/x)",HelloFresh,"Berlin, Germany","Title short: Data Scientist. Schedule: Full-time. Remote: False. Country: Germany. Skills: go, hadoop, numpy, pandas, python, r, scikit-learn, spark, sql, unify.",go;hadoop;numpy;pandas;python;r;scikit-learn;spark;sql;unify,data_science,general_data_science,"Staff Data Scientist, Food Alliance (m/f/x)",Data Scientist,Germany,Full-time,False,lukebarousse/data_jobs,10
264,Senior Data Scientist,"Summit Consulting, LLC",Anywhere,"Title short: Senior Data Scientist. Schedule: Full-time. Remote: True. Country: Sudan. Skills: python, r.",python;r,data_science,general_data_science,Senior Data Scientist,Senior Data Scientist,Sudan,Full-time,True,lukebarousse/data_jobs,2
265,Senior Risk Data Scientist,Trustly,"Lisbon, Portugal","Title short: Senior Data Scientist. Schedule: Full-time. Remote: False. Country: Portugal. Skills: python, sql.",python;sql,data_science,general_data_science,Senior Risk Data Scientist,Senior Data Scientist,Portugal,Full-time,False,lukebarousse/data_jobs,2
266,Data Scientist I,Navy Federal Credit Union,"Winchester, VA","Title short: Data Scientist. Schedule: Full-time. Remote: False. Country: United States. Skills: aws, azure, databricks, excel, ggplot2, hadoop, matplotlib, power bi, powerpoint, python, r, scala, spark, spreadsheet, sql, tableau, word.",aws;azure;databricks;excel;ggplot2;hadoop;matplotlib;power bi;powerpoint;python;r;scala;spark;spreadsheet;sql;tableau;word,data_science,general_data_science,Data Scientist I,Data Scientist,United States,Full-time,False,lukebarousse/data_jobs,17
267,Data Scientist,Centrico,"Turin, Metropolitan City of Turin, Italy","Title short: Data Scientist. Schedule: Full-time. Remote: False. Country: Italy. Skills: docker, hadoop, kafka, numpy, pandas, python, r, scala, scikit-learn, spark, sql, unix.",docker;hadoop;kafka;numpy;pandas;python;r;scala;scikit-learn;spark;sql;unix,data_science,general_data_science,Data Scientist,Data Scientist,Italy,Full-time,False,lukebarousse/data_jobs,12
268,"Manager of Data Science Elmhurst, Illinois",MedSpeed,United States,"Title short: Data Scientist. Schedule: Full-time. Remote: False. Country: Sudan. Skills: excel, java, python, r.",excel;java;python;r,data_science,general_data_science,"Manager of Data Science Elmhurst, Illinois",Data Scientist,Sudan,Full-time,False,lukebarousse/data_jobs,4
269,Data Scientist for Retail Industry,Upwork,Anywhere,"Title short: Data Scientist. Schedule: Contractor. Remote: True. Country: United States. Skills: aws, azure, keras, python, pytorch, r, scikit-learn, tensorflow.",aws;azure;keras;python;pytorch;r;scikit-learn;tensorflow,data_science,general_data_science,Data Scientist for Retail Industry,Data Scientist,United States,Contractor,True,lukebarousse/data_jobs,8
270,"AI/NLP Engineers, Data Scientists, SDET, and Head of QA",Definely,"London, UK","Title short: Data Scientist. Schedule: Full-time. Remote: False. Country: United Kingdom. Skills: aws, azure, c++, hadoop, java, nosql, python, spark.",aws;azure;c++;hadoop;java;nosql;python;spark,data_science,general_data_science,"AI/NLP Engineers, Data Scientists, SDET, and Head of QA",Data Scientist,United Kingdom,Full-time,False,lukebarousse/data_jobs,8
271,(Senior) Bioinformatician / Data Scientist,Deutsches Krebsforschungszentrum DKFZ,"Mainz, Germany","Title short: Senior Data Scientist. Schedule: Full-time. Remote: False. Country: Germany. Skills: github, gitlab, python, r.",github;gitlab;python;r,data_science,general_data_science,(Senior) Bioinformatician / Data Scientist,Senior Data Scientist,Germany,Full-time,False,lukebarousse/data_jobs,4
272,Database Engineer,Helvetia Schweizerische Versicherungsgesellschaft AG,"Milan, Metropolitan City of Milan, Italy","Title short: Data Scientist. Schedule: Full-time. Remote: False. Country: Italy. Skills: bash, cassandra, db2, elasticsearch, kafka, linux, mongodb, nosql, powershell, redis, sql, sql server, windows.",bash;cassandra;db2;elasticsearch;kafka;linux;mongodb;nosql;powershell;redis;sql;sql server;windows,data_science,general_data_science,Database Engineer,Data Scientist,Italy,Full-time,False,lukebarousse/data_jobs,13
273,Senior Data Scientist,Ryanair - Europe's Favourite Airline,"Madrid, Spain","Title short: Senior Data Scientist. Schedule: Full-time. Remote: False. Country: Spain. Skills: aws, python, r, sql.",aws;python;r;sql,data_science,general_data_science,Senior Data Scientist,Senior Data Scientist,Spain,Full-time,False,lukebarousse/data_jobs,4
274,Azure Data Lead,Conneqt Digital,India,"Title short: Data Scientist. Schedule: Full-time. Remote: False. Country: India. Skills: azure, databricks, sql, sql server.",azure;databricks;sql;sql server,data_science,general_data_science,Azure Data Lead,Data Scientist,India,Full-time,False,lukebarousse/data_jobs,4
275,DG-Manager-Data Scientist,Genpact,"Hyderabad, Telangana, India","Title short: Data Scientist. Schedule: Full-time. Remote: False. Country: India. Skills: python, r, sql.",python;r;sql,data_science,general_data_science,DG-Manager-Data Scientist,Data Scientist,India,Full-time,False,lukebarousse/data_jobs,3
276,Data Scientist,"Wal-Mart Stores , Inc.","Dallas, TX","Title short: Data Scientist. Schedule: Full-time. Remote: False. Country: United States. Skills: bash, flask, github, java, keras, matplotlib, mysql, nltk, nosql, pandas, postgresql, python, pytorch, scikit-learn, seaborn, shell, spark, spring, sql, tensorflow.",bash;flask;github;java;keras;matplotlib;mysql;nltk;nosql;pandas;postgresql;python;pytorch;scikit-learn;seaborn;shell;spark;spring;sql;tensorflow,data_science,general_data_science,Data Scientist,Data Scientist,United States,Full-time,False,lukebarousse/data_jobs,20
277,Expert Data Scientist,impact.com,Anywhere,"Title short: Data Scientist. Schedule: Full-time. Remote: True. Country: Sudan. Skills: go, python, r, sql.",go;python;r;sql,data_science,general_data_science,Expert Data Scientist,Data Scientist,Sudan,Full-time,True,lukebarousse/data_jobs,4
278,Research Associate Data Scientist - Tatonetti Lab,CEDARS-SINAI,"West Hollywood, CA","Title short: Data Scientist. Schedule: Full-time. Remote: False. Country: United States. Skills: github, python, r, sql.",github;python;r;sql,data_science,general_data_science,Research Associate Data Scientist - Tatonetti Lab,Data Scientist,United States,Full-time,False,lukebarousse/data_jobs,4
279,Data Scientist,Apex Systems,"Richmond, VA","Title short: Data Scientist. Schedule: Full-time. Remote: False. Country: United States. Skills: azure, databricks, hadoop, python, r, sas, sql, sql server, ssis, ssrs.",azure;databricks;hadoop;python;r;sas;sql;sql server;ssis;ssrs,data_science,general_data_science,Data Scientist,Data Scientist,United States,Full-time,False,lukebarousse/data_jobs,10
280,Lead Data Scientist,Sabanto,"Itasca, IL","Title short: Data Scientist. Schedule: Full-time. Remote: False. Country: United States. Skills: aws, bigquery, databricks, git, keras, python, pytorch, spark, tableau, tensorflow.",aws;bigquery;databricks;git;keras;python;pytorch;spark;tableau;tensorflow,data_science,general_data_science,Lead Data Scientist,Data Scientist,United States,Full-time,False,lukebarousse/data_jobs,10
281,Lead Data Scientist,Travtus,"London, UK","Title short: Data Scientist. Schedule: Full-time. Remote: False. Country: United Kingdom. Skills: aws, azure, gcp, hugging face, python.",aws;azure;gcp;hugging face;python,data_science,general_data_science,Lead Data Scientist,Data Scientist,United Kingdom,Full-time,False,lukebarousse/data_jobs,5
282,(Senior) Digital Analytics Engineer,Netcentric,"Bucharest, Romania","Title short: Data Scientist. Schedule: Full-time. Remote: False. Country: Romania. Skills: css, html, javascript, jquery.",css;html;javascript;jquery,data_engineering,analytics_engineering,(Senior) Digital Analytics Engineer,Data Scientist,Romania,Full-time,False,lukebarousse/data_jobs,4
283,Data Science Development Program,Aegon Nederland,"The Hague, Netherlands","Title short: Data Scientist. Schedule: Full-time. Remote: False. Country: Netherlands. Skills: go, python, r, sql.",go;python;r;sql,data_science,general_data_science,Data Science Development Program,Data Scientist,Netherlands,Full-time,False,lukebarousse/data_jobs,4
284,"Data Scientist, AI Enablement",Thermo Fisher Scientific,"Heredia Province, Heredia, Costa Rica","Title short: Data Scientist. Schedule: Full-time. Remote: False. Country: Costa Rica. Skills: power bi, python, r, tableau.",power bi;python;r;tableau,data_science,general_data_science,"Data Scientist, AI Enablement",Data Scientist,Costa Rica,Full-time,False,lukebarousse/data_jobs,4
285,Data scientist H/F,DCS Group,France,"Title short: Data Scientist. Schedule: Full-time. Remote: False. Country: France. Skills: docker, kubernetes, python, sql.",docker;kubernetes;python;sql,data_science,general_data_science,Data scientist H/F,Data Scientist,France,Full-time,False,lukebarousse/data_jobs,4
286,Analytics Engineer,Inpay - The Fastest Growing Company in Denmark,Denmark,"Title short: Data Scientist. Schedule: Full-time. Remote: False. Country: Denmark. Skills: go, python, snowflake, sql.",go;python;snowflake;sql,data_engineering,analytics_engineering,Analytics Engineer,Data Scientist,Denmark,Full-time,False,lukebarousse/data_jobs,4
287,Lead Data Scientist,Sensemachine,"Moscow, Russia","Title short: Data Scientist. Schedule: Full-time. Remote: False. Country: Russia. Skills: docker, numpy, pandas, pyspark, python, pytorch, scala, scikit-learn, spark, sql, tensorflow.",docker;numpy;pandas;pyspark;python;pytorch;scala;scikit-learn;spark;sql;tensorflow,data_science,general_data_science,Lead Data Scientist,Data Scientist,Russia,Full-time,False,lukebarousse/data_jobs,11
288,Bioinformatics Data Scientist Consultant (FEDHEALTH Sector),Deloitte,"Atlanta, GA","Title short: Data Scientist. Schedule: Full-time. Remote: False. Country: United States. Skills: python, r, sas, spss, sql.",python;r;sas;spss;sql,data_science,general_data_science,Bioinformatics Data Scientist Consultant (FEDHEALTH Sector),Data Scientist,United States,Full-time,False,lukebarousse/data_jobs,5
289,Senior Data Scientist,PRI Global,Anywhere,"Title short: Senior Data Scientist. Schedule: Contractor. Remote: True. Country: Sudan. Skills: aws, azure, databricks, gcp, hadoop, keras, python, pytorch, r, scikit-learn, snowflake, spark, sql, tensorflow.",aws;azure;databricks;gcp;hadoop;keras;python;pytorch;r;scikit-learn;snowflake;spark;sql;tensorflow,data_science,general_data_science,Senior Data Scientist,Senior Data Scientist,Sudan,Contractor,True,lukebarousse/data_jobs,14
290,Stage Data Scientist données environnementales - TOULOUSE (H/F),Capgemini Engineering,"Toulouse, France","Title short: Data Scientist. Schedule: Full-time and Internship. Remote: False. Country: France. Skills: chef, python.",chef;python,data_science,general_data_science,Stage Data Scientist données environnementales - TOULOUSE (H/F),Data Scientist,France,Full-time and Internship,False,lukebarousse/data_jobs,2
291,Data Scientist - must have IRB - 4 day week,Reed Technology,"Durham, UK","Title short: Data Scientist. Schedule: Full-time. Remote: False. Country: United Kingdom. Skills: python, r, sas, sql.",python;r;sas;sql,data_science,general_data_science,Data Scientist - must have IRB - 4 day week,Data Scientist,United Kingdom,Full-time,False,lukebarousse/data_jobs,4
292,Data Scientist,James Adams,"London, UK","Title short: Data Scientist. Schedule: Contractor. Remote: False. Country: United Kingdom. Skills: aws, hugging face, python, pytorch, tensorflow.",aws;hugging face;python;pytorch;tensorflow,data_science,general_data_science,Data Scientist,Data Scientist,United Kingdom,Contractor,False,lukebarousse/data_jobs,5
293,Data Scientist Intern / Senior Data Scientist Intern,Mathematica Policy Research,"Cambridge, MA","Title short: Data Scientist. Schedule: Full-time. Remote: False. Country: United States. Skills: github, julia, numpy, pandas, python, r, scikit-learn, sql, tidyverse.",github;julia;numpy;pandas;python;r;scikit-learn;sql;tidyverse,data_science,general_data_science,Data Scientist Intern / Senior Data Scientist Intern,Data Scientist,United States,Full-time,False,lukebarousse/data_jobs,9
294,Graduate Machine Learning / Data Scientist,Cambridge Consultants,"Cambridge, UK","Title short: Data Scientist. Schedule: Full-time. Remote: False. Country: United Kingdom. Skills: matlab, python, r.",matlab;python;r,data_science,general_data_science,Graduate Machine Learning / Data Scientist,Data Scientist,United Kingdom,Full-time,False,lukebarousse/data_jobs,3
295,Research Engineer/ Data Scientist/ Biostatistician - Massive Data...,Georgetown University,"Washington, DC","Title short: Data Scientist. Schedule: Full-time. Remote: False. Country: United States. Skills: excel, java, python, r, tableau.",excel;java;python;r;tableau,data_science,general_data_science,Research Engineer/ Data Scientist/ Biostatistician - Massive Data...,Data Scientist,United States,Full-time,False,lukebarousse/data_jobs,5
296,Data Tech Lead,ASTEK Portugal,"Lisbon, Portugal","Title short: Data Scientist. Schedule: Full-time. Remote: False. Country: Portugal. Skills: airflow, azure, gcp, kafka, spark, terraform.",airflow;azure;gcp;kafka;spark;terraform,data_science,general_data_science,Data Tech Lead,Data Scientist,Portugal,Full-time,False,lukebarousse/data_jobs,6
297,"Senior Data Scientist, iOS Pod",Chartboost,Anywhere,"Title short: Senior Data Scientist. Schedule: Full-time. Remote: True. Country: Spain. Skills: python, scala, spark, sql.",python;scala;spark;sql,data_science,general_data_science,"Senior Data Scientist, iOS Pod",Senior Data Scientist,Spain,Full-time,True,lukebarousse/data_jobs,4
298,Data Scientist,Cadent,"Philadelphia, PA","Title short: Data Scientist. Schedule: Full-time. Remote: False. Country: United States. Skills: aws, gcp, python, sql.",aws;gcp;python;sql,data_science,general_data_science,Data Scientist,Data Scientist,United States,Full-time,False,lukebarousse/data_jobs,4
299,Data Scientist,UnitedHealth Group,"Charlotte, NC","Title short: Data Scientist. Schedule: Full-time. Remote: False. Country: United States. Skills: databricks, hadoop, power bi, python, r, sas, snowflake, spark, sql, tableau.",databricks;hadoop;power bi;python;r;sas;snowflake;spark;sql;tableau,data_science,general_data_science,Data Scientist,Data Scientist,United States,Full-time,False,lukebarousse/data_jobs,10
300,Data Modeler,Atradius,"Madrid, Spain","Title short: Data Scientist. Schedule: Full-time. Remote: False. Country: Spain. Skills: databricks, power bi, python, spark, sql.",databricks;power bi;python;spark;sql,data_science,general_data_science,Data Modeler,Data Scientist,Spain,Full-time,False,lukebarousse/data_jobs,5
301,Data Scientist Digital Effectiveness Operations & Technology Analytics,Cox Communications,"Doraville, GA","Title short: Data Scientist. Schedule: Full-time. Remote: False. Country: United States. Skills: aws, numpy, pandas, pyspark, python, scikit-learn, sql, tableau.",aws;numpy;pandas;pyspark;python;scikit-learn;sql;tableau,data_science,general_data_science,Data Scientist Digital Effectiveness Operations & Technology Analytics,Data Scientist,United States,Full-time,False,lukebarousse/data_jobs,8
302,Quantum Data Scientist,Cleveland Clinic,"Cleveland, OH","Title short: Data Scientist. Schedule: Full-time. Remote: False. Country: United States. Skills: go, matlab, python, r, sas, spss, sql.",go;matlab;python;r;sas;spss;sql,data_science,general_data_science,Quantum Data Scientist,Data Scientist,United States,Full-time,False,lukebarousse/data_jobs,7
303,Data Scientist,NLB Services,Anywhere,"Title short: Data Scientist. Schedule: Full-time. Remote: True. Country: United States. Skills: aws, databricks, jenkins, nltk, numpy, pandas, pyspark, python, r, redshift, sql, tableau, terraform.",aws;databricks;jenkins;nltk;numpy;pandas;pyspark;python;r;redshift;sql;tableau;terraform,data_science,general_data_science,Data Scientist,Data Scientist,United States,Full-time,True,lukebarousse/data_jobs,13
304,Senior Data Scientist,Verizon,"Lone Tree, CO","Title short: Senior Data Scientist. Schedule: Full-time and Part-time. Remote: False. Country: Sudan. Skills: gcp, hadoop, jupyter, looker, numpy, python, qlik, scikit-learn, spark, sql, tableau.",gcp;hadoop;jupyter;looker;numpy;python;qlik;scikit-learn;spark;sql;tableau,data_science,general_data_science,Senior Data Scientist,Senior Data Scientist,Sudan,Full-time and Part-time,False,lukebarousse/data_jobs,11
305,Data Scientist für das Public Umfeld,CGI Deutschland,"Cologne, Germany","Title short: Data Scientist. Schedule: Full-time. Remote: False. Country: Germany. Skills: python, r.",python;r,data_science,general_data_science,Data Scientist für das Public Umfeld,Data Scientist,Germany,Full-time,False,lukebarousse/data_jobs,2
306,Senior Data Scientist,Trade Republic Bank GmbH,"Berlin, Germany","Title short: Senior Data Scientist. Schedule: Full-time. Remote: False. Country: Germany. Skills: matplotlib, numpy, pandas, python, scikit-learn, sql.",matplotlib;numpy;pandas;python;scikit-learn;sql,data_science,general_data_science,Senior Data Scientist,Senior Data Scientist,Germany,Full-time,False,lukebarousse/data_jobs,6
307,Senior Data Scientist with Security Clearance,EverPresent Talent,"Nebraska City, NE","Title short: Senior Data Scientist. Schedule: Full-time. Remote: False. Country: United States. Skills: c#, c++, hadoop, jira, windows.",c#;c++;hadoop;jira;windows,data_science,general_data_science,Senior Data Scientist with Security Clearance,Senior Data Scientist,United States,Full-time,False,lukebarousse/data_jobs,5
308,Senior Data Scientist (Smart Factory Optimization),JAC Group,Singapore,"Title short: Senior Data Scientist. Schedule: Full-time. Remote: False. Country: Singapore. Skills: python, r, sql.",python;r;sql,data_science,general_data_science,Senior Data Scientist (Smart Factory Optimization),Senior Data Scientist,Singapore,Full-time,False,lukebarousse/data_jobs,3
309,Data Scientist Senior #1326,"M2C, an AYESA company","Madrid, Spain","Title short: Senior Data Scientist. Schedule: Full-time. Remote: False. Country: Spain. Skills: matplotlib, numpy, pandas, pyspark, python, scala, sql.",matplotlib;numpy;pandas;pyspark;python;scala;sql,data_science,general_data_science,Data Scientist Senior #1326,Senior Data Scientist,Spain,Full-time,False,lukebarousse/data_jobs,7
310,Senior Data Scientist III,RELX,"Raleigh, NC","Title short: Data Scientist. Schedule: Full-time. Remote: False. Country: United States. Skills: hadoop, python, spark.",hadoop;python;spark,data_science,general_data_science,Senior Data Scientist III,Data Scientist,United States,Full-time,False,lukebarousse/data_jobs,3
311,Data Scientist,"University of California, Riverside","Riverside, CA","Title short: Data Scientist. Schedule: Full-time. Remote: False. Country: United States. Skills: aws, azure, bigquery, excel, gcp, looker, matplotlib, python, r, redshift, snowflake, sql, tableau.",aws;azure;bigquery;excel;gcp;looker;matplotlib;python;r;redshift;snowflake;sql;tableau,data_science,general_data_science,Data Scientist,Data Scientist,United States,Full-time,False,lukebarousse/data_jobs,13
312,Data Warehouse Developer,Finnova,"Schwyz, Switzerland","Title short: Data Scientist. Schedule: Part-time. Remote: False. Country: Switzerland. Skills: oracle, sql, sql server.",oracle;sql;sql server,data_science,general_data_science,Data Warehouse Developer,Data Scientist,Switzerland,Part-time,False,lukebarousse/data_jobs,3
313,Data Scientist,Virtual Clone,Anywhere,"Title short: Data Scientist. Schedule: Full-time. Remote: True. Country: India. Skills: confluence, git, matplotlib, numpy, pandas, python, pytorch, tensorflow.",confluence;git;matplotlib;numpy;pandas;python;pytorch;tensorflow,data_science,general_data_science,Data Scientist,Data Scientist,India,Full-time,True,lukebarousse/data_jobs,8
314,Data Scientist,CARFAX,"Columbia, MO","Title short: Data Scientist. Schedule: Full-time. Remote: False. Country: United States. Skills: python, r, word.",python;r;word,data_science,general_data_science,Data Scientist,Data Scientist,United States,Full-time,False,lukebarousse/data_jobs,3
315,Data Scientist III,Peraton,"McLean, VA","Title short: Data Scientist. Schedule: Full-time. Remote: False. Country: United States. Skills: aws, python.",aws;python,data_science,general_data_science,Data Scientist III,Data Scientist,United States,Full-time,False,lukebarousse/data_jobs,2
316,Senior Informaticist/Data Scientist,Humana,"Austin, TX","Title short: Data Scientist. Schedule: Full-time. Remote: False. Country: Sudan. Skills: hadoop, power bi, python, r, sas, sql, tableau.",hadoop;power bi;python;r;sas;sql;tableau,data_science,general_data_science,Senior Informaticist/Data Scientist,Data Scientist,Sudan,Full-time,False,lukebarousse/data_jobs,7
317,Junior Data Scientist,Marcadus,"Gorinchem, Netherlands","Title short: Data Scientist. Schedule: Full-time. Remote: False. Country: Netherlands. Skills: python, sql.",python;sql,data_science,general_data_science,Junior Data Scientist,Data Scientist,Netherlands,Full-time,False,lukebarousse/data_jobs,2
318,"Senior Associate, Data Science",Poudouleveis.gr,"Thessaloniki, Greece","Title short: Data Scientist. Schedule: Full-time. Remote: False. Country: Greece. Skills: excel, python, r.",excel;python;r,data_science,general_data_science,"Senior Associate, Data Science",Data Scientist,Greece,Full-time,False,lukebarousse/data_jobs,3
319,Data Scientist (Graduate),BNY Mellon,"Pittsburgh, PA","Title short: Data Scientist. Schedule: Full-time. Remote: False. Country: United States. Skills: c++, java, matlab, pandas, python, r, sql.",c++;java;matlab;pandas;python;r;sql,data_science,general_data_science,Data Scientist (Graduate),Data Scientist,United States,Full-time,False,lukebarousse/data_jobs,7
320,Research Data Applications Scientist,Axtria,United States,"Title short: Data Scientist. Schedule: Full-time. Remote: False. Country: United States. Skills: python, r, sql.",python;r;sql,data_science,general_data_science,Research Data Applications Scientist,Data Scientist,United States,Full-time,False,lukebarousse/data_jobs,3
321,Senior Data Scientist,HARMAN International,"Bommasandra, Karnataka, India","Title short: Senior Data Scientist. Schedule: Full-time. Remote: False. Country: India. Skills: aws, keras, matplotlib, python, pytorch, scala, scikit-learn, seaborn, sql, tensorflow.",aws;keras;matplotlib;python;pytorch;scala;scikit-learn;seaborn;sql;tensorflow,data_science,general_data_science,Senior Data Scientist,Senior Data Scientist,India,Full-time,False,lukebarousse/data_jobs,10
322,Data Scientist II,SunTrust,"Atlanta, GA","Title short: Data Scientist. Schedule: Full-time. Remote: False. Country: United States. Skills: hadoop, jquery, nosql, python, sas, spark, sql, tableau.",hadoop;jquery;nosql;python;sas;spark;sql;tableau,data_science,general_data_science,Data Scientist II,Data Scientist,United States,Full-time,False,lukebarousse/data_jobs,8
323,Senior Artificial Intelligence Data Scientist,ICBD HOLDINGS LLC,"Fort Lauderdale, FL","Title short: Senior Data Scientist. Schedule: Full-time. Remote: False. Country: United States. Skills: python, r.",python;r,data_science,general_data_science,Senior Artificial Intelligence Data Scientist,Senior Data Scientist,United States,Full-time,False,lukebarousse/data_jobs,2
324,Data Scientist III - Product Lifecycle & Intervention,Teladoc Health,"Barcelona, Spain","Title short: Data Scientist. Schedule: Full-time. Remote: False. Country: Spain. Skills: hadoop, python, pytorch, spark, sql, tensorflow.",hadoop;python;pytorch;spark;sql;tensorflow,data_science,general_data_science,Data Scientist III - Product Lifecycle & Intervention,Data Scientist,Spain,Full-time,False,lukebarousse/data_jobs,6
325,Lead Data Science Consultant - Supply Chain (P2416),84.51˚,Anywhere,"Title short: Data Scientist. Schedule: Full-time. Remote: True. Country: United States. Skills: excel, python, r, sql.",excel;python;r;sql,data_science,general_data_science,Lead Data Science Consultant - Supply Chain (P2416),Data Scientist,United States,Full-time,True,lukebarousse/data_jobs,4
326,Data Scientist,Digitas,United States,"Title short: Data Scientist. Schedule: Full-time. Remote: False. Country: Sudan. Skills: aws, hadoop, linux, python, r, sql.",aws;hadoop;linux;python;r;sql,data_science,general_data_science,Data Scientist,Data Scientist,Sudan,Full-time,False,lukebarousse/data_jobs,6
327,Lead Data Scientist,Sketch App Sources,"Berlin, Germany","Title short: Data Scientist. Schedule: Full-time. Remote: False. Country: Germany. Skills: aws, go, hadoop, keras, looker, python, pytorch, scikit-learn, spark, sql, tensorflow.",aws;go;hadoop;keras;looker;python;pytorch;scikit-learn;spark;sql;tensorflow,data_science,general_data_science,Lead Data Scientist,Data Scientist,Germany,Full-time,False,lukebarousse/data_jobs,11
328,Principal Data Scientist,Capital One,"San Francisco, CA","Title short: Data Scientist. Schedule: Full-time. Remote: False. Country: United States. Skills: aws, hugging face, spark.",aws;hugging face;spark,data_science,general_data_science,Principal Data Scientist,Data Scientist,United States,Full-time,False,lukebarousse/data_jobs,3
329,Consultant - Data Science & Analytics,Sia Partners,Hong Kong,"Title short: Data Scientist. Schedule: Full-time. Remote: False. Country: Hong Kong. Skills: python, r, sql, tableau.",python;r;sql;tableau,data_science,general_data_science,Consultant - Data Science & Analytics,Data Scientist,Hong Kong,Full-time,False,lukebarousse/data_jobs,4
330,Lead Data Scientist,ADP,"Alpharetta, GA","Title short: Data Scientist. Schedule: Full-time. Remote: False. Country: United States. Skills: aws, databricks, docker, excel, kubernetes, python, r, sql, tableau.",aws;databricks;docker;excel;kubernetes;python;r;sql;tableau,data_science,general_data_science,Lead Data Scientist,Data Scientist,United States,Full-time,False,lukebarousse/data_jobs,9
331,Data Scientist,if forsekringcenter,Anywhere,"Title short: Data Scientist. Schedule: Full-time. Remote: True. Country: Sweden. Skills: databricks, python, sql.",databricks;python;sql,data_science,general_data_science,Data Scientist,Data Scientist,Sweden,Full-time,True,lukebarousse/data_jobs,3
332,Data Scientist,2COMS Consulting Pvt. Ltd.,"Bengaluru, Karnataka, India","Title short: Data Scientist. Schedule: Full-time. Remote: False. Country: India. Skills: excel, powerpoint, python, sql.",excel;powerpoint;python;sql,data_science,general_data_science,Data Scientist,Data Scientist,India,Full-time,False,lukebarousse/data_jobs,4
333,Data Scientist with Security Clearance,Strategic ASI,United States,"Title short: Data Scientist. Schedule: Full-time. Remote: False. Country: United States. Skills: crystal, java, javascript, python, spark, tableau.",crystal;java;javascript;python;spark;tableau,data_science,general_data_science,Data Scientist with Security Clearance,Data Scientist,United States,Full-time,False,lukebarousse/data_jobs,6
334,Data Scientist - Artificial Intelligence - IBM France (H/F),IBM,"Strasbourg, France","Title short: Data Scientist. Schedule: Full-time. Remote: False. Country: France. Skills: excel, ibm cloud, powerpoint.",excel;ibm cloud;powerpoint,data_science,general_data_science,Data Scientist - Artificial Intelligence - IBM France (H/F),Data Scientist,France,Full-time,False,lukebarousse/data_jobs,3
335,Senior Data Scientist*,Fraunhofer Karriere,"Sankt Augustin, Germany","Title short: Senior Data Scientist. Schedule: Full-time. Remote: False. Country: Germany. Skills: python, tensorflow.",python;tensorflow,data_science,general_data_science,Senior Data Scientist*,Senior Data Scientist,Germany,Full-time,False,lukebarousse/data_jobs,2
336,Senior Data Scientist,Magnit,"Durham, NC","Title short: Senior Data Scientist. Schedule: Contractor. Remote: False. Country: United States. Skills: power bi, python, r, scala, spark, sql, tableau.",power bi;python;r;scala;spark;sql;tableau,data_science,general_data_science,Senior Data Scientist,Senior Data Scientist,United States,Contractor,False,lukebarousse/data_jobs,7
337,"Lead Data Scientist, Marketing",The Home Depot,"Atlanta, GA","Title short: Data Scientist. Schedule: Full-time. Remote: False. Country: United States. Skills: bigquery, python, sql, tableau.",bigquery;python;sql;tableau,data_science,general_data_science,"Lead Data Scientist, Marketing",Data Scientist,United States,Full-time,False,lukebarousse/data_jobs,4
338,"Manager/Senior Manager, Data Science",Forward Financing,Anywhere,"Title short: Data Scientist. Schedule: Full-time. Remote: True. Country: Sudan. Skills: databricks, datarobot, python, r, snowflake, sql, tableau.",databricks;datarobot;python;r;snowflake;sql;tableau,data_science,general_data_science,"Manager/Senior Manager, Data Science",Data Scientist,Sudan,Full-time,True,lukebarousse/data_jobs,7
339,"Data Scientist, LiveAnalytics","Ticketmaster Entertainment, Inc.","Phoenix, AZ","Title short: Data Scientist. Schedule: Full-time. Remote: False. Country: United States. Skills: confluence, flow, go, python, sql.",confluence;flow;go;python;sql,data_science,general_data_science,"Data Scientist, LiveAnalytics",Data Scientist,United States,Full-time,False,lukebarousse/data_jobs,5
340,Senior Data Scientist,Fraser Alexander,South Africa,"Title short: Senior Data Scientist. Schedule: Full-time. Remote: False. Country: South Africa. Skills: azure, matlab, nosql, perl, power bi, powershell, python, r, sap, sas, sql, sql server, ssrs, tableau.",azure;matlab;nosql;perl;power bi;powershell;python;r;sap;sas;sql;sql server;ssrs;tableau,data_science,general_data_science,Senior Data Scientist,Senior Data Scientist,South Africa,Full-time,False,lukebarousse/data_jobs,14
341,"Associate, Data Scientist",Lazard Freres & Co. LLC,"New York, NY","Title short: Data Scientist. Schedule: Full-time. Remote: False. Country: United States. Skills: aws, nosql, python, sql.",aws;nosql;python;sql,data_science,general_data_science,"Associate, Data Scientist",Data Scientist,United States,Full-time,False,lukebarousse/data_jobs,4
342,Data Scientist,RiVi Consulting Group L.L.C,"Jersey City, NJ","Title short: Data Scientist. Schedule: Full-time. Remote: False. Country: United States. Skills: cassandra, hadoop, java, python, spark, sql, tableau.",cassandra;hadoop;java;python;spark;sql;tableau,data_science,general_data_science,Data Scientist,Data Scientist,United States,Full-time,False,lukebarousse/data_jobs,7
343,Junior Data Scientist,VSquare Systems Pvt. Ltd.,Anywhere,"Title short: Data Scientist. Schedule: Full-time. Remote: True. Country: India. Skills: aws, bigquery, bitbucket, elasticsearch, git, jupyter, pandas, python, pytorch, r, scikit-learn, sql, tableau, tensorflow.",aws;bigquery;bitbucket;elasticsearch;git;jupyter;pandas;python;pytorch;r;scikit-learn;sql;tableau;tensorflow,data_science,general_data_science,Junior Data Scientist,Data Scientist,India,Full-time,True,lukebarousse/data_jobs,14
344,Data Scientist,Toss Bank,South Korea,"Title short: Data Scientist. Schedule: Full-time. Remote: False. Country: South Korea. Skills: python, pytorch, r, spark, sql, tensorflow.",python;pytorch;r;spark;sql;tensorflow,data_science,general_data_science,Data Scientist,Data Scientist,South Korea,Full-time,False,lukebarousse/data_jobs,6
345,Risk & Compliance Data Science Leader,Western Union,"Austin, TX","Title short: Data Scientist. Schedule: Full-time. Remote: False. Country: United States. Skills: python, snowflake, sql.",python;snowflake;sql,data_science,general_data_science,Risk & Compliance Data Science Leader,Data Scientist,United States,Full-time,False,lukebarousse/data_jobs,3
346,Data Scientist,SB Insight,"Stockholm, Sweden","Title short: Data Scientist. Schedule: Full-time. Remote: False. Country: Sweden. Skills: flow, python, r, sql.",flow;python;r;sql,data_science,general_data_science,Data Scientist,Data Scientist,Sweden,Full-time,False,lukebarousse/data_jobs,4
347,"Data Scientist, People Analytics","NexRep, LLC",Anywhere,"Title short: Data Scientist. Schedule: Full-time. Remote: True. Country: United States. Skills: excel, power bi, python, r, sas, spss, sql, tableau.",excel;power bi;python;r;sas;spss;sql;tableau,data_science,general_data_science,"Data Scientist, People Analytics",Data Scientist,United States,Full-time,True,lukebarousse/data_jobs,8
348,"Data Scientist, Jr.",Alta Mira,"Tampa, FL","Title short: Data Scientist. Schedule: Full-time. Remote: False. Country: United States. Skills: aws, pytorch, scikit-learn, tensorflow.",aws;pytorch;scikit-learn;tensorflow,data_science,general_data_science,"Data Scientist, Jr.",Data Scientist,United States,Full-time,False,lukebarousse/data_jobs,4
349,Senior Data Scientist,Brooksource,"Atlanta, GA","Title short: Senior Data Scientist. Schedule: Full-time. Remote: False. Country: United States. Skills: aws, azure, gcp, hadoop, python, r, sas, spark.",aws;azure;gcp;hadoop;python;r;sas;spark,data_science,general_data_science,Senior Data Scientist,Senior Data Scientist,United States,Full-time,False,lukebarousse/data_jobs,8
350,"Data Scientist, Marketing Analytics",Dun & Bradstreet,"Stockholm, Sweden","Title short: Data Scientist. Schedule: Full-time. Remote: False. Country: Sweden. Skills: databricks, julia, power bi, python, r, redshift, snowflake, tableau.",databricks;julia;power bi;python;r;redshift;snowflake;tableau,data_science,general_data_science,"Data Scientist, Marketing Analytics",Data Scientist,Sweden,Full-time,False,lukebarousse/data_jobs,8
351,Senior Data Scientist,hackajob,"Waltham, MA","Title short: Senior Data Scientist. Schedule: Full-time. Remote: False. Country: United States. Skills: excel, python, r, sql.",excel;python;r;sql,data_science,general_data_science,Senior Data Scientist,Senior Data Scientist,United States,Full-time,False,lukebarousse/data_jobs,4
352,Senior Data Scientist,Robert Walters,Indonesia,"Title short: Senior Data Scientist. Schedule: Full-time. Remote: False. Country: Indonesia. Skills: python, sql.",python;sql,data_science,general_data_science,Senior Data Scientist,Senior Data Scientist,Indonesia,Full-time,False,lukebarousse/data_jobs,2
353,Senior Data Scientist,Mavinsys,Anywhere,"Title short: Senior Data Scientist. Schedule: Full-time and Temp work. Remote: True. Country: Sudan. Skills: c, c++, digitalocean, hadoop, java, javascript, mysql, python, r, redshift, spark.",c;c++;digitalocean;hadoop;java;javascript;mysql;python;r;redshift;spark,data_science,general_data_science,Senior Data Scientist,Senior Data Scientist,Sudan,Full-time and Temp work,True,lukebarousse/data_jobs,11
354,Senior Data Scientist,"Agile Resources, Inc.",Anywhere,"Title short: Senior Data Scientist. Schedule: Contractor. Remote: True. Country: United States. Skills: aws, gcp, hadoop, python, r, spark, sql.",aws;gcp;hadoop;python;r;spark;sql,data_science,general_data_science,Senior Data Scientist,Senior Data Scientist,United States,Contractor,True,lukebarousse/data_jobs,7
355,Remote Data Scientist,OrbitJobs.Org,Anywhere,"Title short: Data Scientist. Schedule: Full-time. Remote: True. Country: United States. Skills: python, r, scala, spark, tensorflow.",python;r;scala;spark;tensorflow,data_science,general_data_science,Remote Data Scientist,Data Scientist,United States,Full-time,True,lukebarousse/data_jobs,5
356,"Manager, Data Science",Hyundai Capital,"Newport Beach, CA","Title short: Data Scientist. Schedule: Full-time. Remote: False. Country: United States. Skills: aws, python, redshift, spark, sql.",aws;python;redshift;spark;sql,data_science,general_data_science,"Manager, Data Science",Data Scientist,United States,Full-time,False,lukebarousse/data_jobs,5
357,Lead data scientist F/H (CDI),JOBLIFT GMBH,"Châtillon, France","Title short: Data Scientist. Schedule: Full-time. Remote: False. Country: France. Skills: python, r.",python;r,data_science,general_data_science,Lead data scientist F/H (CDI),Data Scientist,France,Full-time,False,lukebarousse/data_jobs,2
358,NLP Data Scientist,Corsearch,"Amsterdam, Netherlands","Title short: Data Scientist. Schedule: Full-time. Remote: False. Country: Netherlands. Skills: aws, gcp, mongodb, nosql, python, r, redis.",aws;gcp;mongodb;nosql;python;r;redis,data_science,general_data_science,NLP Data Scientist,Data Scientist,Netherlands,Full-time,False,lukebarousse/data_jobs,7
359,Data Scientist,Rosenberger Hochfrequenz- technik GmbH & Co. KG,"Traunstein, Germany","Title short: Data Scientist. Schedule: Full-time. Remote: False. Country: Germany. Skills: azure, databricks, docker, java, kubernetes, python, pytorch, spark, tensorflow.",azure;databricks;docker;java;kubernetes;python;pytorch;spark;tensorflow,data_science,general_data_science,Data Scientist,Data Scientist,Germany,Full-time,False,lukebarousse/data_jobs,9
360,Autumn Data Science Internships 2023,King,"Stockholm, Sweden","Title short: Data Scientist. Schedule: Internship. Remote: False. Country: Sweden. Skills: java, julia, matlab, python, r, sql.",java;julia;matlab;python;r;sql,data_science,general_data_science,Autumn Data Science Internships 2023,Data Scientist,Sweden,Internship,False,lukebarousse/data_jobs,6
361,Junior Data Scientist,Analytos,Anywhere,"Title short: Data Scientist. Schedule: Full-time. Remote: True. Country: United States. Skills: hadoop, nosql.",hadoop;nosql,data_science,general_data_science,Junior Data Scientist,Data Scientist,United States,Full-time,True,lukebarousse/data_jobs,2
362,Senior/ Lead Data Scientist,Tiger Analytics,"Bengaluru, Karnataka, India","Title short: Data Scientist. Schedule: Full-time. Remote: False. Country: India. Skills: excel, powerpoint, python, sql.",excel;powerpoint;python;sql,data_science,general_data_science,Senior/ Lead Data Scientist,Data Scientist,India,Full-time,False,lukebarousse/data_jobs,4
363,Global Data Scientist,"Hitachi Energy Spain, S.A.U.","Zaragoza, Spain","Title short: Data Scientist. Schedule: Full-time. Remote: False. Country: Spain. Skills: outlook, sql.",outlook;sql,data_science,general_data_science,Global Data Scientist,Data Scientist,Spain,Full-time,False,lukebarousse/data_jobs,2
364,Cleared Data Scientist - Managing Consultant,Guidehouse,"Arlington, VA","Title short: Data Scientist. Schedule: Full-time. Remote: False. Country: United States. Skills: aws, azure, power bi, python, qlik, sql, tableau.",aws;azure;power bi;python;qlik;sql;tableau,data_science,general_data_science,Cleared Data Scientist - Managing Consultant,Data Scientist,United States,Full-time,False,lukebarousse/data_jobs,7
365,Data Scientist,Medtronic Labs,"Nairobi, Kenya","Title short: Data Scientist. Schedule: Full-time. Remote: False. Country: Kenya. Skills: aws, docker, go, python.",aws;docker;go;python,data_science,general_data_science,Data Scientist,Data Scientist,Kenya,Full-time,False,lukebarousse/data_jobs,4
366,Werkenvoor.be - Data Scientist,Werkenvoor.be,"Brussels, Belgium","Title short: Data Scientist. Schedule: Full-time. Remote: False. Country: Belgium. Skills: python, r, sas, sql.",python;r;sas;sql,data_science,general_data_science,Werkenvoor.be - Data Scientist,Data Scientist,Belgium,Full-time,False,lukebarousse/data_jobs,4
367,Mid Level Data Scientist,Peraton,United States,"Title short: Data Scientist. Schedule: Full-time. Remote: False. Country: Sudan. Skills: flask, python, sql.",flask;python;sql,data_science,general_data_science,Mid Level Data Scientist,Data Scientist,Sudan,Full-time,False,lukebarousse/data_jobs,3
368,Data Scientist,Altados,"Tangier, Morocco","Title short: Data Scientist. Schedule: Full-time. Remote: False. Country: Morocco. Skills: elasticsearch, kafka, python, r, spark, sql, tensorflow.",elasticsearch;kafka;python;r;spark;sql;tensorflow,data_science,general_data_science,Data Scientist,Data Scientist,Morocco,Full-time,False,lukebarousse/data_jobs,7
369,Sr. Data Scientist,Optimhire Solutions Pvt Ltd,"Bengaluru, Karnataka, India","Title short: Data Scientist. Schedule: Full-time. Remote: False. Country: India. Skills: aws, flow, hadoop, python.",aws;flow;hadoop;python,data_science,general_data_science,Sr. Data Scientist,Data Scientist,India,Full-time,False,lukebarousse/data_jobs,4
370,Part time Professor for Data Science,LINC Education,Anywhere,"Title short: Data Scientist. Schedule: Part-time and Contractor. Remote: True. Country: India. Skills: keras, power bi, python, pytorch, r, tableau, tensorflow.",keras;power bi;python;pytorch;r;tableau;tensorflow,data_science,general_data_science,Part time Professor for Data Science,Data Scientist,India,Part-time and Contractor,True,lukebarousse/data_jobs,7
371,"Principal Associate, Data Science",Capital One,"Plano, TX","Title short: Data Scientist. Schedule: Full-time and Part-time. Remote: False. Country: Sudan. Skills: aws, python, r, scala, spark, sql.",aws;python;r;scala;spark;sql,data_science,general_data_science,"Principal Associate, Data Science",Data Scientist,Sudan,Full-time and Part-time,False,lukebarousse/data_jobs,6
372,Marketing Operations Data Scientist,TEKsystems,"Culver City, CA","Title short: Data Scientist. Schedule: Full-time. Remote: False. Country: United States. Skills: bash, git, python, sql.",bash;git;python;sql,data_science,general_data_science,Marketing Operations Data Scientist,Data Scientist,United States,Full-time,False,lukebarousse/data_jobs,4
373,Data Scientist (Remote in Texas),Central Health,"Austin, TX","Title short: Data Scientist. Schedule: Full-time. Remote: False. Country: Sudan. Skills: c++, excel, java, julia, matlab, outlook, python, r, sql, tableau, word.",c++;excel;java;julia;matlab;outlook;python;r;sql;tableau;word,data_science,general_data_science,Data Scientist (Remote in Texas),Data Scientist,Sudan,Full-time,False,lukebarousse/data_jobs,11
374,Head of Data & Analytics,Paradox Interactive,"Stockholm, Sweden","Title short: Data Scientist. Schedule: Full-time. Remote: False. Country: Sweden. Skills: aws, python, sql.",aws;python;sql,data_science,general_data_science,Head of Data & Analytics,Data Scientist,Sweden,Full-time,False,lukebarousse/data_jobs,3
375,Freshers Academy - Data & Analytics (Azure),HCL TECHNOLOGIES ROMANIA SRL,"Iași, Romania","Title short: Data Scientist. Schedule: Full-time. Remote: False. Country: Romania. Skills: azure, sql, sql server.",azure;sql;sql server,data_science,general_data_science,Freshers Academy - Data & Analytics (Azure),Data Scientist,Romania,Full-time,False,lukebarousse/data_jobs,3
376,Senior Data Scientist,IBM Corporation,"Armonk, NY","Title short: Senior Data Scientist. Schedule: Full-time. Remote: False. Country: United States. Skills: python, watson.",python;watson,data_science,general_data_science,Senior Data Scientist,Senior Data Scientist,United States,Full-time,False,lukebarousse/data_jobs,2
377,DATA SCIENTIST PYTHON,Sotec Consulting,Anywhere,"Title short: Data Scientist. Schedule: Full-time. Remote: True. Country: Spain. Skills: pandas, python, scikit-learn.",pandas;python;scikit-learn,data_science,general_data_science,DATA SCIENTIST PYTHON,Data Scientist,Spain,Full-time,True,lukebarousse/data_jobs,3
378,"Data Scientist, Machine Learning",Meta Inc,"Augusta, GA","Title short: Data Scientist. Schedule: Full-time. Remote: False. Country: United States. Skills: hadoop, python, r, spark, sql.",hadoop;python;r;spark;sql,data_science,general_data_science,"Data Scientist, Machine Learning",Data Scientist,United States,Full-time,False,lukebarousse/data_jobs,5
379,Data Scientist with Security Clearance,"Clear Resolution Consulting, LLC",United States,"Title short: Data Scientist. Schedule: Full-time. Remote: False. Country: United States. Skills: aurora, matlab, python, r, sas.",aurora;matlab;python;r;sas,data_science,general_data_science,Data Scientist with Security Clearance,Data Scientist,United States,Full-time,False,lukebarousse/data_jobs,5
380,Lead Data Scientist,Kingfisher plc,"London, UK","Title short: Data Scientist. Schedule: Full-time. Remote: False. Country: United Kingdom. Skills: gcp, jupyter, matplotlib, pandas, sql.",gcp;jupyter;matplotlib;pandas;sql,data_science,general_data_science,Lead Data Scientist,Data Scientist,United Kingdom,Full-time,False,lukebarousse/data_jobs,5
381,Data Science Consultant,Deloitte,"Arlington, VA","Title short: Data Scientist. Schedule: Full-time. Remote: False. Country: United States. Skills: python, qlik, r, sql, tableau.",python;qlik;r;sql;tableau,data_science,general_data_science,Data Science Consultant,Data Scientist,United States,Full-time,False,lukebarousse/data_jobs,5
382,"Data Scientist Intern, MS, Summer 2022",Google,"Sunnyvale, CA","Title short: Data Scientist. Schedule: Full-time. Remote: False. Country: United States. Skills: python, r, sas, sql.",python;r;sas;sql,data_science,general_data_science,"Data Scientist Intern, MS, Summer 2022",Data Scientist,United States,Full-time,False,lukebarousse/data_jobs,4
383,Data Scientist_MEXICO,Acxiom,"Mexico City, CDMX, Mexico","Title short: Data Scientist. Schedule: Full-time. Remote: False. Country: Mexico. Skills: aws, azure, bigquery, excel, gcp, looker, power bi, powerpoint, python, r, tableau.",aws;azure;bigquery;excel;gcp;looker;power bi;powerpoint;python;r;tableau,data_science,general_data_science,Data Scientist_MEXICO,Data Scientist,Mexico,Full-time,False,lukebarousse/data_jobs,11
384,Intern - Data Scientist - Summer 2024,Lumen,"Lake Worth Beach, FL","Title short: Data Scientist. Schedule: Full-time, Part-time, and Internship. Remote: False. Country: United States. Skills: azure, c, jupyter, kafka, python, sql.",azure;c;jupyter;kafka;python;sql,data_science,general_data_science,Intern - Data Scientist - Summer 2024,Data Scientist,United States,"Full-time, Part-time, and Internship",False,lukebarousse/data_jobs,6
385,Data Scientist,Games Jobs Direct,"Galway, Ireland","Title short: Data Scientist. Schedule: Full-time. Remote: False. Country: Ireland. Skills: hadoop, python, r, snowflake, sql.",hadoop;python;r;snowflake;sql,data_science,general_data_science,Data Scientist,Data Scientist,Ireland,Full-time,False,lukebarousse/data_jobs,5
386,Data Scientist,Vestas,Denmark,"Title short: Data Scientist. Schedule: Full-time. Remote: False. Country: Denmark. Skills: azure, databricks, pyspark, python, r, scala, sql.",azure;databricks;pyspark;python;r;scala;sql,data_science,general_data_science,Data Scientist,Data Scientist,Denmark,Full-time,False,lukebarousse/data_jobs,7
387,Junior Aktuar / Data Scientist Pricing Aktuariat (m/w/d...,Allianz,"Unterföhring, Germany","Title short: Data Scientist. Schedule: Full-time. Remote: False. Country: Germany. Skills: pyspark, python, r.",pyspark;python;r,data_science,general_data_science,Junior Aktuar / Data Scientist Pricing Aktuariat (m/w/d...,Data Scientist,Germany,Full-time,False,lukebarousse/data_jobs,3
388,Data Scientist / Professeur en Data science,Mohammed VI Polytechnic University,Morocco,"Title short: Data Scientist. Schedule: Full-time. Remote: False. Country: Morocco. Skills: matlab, python, r.",matlab;python;r,data_science,general_data_science,Data Scientist / Professeur en Data science,Data Scientist,Morocco,Full-time,False,lukebarousse/data_jobs,3
389,Data Scientist @ Marketing,BBVA,"Madrid, Spain","Title short: Data Scientist. Schedule: Full-time. Remote: False. Country: Spain. Skills: python, r.",python;r,data_science,general_data_science,Data Scientist @ Marketing,Data Scientist,Spain,Full-time,False,lukebarousse/data_jobs,2
390,"Senior Data Scientist, Financial Services",ConnectedGroup,Hong Kong,"Title short: Senior Data Scientist. Schedule: Full-time. Remote: False. Country: Hong Kong. Skills: python, r, sas, spark, spss.",python;r;sas;spark;spss,data_science,general_data_science,"Senior Data Scientist, Financial Services",Senior Data Scientist,Hong Kong,Full-time,False,lukebarousse/data_jobs,5
391,Data Science Trainer - Video,LMES Academy,Anywhere,"Title short: Data Scientist. Schedule: Part-time. Remote: True. Country: India. Skills: excel, python, r.",excel;python;r,data_science,general_data_science,Data Science Trainer - Video,Data Scientist,India,Part-time,True,lukebarousse/data_jobs,3
392,Data-инженер/SQL-разработчик,SOKOLOV,Anywhere,"Title short: Data Scientist. Schedule: Full-time. Remote: True. Country: Russia. Skills: dax, gitlab, mysql, postgresql, sql, ssis.",dax;gitlab;mysql;postgresql;sql;ssis,data_science,general_data_science,Data-инженер/SQL-разработчик,Data Scientist,Russia,Full-time,True,lukebarousse/data_jobs,6
393,Data Scientist,Unison Consulting,"Bangkok, Thailand","Title short: Data Scientist. Schedule: Full-time. Remote: False. Country: Thailand. Skills: hadoop, numpy, pandas, power bi, python, pytorch, r, scala, scikit-learn, spark, sql, tableau, tensorflow.",hadoop;numpy;pandas;power bi;python;pytorch;r;scala;scikit-learn;spark;sql;tableau;tensorflow,data_science,general_data_science,Data Scientist,Data Scientist,Thailand,Full-time,False,lukebarousse/data_jobs,13
394,Data Scientist,Meduit | Driving Revenue Cycle Performance,Anywhere,"Title short: Data Scientist. Schedule: Full-time. Remote: True. Country: United States. Skills: python, sql.",python;sql,data_science,general_data_science,Data Scientist,Data Scientist,United States,Full-time,True,lukebarousse/data_jobs,2
395,Senior Director Analytics & Chief Data Scientist,Norfolk Southern,"Atlanta, GA","Title short: Data Scientist. Schedule: Full-time. Remote: False. Country: United States. Skills: aws, azure, c, gcp, hadoop, java, python, r, tableau.",aws;azure;c;gcp;hadoop;java;python;r;tableau,data_science,general_data_science,Senior Director Analytics & Chief Data Scientist,Data Scientist,United States,Full-time,False,lukebarousse/data_jobs,9
396,Data Scientist - Amsterdam,Contracts IT Ltd,"Amsterdam, Netherlands","Title short: Data Scientist. Schedule: Contractor. Remote: False. Country: Netherlands. Skills: python, r, sql, tableau.",python;r;sql;tableau,data_science,general_data_science,Data Scientist - Amsterdam,Data Scientist,Netherlands,Contractor,False,lukebarousse/data_jobs,4
397,Analytics Engineer,Pacific National,"Melbourne VIC, Australia","Title short: Data Scientist. Schedule: Full-time. Remote: False. Country: Australia. Skills: azure, databricks, power bi, python, spark, sql, tableau.",azure;databricks;power bi;python;spark;sql;tableau,data_engineering,analytics_engineering,Analytics Engineer,Data Scientist,Australia,Full-time,False,lukebarousse/data_jobs,7
398,Remote Population Health Data Scientist I DVACO,Main Line Health,Anywhere,"Title short: Data Scientist. Schedule: Full-time. Remote: True. Country: United States. Skills: aws, azure, excel, git, power bi, powerpoint, python, r, sql, sql server, tableau, word.",aws;azure;excel;git;power bi;powerpoint;python;r;sql;sql server;tableau;word,data_science,general_data_science,Remote Population Health Data Scientist I DVACO,Data Scientist,United States,Full-time,True,lukebarousse/data_jobs,12
399,Data Scientist,Shopify,Singapore,"Title short: Data Scientist. Schedule: Full-time. Remote: False. Country: Singapore. Skills: pyspark, python, sql.",pyspark;python;sql,data_science,general_data_science,Data Scientist,Data Scientist,Singapore,Full-time,False,lukebarousse/data_jobs,3
400,Data Scientist - AI Coach,AIsembly,Anywhere,"Title short: Data Scientist. Schedule: Full-time. Remote: True. Country: Switzerland. Skills: cassandra, matlab, mongodb, nosql, numpy, r, sql.",cassandra;matlab;mongodb;nosql;numpy;r;sql,data_science,general_data_science,Data Scientist - AI Coach,Data Scientist,Switzerland,Full-time,True,lukebarousse/data_jobs,7
401,Staff Data Scientist,WARNERMEDIA,"Culver City, CA","Title short: Data Scientist. Schedule: Full-time. Remote: False. Country: United States. Skills: python, pytorch, scikit-learn, snowflake, spark, tensorflow.",python;pytorch;scikit-learn;snowflake;spark;tensorflow,data_science,general_data_science,Staff Data Scientist,Data Scientist,United States,Full-time,False,lukebarousse/data_jobs,6
402,Data Science with AI & Intelligence Services,Sterrofox,Anywhere,"Title short: Data Scientist. Schedule: Full-time. Remote: True. Country: United States. Skills: aws, azure, c, c#, c++, git, java, javascript, linux, node.js, python, windows.",aws;azure;c;c#;c++;git;java;javascript;linux;node.js;python;windows,data_science,general_data_science,Data Science with AI & Intelligence Services,Data Scientist,United States,Full-time,True,lukebarousse/data_jobs,12
403,Lead Data Scientist,TEKFORTUNE INC,"Bengaluru, Karnataka, India","Title short: Data Scientist. Schedule: Full-time. Remote: False. Country: India. Skills: aws, azure, gcp, no-sql, python, svn, windows.",aws;azure;gcp;no-sql;python;svn;windows,data_science,general_data_science,Lead Data Scientist,Data Scientist,India,Full-time,False,lukebarousse/data_jobs,7
404,Senior Data Scientist,AE,"Hasselt, Belgium","Title short: Senior Data Scientist. Schedule: Full-time. Remote: False. Country: Belgium. Skills: azure, bitbucket, docker, git, kubernetes, nosql, numpy, pandas, python, pytorch.",azure;bitbucket;docker;git;kubernetes;nosql;numpy;pandas;python;pytorch,data_science,general_data_science,Senior Data Scientist,Senior Data Scientist,Belgium,Full-time,False,lukebarousse/data_jobs,10
405,"Staff Data Scientist, New Initiatives - Remote",Dropbox,"Boston, MA","Title short: Data Scientist. Schedule: Full-time. Remote: False. Country: United States. Skills: python, sql.",python;sql,data_science,general_data_science,"Staff Data Scientist, New Initiatives - Remote",Data Scientist,United States,Full-time,False,lukebarousse/data_jobs,2
406,Data Scientist Senior,Numberly,"Paris, France","Title short: Senior Data Scientist. Schedule: Full-time. Remote: False. Country: France. Skills: airflow, python, spark, sql.",airflow;python;spark;sql,data_science,general_data_science,Data Scientist Senior,Senior Data Scientist,France,Full-time,False,lukebarousse/data_jobs,4
407,"Data Scientist, Top-Tier UK Mid-Market Private Equity Firm...",PER,"London, UK","Title short: Data Scientist. Schedule: Full-time. Remote: False. Country: United Kingdom. Skills: excel, power bi, python, sql, tableau.",excel;power bi;python;sql;tableau,data_science,general_data_science,"Data Scientist, Top-Tier UK Mid-Market Private Equity Firm...",Data Scientist,United Kingdom,Full-time,False,lukebarousse/data_jobs,5
408,"Senior Data Scientist, Forecasting",Wolt Oy,"Helsinki, Finland","Title short: Senior Data Scientist. Schedule: Full-time. Remote: False. Country: Finland. Skills: airflow, docker, kafka, looker, python, snowflake, spark, sql.",airflow;docker;kafka;looker;python;snowflake;spark;sql,data_science,general_data_science,"Senior Data Scientist, Forecasting",Senior Data Scientist,Finland,Full-time,False,lukebarousse/data_jobs,8
409,Sr. Data Scientist- Consumer Deposits & Small Business,Santander Holdings USA Inc,"Dania Beach, FL","Title short: Data Scientist. Schedule: Full-time. Remote: False. Country: United States. Skills: python, r, sas, sql.",python;r;sas;sql,data_science,general_data_science,Sr. Data Scientist- Consumer Deposits & Small Business,Data Scientist,United States,Full-time,False,lukebarousse/data_jobs,4
410,Data Scientist,TripActions,"Tel Aviv-Yafo, Israel","Title short: Data Scientist. Schedule: Full-time. Remote: False. Country: Israel. Skills: git, numpy, pandas, python, sql, tableau, tensorflow.",git;numpy;pandas;python;sql;tableau;tensorflow,data_science,general_data_science,Data Scientist,Data Scientist,Israel,Full-time,False,lukebarousse/data_jobs,7
411,Data Scientist - Senior Consultant,Guidehouse,"Priceville, AL","Title short: Data Scientist. Schedule: Full-time. Remote: False. Country: United States. Skills: power bi, python, qlik, r, sharepoint, sql, tableau.",power bi;python;qlik;r;sharepoint;sql;tableau,data_science,general_data_science,Data Scientist - Senior Consultant,Data Scientist,United States,Full-time,False,lukebarousse/data_jobs,7
412,Data Scientist,CTcon,"Munich, Germany","Title short: Data Scientist. Schedule: Full-time. Remote: False. Country: Germany. Skills: aws, azure, gcp, julia, nosql, python, qlik, r, spark, sql, tableau.",aws;azure;gcp;julia;nosql;python;qlik;r;spark;sql;tableau,data_science,general_data_science,Data Scientist,Data Scientist,Germany,Full-time,False,lukebarousse/data_jobs,11
413,Principal Data Scientist,Oracle,"Oklahoma City, OK","Title short: Data Scientist. Schedule: Full-time. Remote: False. Country: Sudan. Skills: go, hadoop, matlab, oracle, python, r, sas, spark, sql.",go;hadoop;matlab;oracle;python;r;sas;spark;sql,data_science,general_data_science,Principal Data Scientist,Data Scientist,Sudan,Full-time,False,lukebarousse/data_jobs,9
414,Data Scientist,grofers,"Bengaluru, Karnataka, India","Title short: Data Scientist. Schedule: Full-time. Remote: False. Country: India. Skills: hadoop, matlab, nosql, python, pytorch, r, spark, sql, tensorflow.",hadoop;matlab;nosql;python;pytorch;r;spark;sql;tensorflow,data_science,general_data_science,Data Scientist,Data Scientist,India,Full-time,False,lukebarousse/data_jobs,9
415,Data Scientist,Johnson & Johnson,Anywhere,"Title short: Data Scientist. Schedule: Full-time. Remote: True. Country: Ireland. Skills: excel, python, r, sql.",excel;python;r;sql,data_science,general_data_science,Data Scientist,Data Scientist,Ireland,Full-time,True,lukebarousse/data_jobs,4
416,Data Scientist,Integrated Resources,"Sacramento, CA","Title short: Data Scientist. Schedule: Full-time. Remote: False. Country: United States. Skills: powerpoint, r, sql, word.",powerpoint;r;sql;word,data_science,general_data_science,Data Scientist,Data Scientist,United States,Full-time,False,lukebarousse/data_jobs,4
417,Data Scientist,"Berean Group International, Inc.",South Carolina,"Title short: Data Scientist. Schedule: Contractor. Remote: False. Country: United States. Skills: aws, numpy, pandas, python, sql.",aws;numpy;pandas;python;sql,data_science,general_data_science,Data Scientist,Data Scientist,United States,Contractor,False,lukebarousse/data_jobs,5
418,Principal Data Scientist - Smart Grids,NY STATE ELECTRIC & GAS C,"Rochester, NY","Title short: Data Scientist. Schedule: Full-time. Remote: False. Country: United States. Skills: flow, scala.",flow;scala,data_science,general_data_science,Principal Data Scientist - Smart Grids,Data Scientist,United States,Full-time,False,lukebarousse/data_jobs,2
419,Data Scientist & Power BI Specialist Purchasing (Semiconductor...,Continental,"Timișoara, Romania","Title short: Data Scientist. Schedule: Full-time. Remote: False. Country: Romania. Skills: excel, power bi, powerpoint, python, r, tableau.",excel;power bi;powerpoint;python;r;tableau,data_science,general_data_science,Data Scientist & Power BI Specialist Purchasing (Semiconductor...,Data Scientist,Romania,Full-time,False,lukebarousse/data_jobs,6
420,Data Scientist h/f,ÏDKIDS GROUP,"Roubaix, France","Title short: Data Scientist. Schedule: Full-time. Remote: False. Country: France. Skills: gcp, python, spark, sql.",gcp;python;spark;sql,data_science,general_data_science,Data Scientist h/f,Data Scientist,France,Full-time,False,lukebarousse/data_jobs,4
421,DATA SCIENTIST F/H,Orano,"Montigny-le-Bretonneux, France","Title short: Data Scientist. Schedule: Internship. Remote: False. Country: France. Skills: docker, git, jupyter, matplotlib, numpy, pandas, python, pytorch, scikit-learn, seaborn, sql, tensorflow, unix.",docker;git;jupyter;matplotlib;numpy;pandas;python;pytorch;scikit-learn;seaborn;sql;tensorflow;unix,data_science,general_data_science,DATA SCIENTIST F/H,Data Scientist,France,Internship,False,lukebarousse/data_jobs,13
422,"Data Scientist (Greater Boston Area, MA)",Electra Vehicles,"Boston, MA","Title short: Data Scientist. Schedule: Full-time. Remote: False. Country: United States. Skills: nosql, python, sql.",nosql;python;sql,data_science,general_data_science,"Data Scientist (Greater Boston Area, MA)",Data Scientist,United States,Full-time,False,lukebarousse/data_jobs,3
423,Data Scientist,MassMutual,"Springfield, MA","Title short: Data Scientist. Schedule: Full-time. Remote: False. Country: United States. Skills: docker, kubernetes, matplotlib, numpy, pandas, python, r, scikit-learn, spark, sql.",docker;kubernetes;matplotlib;numpy;pandas;python;r;scikit-learn;spark;sql,data_science,general_data_science,Data Scientist,Data Scientist,United States,Full-time,False,lukebarousse/data_jobs,10
424,Financial Crimes- Anti-Money Laundering Data Scientist- Senior...,PwC,"Boston, MA","Title short: Senior Data Scientist. Schedule: Full-time. Remote: False. Country: United States. Skills: c++, excel, java, powerpoint, python, r, sql, tableau, word.",c++;excel;java;powerpoint;python;r;sql;tableau;word,data_science,general_data_science,Financial Crimes- Anti-Money Laundering Data Scientist- Senior...,Senior Data Scientist,United States,Full-time,False,lukebarousse/data_jobs,9
425,Data Director,ZALORA SOUTH EAST ASIA PTE. LTD.,Singapore,"Title short: Data Scientist. Schedule: Full-time. Remote: False. Country: Singapore. Skills: airflow, ansible, aws, azure, bigquery, elasticsearch, gcp, git, hadoop, jenkins, jira, kafka, linux, mongodb, mysql, no-sql, postgresql, power bi, redshift, spark.",airflow;ansible;aws;azure;bigquery;elasticsearch;gcp;git;hadoop;jenkins;jira;kafka;linux;mongodb;mysql;no-sql;postgresql;power bi;redshift;spark,data_science,general_data_science,Data Director,Data Scientist,Singapore,Full-time,False,lukebarousse/data_jobs,20
426,Data Science,Conneqt Digital,India,"Title short: Data Scientist. Schedule: Full-time. Remote: False. Country: India. Skills: aws, azure, snowflake, sql, tableau.",aws;azure;snowflake;sql;tableau,data_science,general_data_science,Data Science,Data Scientist,India,Full-time,False,lukebarousse/data_jobs,5
427,Data Scientist,Digital Talents,Chile,"Title short: Data Scientist. Schedule: Full-time. Remote: False. Country: Chile. Skills: c, git, python, sql.",c;git;python;sql,data_science,general_data_science,Data Scientist,Data Scientist,Chile,Full-time,False,lukebarousse/data_jobs,4
428,Data Integration Lead,Global Pharma Tek,"McLean, VA","Title short: Data Scientist. Schedule: Contractor. Remote: False. Country: United States. Skills: flow, no-sql, sql.",flow;no-sql;sql,data_science,general_data_science,Data Integration Lead,Data Scientist,United States,Contractor,False,lukebarousse/data_jobs,3
429,Data Scientist Senior,undefined,"Bari, Metropolitan City of Bari, Italy","Title short: Senior Data Scientist. Schedule: Full-time. Remote: False. Country: Italy. Skills: c++, python, r, tensorflow.",c++;python;r;tensorflow,data_science,general_data_science,Data Scientist Senior,Senior Data Scientist,Italy,Full-time,False,lukebarousse/data_jobs,4
430,Data Scientist,Qrata,"Bengaluru, Karnataka, India","Title short: Data Scientist. Schedule: Full-time. Remote: False. Country: India. Skills: python, sql.",python;sql,data_science,general_data_science,Data Scientist,Data Scientist,India,Full-time,False,lukebarousse/data_jobs,2
431,Data Scientist Architect,Upwork,Anywhere,"Title short: Data Scientist. Schedule: Contractor and Temp work. Remote: True. Country: Sudan. Skills: hadoop, kafka, keras, python, pytorch, r, spark, sql, tensorflow.",hadoop;kafka;keras;python;pytorch;r;spark;sql;tensorflow,data_science,general_data_science,Data Scientist Architect,Data Scientist,Sudan,Contractor and Temp work,True,lukebarousse/data_jobs,9
432,Data Analist/Scientist,Madison Recruitment - 🚀 We're hiring,"Ghent, Belgium","Title short: Data Scientist. Schedule: Full-time. Remote: False. Country: Belgium. Skills: aws, gcp, java, javascript, python, r.",aws;gcp;java;javascript;python;r,data_science,general_data_science,Data Analist/Scientist,Data Scientist,Belgium,Full-time,False,lukebarousse/data_jobs,6
433,"Data Scientist, Product Data Group",Klarna,"Stockholm, Sweden","Title short: Data Scientist. Schedule: Full-time. Remote: False. Country: Sweden. Skills: airflow, aws, css, python, sql, tensorflow.",airflow;aws;css;python;sql;tensorflow,data_science,general_data_science,"Data Scientist, Product Data Group",Data Scientist,Sweden,Full-time,False,lukebarousse/data_jobs,6
434,Data Scientist,Motorpoint,"Derby, UK","Title short: Data Scientist. Schedule: Full-time. Remote: False. Country: United Kingdom. Skills: java, python, scala, snowflake, sql.",java;python;scala;snowflake;sql,data_science,general_data_science,Data Scientist,Data Scientist,United Kingdom,Full-time,False,lukebarousse/data_jobs,5
435,Data Analyst,Hewlett Packard Enterprise,"Guadalajara, Jalisco, Mexico","Title short: Data Analyst. Schedule: Full-time. Remote: False. Country: Mexico. Skills: nosql, power bi, python, r, sql, tableau.",nosql;power bi;python;r;sql;tableau,analytics,general_analytics,Data Analyst,Data Analyst,Mexico,Full-time,False,lukebarousse/data_jobs,6
436,Technology & Operations Business Analyst,Hempel,"Copenhagen, Denmark","Title short: Business Analyst. Schedule: Full-time. Remote: False. Country: Denmark. Skills: excel, power bi, powerpoint.",excel;power bi;powerpoint,analytics,business_analytics,Technology & Operations Business Analyst,Business Analyst,Denmark,Full-time,False,lukebarousse/data_jobs,3
437,Stagiaire Data Analyst (H/F) - Lyon (69006),Engie,"Lyon, France","Title short: Data Analyst. Schedule: Full-time and Internship. Remote: False. Country: France. Skills: excel, jira, php, power bi, sap, sql.",excel;jira;php;power bi;sap;sql,analytics,general_analytics,Stagiaire Data Analyst (H/F) - Lyon (69006),Data Analyst,France,Full-time and Internship,False,lukebarousse/data_jobs,6
438,Data Analyst,Glovo,"Warsaw, Poland","Title short: Data Analyst. Schedule: Full-time. Remote: False. Country: Poland. Skills: excel, looker, pandas, python, r, redshift, sql, tableau.",excel;looker;pandas;python;r;redshift;sql;tableau,analytics,general_analytics,Data Analyst,Data Analyst,Poland,Full-time,False,lukebarousse/data_jobs,8
439,Data Quality and Governance Analyst 1,"Jones Lang LaSalle IP, Inc",India,"Title short: Data Analyst. Schedule: Full-time. Remote: False. Country: India. Skills: databricks, excel, power bi, powerpoint, python, sql, word.",databricks;excel;power bi;powerpoint;python;sql;word,analytics,general_analytics,Data Quality and Governance Analyst 1,Data Analyst,India,Full-time,False,lukebarousse/data_jobs,7
440,Senior Data Analyst,Corecom Consulting,"Leeds, UK","Title short: Senior Data Analyst. Schedule: Full-time. Remote: False. Country: United Kingdom. Skills: python, sql.",python;sql,analytics,general_analytics,Senior Data Analyst,Senior Data Analyst,United Kingdom,Full-time,False,lukebarousse/data_jobs,2
441,"Data Analyst (Bangkok Based, relocation provided)",Agoda,"Rome, Metropolitan City of Rome Capital, Italy","Title short: Data Analyst. Schedule: Full-time. Remote: False. Country: Italy. Skills: excel, java, pandas, power bi, python, r, sas, spss, sql, sql server, tableau, vba.",excel;java;pandas;power bi;python;r;sas;spss;sql;sql server;tableau;vba,analytics,general_analytics,"Data Analyst (Bangkok Based, relocation provided)",Data Analyst,Italy,Full-time,False,lukebarousse/data_jobs,12
442,Business Intelligence Intern,Copart,"Dallas, TX","Title short: Business Analyst. Schedule: Full-time. Remote: False. Country: United States. Skills: power bi, python, r, sql, tableau.",power bi;python;r;sql;tableau,analytics,general_analytics,Business Intelligence Intern,Business Analyst,United States,Full-time,False,lukebarousse/data_jobs,5
443,BI Engineer,Innover,Namibia,"Title short: Business Analyst. Schedule: Full-time. Remote: False. Country: Namibia. Skills: gcp, looker, sql, tableau.",gcp;looker;sql;tableau,analytics,general_analytics,BI Engineer,Business Analyst,Namibia,Full-time,False,lukebarousse/data_jobs,4
444,Sr. Research Data Analyst,Johns Hopkins Medicine,"Baltimore, MD","Title short: Data Analyst. Schedule: Full-time. Remote: False. Country: United States. Skills: r, zoom.",r;zoom,analytics,general_analytics,Sr. Research Data Analyst,Data Analyst,United States,Full-time,False,lukebarousse/data_jobs,2
445,Business Analyst,ironSource,"Tel Aviv-Yafo, Israel","Title short: Business Analyst. Schedule: Full-time. Remote: False. Country: Israel. Skills: excel, sql.",excel;sql,analytics,business_analytics,Business Analyst,Business Analyst,Israel,Full-time,False,lukebarousse/data_jobs,2
446,Entry level / Systems Data Analyst (Remote),Soft Magic,Anywhere,"Title short: Data Analyst. Schedule: Contractor. Remote: True. Country: United States. Skills: excel, outlook, powerpoint, word.",excel;outlook;powerpoint;word,analytics,general_analytics,Entry level / Systems Data Analyst (Remote),Data Analyst,United States,Contractor,True,lukebarousse/data_jobs,4
447,Data Entry/Economic Data Analyst,ttgTalentSolutions,"Worcester, UK","Title short: Data Analyst. Schedule: Full-time. Remote: False. Country: United Kingdom. Skills: power bi, python, r, sql, tableau.",power bi;python;r;sql;tableau,analytics,general_analytics,Data Entry/Economic Data Analyst,Data Analyst,United Kingdom,Full-time,False,lukebarousse/data_jobs,5
448,Data Analyst - 14785091749,Support Shepherd,Anywhere,"Title short: Data Analyst. Schedule: Full-time. Remote: True. Country: Philippines. Skills: excel, power bi, python, r, sql, tableau.",excel;power bi;python;r;sql;tableau,analytics,general_analytics,Data Analyst - 14785091749,Data Analyst,Philippines,Full-time,True,lukebarousse/data_jobs,6
449,Data Analyst/Report Writer,Nesco Resource,"Austin, TX","Title short: Data Analyst. Schedule: Full-time. Remote: False. Country: United States. Skills: excel, sas, word.",excel;sas;word,analytics,general_analytics,Data Analyst/Report Writer,Data Analyst,United States,Full-time,False,lukebarousse/data_jobs,3
450,IT Finance / TBM Data Analyst - Remote | WFH,Get It Recruit - Information Technology,Anywhere,"Title short: Data Analyst. Schedule: Full-time. Remote: True. Country: United States. Skills: azure, excel, oracle, power bi, powerpoint, word.",azure;excel;oracle;power bi;powerpoint;word,analytics,general_analytics,IT Finance / TBM Data Analyst - Remote | WFH,Data Analyst,United States,Full-time,True,lukebarousse/data_jobs,6
451,Senior Supply Chain Analytics Analyst,Get It Recruit - Transportation,Anywhere,"Title short: Data Analyst. Schedule: Full-time. Remote: True. Country: United States. Skills: alteryx, python, r, tableau.",alteryx;python;r;tableau,analytics,general_analytics,Senior Supply Chain Analytics Analyst,Data Analyst,United States,Full-time,True,lukebarousse/data_jobs,4
452,"Actuarial and Advanced Analytics, New Grad Rotational Program",Definity Financial Corporation,Canada,"Title short: Data Analyst. Schedule: Full-time. Remote: False. Country: Canada. Skills: bigquery, go, python, r, sql.",bigquery;go;python;r;sql,analytics,general_analytics,"Actuarial and Advanced Analytics, New Grad Rotational Program",Data Analyst,Canada,Full-time,False,lukebarousse/data_jobs,5
453,Data Loss Prevention Activity Monitoring Analyst,TikTok,"Atlanta, GA","Title short: Data Analyst. Schedule: Full-time. Remote: False. Country: United States. Skills: gdpr, go, javascript, python.",gdpr;go;javascript;python,analytics,general_analytics,Data Loss Prevention Activity Monitoring Analyst,Data Analyst,United States,Full-time,False,lukebarousse/data_jobs,4
454,Commercial Analyst,PEP,South Africa,"Title short: Business Analyst. Schedule: Full-time. Remote: False. Country: South Africa. Skills: sap, spss, sql, tableau.",sap;spss;sql;tableau,analytics,general_analytics,Commercial Analyst,Business Analyst,South Africa,Full-time,False,lukebarousse/data_jobs,4
455,Data Analyst & Process Developer (m/w/d),Villeroy & Boch AG Hauptverwaltung,"Mettlach, Germany","Title short: Data Analyst. Schedule: Full-time. Remote: False. Country: Germany. Skills: angular, css, html, javascript, sap, typescript.",angular;css;html;javascript;sap;typescript,analytics,general_analytics,Data Analyst & Process Developer (m/w/d),Data Analyst,Germany,Full-time,False,lukebarousse/data_jobs,6
456,Data Analyst (m/f/d),Symanto,"Nuremberg, Germany","Title short: Data Analyst. Schedule: Full-time. Remote: False. Country: Germany. Skills: azure, excel, power bi, powerpoint, python, r, sql.",azure;excel;power bi;powerpoint;python;r;sql,analytics,general_analytics,Data Analyst (m/f/d),Data Analyst,Germany,Full-time,False,lukebarousse/data_jobs,7
457,Tableau BI Developer,Apollo Solutions,"Brussels, Belgium","Title short: Data Analyst. Schedule: Contractor. Remote: False. Country: Belgium. Skills: python, sql, tableau.",python;sql;tableau,data_engineering,bi_engineering,Tableau BI Developer,Data Analyst,Belgium,Contractor,False,lukebarousse/data_jobs,3
458,Senior Data Analyst,Epsilon,"Brookfield, IL","Title short: Senior Data Analyst. Schedule: Full-time. Remote: False. Country: United States. Skills: excel, python, r, sas, sql, tableau.",excel;python;r;sas;sql;tableau,analytics,general_analytics,Senior Data Analyst,Senior Data Analyst,United States,Full-time,False,lukebarousse/data_jobs,6
459,"Business Intelligence Analyst (Supply Analytics, Bangkok-based)",Agoda,"Tel Aviv-Yafo, Israel","Title short: Business Analyst. Schedule: Full-time. Remote: False. Country: Israel. Skills: sql, tableau.",sql;tableau,bi,bi_reporting,"Business Intelligence Analyst (Supply Analytics, Bangkok-based)",Business Analyst,Israel,Full-time,False,lukebarousse/data_jobs,2
460,Data Analyst,Citi,"Tampa, FL","Title short: Data Analyst. Schedule: Full-time. Remote: False. Country: United States. Skills: excel, jira, python, sql, unix.",excel;jira;python;sql;unix,analytics,general_analytics,Data Analyst,Data Analyst,United States,Full-time,False,lukebarousse/data_jobs,5
461,Senior Data Analyst,DEFENDERS,"Boca Raton, FL","Title short: Senior Data Analyst. Schedule: Full-time. Remote: False. Country: United States. Skills: airflow, power bi, python, snowflake, sql, tableau.",airflow;power bi;python;snowflake;sql;tableau,analytics,general_analytics,Senior Data Analyst,Senior Data Analyst,United States,Full-time,False,lukebarousse/data_jobs,6
462,Senior Data Analyst,Convoy Global Holdings Limited,Hong Kong,"Title short: Senior Data Analyst. Schedule: Full-time. Remote: False. Country: Hong Kong. Skills: dax, matplotlib, numpy, pandas, ssis, t-sql.",dax;matplotlib;numpy;pandas;ssis;t-sql,analytics,general_analytics,Senior Data Analyst,Senior Data Analyst,Hong Kong,Full-time,False,lukebarousse/data_jobs,6
463,BI Data Analyst [Hybrid],SmartIPlace,"Atlanta, GA","Title short: Data Analyst. Schedule: Full-time. Remote: False. Country: United States. Skills: azure, kubernetes, mongo, sql, sql server.",azure;kubernetes;mongo;sql;sql server,analytics,general_analytics,BI Data Analyst [Hybrid],Data Analyst,United States,Full-time,False,lukebarousse/data_jobs,5
464,Projects & Solutions Data Analyst (UK Pensions),Aon,"Birmingham, UK","Title short: Data Analyst. Schedule: Full-time. Remote: False. Country: United Kingdom. Skills: excel, sql.",excel;sql,analytics,general_analytics,Projects & Solutions Data Analyst (UK Pensions),Data Analyst,United Kingdom,Full-time,False,lukebarousse/data_jobs,2
465,German speaking Data Analyst,Hito High Professionals GmbH,"Bremen, Germany","Title short: Data Analyst. Schedule: Temp work. Remote: False. Country: Germany. Skills: excel, sap.",excel;sap,analytics,general_analytics,German speaking Data Analyst,Data Analyst,Germany,Temp work,False,lukebarousse/data_jobs,2
466,Data Analyst III,California Health & Wellness,"Dos Palos, CA","Title short: Data Analyst. Schedule: Full-time. Remote: False. Country: United States. Skills: excel, powerpoint.",excel;powerpoint,analytics,general_analytics,Data Analyst III,Data Analyst,United States,Full-time,False,lukebarousse/data_jobs,2
467,Marketing Data Analyst,Success Academy,"Garden City, NY","Title short: Data Analyst. Schedule: Full-time. Remote: False. Country: United States. Skills: python, r, sql, tableau.",python;r;sql;tableau,analytics,general_analytics,Marketing Data Analyst,Data Analyst,United States,Full-time,False,lukebarousse/data_jobs,4
468,Data and Business Intelligence Analyst,"IEM, Inc.","Aguadilla Pueblo, Aguadilla, Puerto Rico","Title short: Data Analyst. Schedule: Full-time. Remote: False. Country: Puerto Rico. Skills: dax, excel, power bi, python, smartsheet.",dax;excel;power bi;python;smartsheet,bi,bi_reporting,Data and Business Intelligence Analyst,Data Analyst,Puerto Rico,Full-time,False,lukebarousse/data_jobs,5
469,HR Data Analyst - Remote,Workoo Technologies,Anywhere,"Title short: Data Analyst. Schedule: Full-time. Remote: True. Country: United States. Skills: sas, sql.",sas;sql,analytics,general_analytics,HR Data Analyst - Remote,Data Analyst,United States,Full-time,True,lukebarousse/data_jobs,2
470,Data Analyst,QuEST Global Services Pte. Ltd,India,"Title short: Data Analyst. Schedule: Full-time. Remote: False. Country: India. Skills: excel, ms access, powerpoint, python, sql.",excel;ms access;powerpoint;python;sql,analytics,general_analytics,Data Analyst,Data Analyst,India,Full-time,False,lukebarousse/data_jobs,5
471,Data Analyst (dbt & Looker),Catchpoint,Anywhere,"Title short: Data Analyst. Schedule: Full-time. Remote: True. Country: India. Skills: airflow, aws, azure, java, looker, python, scala, snowflake, sql.",airflow;aws;azure;java;looker;python;scala;snowflake;sql,analytics,general_analytics,Data Analyst (dbt & Looker),Data Analyst,India,Full-time,True,lukebarousse/data_jobs,9
472,Procurement Analyst,"Sara Lee Frozen Bakery,LLC","Villa Park, IL","Title short: Business Analyst. Schedule: Full-time. Remote: False. Country: United States. Skills: excel, powerpoint.",excel;powerpoint,analytics,general_analytics,Procurement Analyst,Business Analyst,United States,Full-time,False,lukebarousse/data_jobs,2
473,Analytics Analyst I – Fraud (SQL Required),FIS,"Waterford, WI","Title short: Data Analyst. Schedule: Full-time. Remote: False. Country: United States. Skills: excel, python, sas, sql, tableau.",excel;python;sas;sql;tableau,analytics,general_analytics,Analytics Analyst I – Fraud (SQL Required),Data Analyst,United States,Full-time,False,lukebarousse/data_jobs,5
474,Product Analyst,ZERO Systems,Anywhere,"Title short: Software Engineer. Schedule: Full-time. Remote: True. Country: Sweden. Skills: excel, outlook, power bi, powerpoint, tableau, word.",excel;outlook;power bi;powerpoint;tableau;word,analytics,product_analytics,Product Analyst,Software Engineer,Sweden,Full-time,True,lukebarousse/data_jobs,6
475,Data Analyst (On-Site),National Salvage & Service Corporation,"Bloomington, IN","Title short: Data Analyst. Schedule: Full-time. Remote: False. Country: United States. Skills: excel, sql.",excel;sql,analytics,general_analytics,Data Analyst (On-Site),Data Analyst,United States,Full-time,False,lukebarousse/data_jobs,2
476,Data Analyst,Dennemeyer,Luxembourg,"Title short: Data Analyst. Schedule: Full-time. Remote: False. Country: Luxembourg. Skills: azure, git, power bi, python, r, sql, sql server.",azure;git;power bi;python;r;sql;sql server,analytics,general_analytics,Data Analyst,Data Analyst,Luxembourg,Full-time,False,lukebarousse/data_jobs,7
477,Financial Systems – Business Analyst/ Data Analyst,RedStream Technology,"New York, NY","Title short: Data Analyst. Schedule: Full-time. Remote: False. Country: United States. Skills: excel, powerpoint, sql, visio, word.",excel;powerpoint;sql;visio;word,analytics,business_analytics,Financial Systems – Business Analyst/ Data Analyst,Data Analyst,United States,Full-time,False,lukebarousse/data_jobs,5
478,Medical Data Analyst,Accounting Career Consultants,"St. Louis, MO","Title short: Data Analyst. Schedule: Full-time. Remote: False. Country: United States. Skills: alteryx, excel, power bi, sql.",alteryx;excel;power bi;sql,analytics,general_analytics,Medical Data Analyst,Data Analyst,United States,Full-time,False,lukebarousse/data_jobs,4
479,Data Analyst,SATS,Singapore,"Title short: Data Analyst. Schedule: Full-time. Remote: False. Country: Singapore. Skills: azure, nosql, power bi, sql.",azure;nosql;power bi;sql,analytics,general_analytics,Data Analyst,Data Analyst,Singapore,Full-time,False,lukebarousse/data_jobs,4
480,Junior Data Analyst,Levy Professionals,"Amsterdam, Netherlands","Title short: Data Analyst. Schedule: Full-time. Remote: False. Country: Netherlands. Skills: excel, sql, sql server.",excel;sql;sql server,analytics,general_analytics,Junior Data Analyst,Data Analyst,Netherlands,Full-time,False,lukebarousse/data_jobs,3
481,Analyste de données (Power BI),PRO ADVICE,France,"Title short: Data Analyst. Schedule: Full-time. Remote: False. Country: France. Skills: dax, power bi, sql.",dax;power bi;sql,analytics,general_analytics,Analyste de données (Power BI),Data Analyst,France,Full-time,False,lukebarousse/data_jobs,3
482,Database Marketing Campaign Analyst,NeerInfo Solutions,"Hyderabad, Telangana, India","Title short: Data Analyst. Schedule: Full-time. Remote: False. Country: India. Skills: oracle, power bi, sql, tableau.",oracle;power bi;sql;tableau,analytics,general_analytics,Database Marketing Campaign Analyst,Data Analyst,India,Full-time,False,lukebarousse/data_jobs,4
483,Education Data Analyst (ESC),General Court of the Commonwealth of Massachusetts,"Malden, MA","Title short: Data Analyst. Schedule: Full-time. Remote: False. Country: United States. Skills: excel, powerpoint, spss, word.",excel;powerpoint;spss;word,analytics,general_analytics,Education Data Analyst (ESC),Data Analyst,United States,Full-time,False,lukebarousse/data_jobs,4
484,Data Analyst SCM (w/m/x),epunkt,"Wels, Austria","Title short: Data Analyst. Schedule: Full-time. Remote: False. Country: Austria. Skills: matlab, sap, sql.",matlab;sap;sql,analytics,general_analytics,Data Analyst SCM (w/m/x),Data Analyst,Austria,Full-time,False,lukebarousse/data_jobs,3
485,Mitarbeiter im Bereich Data Analytics Automotive und Industry (m/w/d),in-tech,"Vienna, Austria","Title short: Data Analyst. Schedule: Full-time. Remote: False. Country: Austria. Skills: aws, azure, cassandra, matplotlib, python, pytorch, r, scikit-learn, sql, tableau.",aws;azure;cassandra;matplotlib;python;pytorch;r;scikit-learn;sql;tableau,analytics,general_analytics,Mitarbeiter im Bereich Data Analytics Automotive und Industry (m/w/d),Data Analyst,Austria,Full-time,False,lukebarousse/data_jobs,10
486,Finance Data Analyst,AirAsia,"Sepang, Selangor, Malaysia","Title short: Data Analyst. Schedule: Full-time. Remote: False. Country: Malaysia. Skills: excel, sql.",excel;sql,analytics,general_analytics,Finance Data Analyst,Data Analyst,Malaysia,Full-time,False,lukebarousse/data_jobs,2
487,Junior Digital Marketing Analyst,Randstad Italia Spa,"Bologna, Metropolitan City of Bologna, Italy","Title short: Data Analyst. Schedule: Full-time. Remote: False. Country: Italy. Skills: excel, gdpr, html.",excel;gdpr;html,analytics,general_analytics,Junior Digital Marketing Analyst,Data Analyst,Italy,Full-time,False,lukebarousse/data_jobs,3
488,Machine Learning Data Analyst,Hello Heart,"Tel Aviv-Yafo, Israel","Title short: Data Analyst. Schedule: Full-time. Remote: False. Country: Israel. Skills: numpy, pandas, python, r, sql.",numpy;pandas;python;r;sql,analytics,general_analytics,Machine Learning Data Analyst,Data Analyst,Israel,Full-time,False,lukebarousse/data_jobs,5
489,Data Analyst,Aditi Consulting,"Mossville, IL","Title short: Data Analyst. Schedule: Full-time. Remote: False. Country: United States. Skills: c++, matlab, python, sql, tableau.",c++;matlab;python;sql;tableau,analytics,general_analytics,Data Analyst,Data Analyst,United States,Full-time,False,lukebarousse/data_jobs,5
490,23-00059 BI Data Analysts + Media experience - Hybrid in NY or L.A.,"iSpace, Inc.",California,"Title short: Data Analyst. Schedule: Contractor. Remote: False. Country: United States. Skills: aws, go, looker, snowflake, sql, tableau, word.",aws;go;looker;snowflake;sql;tableau;word,analytics,general_analytics,23-00059 BI Data Analysts + Media experience - Hybrid in NY or L.A.,Data Analyst,United States,Contractor,False,lukebarousse/data_jobs,7
491,Data Analyst,Match Profiler,"Aveiro, Portugal","Title short: Data Analyst. Schedule: Full-time. Remote: False. Country: Portugal. Skills: excel, sql.",excel;sql,analytics,general_analytics,Data Analyst,Data Analyst,Portugal,Full-time,False,lukebarousse/data_jobs,2
492,Data-Driven Business Analyst,Digital Waffle,"Birmingham, UK","Title short: Business Analyst. Schedule: Full-time. Remote: False. Country: United Kingdom. Skills: power bi, python, r, sql.",power bi;python;r;sql,analytics,business_analytics,Data-Driven Business Analyst,Business Analyst,United Kingdom,Full-time,False,lukebarousse/data_jobs,4
493,"Data Analyst - Must reside in Atlanta, GA area",National Vision,"Lawrenceville, GA","Title short: Data Analyst. Schedule: Full-time. Remote: False. Country: United States. Skills: power bi, sap, sql, tableau.",power bi;sap;sql;tableau,analytics,general_analytics,"Data Analyst - Must reside in Atlanta, GA area",Data Analyst,United States,Full-time,False,lukebarousse/data_jobs,4
494,Senior/Lead Data Analyst,Kiloo ApS,Denmark,"Title short: Senior Data Analyst. Schedule: Full-time. Remote: False. Country: Denmark. Skills: alteryx, aws, excel, go, python, r, sql.",alteryx;aws;excel;go;python;r;sql,analytics,general_analytics,Senior/Lead Data Analyst,Senior Data Analyst,Denmark,Full-time,False,lukebarousse/data_jobs,7
495,Data Analyst Associate,Kforce,"Jacksonville, FL","Title short: Data Analyst. Schedule: Full-time. Remote: False. Country: United States. Skills: power bi, sql, tableau.",power bi;sql;tableau,analytics,general_analytics,Data Analyst Associate,Data Analyst,United States,Full-time,False,lukebarousse/data_jobs,3
496,Principal Data Analyst,Optum Global Advantage,"Dublin, Ireland","Title short: Data Analyst. Schedule: Full-time. Remote: False. Country: Ireland. Skills: aws, azure, databricks, gcp, go, mysql, powershell, sql, sql server, terraform.",aws;azure;databricks;gcp;go;mysql;powershell;sql;sql server;terraform,analytics,general_analytics,Principal Data Analyst,Data Analyst,Ireland,Full-time,False,lukebarousse/data_jobs,10
497,Data Analyst,Falabella Financiero,Chile,"Title short: Data Analyst. Schedule: Full-time. Remote: False. Country: Chile. Skills: aws, azure, gcp, looker, sql, tableau.",aws;azure;gcp;looker;sql;tableau,analytics,general_analytics,Data Analyst,Data Analyst,Chile,Full-time,False,lukebarousse/data_jobs,6
498,Data Analyst (Intern),Appier,Taiwan,"Title short: Data Analyst. Schedule: Internship. Remote: False. Country: Taiwan. Skills: python, r, spark, sql, tableau.",python;r;spark;sql;tableau,analytics,general_analytics,Data Analyst (Intern),Data Analyst,Taiwan,Internship,False,lukebarousse/data_jobs,5
499,Werkstudent (m/f/d) Data Analyst,LetMeShip,"Hamburg, Germany","Title short: Data Analyst. Schedule: Full-time. Remote: False. Country: Germany. Skills: express, python, r, sql.",express;python;r;sql,analytics,general_analytics,Werkstudent (m/f/d) Data Analyst,Data Analyst,Germany,Full-time,False,lukebarousse/data_jobs,4
500,Data Analyst,Uline,"Waukesha, WI","Title short: Data Analyst. Schedule: Full-time. Remote: False. Country: United States. Skills: excel, sql, vba.",excel;sql;vba,analytics,general_analytics,Data Analyst,Data Analyst,United States,Full-time,False,lukebarousse/data_jobs,3
501,IT Senior Data Analyst,Lennar Corporation,"Miami, FL","Title short: Senior Data Analyst. Schedule: Full-time. Remote: False. Country: United States. Skills: dax, excel, oracle, python, qlik, r, sql, tableau.",dax;excel;oracle;python;qlik;r;sql;tableau,analytics,general_analytics,IT Senior Data Analyst,Senior Data Analyst,United States,Full-time,False,lukebarousse/data_jobs,8
502,Digital Analyst,Nigel Frank International Limited,"Madrid, Spain","Title short: Data Analyst. Schedule: Full-time. Remote: False. Country: Spain. Skills: bigquery, javascript, sql.",bigquery;javascript;sql,analytics,general_analytics,Digital Analyst,Data Analyst,Spain,Full-time,False,lukebarousse/data_jobs,3
503,IT Business Lead Data Analyst - VP - Hybrid,Citi,"Atlantic Beach, FL","Title short: Data Analyst. Schedule: Full-time. Remote: False. Country: United States. Skills: excel, powerpoint, sharepoint, sql, visio, word.",excel;powerpoint;sharepoint;sql;visio;word,analytics,general_analytics,IT Business Lead Data Analyst - VP - Hybrid,Data Analyst,United States,Full-time,False,lukebarousse/data_jobs,6
504,informaticien,Randstad,"Liège, Belgium","Title short: Data Analyst. Schedule: Full-time. Remote: False. Country: Belgium. Skills: oracle, power bi, sql, sql server.",oracle;power bi;sql;sql server,analytics,general_analytics,informaticien,Data Analyst,Belgium,Full-time,False,lukebarousse/data_jobs,4
505,Data Analyst,LegalMatch.com,"Cebu City, Cebu, Philippines","Title short: Data Analyst. Schedule: Full-time. Remote: False. Country: Philippines. Skills: excel, java, javascript, looker, power bi, python, sql, tableau.",excel;java;javascript;looker;power bi;python;sql;tableau,analytics,general_analytics,Data Analyst,Data Analyst,Philippines,Full-time,False,lukebarousse/data_jobs,8
506,Data Analyst (KYC DBNL),ING Philippines,Philippines,"Title short: Data Analyst. Schedule: Full-time. Remote: False. Country: Philippines. Skills: cognos, go, power bi, sas, sql.",cognos;go;power bi;sas;sql,analytics,general_analytics,Data Analyst (KYC DBNL),Data Analyst,Philippines,Full-time,False,lukebarousse/data_jobs,5
507,Business Intelligence Analyst,Emprego CL C2,"Santiago, Chile","Title short: Business Analyst. Schedule: Full-time. Remote: False. Country: Chile. Skills: excel, power bi, tableau.",excel;power bi;tableau,bi,bi_reporting,Business Intelligence Analyst,Business Analyst,Chile,Full-time,False,lukebarousse/data_jobs,3
508,(cen) cemex go data analyst,CEMEX,"San Pedro Garza García, Nuevo Leon, Mexico","Title short: Data Analyst. Schedule: Full-time. Remote: False. Country: Mexico. Skills: excel, go.",excel;go,analytics,general_analytics,(cen) cemex go data analyst,Data Analyst,Mexico,Full-time,False,lukebarousse/data_jobs,2
509,SR Data Analyst,CBRE,U.S. Virgin Islands,"Title short: Data Analyst. Schedule: Full-time. Remote: False. Country: U.S. Virgin Islands. Skills: excel, oracle, outlook, powerpoint, python, r, sas, spss, sql, ssrs, tableau, word.",excel;oracle;outlook;powerpoint;python;r;sas;spss;sql;ssrs;tableau;word,analytics,general_analytics,SR Data Analyst,Data Analyst,U.S. Virgin Islands,Full-time,False,lukebarousse/data_jobs,12
510,Full Time / Entry Level - Research Data Analyst - (Remote),REMOTE JOBS WORK FROM HOME,Anywhere,"Title short: Data Analyst. Schedule: Full-time. Remote: True. Country: Sweden. Skills: python, r, sql.",python;r;sql,analytics,general_analytics,Full Time / Entry Level - Research Data Analyst - (Remote),Data Analyst,Sweden,Full-time,True,lukebarousse/data_jobs,3
511,Data Analyst,BT Group,"Birmingham, UK","Title short: Data Analyst. Schedule: Full-time. Remote: False. Country: United Kingdom. Skills: qlik, sas, sql, tableau.",qlik;sas;sql;tableau,analytics,general_analytics,Data Analyst,Data Analyst,United Kingdom,Full-time,False,lukebarousse/data_jobs,4
512,Business Intelligence Analyst,MET Group,"Baar, Switzerland","Title short: Business Analyst. Schedule: Full-time. Remote: False. Country: Switzerland. Skills: power bi, python, r, sql, vba.",power bi;python;r;sql;vba,bi,bi_reporting,Business Intelligence Analyst,Business Analyst,Switzerland,Full-time,False,lukebarousse/data_jobs,5
513,Praktikant (m/w/d) Data Analyst im Bereich Business Development...,Rheinmetall Electronics GmbH,"Bremen, Germany","Title short: Data Analyst. Schedule: Full-time. Remote: False. Country: Germany. Skills: excel, javascript, powerpoint, python, sql.",excel;javascript;powerpoint;python;sql,analytics,general_analytics,Praktikant (m/w/d) Data Analyst im Bereich Business Development...,Data Analyst,Germany,Full-time,False,lukebarousse/data_jobs,5
514,BUSINESS INTELLIGENCE ANALYST Power BI,EyeTech Solutions,"Brussels, Belgium","Title short: Business Analyst. Schedule: Full-time. Remote: False. Country: Belgium. Skills: azure, power bi, python, r, sql.",azure;power bi;python;r;sql,bi,bi_reporting,BUSINESS INTELLIGENCE ANALYST Power BI,Business Analyst,Belgium,Full-time,False,lukebarousse/data_jobs,5
515,"AVP/VP, Loan Data Analyst (APAC)",Robert Walters,Hong Kong,"Title short: Data Analyst. Schedule: Full-time. Remote: False. Country: Hong Kong. Skills: excel, sas.",excel;sas,analytics,general_analytics,"AVP/VP, Loan Data Analyst (APAC)",Data Analyst,Hong Kong,Full-time,False,lukebarousse/data_jobs,2
516,Data Analyst / Data Steward H/F,Air France,"Île-de-France, France","Title short: Data Analyst. Schedule: Full-time. Remote: False. Country: France. Skills: python, sas.",python;sas,analytics,general_analytics,Data Analyst / Data Steward H/F,Data Analyst,France,Full-time,False,lukebarousse/data_jobs,2
517,AML Data Analyst (M/F),SOFITEX TALENT RECRUITMENT,Luxembourg,"Title short: Data Analyst. Schedule: Full-time. Remote: False. Country: Luxembourg. Skills: excel, java, javascript, jupyter, linux, pandas, python, spark, sql, tableau.",excel;java;javascript;jupyter;linux;pandas;python;spark;sql;tableau,analytics,general_analytics,AML Data Analyst (M/F),Data Analyst,Luxembourg,Full-time,False,lukebarousse/data_jobs,10
518,Data Analyst H/F,Eco-déchets Environnement,"Lyon, France","Title short: Data Analyst. Schedule: Internship. Remote: False. Country: France. Skills: python, r.",python;r,analytics,general_analytics,Data Analyst H/F,Data Analyst,France,Internship,False,lukebarousse/data_jobs,2
519,Reporting Data Analyst,Arsenault,"New York, NY","Title short: Data Analyst. Schedule: Full-time. Remote: False. Country: United States. Skills: excel, microstrategy, sql.",excel;microstrategy;sql,analytics,general_analytics,Reporting Data Analyst,Data Analyst,United States,Full-time,False,lukebarousse/data_jobs,3
520,Data Analyst,HSBC,"Hyderabad, Telangana, India","Title short: Data Analyst. Schedule: Full-time. Remote: False. Country: India. Skills: mysql, nosql, postgresql, power bi, pyspark, python, qlik, r, sql, sql server, tableau.",mysql;nosql;postgresql;power bi;pyspark;python;qlik;r;sql;sql server;tableau,analytics,general_analytics,Data Analyst,Data Analyst,India,Full-time,False,lukebarousse/data_jobs,11
521,(4) Data Analysts,Saxon Global,"Des Moines, IA","Title short: Data Analyst. Schedule: Full-time. Remote: False. Country: United States. Skills: flow, sql.",flow;sql,analytics,general_analytics,(4) Data Analysts,Data Analyst,United States,Full-time,False,lukebarousse/data_jobs,2
522,Data Analyst,JK.com,"Long Island City, NY","Title short: Data Analyst. Schedule: Full-time. Remote: False. Country: United States. Skills: excel, power bi, sql, tableau.",excel;power bi;sql;tableau,analytics,general_analytics,Data Analyst,Data Analyst,United States,Full-time,False,lukebarousse/data_jobs,4
523,"Data Analyst, Marketing and Web - Remote | WFH",Get It Recruit - Finance,Anywhere,"Title short: Data Analyst. Schedule: Full-time. Remote: True. Country: United States. Skills: javascript, looker.",javascript;looker,analytics,general_analytics,"Data Analyst, Marketing and Web - Remote | WFH",Data Analyst,United States,Full-time,True,lukebarousse/data_jobs,2
524,Business Data Analyst/Contarctor,Telia Company,"Solna, Sweden","Title short: Data Analyst. Schedule: Full-time. Remote: False. Country: Sweden. Skills: aws, redshift, sap, sas, sql.",aws;redshift;sap;sas;sql,analytics,general_analytics,Business Data Analyst/Contarctor,Data Analyst,Sweden,Full-time,False,lukebarousse/data_jobs,5
525,IT Business Systems Analyst (Early),Sandia National Laboratories,"Albuquerque, NM","Title short: Business Analyst. Schedule: Full-time. Remote: False. Country: Sudan. Skills: confluence, jira.",confluence;jira,analytics,general_analytics,IT Business Systems Analyst (Early),Business Analyst,Sudan,Full-time,False,lukebarousse/data_jobs,2
526,Business Intelligence Analyst (Remote),Talentify.io,Anywhere,"Title short: Business Analyst. Schedule: Full-time. Remote: True. Country: Canada. Skills: github, sql, tableau.",github;sql;tableau,bi,bi_reporting,Business Intelligence Analyst (Remote),Business Analyst,Canada,Full-time,True,lukebarousse/data_jobs,3
527,Senior Data Analyst,Genvalues AB,"Stockholm, Sweden","Title short: Senior Data Analyst. Schedule: Full-time. Remote: False. Country: Sweden. Skills: bigquery, looker, sql, tableau.",bigquery;looker;sql;tableau,analytics,general_analytics,Senior Data Analyst,Senior Data Analyst,Sweden,Full-time,False,lukebarousse/data_jobs,4
528,Outbound Logistics Data Analyst - Carrier Operations (m/d/f),Rivian,"Munich, Germany","Title short: Data Analyst. Schedule: Full-time. Remote: False. Country: Germany. Skills: alteryx, confluence, jira, python, r, sap, sql, tableau.",alteryx;confluence;jira;python;r;sap;sql;tableau,analytics,general_analytics,Outbound Logistics Data Analyst - Carrier Operations (m/d/f),Data Analyst,Germany,Full-time,False,lukebarousse/data_jobs,8
529,Un(e) Data Analyst(e),Infolegale,France,"Title short: Data Analyst. Schedule: Full-time. Remote: False. Country: France. Skills: php, python, sql, tableau.",php;python;sql;tableau,analytics,general_analytics,Un(e) Data Analyst(e),Data Analyst,France,Full-time,False,lukebarousse/data_jobs,4
530,Carrier Analytics Manager,CS Recruiting,"Charlotte, NC","Title short: Data Analyst. Schedule: Full-time. Remote: False. Country: United States. Skills: excel, ms access, python, qlik, r, spss.",excel;ms access;python;qlik;r;spss,analytics,general_analytics,Carrier Analytics Manager,Data Analyst,United States,Full-time,False,lukebarousse/data_jobs,6
531,Data Analyst,Randstad,"Vevey, Switzerland","Title short: Data Analyst. Schedule: Contractor. Remote: False. Country: Switzerland. Skills: power bi, python.",power bi;python,analytics,general_analytics,Data Analyst,Data Analyst,Switzerland,Contractor,False,lukebarousse/data_jobs,2
532,Senior Logistics Planning Analyst,JLR,Anywhere,"Title short: Business Analyst. Schedule: Full-time. Remote: True. Country: United Kingdom. Skills: excel, flow, power bi, python, r, react, sql, tableau.",excel;flow;power bi;python;r;react;sql;tableau,analytics,general_analytics,Senior Logistics Planning Analyst,Business Analyst,United Kingdom,Full-time,True,lukebarousse/data_jobs,8
533,CRM Analyst,КрокусАппс,"Minsk, Belarus","Title short: Data Analyst. Schedule: Full-time. Remote: False. Country: Belarus. Skills: excel, powerpoint, python, sql, tableau.",excel;powerpoint;python;sql;tableau,analytics,general_analytics,CRM Analyst,Data Analyst,Belarus,Full-time,False,lukebarousse/data_jobs,5
534,Data Analyst,Futurelink Global Recruitment,South Africa,"Title short: Data Analyst. Schedule: Full-time. Remote: False. Country: South Africa. Skills: excel, power bi, tableau.",excel;power bi;tableau,analytics,general_analytics,Data Analyst,Data Analyst,South Africa,Full-time,False,lukebarousse/data_jobs,3
535,Senior Data Analyst,Human4Human Recruitment,"Kraków, Poland","Title short: Senior Data Analyst. Schedule: Full-time. Remote: False. Country: Poland. Skills: python, sql.",python;sql,analytics,general_analytics,Senior Data Analyst,Senior Data Analyst,Poland,Full-time,False,lukebarousse/data_jobs,2
536,Market Analyst,LSEG (London Stock Exchange Group),"Guanacaste Province, Lagunilla, Costa Rica","Title short: Business Analyst. Schedule: Full-time. Remote: False. Country: Costa Rica. Skills: python, sql, vba.",python;sql;vba,analytics,general_analytics,Market Analyst,Business Analyst,Costa Rica,Full-time,False,lukebarousse/data_jobs,3
537,2024 Business Intelligence Engineer Internship,Amazon,"London, UK","Title short: Data Analyst. Schedule: Full-time and Internship. Remote: False. Country: United Kingdom. Skills: aws, cognos, excel, java, python, r, sql, tableau.",aws;cognos;excel;java;python;r;sql;tableau,analytics,general_analytics,2024 Business Intelligence Engineer Internship,Data Analyst,United Kingdom,Full-time and Internship,False,lukebarousse/data_jobs,8
538,Jr. Business Intelligence Analyst,"Staffigo Technical Services, LLC","St Paul, MO","Title short: Business Analyst. Schedule: Full-time. Remote: False. Country: United States. Skills: dax, hadoop, power bi, python, r, sas, sql, tableau.",dax;hadoop;power bi;python;r;sas;sql;tableau,bi,bi_reporting,Jr. Business Intelligence Analyst,Business Analyst,United States,Full-time,False,lukebarousse/data_jobs,8
539,Data Quality Analyst,Dyson,"Kraków, Poland","Title short: Data Analyst. Schedule: Full-time. Remote: False. Country: Poland. Skills: excel, sap, word.",excel;sap;word,analytics,general_analytics,Data Quality Analyst,Data Analyst,Poland,Full-time,False,lukebarousse/data_jobs,3
540,Data Analyst,CyberCoders,"Fort Worth, TX","Title short: Data Analyst. Schedule: Full-time. Remote: False. Country: United States. Skills: plotly, python, tableau.",plotly;python;tableau,analytics,general_analytics,Data Analyst,Data Analyst,United States,Full-time,False,lukebarousse/data_jobs,3
541,Data Analyst,BearingPoint B.V.,"Amsterdam, Netherlands","Title short: Data Analyst. Schedule: Full-time. Remote: False. Country: Netherlands. Skills: python, r, sql, tableau.",python;r;sql;tableau,analytics,general_analytics,Data Analyst,Data Analyst,Netherlands,Full-time,False,lukebarousse/data_jobs,4
542,Business Analyst,OLX,"Lisbon, Portugal","Title short: Business Analyst. Schedule: Full-time. Remote: False. Country: Portugal. Skills: aws, azure, excel, go, python, r, sql, tableau.",aws;azure;excel;go;python;r;sql;tableau,analytics,business_analytics,Business Analyst,Business Analyst,Portugal,Full-time,False,lukebarousse/data_jobs,8
543,Consumer Health Data Engineer/Data Analyst,Aon Corporation,"Chicago, IL","Title short: Data Analyst. Schedule: Full-time. Remote: False. Country: United States. Skills: alteryx, databricks, snowflake, sql, ssis, tableau.",alteryx;databricks;snowflake;sql;ssis;tableau,data_engineering,general_data_engineering,Consumer Health Data Engineer/Data Analyst,Data Analyst,United States,Full-time,False,lukebarousse/data_jobs,6
544,Senior Data Analyst,Nordea Bank,"Gdynia, Poland","Title short: Senior Data Analyst. Schedule: Full-time. Remote: False. Country: Poland. Skills: snowflake, sql.",snowflake;sql,analytics,general_analytics,Senior Data Analyst,Senior Data Analyst,Poland,Full-time,False,lukebarousse/data_jobs,2
545,Business Analyst,Aspire Global,"Sliema, Malta","Title short: Business Analyst. Schedule: Full-time. Remote: False. Country: Malta. Skills: python, r, sql.",python;r;sql,analytics,business_analytics,Business Analyst,Business Analyst,Malta,Full-time,False,lukebarousse/data_jobs,3
546,Data Analyst,NES Fircroft,"Amsterdam, Netherlands","Title short: Data Analyst. Schedule: Full-time. Remote: False. Country: Netherlands. Skills: python, sql.",python;sql,analytics,general_analytics,Data Analyst,Data Analyst,Netherlands,Full-time,False,lukebarousse/data_jobs,2
547,Cognitive Data Analyst,Wysdom.AI,Anywhere,"Title short: Data Analyst. Schedule: Full-time. Remote: True. Country: Canada. Skills: python, sql.",python;sql,analytics,general_analytics,Cognitive Data Analyst,Data Analyst,Canada,Full-time,True,lukebarousse/data_jobs,2
548,Data Analyst III - SQL / REMOTE,Sunshine State Health Plan,"West Palm Beach, FL","Title short: Data Analyst. Schedule: Full-time. Remote: False. Country: United States. Skills: excel, sql.",excel;sql,analytics,general_analytics,Data Analyst III - SQL / REMOTE,Data Analyst,United States,Full-time,False,lukebarousse/data_jobs,2
549,Business Intelligence Analyst,Brooksource,"Vinings, GA","Title short: Business Analyst. Schedule: Full-time. Remote: False. Country: United States. Skills: python, r, sql, tableau.",python;r;sql;tableau,bi,bi_reporting,Business Intelligence Analyst,Business Analyst,United States,Full-time,False,lukebarousse/data_jobs,4
550,Lead BI Analyst,KORE1,"Irvine, CA","Title short: Business Analyst. Schedule: Full-time. Remote: False. Country: United States. Skills: python, sql, tableau.",python;sql;tableau,bi,bi_reporting,Lead BI Analyst,Business Analyst,United States,Full-time,False,lukebarousse/data_jobs,3
551,Data Science Analyst - Full-time,Anaheim Ducks,"Anaheim, CA","Title short: Data Analyst. Schedule: Full-time. Remote: False. Country: United States. Skills: power bi, pyspark, python, scikit-learn, spark, sql, tableau, tensorflow.",power bi;pyspark;python;scikit-learn;spark;sql;tableau;tensorflow,analytics,general_analytics,Data Science Analyst - Full-time,Data Analyst,United States,Full-time,False,lukebarousse/data_jobs,8
552,Business Intelligence / Data Analyst (m/w/d),EON Energie Deutschland,"Essen, Germany","Title short: Data Analyst. Schedule: Full-time. Remote: False. Country: Germany. Skills: azure, git, python, unix.",azure;git;python;unix,analytics,general_analytics,Business Intelligence / Data Analyst (m/w/d),Data Analyst,Germany,Full-time,False,lukebarousse/data_jobs,4
553,Data analyst,Amiltone,"Villeurbanne, France","Title short: Data Analyst. Schedule: Full-time. Remote: False. Country: France. Skills: jira, oracle, sql.",jira;oracle;sql,analytics,general_analytics,Data analyst,Data Analyst,France,Full-time,False,lukebarousse/data_jobs,3
554,"Data Analyst, Player Support",Supercell,"Helsinki, Finland","Title short: Data Analyst. Schedule: Full-time. Remote: False. Country: Finland. Skills: python, r, sql, tableau.",python;r;sql;tableau,analytics,general_analytics,"Data Analyst, Player Support",Data Analyst,Finland,Full-time,False,lukebarousse/data_jobs,4
555,Alternance data analyste F/H,Casino,"Vitry-sur-Seine, France","Title short: Data Analyst. Schedule: Part-time. Remote: False. Country: France. Skills: chef, git, matplotlib, numpy, pandas, python, sql.",chef;git;matplotlib;numpy;pandas;python;sql,analytics,general_analytics,Alternance data analyste F/H,Data Analyst,France,Part-time,False,lukebarousse/data_jobs,7
556,Business Data Analyst (Power BI),Robert Walters,"Manchester, UK","Title short: Data Analyst. Schedule: Full-time. Remote: False. Country: United Kingdom. Skills: dax, power bi, sql.",dax;power bi;sql,analytics,general_analytics,Business Data Analyst (Power BI),Data Analyst,United Kingdom,Full-time,False,lukebarousse/data_jobs,3
557,"Sr Engineer, Data & Analytics",Excelacom,"Bernards, NJ","Title short: Senior Data Engineer. Schedule: Full-time. Remote: False. Country: United States. Skills: aws, azure, excel, gcp, looker, powerpoint, powershell, python, snowflake, sql, tableau, visio, word.",aws;azure;excel;gcp;looker;powerpoint;powershell;python;snowflake;sql;tableau;visio;word,analytics,general_analytics,"Sr Engineer, Data & Analytics",Senior Data Engineer,United States,Full-time,False,lukebarousse/data_jobs,13
558,12241303440 - Data Analyst,Support Shepherd,Anywhere,"Title short: Data Analyst. Schedule: nan. Remote: True. Country: Philippines. Skills: excel, sql, visual basic.",excel;sql;visual basic,analytics,general_analytics,12241303440 - Data Analyst,Data Analyst,Philippines,,True,lukebarousse/data_jobs,3
559,Data Privacy Analyst,Ansys,Anywhere,"Title short: Data Analyst. Schedule: Full-time. Remote: True. Country: Spain. Skills: gdpr, sharepoint.",gdpr;sharepoint,analytics,general_analytics,Data Privacy Analyst,Data Analyst,Spain,Full-time,True,lukebarousse/data_jobs,2
560,"Data Analyst, Nordic",Warner Music Sweden AB,Anywhere,"Title short: Data Analyst. Schedule: Full-time. Remote: True. Country: Sweden. Skills: power bi, python, qlik, r, sql, tableau.",power bi;python;qlik;r;sql;tableau,analytics,general_analytics,"Data Analyst, Nordic",Data Analyst,Sweden,Full-time,True,lukebarousse/data_jobs,6
561,Data Analyst Trainee (Biopharmaceutical Industry) - Lisboa,HRB SOLUTIONS,"Lisbon, Portugal","Title short: Data Analyst. Schedule: Full-time. Remote: False. Country: Portugal. Skills: alteryx, excel, sql, tableau.",alteryx;excel;sql;tableau,analytics,general_analytics,Data Analyst Trainee (Biopharmaceutical Industry) - Lisboa,Data Analyst,Portugal,Full-time,False,lukebarousse/data_jobs,4
562,Data Integrity Analyst,JLL,"San José Province, San José, Costa Rica","Title short: Data Analyst. Schedule: Full-time. Remote: False. Country: Costa Rica. Skills: excel, powerpoint, sql, word.",excel;powerpoint;sql;word,analytics,general_analytics,Data Integrity Analyst,Data Analyst,Costa Rica,Full-time,False,lukebarousse/data_jobs,4
563,Senior Data Analyst,TalentBoost (Point32Health),"Plainville, MA","Title short: Senior Data Analyst. Schedule: Full-time. Remote: False. Country: United States. Skills: python, r, sas, sql, tableau.",python;r;sas;sql;tableau,analytics,general_analytics,Senior Data Analyst,Senior Data Analyst,United States,Full-time,False,lukebarousse/data_jobs,5
564,Analytic Science-Scientist II,FICO,"Bengaluru, Karnataka, India","Title short: Data Analyst. Schedule: Full-time. Remote: False. Country: India. Skills: c, c++, java.",c;c++;java,analytics,general_analytics,Analytic Science-Scientist II,Data Analyst,India,Full-time,False,lukebarousse/data_jobs,3
565,Data or Business Analyst,AKS ProTalent,Anywhere,"Title short: Data Analyst. Schedule: Full-time. Remote: True. Country: India. Skills: excel, javascript, sas, spss, sql.",excel;javascript;sas;spss;sql,analytics,business_analytics,Data or Business Analyst,Data Analyst,India,Full-time,True,lukebarousse/data_jobs,5
566,Product Analyst,developrec,"Royal Leamington Spa, UK","Title short: Software Engineer. Schedule: Full-time. Remote: False. Country: United Kingdom. Skills: python, sql, tableau.",python;sql;tableau,analytics,product_analytics,Product Analyst,Software Engineer,United Kingdom,Full-time,False,lukebarousse/data_jobs,3
567,Data Analyst,Volvo Group,"Lyon, France","Title short: Data Analyst. Schedule: Full-time. Remote: False. Country: France. Skills: azure, power bi, python, sas, sql, vue.",azure;power bi;python;sas;sql;vue,analytics,general_analytics,Data Analyst,Data Analyst,France,Full-time,False,lukebarousse/data_jobs,6
568,"(Expression of Interest) - Senior Data Analyst, Risk & Fraud",foodpanda,"Kuala Lumpur, Federal Territory of Kuala Lumpur, Malaysia","Title short: Senior Data Analyst. Schedule: nan. Remote: False. Country: Malaysia. Skills: express, python, sql.",express;python;sql,analytics,general_analytics,"(Expression of Interest) - Senior Data Analyst, Risk & Fraud",Senior Data Analyst,Malaysia,,False,lukebarousse/data_jobs,3
569,Product Analyst,Highcore,Spain,"Title short: Software Engineer. Schedule: Full-time. Remote: False. Country: Spain. Skills: bigquery, postgresql, python, sql.",bigquery;postgresql;python;sql,analytics,product_analytics,Product Analyst,Software Engineer,Spain,Full-time,False,lukebarousse/data_jobs,4
570,Senior Data Analyst,#TeamGoHealth,"Chicago, IL","Title short: Senior Data Analyst. Schedule: Full-time. Remote: False. Country: United States. Skills: go, python, sql, tableau.",go;python;sql;tableau,analytics,general_analytics,Senior Data Analyst,Senior Data Analyst,United States,Full-time,False,lukebarousse/data_jobs,4
571,Prácticas Analista de Datos | Data Analyst Trainee,ACCOM,"Madrid, Spain","Title short: Data Analyst. Schedule: Part-time. Remote: False. Country: Spain. Skills: dax, excel, power bi, sql, tableau.",dax;excel;power bi;sql;tableau,analytics,general_analytics,Prácticas Analista de Datos | Data Analyst Trainee,Data Analyst,Spain,Part-time,False,lukebarousse/data_jobs,5
572,Senior Healthcare Data Analyst,Providence Health & Services,Canada,"Title short: Senior Data Analyst. Schedule: Full-time. Remote: False. Country: Canada. Skills: power bi, sql, tableau, vba.",power bi;sql;tableau;vba,analytics,general_analytics,Senior Healthcare Data Analyst,Senior Data Analyst,Canada,Full-time,False,lukebarousse/data_jobs,4
573,Data Analyst (m/w/d),TicketPAY Europe GmbH,"Hamm, Germany","Title short: Data Analyst. Schedule: Full-time and Part-time. Remote: False. Country: Germany. Skills: excel, word.",excel;word,analytics,general_analytics,Data Analyst (m/w/d),Data Analyst,Germany,Full-time and Part-time,False,lukebarousse/data_jobs,2
574,IAM Analyst,TEKsystems,"Dallas, TX","Title short: Data Analyst. Schedule: Full-time. Remote: False. Country: United States. Skills: go, mysql, oracle, sql.",go;mysql;oracle;sql,analytics,general_analytics,IAM Analyst,Data Analyst,United States,Full-time,False,lukebarousse/data_jobs,4
575,Infrastructure QA Engineer,Smals,"Mechelen, Belgium","Title short: Business Analyst. Schedule: Full-time. Remote: False. Country: Belgium. Skills: ansible, bash, docker, git, java, linux, openstack, oracle, postgresql, puppet, python, sql, sql server, vmware, vue, windows.",ansible;bash;docker;git;java;linux;openstack;oracle;postgresql;puppet;python;sql;sql server;vmware;vue;windows,analytics,general_analytics,Infrastructure QA Engineer,Business Analyst,Belgium,Full-time,False,lukebarousse/data_jobs,16
576,Analyst-Master Data Management - Global Rates-GFS,Deloitte,"Hyderabad, Telangana, India","Title short: Data Analyst. Schedule: Full-time. Remote: False. Country: India. Skills: excel, sap.",excel;sap,analytics,general_analytics,Analyst-Master Data Management - Global Rates-GFS,Data Analyst,India,Full-time,False,lukebarousse/data_jobs,2
577,Sr. Financial Analyst (Data Analytics) - Remote | WFH,Get It Recruit - Information Technology,Anywhere,"Title short: Senior Data Analyst. Schedule: Full-time. Remote: True. Country: United States. Skills: cognos, power bi, sap, sql, tableau, vba.",cognos;power bi;sap;sql;tableau;vba,analytics,general_analytics,Sr. Financial Analyst (Data Analytics) - Remote | WFH,Senior Data Analyst,United States,Full-time,True,lukebarousse/data_jobs,6
578,Advanced Analytics Manager,Demo - Coca-Cola,"Mexico City, CDMX, Mexico","Title short: Data Analyst. Schedule: Full-time. Remote: False. Country: Mexico. Skills: azure, python.",azure;python,analytics,general_analytics,Advanced Analytics Manager,Data Analyst,Mexico,Full-time,False,lukebarousse/data_jobs,2
579,Compensation Analyst,MongoDB,"Madrid, Spain","Title short: Business Analyst. Schedule: Full-time. Remote: False. Country: Spain. Skills: excel, mongodb.",excel;mongodb,analytics,general_analytics,Compensation Analyst,Business Analyst,Spain,Full-time,False,lukebarousse/data_jobs,2
580,Data Analyst II,Corporate,"St. Louis, MO","Title short: Data Analyst. Schedule: Full-time. Remote: False. Country: United States. Skills: excel, sql.",excel;sql,analytics,general_analytics,Data Analyst II,Data Analyst,United States,Full-time,False,lukebarousse/data_jobs,2
581,Junior Data Consultant - Data Analyst,World Food Programme,"Rome, Metropolitan City of Rome Capital, Italy","Title short: Data Analyst. Schedule: Contractor. Remote: False. Country: Italy. Skills: c, matplotlib, python, r, sql, tableau.",c;matplotlib;python;r;sql;tableau,analytics,general_analytics,Junior Data Consultant - Data Analyst,Data Analyst,Italy,Contractor,False,lukebarousse/data_jobs,6
582,Data Analysis/ Project Coordinator/ BA,Ionidea,"Jersey City, NJ","Title short: Data Analyst. Schedule: Contractor. Remote: False. Country: United States. Skills: excel, powerpoint.",excel;powerpoint,analytics,general_analytics,Data Analysis/ Project Coordinator/ BA,Data Analyst,United States,Contractor,False,lukebarousse/data_jobs,2
583,Data Analyst,Work in USA,Fujairah - United Arab Emirates,"Title short: Data Analyst. Schedule: Full-time. Remote: False. Country: United Arab Emirates. Skills: python, r.",python;r,analytics,general_analytics,Data Analyst,Data Analyst,United Arab Emirates,Full-time,False,lukebarousse/data_jobs,2
584,Engineer (m/w/d) Data Analyst,Junge Die Bäckerei.,"Lübeck, Germany","Title short: Data Analyst. Schedule: Full-time. Remote: False. Country: Germany. Skills: r, sql.",r;sql,analytics,general_analytics,Engineer (m/w/d) Data Analyst,Data Analyst,Germany,Full-time,False,lukebarousse/data_jobs,2
585,Lead Data Analyst [Remote],Talentify.io,Anywhere,"Title short: Data Analyst. Schedule: Full-time. Remote: True. Country: Canada. Skills: aws, python, redshift, sql.",aws;python;redshift;sql,analytics,general_analytics,Lead Data Analyst [Remote],Data Analyst,Canada,Full-time,True,lukebarousse/data_jobs,4
586,Senior Associate - Deals Data Analytics,PwC Malaysia,"Kuala Lumpur, Federal Territory of Kuala Lumpur, Malaysia","Title short: Senior Data Analyst. Schedule: nan. Remote: False. Country: Malaysia. Skills: alteryx, dax, power bi, python, r, sql.",alteryx;dax;power bi;python;r;sql,analytics,general_analytics,Senior Associate - Deals Data Analytics,Senior Data Analyst,Malaysia,,False,lukebarousse/data_jobs,6
587,Digital Marketing Analyst,Concentrix,Costa Rica,"Title short: Data Analyst. Schedule: Full-time. Remote: False. Country: Costa Rica. Skills: css, html, tableau.",css;html;tableau,analytics,general_analytics,Digital Marketing Analyst,Data Analyst,Costa Rica,Full-time,False,lukebarousse/data_jobs,3
588,Image Data Analyst Engineer,University of Dayton,"Eglin AFB, FL","Title short: Data Engineer. Schedule: Full-time. Remote: False. Country: United States. Skills: electron, matlab, python.",electron;matlab;python,data_engineering,general_data_engineering,Image Data Analyst Engineer,Data Engineer,United States,Full-time,False,lukebarousse/data_jobs,3
589,Data Analytics and Business Intelligence | Analyst | Dallas,Goldman Sachs,"Dallas, TX","Title short: Data Analyst. Schedule: Full-time. Remote: False. Country: United States. Skills: excel, flow, outlook, powerpoint, word.",excel;flow;outlook;powerpoint;word,analytics,general_analytics,Data Analytics and Business Intelligence | Analyst | Dallas,Data Analyst,United States,Full-time,False,lukebarousse/data_jobs,5
590,Supervisor: Pricing/Data Analyst - Umhlanga,Schlemmer & Associates Recruitment Specialists,"uMhlanga, South Africa","Title short: Data Analyst. Schedule: Full-time. Remote: False. Country: South Africa. Skills: excel, flow, sql.",excel;flow;sql,analytics,general_analytics,Supervisor: Pricing/Data Analyst - Umhlanga,Data Analyst,South Africa,Full-time,False,lukebarousse/data_jobs,3
591,"New Consultancy: Market Research Data Analyst, Markets, Supply ...",United Nations Children's Fund (UNICEF),"Copenhagen, Denmark","Title short: Data Analyst. Schedule: Contractor. Remote: False. Country: Denmark. Skills: dax, excel, flow, power bi, sap, sql.",dax;excel;flow;power bi;sap;sql,analytics,general_analytics,"New Consultancy: Market Research Data Analyst, Markets, Supply ...",Data Analyst,Denmark,Contractor,False,lukebarousse/data_jobs,6
592,Sr. Data Analyst,Modis,"Burbank, CA","Title short: Data Analyst. Schedule: Full-time. Remote: False. Country: United States. Skills: alteryx, go, oracle, sql, tableau.",alteryx;go;oracle;sql;tableau,analytics,general_analytics,Sr. Data Analyst,Data Analyst,United States,Full-time,False,lukebarousse/data_jobs,5
593,Lead Business Intelligence Data Analyst - Remote | WFH,Get It Recruit - Information Technology,Anywhere,"Title short: Data Analyst. Schedule: Full-time. Remote: True. Country: United States. Skills: oracle, power bi, python, r, sql, sql server, tableau.",oracle;power bi;python;r;sql;sql server;tableau,bi,bi_reporting,Lead Business Intelligence Data Analyst - Remote | WFH,Data Analyst,United States,Full-time,True,lukebarousse/data_jobs,7
594,Data Analyst Power BI Azure freelance/portage salarial H/F H/F,Nexoris,"Paris, France","Title short: Data Analyst. Schedule: Full-time. Remote: False. Country: France. Skills: azure, bigquery, git, sql.",azure;bigquery;git;sql,analytics,general_analytics,Data Analyst Power BI Azure freelance/portage salarial H/F H/F,Data Analyst,France,Full-time,False,lukebarousse/data_jobs,4
595,"Senior Data Analyst (Flights team, Bangkok-based, Relocation provided)",Agoda,"Frankfurt, Germany","Title short: Senior Data Analyst. Schedule: Full-time. Remote: False. Country: Germany. Skills: excel, python, r, sql, tableau.",excel;python;r;sql;tableau,analytics,general_analytics,"Senior Data Analyst (Flights team, Bangkok-based, Relocation provided)",Senior Data Analyst,Germany,Full-time,False,lukebarousse/data_jobs,5
596,Data Analyst (H/F),Extia,"Strasbourg, France","Title short: Data Analyst. Schedule: Full-time. Remote: False. Country: France. Skills: airflow, ansible, azure, git, jenkins, kubernetes, power bi, python, spark, sql.",airflow;ansible;azure;git;jenkins;kubernetes;power bi;python;spark;sql,analytics,general_analytics,Data Analyst (H/F),Data Analyst,France,Full-time,False,lukebarousse/data_jobs,10
597,Cloud Data & Analytics Director (Financial Services - Asset ...,Get It Recruit - Finance,Anywhere,"Title short: Data Analyst. Schedule: Full-time. Remote: True. Country: United States. Skills: aws, azure, bigquery, databricks, gcp, power bi, pyspark, python, redshift, snowflake, spark, sql, tableau.",aws;azure;bigquery;databricks;gcp;power bi;pyspark;python;redshift;snowflake;spark;sql;tableau,analytics,general_analytics,Cloud Data & Analytics Director (Financial Services - Asset ...,Data Analyst,United States,Full-time,True,lukebarousse/data_jobs,13
598,Data Analyst Team Lead,UTOR,Brazil,"Title short: Data Analyst. Schedule: Full-time. Remote: False. Country: Brazil. Skills: excel, sql.",excel;sql,analytics,general_analytics,Data Analyst Team Lead,Data Analyst,Brazil,Full-time,False,lukebarousse/data_jobs,2
599,Operations Analyst,Tyger Brands,Anywhere,"Title short: Business Analyst. Schedule: Full-time. Remote: True. Country: Philippines. Skills: excel, sql, tableau.",excel;sql;tableau,analytics,general_analytics,Operations Analyst,Business Analyst,Philippines,Full-time,True,lukebarousse/data_jobs,3
600,Data Analyst,ESTO Group,"Tallinn, Estonia","Title short: Data Analyst. Schedule: Full-time. Remote: False. Country: Estonia. Skills: excel, power bi, sheets, sql.",excel;power bi;sheets;sql,analytics,general_analytics,Data Analyst,Data Analyst,Estonia,Full-time,False,lukebarousse/data_jobs,4
601,Junior Data Analyst,Institutional Shareholder Services Philippines,"Makati, Metro Manila, Philippines","Title short: Data Analyst. Schedule: nan. Remote: False. Country: Philippines. Skills: excel, ms access, sql, vba.",excel;ms access;sql;vba,analytics,general_analytics,Junior Data Analyst,Data Analyst,Philippines,,False,lukebarousse/data_jobs,4
602,Junior Data Analyst,Dynamis,"Newington, VA","Title short: Data Analyst. Schedule: Full-time. Remote: False. Country: United States. Skills: crystal, excel, outlook, powerpoint, python, r, word.",crystal;excel;outlook;powerpoint;python;r;word,analytics,general_analytics,Junior Data Analyst,Data Analyst,United States,Full-time,False,lukebarousse/data_jobs,7
603,Data Science Analyst (m/w/d),Lekkerland • The Convenience Company,"Cologne, Germany","Title short: Data Analyst. Schedule: Full-time. Remote: False. Country: Germany. Skills: excel, oracle, powerpoint, python, qlik, r, sap, sas, snowflake, sql, tableau.",excel;oracle;powerpoint;python;qlik;r;sap;sas;snowflake;sql;tableau,analytics,general_analytics,Data Science Analyst (m/w/d),Data Analyst,Germany,Full-time,False,lukebarousse/data_jobs,11
604,Senior Data Analyst - Firm Analytics,EDWARD JONES,"Springfield, IL","Title short: Senior Data Analyst. Schedule: Full-time. Remote: False. Country: United States. Skills: snowflake, sql.",snowflake;sql,analytics,general_analytics,Senior Data Analyst - Firm Analytics,Senior Data Analyst,United States,Full-time,False,lukebarousse/data_jobs,2
605,"Accounts Receivable Financial Disputes Analyst, Cdo",Amzn Support Srvcs Costa Rica,"Heredia Province, Heredia, Costa Rica","Title short: Business Analyst. Schedule: Full-time. Remote: False. Country: Costa Rica. Skills: aws, excel, flow, oracle.",aws;excel;flow;oracle,analytics,general_analytics,"Accounts Receivable Financial Disputes Analyst, Cdo",Business Analyst,Costa Rica,Full-time,False,lukebarousse/data_jobs,4
606,EBO Data Analyst,"Bayview Fund Management, LLC","Hopewell, FL","Title short: Data Analyst. Schedule: Full-time. Remote: False. Country: United States. Skills: excel, ms access, outlook, powerpoint, python, sql, sql server, word.",excel;ms access;outlook;powerpoint;python;sql;sql server;word,analytics,general_analytics,EBO Data Analyst,Data Analyst,United States,Full-time,False,lukebarousse/data_jobs,8
607,Financial Data Analyst,Robert Half,"San Antonio, TX","Title short: Data Analyst. Schedule: Contractor. Remote: False. Country: United States. Skills: c, python, sas, sql.",c;python;sas;sql,analytics,general_analytics,Financial Data Analyst,Data Analyst,United States,Contractor,False,lukebarousse/data_jobs,4
608,Junior Data Analyst,"Staffigo Technical Services, LLC","Bowling Green, FL","Title short: Data Analyst. Schedule: Full-time. Remote: False. Country: United States. Skills: excel, oracle, power bi, tableau.",excel;oracle;power bi;tableau,analytics,general_analytics,Junior Data Analyst,Data Analyst,United States,Full-time,False,lukebarousse/data_jobs,4
609,Packaging Specification Technologist and Data Analyst,Premier Foods,"Worksop, UK","Title short: Data Analyst. Schedule: Full-time. Remote: False. Country: United Kingdom. Skills: excel, sap.",excel;sap,analytics,general_analytics,Packaging Specification Technologist and Data Analyst,Data Analyst,United Kingdom,Full-time,False,lukebarousse/data_jobs,2
610,SiaXperience Web Data Analyst,Sia Partners,"San Francisco, CA","Title short: Data Analyst. Schedule: Full-time. Remote: False. Country: United States. Skills: sql, tableau.",sql;tableau,analytics,general_analytics,SiaXperience Web Data Analyst,Data Analyst,United States,Full-time,False,lukebarousse/data_jobs,2
611,Senior Advanced Analytics Analyst,Medtronic,"Bratislava, Slovakia","Title short: Senior Data Scientist. Schedule: Full-time. Remote: False. Country: Slovakia. Skills: excel, power bi.",excel;power bi,analytics,general_analytics,Senior Advanced Analytics Analyst,Senior Data Scientist,Slovakia,Full-time,False,lukebarousse/data_jobs,2
612,Data Quality Analyst,Co-nexus,"Newport Beach, CA","Title short: Data Analyst. Schedule: Full-time. Remote: False. Country: United States. Skills: snowflake, sql, sql server.",snowflake;sql;sql server,analytics,general_analytics,Data Quality Analyst,Data Analyst,United States,Full-time,False,lukebarousse/data_jobs,3
613,"datenanalyst, data analyst",Hays AG,"Düsseldorf, Germany","Title short: Data Analyst. Schedule: Full-time. Remote: False. Country: Germany. Skills: power bi, python.",power bi;python,analytics,general_analytics,"datenanalyst, data analyst",Data Analyst,Germany,Full-time,False,lukebarousse/data_jobs,2
614,Data Analyst,Apex Systems,"Des Moines, IA","Title short: Data Analyst. Schedule: Full-time. Remote: False. Country: United States. Skills: phoenix, word.",phoenix;word,analytics,general_analytics,Data Analyst,Data Analyst,United States,Full-time,False,lukebarousse/data_jobs,2
615,Software Engineer IoT&Analytics_EMEA,Software AG,"Hasselt, Belgium","Title short: Software Engineer. Schedule: Full-time. Remote: False. Country: Belgium. Skills: c, c++, flow, go, java, kubernetes, linux, rust.",c;c++;flow;go;java;kubernetes;linux;rust,analytics,general_analytics,Software Engineer IoT&Analytics_EMEA,Software Engineer,Belgium,Full-time,False,lukebarousse/data_jobs,8
616,DATA ANALYST (ONSITE),Springfield Public Schools,"Springfield, MA","Title short: Data Analyst. Schedule: Full-time. Remote: False. Country: United States. Skills: excel, sql, tableau.",excel;sql;tableau,analytics,general_analytics,DATA ANALYST (ONSITE),Data Analyst,United States,Full-time,False,lukebarousse/data_jobs,3
617,Senior Data Analyst,The Farmer's Dog,"Fort Lauderdale, FL","Title short: Senior Data Analyst. Schedule: Full-time. Remote: False. Country: United States. Skills: excel, sheets.",excel;sheets,analytics,general_analytics,Senior Data Analyst,Senior Data Analyst,United States,Full-time,False,lukebarousse/data_jobs,2
618,Data Analyst,Chobanian Group,"Sunnyvale, CA","Title short: Data Analyst. Schedule: Full-time. Remote: False. Country: United States. Skills: excel, python, sheets, sql, tableau.",excel;python;sheets;sql;tableau,analytics,general_analytics,Data Analyst,Data Analyst,United States,Full-time,False,lukebarousse/data_jobs,5
619,BI analyst/developer,ASSIST Software,Czechia,"Title short: Business Analyst. Schedule: Full-time. Remote: False. Country: Czechia. Skills: confluence, jira.",confluence;jira,bi,bi_reporting,BI analyst/developer,Business Analyst,Czechia,Full-time,False,lukebarousse/data_jobs,2
620,business data analyst,Skiltrek,"Addison, TX","Title short: Data Analyst. Schedule: Full-time. Remote: False. Country: United States. Skills: excel, jira, microstrategy, power bi, powerpoint, python, sql, tableau.",excel;jira;microstrategy;power bi;powerpoint;python;sql;tableau,analytics,general_analytics,business data analyst,Data Analyst,United States,Full-time,False,lukebarousse/data_jobs,8
621,Business Operations Analyst Internship,Uline,"Willowbrook, IL","Title short: Business Analyst. Schedule: Full-time. Remote: False. Country: United States. Skills: excel, power bi, sql, ssrs.",excel;power bi;sql;ssrs,analytics,general_analytics,Business Operations Analyst Internship,Business Analyst,United States,Full-time,False,lukebarousse/data_jobs,4
622,Data Analyst (m/w/d),SELSYS Software Solutions,"Tyrol, Austria","Title short: Data Analyst. Schedule: Full-time. Remote: False. Country: Austria. Skills: excel, python, r, sql.",excel;python;r;sql,analytics,general_analytics,Data Analyst (m/w/d),Data Analyst,Austria,Full-time,False,lukebarousse/data_jobs,4
623,Controller / Data-Analyst (m/w/x),ELVIS AG - Europäischer Ladungsverbund Internationaler Spediteure,"Alzenau, Germany","Title short: Data Analyst. Schedule: Full-time. Remote: False. Country: Germany. Skills: excel, power bi, powerpoint, word.",excel;power bi;powerpoint;word,analytics,general_analytics,Controller / Data-Analyst (m/w/x),Data Analyst,Germany,Full-time,False,lukebarousse/data_jobs,4
624,Business Intelligence Spezialist & Data Analyst (m/w/d),Finanz Informatik GmbH & Co. KG,"Hanover, Germany   (+2 others)","Title short: Data Analyst. Schedule: Full-time. Remote: False. Country: Germany. Skills: oracle, sap, sql.",oracle;sap;sql,analytics,general_analytics,Business Intelligence Spezialist & Data Analyst (m/w/d),Data Analyst,Germany,Full-time,False,lukebarousse/data_jobs,3
625,Financial Data Analyst,Spalding Consulting,"Lexington Park, MD","Title short: Data Analyst. Schedule: Full-time. Remote: False. Country: United States. Skills: excel, sql.",excel;sql,analytics,general_analytics,Financial Data Analyst,Data Analyst,United States,Full-time,False,lukebarousse/data_jobs,2
626,Senior Data Analyst,Fort Worth Community Credit Union,"Fort Worth, TX","Title short: Senior Data Analyst. Schedule: Full-time. Remote: False. Country: United States. Skills: crystal, excel, sql.",crystal;excel;sql,analytics,general_analytics,Senior Data Analyst,Senior Data Analyst,United States,Full-time,False,lukebarousse/data_jobs,3
627,Data Analyst - Collibra,AMA European Consulting,"Brussels, Belgium","Title short: Data Analyst. Schedule: Full-time. Remote: False. Country: Belgium. Skills: azure, excel, sql, vue.",azure;excel;sql;vue,analytics,general_analytics,Data Analyst - Collibra,Data Analyst,Belgium,Full-time,False,lukebarousse/data_jobs,4
628,Business Data Analyst (m/w/d) Ferienwohnungen,CHECK24 Vergleichsportal,"Düsseldorf, Germany","Title short: Data Analyst. Schedule: Full-time. Remote: False. Country: Germany. Skills: python, sql, tableau.",python;sql;tableau,analytics,general_analytics,Business Data Analyst (m/w/d) Ferienwohnungen,Data Analyst,Germany,Full-time,False,lukebarousse/data_jobs,3
629,Data Analyst,Wenrix,"Tel Aviv-Yafo, Israel","Title short: Data Analyst. Schedule: Full-time. Remote: False. Country: Israel. Skills: jupyter, python, r, sql, tableau.",jupyter;python;r;sql;tableau,analytics,general_analytics,Data Analyst,Data Analyst,Israel,Full-time,False,lukebarousse/data_jobs,5
630,Data Analyst - Remote | WFH,Get It Recruit - Information Technology,Anywhere,"Title short: Data Analyst. Schedule: Full-time. Remote: True. Country: United States. Skills: r, tableau.",r;tableau,analytics,general_analytics,Data Analyst - Remote | WFH,Data Analyst,United States,Full-time,True,lukebarousse/data_jobs,2
631,Senior Data Analyst,JLL,"Taguig, Metro Manila, Philippines","Title short: Senior Data Analyst. Schedule: nan. Remote: False. Country: Philippines. Skills: excel, powerpoint.",excel;powerpoint,analytics,general_analytics,Senior Data Analyst,Senior Data Analyst,Philippines,,False,lukebarousse/data_jobs,2
632,"Data Analyst, Education Policy Studies",American Enterprise Institute,United States,"Title short: Data Analyst. Schedule: Full-time. Remote: False. Country: United States. Skills: css, html, javascript, outlook, power bi, python, r, sql, tableau.",css;html;javascript;outlook;power bi;python;r;sql;tableau,analytics,general_analytics,"Data Analyst, Education Policy Studies",Data Analyst,United States,Full-time,False,lukebarousse/data_jobs,9
633,Business Intelligence Analyst,Concentrix,Costa Rica,"Title short: Business Analyst. Schedule: Full-time. Remote: False. Country: Costa Rica. Skills: excel, power bi, powerpoint, sql, tableau, word.",excel;power bi;powerpoint;sql;tableau;word,bi,bi_reporting,Business Intelligence Analyst,Business Analyst,Costa Rica,Full-time,False,lukebarousse/data_jobs,6
634,Data Analyst-Dallas TX,Georgia IT,"Lubbock, TX","Title short: Data Analyst. Schedule: Full-time. Remote: False. Country: United States. Skills: azure, sql.",azure;sql,analytics,general_analytics,Data Analyst-Dallas TX,Data Analyst,United States,Full-time,False,lukebarousse/data_jobs,2
635,Compensation & Benefits Analyst,PartnerRe,"Dublin, Ireland","Title short: Business Analyst. Schedule: Full-time. Remote: False. Country: Ireland. Skills: excel, powerpoint, word.",excel;powerpoint;word,analytics,general_analytics,Compensation & Benefits Analyst,Business Analyst,Ireland,Full-time,False,lukebarousse/data_jobs,3
636,Data Analyst,Robert Half,"Somerset, NJ","Title short: Data Analyst. Schedule: Contractor. Remote: False. Country: United States. Skills: excel, vba.",excel;vba,analytics,general_analytics,Data Analyst,Data Analyst,United States,Contractor,False,lukebarousse/data_jobs,2
637,Sales Data Analyst,Aramark,"Philadelphia, PA","Title short: Data Analyst. Schedule: Full-time. Remote: False. Country: United States. Skills: excel, powerpoint, sql, tableau, word.",excel;powerpoint;sql;tableau;word,analytics,general_analytics,Sales Data Analyst,Data Analyst,United States,Full-time,False,lukebarousse/data_jobs,5
638,Data Analyst,KSearch Asia Consulting,Philippines,"Title short: Data Analyst. Schedule: Full-time. Remote: False. Country: Philippines. Skills: excel, powerpoint, qlik, sap, vba.",excel;powerpoint;qlik;sap;vba,analytics,general_analytics,Data Analyst,Data Analyst,Philippines,Full-time,False,lukebarousse/data_jobs,5
639,Data Analyst Product,JobTeaser,"Paris, France","Title short: Data Analyst. Schedule: Full-time. Remote: False. Country: France. Skills: sql, tableau.",sql;tableau,analytics,general_analytics,Data Analyst Product,Data Analyst,France,Full-time,False,lukebarousse/data_jobs,2
640,Visser & Van Baars - Data Business Analyst,Visser & Van Baars,"Brussels, Belgium","Title short: Business Analyst. Schedule: Full-time. Remote: False. Country: Belgium. Skills: power bi, sql.",power bi;sql,analytics,business_analytics,Visser & Van Baars - Data Business Analyst,Business Analyst,Belgium,Full-time,False,lukebarousse/data_jobs,2
641,Mid Data Analyst,DevsData LLC,Denmark,"Title short: Data Analyst. Schedule: Full-time. Remote: False. Country: Denmark. Skills: bigquery, excel, python, sql.",bigquery;excel;python;sql,analytics,general_analytics,Mid Data Analyst,Data Analyst,Denmark,Full-time,False,lukebarousse/data_jobs,4
642,Fraud & Data Analyst,Resistant AI,"Prague, Czechia","Title short: Data Analyst. Schedule: Full-time. Remote: False. Country: Czechia. Skills: aws, excel, jupyter, sql.",aws;excel;jupyter;sql,analytics,general_analytics,Fraud & Data Analyst,Data Analyst,Czechia,Full-time,False,lukebarousse/data_jobs,4
643,Business Data Analyst,United Health Group,"Beverly Hills, CA","Title short: Data Analyst. Schedule: Full-time. Remote: False. Country: United States. Skills: excel, go, sql, vba.",excel;go;sql;vba,analytics,general_analytics,Business Data Analyst,Data Analyst,United States,Full-time,False,lukebarousse/data_jobs,4
644,Intelligence Data Analyst,"LMI Consulting, LLC","San Antonio, TX","Title short: Data Analyst. Schedule: Full-time. Remote: False. Country: United States. Skills: excel, microsoft teams, powerpoint, word, zoom.",excel;microsoft teams;powerpoint;word;zoom,analytics,general_analytics,Intelligence Data Analyst,Data Analyst,United States,Full-time,False,lukebarousse/data_jobs,5
645,Power BI Data Analysts,iParametrics,"Tucker, GA","Title short: Data Analyst. Schedule: Full-time. Remote: False. Country: United States. Skills: excel, outlook, power bi, word.",excel;outlook;power bi;word,analytics,general_analytics,Power BI Data Analysts,Data Analyst,United States,Full-time,False,lukebarousse/data_jobs,4
646,Compliance Data Analyst,Crypto.com,"Miami, FL","Title short: Data Analyst. Schedule: Full-time. Remote: False. Country: United States. Skills: databricks, jira, python, sql.",databricks;jira;python;sql,analytics,general_analytics,Compliance Data Analyst,Data Analyst,United States,Full-time,False,lukebarousse/data_jobs,4
647,Data Analist,PANCOMPANY,Netherlands,"Title short: Data Analyst. Schedule: Full-time. Remote: False. Country: Netherlands. Skills: oracle, sql, sql server.",oracle;sql;sql server,analytics,general_analytics,Data Analist,Data Analyst,Netherlands,Full-time,False,lukebarousse/data_jobs,3
648,Data Analyst,Modis,"Cupertino, CA","Title short: Data Analyst. Schedule: Full-time. Remote: False. Country: United States. Skills: go, python, r, sql.",go;python;r;sql,analytics,general_analytics,Data Analyst,Data Analyst,United States,Full-time,False,lukebarousse/data_jobs,4
649,Data Analyst,Doghouse Recruitment,"Amsterdam, Netherlands","Title short: Data Analyst. Schedule: Full-time. Remote: False. Country: Netherlands. Skills: python, sql.",python;sql,analytics,general_analytics,Data Analyst,Data Analyst,Netherlands,Full-time,False,lukebarousse/data_jobs,2
650,Data Analyst,J&T Manila,"Pasig, Metro Manila, Philippines","Title short: Data Analyst. Schedule: Full-time. Remote: False. Country: Philippines. Skills: excel, powerpoint, spreadsheet.",excel;powerpoint;spreadsheet,analytics,general_analytics,Data Analyst,Data Analyst,Philippines,Full-time,False,lukebarousse/data_jobs,3
651,Working Student (m/f/d) Data Analyst |Berlin/Frankfurt/Dresden,Solactive AG,"Frankfurt, Germany","Title short: Data Analyst. Schedule: Full-time. Remote: False. Country: Germany. Skills: python, sql.",python;sql,analytics,general_analytics,Working Student (m/f/d) Data Analyst |Berlin/Frankfurt/Dresden,Data Analyst,Germany,Full-time,False,lukebarousse/data_jobs,2
652,Sr. Data Analyst with AWS Experience - (REMOTE),CGI,Anywhere,"Title short: Senior Data Analyst. Schedule: Full-time. Remote: True. Country: United States. Skills: aws, c, python, redshift, sql, tableau.",aws;c;python;redshift;sql;tableau,analytics,general_analytics,Sr. Data Analyst with AWS Experience - (REMOTE),Senior Data Analyst,United States,Full-time,True,lukebarousse/data_jobs,6
653,Data Analyst,ConFlip,Dubai - United Arab Emirates,"Title short: Data Analyst. Schedule: Full-time. Remote: False. Country: United Arab Emirates. Skills: hadoop, oracle, python, r, spark, sql.",hadoop;oracle;python;r;spark;sql,analytics,general_analytics,Data Analyst,Data Analyst,United Arab Emirates,Full-time,False,lukebarousse/data_jobs,6
654,Senior HR Data Analyst,Panda Restaurant Group,"Rosemead, CA","Title short: Senior Data Analyst. Schedule: Full-time. Remote: False. Country: United States. Skills: excel, microstrategy.",excel;microstrategy,analytics,general_analytics,Senior HR Data Analyst,Senior Data Analyst,United States,Full-time,False,lukebarousse/data_jobs,2
655,SQL Data Analyst,Robert Half,,"Title short: Data Analyst. Schedule: Full-time. Remote: False. Country: United States. Skills: azure, sql, sql server, ssis, ssrs, t-sql.",azure;sql;sql server;ssis;ssrs;t-sql,analytics,general_analytics,SQL Data Analyst,Data Analyst,United States,Full-time,False,lukebarousse/data_jobs,6
656,Business Strategy Analyst - Deposits Analytics (Hybrid),USAA,"Tampa, FL","Title short: Business Analyst. Schedule: Full-time. Remote: False. Country: United States. Skills: c, excel, java, julia, phoenix, php, python, r, tableau.",c;excel;java;julia;phoenix;php;python;r;tableau,analytics,general_analytics,Business Strategy Analyst - Deposits Analytics (Hybrid),Business Analyst,United States,Full-time,False,lukebarousse/data_jobs,9
657,Engenheiro de Dados,INEX,"São Paulo, State of São Paulo, Brazil","Title short: Business Analyst. Schedule: Full-time. Remote: False. Country: Brazil. Skills: bigquery, gcp, pyspark, python, scala, spark.",bigquery;gcp;pyspark;python;scala;spark,analytics,general_analytics,Engenheiro de Dados,Business Analyst,Brazil,Full-time,False,lukebarousse/data_jobs,6
658,"Benefits Data Analysis & Reporting, Vice President",JPMorgan Chase & Co.,"Jersey City, NJ","Title short: Data Analyst. Schedule: Full-time. Remote: False. Country: United States. Skills: excel, powerpoint, python, r.",excel;powerpoint;python;r,analytics,general_analytics,"Benefits Data Analysis & Reporting, Vice President",Data Analyst,United States,Full-time,False,lukebarousse/data_jobs,4
659,Chief System Analyst (Data warehouse),"Bank of Communications Co.,Ltd.",Hong Kong,"Title short: Data Analyst. Schedule: Full-time. Remote: False. Country: Hong Kong. Skills: hadoop, kafka, python, r, sas, spark, tableau.",hadoop;kafka;python;r;sas;spark;tableau,analytics,general_analytics,Chief System Analyst (Data warehouse),Data Analyst,Hong Kong,Full-time,False,lukebarousse/data_jobs,7
660,Analytics & Automation Business Analyst,Mantu,"Madrid, Spain","Title short: Business Analyst. Schedule: Full-time. Remote: False. Country: Spain. Skills: alteryx, azure, python, r, sas.",alteryx;azure;python;r;sas,analytics,business_analytics,Analytics & Automation Business Analyst,Business Analyst,Spain,Full-time,False,lukebarousse/data_jobs,5
661,Data Analyst-68665,Unique Personnel,South Africa,"Title short: Data Analyst. Schedule: Full-time. Remote: False. Country: South Africa. Skills: excel, power bi, sql.",excel;power bi;sql,analytics,general_analytics,Data Analyst-68665,Data Analyst,South Africa,Full-time,False,lukebarousse/data_jobs,3
662,Data Analyst/Technical Business Analyst - AI & Data - Hong Kong,EY,Hong Kong,"Title short: Data Analyst. Schedule: Full-time. Remote: False. Country: Hong Kong. Skills: go, qlik, tableau.",go;qlik;tableau,analytics,business_analytics,Data Analyst/Technical Business Analyst - AI & Data - Hong Kong,Data Analyst,Hong Kong,Full-time,False,lukebarousse/data_jobs,3
663,Data & Reporting Analyst,Spectrum,"Charlotte, NC","Title short: Data Analyst. Schedule: Full-time. Remote: False. Country: United States. Skills: excel, sql, word.",excel;sql;word,bi,bi_reporting,Data & Reporting Analyst,Data Analyst,United States,Full-time,False,lukebarousse/data_jobs,3
664,Data Analyste (F/H),Foodles,France,"Title short: Data Analyst. Schedule: Full-time. Remote: False. Country: France. Skills: power bi, tableau.",power bi;tableau,analytics,general_analytics,Data Analyste (F/H),Data Analyst,France,Full-time,False,lukebarousse/data_jobs,2
665,Data Analyst,Campeón Gaming,"Thessaloniki, Greece","Title short: Data Analyst. Schedule: Full-time. Remote: False. Country: Greece. Skills: power bi, python, r, sql, tableau.",power bi;python;r;sql;tableau,analytics,general_analytics,Data Analyst,Data Analyst,Greece,Full-time,False,lukebarousse/data_jobs,5
666,Stagiaire Data Analyst,Ubisoft,"Bordeaux, France","Title short: Data Analyst. Schedule: nan. Remote: False. Country: France. Skills: airflow, git, hadoop, pyspark, python, sql, tableau.",airflow;git;hadoop;pyspark;python;sql;tableau,analytics,general_analytics,Stagiaire Data Analyst,Data Analyst,France,,False,lukebarousse/data_jobs,7
667,Data Architect,Aon,"Dublin, Ireland","Title short: Data Analyst. Schedule: Full-time. Remote: False. Country: Ireland. Skills: aws, databricks, flow, oracle, power bi, python, snowflake, spark, sql, sql server, ssis, tableau.",aws;databricks;flow;oracle;power bi;python;snowflake;spark;sql;sql server;ssis;tableau,analytics,general_analytics,Data Architect,Data Analyst,Ireland,Full-time,False,lukebarousse/data_jobs,12
668,Business Data Analyst,ABBVIE,"Hoofddorp, Netherlands","Title short: Data Analyst. Schedule: Full-time. Remote: False. Country: Netherlands. Skills: excel, sql.",excel;sql,analytics,general_analytics,Business Data Analyst,Data Analyst,Netherlands,Full-time,False,lukebarousse/data_jobs,2
669,Data Analyst - Freelance - Portugal/UK/Poland,Global Enterprise Partners,Poland,"Title short: Data Analyst. Schedule: Contractor. Remote: False. Country: Poland. Skills: python, r, sql.",python;r;sql,analytics,general_analytics,Data Analyst - Freelance - Portugal/UK/Poland,Data Analyst,Poland,Contractor,False,lukebarousse/data_jobs,3
670,Data Analyst,Ecojob,United Arab Emirates,"Title short: Data Analyst. Schedule: Full-time. Remote: False. Country: United Arab Emirates. Skills: excel, oracle, sql, tableau.",excel;oracle;sql;tableau,analytics,general_analytics,Data Analyst,Data Analyst,United Arab Emirates,Full-time,False,lukebarousse/data_jobs,4
671,Production Planner / Business Analyst and Data Expert in...,Nordea Bank Sverige AB,"Oslo, Norway","Title short: Business Analyst. Schedule: Full-time. Remote: False. Country: Norway. Skills: excel, planner, power bi, powerpoint, sql.",excel;planner;power bi;powerpoint;sql,analytics,business_analytics,Production Planner / Business Analyst and Data Expert in...,Business Analyst,Norway,Full-time,False,lukebarousse/data_jobs,5
672,Master Data Management Analyst,Mizuho OSI,"Union City, CA","Title short: Data Analyst. Schedule: Full-time. Remote: False. Country: United States. Skills: excel, gdpr, outlook, powerpoint, word.",excel;gdpr;outlook;powerpoint;word,analytics,general_analytics,Master Data Management Analyst,Data Analyst,United States,Full-time,False,lukebarousse/data_jobs,5
673,Data Analyst (Data Management and Platform Operations),The Coca-Cola Company,Singapore,"Title short: Data Analyst. Schedule: Full-time. Remote: False. Country: Singapore. Skills: azure, bigquery, kafka, microstrategy, oracle, power bi, python, redshift, sap, shell, spark, sql, sql server, tableau, yarn.",azure;bigquery;kafka;microstrategy;oracle;power bi;python;redshift;sap;shell;spark;sql;sql server;tableau;yarn,analytics,general_analytics,Data Analyst (Data Management and Platform Operations),Data Analyst,Singapore,Full-time,False,lukebarousse/data_jobs,15
674,Marketing Data Analyst,Вайзор Геймз,"Minsk, Belarus","Title short: Data Analyst. Schedule: Full-time. Remote: False. Country: Belarus. Skills: excel, sql.",excel;sql,analytics,general_analytics,Marketing Data Analyst,Data Analyst,Belarus,Full-time,False,lukebarousse/data_jobs,2
675,ALTERNANCE – Ingénieur Data Analyst des fonctions RH - F/H,Thales,"Toulouse, France","Title short: Data Analyst. Schedule: Part-time. Remote: False. Country: France. Skills: python, vue.",python;vue,analytics,general_analytics,ALTERNANCE – Ingénieur Data Analyst des fonctions RH - F/H,Data Analyst,France,Part-time,False,lukebarousse/data_jobs,2
676,Chargé de projets Data Analyst (H/F),ROLEX SA,"Geneva, Switzerland","Title short: Data Analyst. Schedule: Full-time. Remote: False. Country: Switzerland. Skills: python, r, sap, sql, tableau.",python;r;sap;sql;tableau,analytics,general_analytics,Chargé de projets Data Analyst (H/F),Data Analyst,Switzerland,Full-time,False,lukebarousse/data_jobs,5
677,Data Analyst,Guidehouse,"Suitland-Silver Hill, MD","Title short: Data Analyst. Schedule: Full-time. Remote: False. Country: United States. Skills: python, qlik, r, sql, tableau.",python;qlik;r;sql;tableau,analytics,general_analytics,Data Analyst,Data Analyst,United States,Full-time,False,lukebarousse/data_jobs,5
678,Senior Data Analyst,CareerXperts Consulting,Anywhere,"Title short: Senior Data Analyst. Schedule: Full-time. Remote: True. Country: India. Skills: power bi, python, r, sql, tableau.",power bi;python;r;sql;tableau,analytics,general_analytics,Senior Data Analyst,Senior Data Analyst,India,Full-time,True,lukebarousse/data_jobs,5
679,Data Analyst,"Option 1 Staffing Services, Inc.","Palo Alto, CA","Title short: Data Analyst. Schedule: Full-time. Remote: False. Country: United States. Skills: power bi, sql, tableau.",power bi;sql;tableau,analytics,general_analytics,Data Analyst,Data Analyst,United States,Full-time,False,lukebarousse/data_jobs,3
680,Statist & Data Analysis Assc,"UNHCR, the UN Refugee Agency","Dakar, Senegal","Title short: Data Analyst. Schedule: Full-time. Remote: False. Country: Senegal. Skills: python, r.",python;r,analytics,general_analytics,Statist & Data Analysis Assc,Data Analyst,Senegal,Full-time,False,lukebarousse/data_jobs,2
681,Senior Data Analyst - BI Specialist,VANRATH,"Dundonald, Belfast, UK","Title short: Senior Data Analyst. Schedule: Full-time and Temp work. Remote: False. Country: United Kingdom. Skills: excel, power bi, sharepoint.",excel;power bi;sharepoint,analytics,general_analytics,Senior Data Analyst - BI Specialist,Senior Data Analyst,United Kingdom,Full-time and Temp work,False,lukebarousse/data_jobs,3
682,Data analyst,Clémentine - Certified Search & Selection,France,"Title short: Data Analyst. Schedule: Full-time. Remote: False. Country: France. Skills: c#, css, gitlab, html, javascript, jquery, mariadb, oracle, postgresql, power bi, python, r, sql, sql server, ssis, ssrs.",c#;css;gitlab;html;javascript;jquery;mariadb;oracle;postgresql;power bi;python;r;sql;sql server;ssis;ssrs,analytics,general_analytics,Data analyst,Data Analyst,France,Full-time,False,lukebarousse/data_jobs,16
683,Data Analyst,Artech,"Glendale, CA","Title short: Data Analyst. Schedule: Full-time. Remote: False. Country: United States. Skills: excel, power bi, powerpoint, sql, tableau, visio.",excel;power bi;powerpoint;sql;tableau;visio,analytics,general_analytics,Data Analyst,Data Analyst,United States,Full-time,False,lukebarousse/data_jobs,6
684,Junior CRM/Retention Data Analyst,Boston Link,India,"Title short: Data Analyst. Schedule: Full-time. Remote: False. Country: India. Skills: excel, sql, tableau.",excel;sql;tableau,analytics,general_analytics,Junior CRM/Retention Data Analyst,Data Analyst,India,Full-time,False,lukebarousse/data_jobs,3
685,TM1 Planning & Reporting BI Analyst,SodaStream,"Kefar Sava, Israel","Title short: Business Analyst. Schedule: Full-time. Remote: False. Country: Israel. Skills: cognos, excel, sql.",cognos;excel;sql,bi,bi_reporting,TM1 Planning & Reporting BI Analyst,Business Analyst,Israel,Full-time,False,lukebarousse/data_jobs,3
686,Data Analyst,Embla Software Innovation (pvt) Ltd,"Colombo, Sri Lanka","Title short: Data Analyst. Schedule: Full-time. Remote: False. Country: Sri Lanka. Skills: looker, python, r, sql, tableau.",looker;python;r;sql;tableau,analytics,general_analytics,Data Analyst,Data Analyst,Sri Lanka,Full-time,False,lukebarousse/data_jobs,5
687,Senior Product Analyst | Candy Crush,King,"Stockholm, Sweden","Title short: Software Engineer. Schedule: Full-time. Remote: False. Country: Sweden. Skills: python, r, sql.",python;r;sql,analytics,product_analytics,Senior Product Analyst | Candy Crush,Software Engineer,Sweden,Full-time,False,lukebarousse/data_jobs,3
688,Data Analyst,E.ON Sverige,"Malmö, Sweden","Title short: Data Analyst. Schedule: Full-time. Remote: False. Country: Sweden. Skills: azure, python, qlik, snowflake, sql.",azure;python;qlik;snowflake;sql,analytics,general_analytics,Data Analyst,Data Analyst,Sweden,Full-time,False,lukebarousse/data_jobs,5
689,STAGE - Data Analyst Connectivité (Radio / 5G / WiFi / V2X / GNSS),Stellantis,"Poissy, France","Title short: Data Analyst. Schedule: Temp work and Internship. Remote: False. Country: France. Skills: c, java, python, r, vba.",c;java;python;r;vba,analytics,general_analytics,STAGE - Data Analyst Connectivité (Radio / 5G / WiFi / V2X / GNSS),Data Analyst,France,Temp work and Internship,False,lukebarousse/data_jobs,5
690,SQL Engineer (Data Analyst),CSG Recruit (PTY) LTD,"Centurion, South Africa","Title short: Data Analyst. Schedule: Full-time. Remote: False. Country: South Africa. Skills: azure, sql, ssis, t-sql.",azure;sql;ssis;t-sql,analytics,general_analytics,SQL Engineer (Data Analyst),Data Analyst,South Africa,Full-time,False,lukebarousse/data_jobs,4
691,Data Analyst,Emmbr,Australia,"Title short: Data Analyst. Schedule: Full-time and Temp work. Remote: False. Country: Australia. Skills: excel, sql, sql server, ssis.",excel;sql;sql server;ssis,analytics,general_analytics,Data Analyst,Data Analyst,Australia,Full-time and Temp work,False,lukebarousse/data_jobs,4
692,Human Resources Data Analyst,Continental Finance Company,"Wilmington, DE","Title short: Data Analyst. Schedule: Full-time. Remote: False. Country: United States. Skills: excel, python.",excel;python,analytics,general_analytics,Human Resources Data Analyst,Data Analyst,United States,Full-time,False,lukebarousse/data_jobs,2
693,Senior Data Analyst,UnitedHealth Group,"Dallas, TX","Title short: Senior Data Analyst. Schedule: Full-time. Remote: False. Country: United States. Skills: sql, sql server, ssis, ssrs.",sql;sql server;ssis;ssrs,analytics,general_analytics,Senior Data Analyst,Senior Data Analyst,United States,Full-time,False,lukebarousse/data_jobs,4
694,Transfer Pricing Data Analyst,KPMG PLT,Malaysia,"Title short: Data Analyst. Schedule: Full-time. Remote: False. Country: Malaysia. Skills: alteryx, aws, azure, gcp, power bi, python, sap, sql.",alteryx;aws;azure;gcp;power bi;python;sap;sql,analytics,general_analytics,Transfer Pricing Data Analyst,Data Analyst,Malaysia,Full-time,False,lukebarousse/data_jobs,8
695,Data Analyst,Infosys BPM,"Pune, Maharashtra, India","Title short: Data Analyst. Schedule: Full-time. Remote: False. Country: India. Skills: bigquery, excel, linux, pandas, qlik, r, shell, sql, tableau, terminal.",bigquery;excel;linux;pandas;qlik;r;shell;sql;tableau;terminal,analytics,general_analytics,Data Analyst,Data Analyst,India,Full-time,False,lukebarousse/data_jobs,10
696,Jr. Medical Data Analyst,EarlyTracks,"Brussels, Belgium","Title short: Data Analyst. Schedule: Full-time. Remote: False. Country: Belgium. Skills: gdpr, r.",gdpr;r,analytics,general_analytics,Jr. Medical Data Analyst,Data Analyst,Belgium,Full-time,False,lukebarousse/data_jobs,2
697,Business Intelligence Engineer,Amazon Europe Core,"Paris, France","Title short: Data Analyst. Schedule: Full-time. Remote: False. Country: France. Skills: matlab, python, r, sas, sql, tableau.",matlab;python;r;sas;sql;tableau,analytics,general_analytics,Business Intelligence Engineer,Data Analyst,France,Full-time,False,lukebarousse/data_jobs,6
698,"Data Analyst III, Servicing Operations",Lima One Capital,South Carolina,"Title short: Data Analyst. Schedule: Full-time. Remote: False. Country: United States. Skills: alteryx, crystal, python, r, ssrs, tableau.",alteryx;crystal;python;r;ssrs;tableau,analytics,general_analytics,"Data Analyst III, Servicing Operations",Data Analyst,United States,Full-time,False,lukebarousse/data_jobs,6
699,Junior BI Developer,Guidehouse,"Atlanta, GA","Title short: Data Analyst. Schedule: Full-time. Remote: False. Country: United States. Skills: excel, power bi, sql.",excel;power bi;sql,data_engineering,bi_engineering,Junior BI Developer,Data Analyst,United States,Full-time,False,lukebarousse/data_jobs,3
700,Data Analyst Associate,Annex Wealth Management,"Elm Grove, WI","Title short: Data Analyst. Schedule: Full-time. Remote: False. Country: United States. Skills: excel, spreadsheet.",excel;spreadsheet,analytics,general_analytics,Data Analyst Associate,Data Analyst,United States,Full-time,False,lukebarousse/data_jobs,2
701,Analytics Engineer II,idwall,Anywhere,"Title short: Data Analyst. Schedule: Full-time. Remote: True. Country: Brazil. Skills: airflow, looker, python, snowflake, spark, sql.",airflow;looker;python;snowflake;spark;sql,data_engineering,analytics_engineering,Analytics Engineer II,Data Analyst,Brazil,Full-time,True,lukebarousse/data_jobs,6
702,Data Analyst,World Data Lab,"Vienna, Austria","Title short: Data Analyst. Schedule: Full-time. Remote: False. Country: Austria. Skills: github, r.",github;r,analytics,general_analytics,Data Analyst,Data Analyst,Austria,Full-time,False,lukebarousse/data_jobs,2
703,Senior Data Analyst - BSC (Hybrid),Exelon,"Chicago, IL","Title short: Senior Data Analyst. Schedule: Full-time. Remote: False. Country: United States. Skills: power bi, sql, ssis.",power bi;sql;ssis,analytics,general_analytics,Senior Data Analyst - BSC (Hybrid),Senior Data Analyst,United States,Full-time,False,lukebarousse/data_jobs,3
704,Data Analyst,Unobravo | Servizio di psicologia online,Anywhere,"Title short: Data Analyst. Schedule: Full-time. Remote: True. Country: Italy. Skills: python, sql, tableau.",python;sql;tableau,analytics,general_analytics,Data Analyst,Data Analyst,Italy,Full-time,True,lukebarousse/data_jobs,3
705,"Analyst, Information System",BAXTER,Colombia,"Title short: Data Analyst. Schedule: Full-time. Remote: False. Country: Colombia. Skills: excel, sql, tableau.",excel;sql;tableau,analytics,general_analytics,"Analyst, Information System",Data Analyst,Colombia,Full-time,False,lukebarousse/data_jobs,3
706,Data Analyst (Insurance),Arch Global Services (Philippines) Inc.,Anywhere,"Title short: Data Analyst. Schedule: nan. Remote: True. Country: Philippines. Skills: excel, sas, spss, sql.",excel;sas;spss;sql,analytics,general_analytics,Data Analyst (Insurance),Data Analyst,Philippines,,True,lukebarousse/data_jobs,4
707,Consultant projet data senior,Joblift,"Paris, France","Title short: Data Analyst. Schedule: Temp work. Remote: False. Country: France. Skills: javascript, python.",javascript;python,analytics,general_analytics,Consultant projet data senior,Data Analyst,France,Temp work,False,lukebarousse/data_jobs,2
708,"Senior Data Analyst, Advanced Analytics",Gap Inc.,"San Francisco, CA","Title short: Senior Data Analyst. Schedule: Full-time. Remote: False. Country: United States. Skills: azure, databricks, power bi, python, sql, tableau.",azure;databricks;power bi;python;sql;tableau,analytics,general_analytics,"Senior Data Analyst, Advanced Analytics",Senior Data Analyst,United States,Full-time,False,lukebarousse/data_jobs,6
709,Business Data Analyst,AAA Northeast,"Westwood, MA","Title short: Data Analyst. Schedule: Full-time. Remote: False. Country: United States. Skills: excel, python, sql.",excel;python;sql,analytics,general_analytics,Business Data Analyst,Data Analyst,United States,Full-time,False,lukebarousse/data_jobs,3
710,"Data Visualization Analyst, Supply Chain",Rivian,"Normal, IL","Title short: Data Analyst. Schedule: Full-time. Remote: False. Country: United States. Skills: asana, confluence, excel, jira, power bi, powerpoint, python, sql, tableau, vba.",asana;confluence;excel;jira;power bi;powerpoint;python;sql;tableau;vba,analytics,general_analytics,"Data Visualization Analyst, Supply Chain",Data Analyst,United States,Full-time,False,lukebarousse/data_jobs,10
711,Data Analyst,SEACARE MANPOWER SERVICES PTE LTD,Singapore,"Title short: Data Analyst. Schedule: Full-time. Remote: False. Country: Singapore. Skills: excel, python, r, tableau.",excel;python;r;tableau,analytics,general_analytics,Data Analyst,Data Analyst,Singapore,Full-time,False,lukebarousse/data_jobs,4
712,Sales Analyst PPD,L'Oréal,"Kyiv, Ukraine","Title short: Business Analyst. Schedule: Full-time. Remote: False. Country: Ukraine. Skills: excel, power bi.",excel;power bi,analytics,general_analytics,Sales Analyst PPD,Business Analyst,Ukraine,Full-time,False,lukebarousse/data_jobs,2
713,HR Data Analyst,Westinghouse Electric Company,Poland,"Title short: Data Analyst. Schedule: Full-time. Remote: False. Country: Poland. Skills: excel, gdpr, powerpoint, sap.",excel;gdpr;powerpoint;sap,analytics,general_analytics,HR Data Analyst,Data Analyst,Poland,Full-time,False,lukebarousse/data_jobs,4
714,Data Analyst,Equifax,"Las Condes, Chile","Title short: Data Analyst. Schedule: Full-time. Remote: False. Country: Chile. Skills: css, html, javascript, python, r, sql, tableau.",css;html;javascript;python;r;sql;tableau,analytics,general_analytics,Data Analyst,Data Analyst,Chile,Full-time,False,lukebarousse/data_jobs,7
715,Data Analyst,BCforward,Canada,"Title short: Data Analyst. Schedule: Contractor. Remote: False. Country: Canada. Skills: excel, tableau.",excel;tableau,analytics,general_analytics,Data Analyst,Data Analyst,Canada,Contractor,False,lukebarousse/data_jobs,2
716,Data & Analytics Analyst,Keyloop,"Prague, Czechia","Title short: Data Analyst. Schedule: Full-time. Remote: False. Country: Czechia. Skills: mysql, power bi, sql.",mysql;power bi;sql,analytics,general_analytics,Data & Analytics Analyst,Data Analyst,Czechia,Full-time,False,lukebarousse/data_jobs,3
717,Data Analyst,Indium Software,"Bengaluru, Karnataka, India","Title short: Data Analyst. Schedule: Full-time. Remote: False. Country: India. Skills: python, r, sas, sql.",python;r;sas;sql,analytics,general_analytics,Data Analyst,Data Analyst,India,Full-time,False,lukebarousse/data_jobs,4
718,Data Analyst - People Analytics,Carrington West Limited,"Birmingham, UK","Title short: Data Analyst. Schedule: Full-time. Remote: False. Country: United Kingdom. Skills: excel, oracle, sap, sql, vba.",excel;oracle;sap;sql;vba,analytics,general_analytics,Data Analyst - People Analytics,Data Analyst,United Kingdom,Full-time,False,lukebarousse/data_jobs,5
719,Journeyman GIS Data Analyst,Leidos,"Columbia, IL","Title short: Data Analyst. Schedule: Full-time. Remote: False. Country: United States. Skills: python, sql.",python;sql,analytics,general_analytics,Journeyman GIS Data Analyst,Data Analyst,United States,Full-time,False,lukebarousse/data_jobs,2
720,Gas Supply Data Analyst - Remote | WFH,Get It Recruit - Information Technology,Anywhere,"Title short: Data Analyst. Schedule: Full-time. Remote: True. Country: United States. Skills: excel, python, spreadsheet.",excel;python;spreadsheet,analytics,general_analytics,Gas Supply Data Analyst - Remote | WFH,Data Analyst,United States,Full-time,True,lukebarousse/data_jobs,3
721,Data Test Analyst,Agensi Pekerjaan BTC Sdn Bhd,"Kuala Lumpur, Federal Territory of Kuala Lumpur, Malaysia","Title short: Data Analyst. Schedule: Full-time. Remote: False. Country: Malaysia. Skills: aws, azure, linux, selenium, sql.",aws;azure;linux;selenium;sql,analytics,general_analytics,Data Test Analyst,Data Analyst,Malaysia,Full-time,False,lukebarousse/data_jobs,5
722,"Data Analyst II, Business Intelligence",Cox Communications,"College Park, GA","Title short: Data Analyst. Schedule: Full-time. Remote: False. Country: United States. Skills: aws, excel, hadoop, microstrategy, snowflake, sql.",aws;excel;hadoop;microstrategy;snowflake;sql,analytics,general_analytics,"Data Analyst II, Business Intelligence",Data Analyst,United States,Full-time,False,lukebarousse/data_jobs,6
723,Analyst Data,Banque Internationale à Luxembourg (BIL),Luxembourg,"Title short: Data Analyst. Schedule: Full-time. Remote: False. Country: Luxembourg. Skills: excel, microstrategy, python, sql.",excel;microstrategy;python;sql,analytics,general_analytics,Analyst Data,Data Analyst,Luxembourg,Full-time,False,lukebarousse/data_jobs,4
724,Research Data Analyst- CX Team- Permanent,Irish Life Group Services Limited,"Dublin, Ireland","Title short: Data Analyst. Schedule: Full-time. Remote: False. Country: Ireland. Skills: excel, outlook, power bi, powerpoint.",excel;outlook;power bi;powerpoint,analytics,general_analytics,Research Data Analyst- CX Team- Permanent,Data Analyst,Ireland,Full-time,False,lukebarousse/data_jobs,4
725,Business Analyst // W2 ONLY,Precision Technologies,"Eatontown, NJ","Title short: Business Analyst. Schedule: Full-time. Remote: False. Country: United States. Skills: excel, sql.",excel;sql,analytics,business_analytics,Business Analyst // W2 ONLY,Business Analyst,United States,Full-time,False,lukebarousse/data_jobs,2
726,Business Intelligence Data Quality Analyst,"Maxor National Pharmacy Services, LLC","Plano, TX","Title short: Data Analyst. Schedule: Full-time. Remote: False. Country: United States. Skills: azure, cognos, excel, power bi, powerpoint, sql, ssrs, tableau, visio, word.",azure;cognos;excel;power bi;powerpoint;sql;ssrs;tableau;visio;word,analytics,general_analytics,Business Intelligence Data Quality Analyst,Data Analyst,United States,Full-time,False,lukebarousse/data_jobs,10
727,SR. Data Analyst,Lorven technologies,"Dallas, TX","Title short: Data Analyst. Schedule: Full-time. Remote: False. Country: United States. Skills: sql, ssis, ssrs, tableau.",sql;ssis;ssrs;tableau,analytics,general_analytics,SR. Data Analyst,Data Analyst,United States,Full-time,False,lukebarousse/data_jobs,4
728,Junior Data Analyst,Banca Ifis,"Florence, Metropolitan City of Florence, Italy","Title short: Data Analyst. Schedule: Full-time. Remote: False. Country: Italy. Skills: excel, sas, sql.",excel;sas;sql,analytics,general_analytics,Junior Data Analyst,Data Analyst,Italy,Full-time,False,lukebarousse/data_jobs,3
729,Data Quality Analyst,Insight Global,,"Title short: Data Analyst. Schedule: Full-time and Contractor. Remote: False. Country: United States. Skills: neo4j, sap.",neo4j;sap,analytics,general_analytics,Data Quality Analyst,Data Analyst,United States,Full-time and Contractor,False,lukebarousse/data_jobs,2
730,Data Analyst,One On One,"Antwerp, Belgium","Title short: Data Analyst. Schedule: Full-time. Remote: False. Country: Belgium. Skills: power bi, t-sql.",power bi;t-sql,analytics,general_analytics,Data Analyst,Data Analyst,Belgium,Full-time,False,lukebarousse/data_jobs,2
731,Data Analyst/Engineer (M/F/D),Bosch Group,"Aveiro, Portugal","Title short: Data Analyst. Schedule: Full-time. Remote: False. Country: Portugal. Skills: databricks, spark.",databricks;spark,analytics,general_analytics,Data Analyst/Engineer (M/F/D),Data Analyst,Portugal,Full-time,False,lukebarousse/data_jobs,2
732,"Assistant Vice President- Outbound Reporting, Data Operations",The Citco Group Limited,"Hyderabad, Telangana, India","Title short: Data Analyst. Schedule: Full-time. Remote: False. Country: India. Skills: sql, sql server, swift, t-sql, visual basic.",sql;sql server;swift;t-sql;visual basic,analytics,general_analytics,"Assistant Vice President- Outbound Reporting, Data Operations",Data Analyst,India,Full-time,False,lukebarousse/data_jobs,5
733,Data Analyst Content Discovery Platform at BurdaForward(m/f/x),BurdaForward,"Offenburg, Germany","Title short: Data Analyst. Schedule: Full-time. Remote: False. Country: Germany. Skills: aws, python, sql, tableau, windows.",aws;python;sql;tableau;windows,analytics,general_analytics,Data Analyst Content Discovery Platform at BurdaForward(m/f/x),Data Analyst,Germany,Full-time,False,lukebarousse/data_jobs,5
734,Commercial Analyst (Sales / Profit Margin Data Analyst),Thermo Fisher Scientific,"Tokyo, Japan","Title short: Data Analyst. Schedule: Full-time. Remote: False. Country: Japan. Skills: excel, unity.",excel;unity,analytics,general_analytics,Commercial Analyst (Sales / Profit Margin Data Analyst),Data Analyst,Japan,Full-time,False,lukebarousse/data_jobs,2
735,Business Data Analyst,Moon Active,"Tel Aviv-Yafo, Israel","Title short: Data Analyst. Schedule: Full-time. Remote: False. Country: Israel. Skills: python, r, sql.",python;r;sql,analytics,general_analytics,Business Data Analyst,Data Analyst,Israel,Full-time,False,lukebarousse/data_jobs,3
736,Data Analyst (789),U3 Infotech Pte Ltd.,Singapore,"Title short: Data Analyst. Schedule: Contractor. Remote: False. Country: Singapore. Skills: aws, excel, power bi, python, sql, tableau.",aws;excel;power bi;python;sql;tableau,analytics,general_analytics,Data Analyst (789),Data Analyst,Singapore,Contractor,False,lukebarousse/data_jobs,6
737,"Programmer Analyst, Data Analytics",Chicago Transit Authority,"Chicago, IL","Title short: Data Analyst. Schedule: Full-time. Remote: False. Country: United States. Skills: c#, c++, css, html, java, javascript, oracle, php, postgresql, python, r, ruby, sql, sql server.",c#;c++;css;html;java;javascript;oracle;php;postgresql;python;r;ruby;sql;sql server,analytics,general_analytics,"Programmer Analyst, Data Analytics",Data Analyst,United States,Full-time,False,lukebarousse/data_jobs,14
738,Actuarial Data Analyst,Search Talent,"Edinburgh, UK","Title short: Data Analyst. Schedule: Full-time. Remote: False. Country: United Kingdom. Skills: excel, sql.",excel;sql,analytics,general_analytics,Actuarial Data Analyst,Data Analyst,United Kingdom,Full-time,False,lukebarousse/data_jobs,2
739,Strategy & Analytics - Senior Analyst,Salesforce,"Hyderabad, Telangana, India","Title short: Business Analyst. Schedule: Full-time. Remote: False. Country: India. Skills: excel, power bi, sql, tableau.",excel;power bi;sql;tableau,analytics,general_analytics,Strategy & Analytics - Senior Analyst,Business Analyst,India,Full-time,False,lukebarousse/data_jobs,4
740,Principal Business Intelligence Analyst: HR Analytics,NTT,"Madrid, Spain","Title short: Business Analyst. Schedule: Full-time. Remote: False. Country: Spain. Skills: excel, sap.",excel;sap,bi,bi_reporting,Principal Business Intelligence Analyst: HR Analytics,Business Analyst,Spain,Full-time,False,lukebarousse/data_jobs,2
741,Data Analyst,Revolut,Anywhere,"Title short: Data Analyst. Schedule: Full-time. Remote: True. Country: Lithuania. Skills: java, python, scala, sql.",java;python;scala;sql,analytics,general_analytics,Data Analyst,Data Analyst,Lithuania,Full-time,True,lukebarousse/data_jobs,4
742,BI Information Analyst,Smals,"Anderlecht, Belgium","Title short: Business Analyst. Schedule: Full-time. Remote: False. Country: Belgium. Skills: excel, sql, visio.",excel;sql;visio,analytics,general_analytics,BI Information Analyst,Business Analyst,Belgium,Full-time,False,lukebarousse/data_jobs,3
743,Data Analyst,MTE,"Lyon, France","Title short: Data Analyst. Schedule: Full-time. Remote: False. Country: France. Skills: looker, power bi, redshift, snowflake, sql, tableau, vue.",looker;power bi;redshift;snowflake;sql;tableau;vue,analytics,general_analytics,Data Analyst,Data Analyst,France,Full-time,False,lukebarousse/data_jobs,7
744,Data Analyst,Expleo Group UK Jobs,"Sunderland, UK","Title short: Data Analyst. Schedule: Full-time. Remote: False. Country: United Kingdom. Skills: aws, go, python, sql.",aws;go;python;sql,analytics,general_analytics,Data Analyst,Data Analyst,United Kingdom,Full-time,False,lukebarousse/data_jobs,4
745,Data Analytics Manager,PwC,Dubai - United Arab Emirates,"Title short: Data Analyst. Schedule: Full-time. Remote: False. Country: United Arab Emirates. Skills: azure, confluence, github, gitlab, java, jira, nosql, python, r, sheets, ssis, visio.",azure;confluence;github;gitlab;java;jira;nosql;python;r;sheets;ssis;visio,analytics,general_analytics,Data Analytics Manager,Data Analyst,United Arab Emirates,Full-time,False,lukebarousse/data_jobs,12
746,Junior Safety Data Analyst,Labcorp,"Manila, Metro Manila, Philippines","Title short: Data Analyst. Schedule: Full-time. Remote: False. Country: Philippines. Skills: windows, word.",windows;word,analytics,general_analytics,Junior Safety Data Analyst,Data Analyst,Philippines,Full-time,False,lukebarousse/data_jobs,2
747,Financial Crime Data Analyst,Vodafone,"Scotland, UK","Title short: Data Analyst. Schedule: Full-time. Remote: False. Country: United Kingdom. Skills: excel, sas, sql.",excel;sas;sql,analytics,general_analytics,Financial Crime Data Analyst,Data Analyst,United Kingdom,Full-time,False,lukebarousse/data_jobs,3
748,Business & Data Analyst (m/w/d),Hays (Schweiz) AG,"Kreuzlingen, Switzerland","Title short: Data Analyst. Schedule: Full-time. Remote: False. Country: Switzerland. Skills: python, r, sql.",python;r;sql,analytics,general_analytics,Business & Data Analyst (m/w/d),Data Analyst,Switzerland,Full-time,False,lukebarousse/data_jobs,3
749,Data analist,LHH Recruitment Solutions,Réunion,"Title short: Data Analyst. Schedule: Full-time. Remote: False. Country: Réunion. Skills: sql, ssis, ssrs.",sql;ssis;ssrs,analytics,general_analytics,Data analist,Data Analyst,Réunion,Full-time,False,lukebarousse/data_jobs,3
750,Senior Data Analyst,"Yoh, A Day & Zimmermann Company","Roanoke, TX","Title short: Senior Data Analyst. Schedule: Contractor. Remote: False. Country: United States. Skills: flow, power bi, sql.",flow;power bi;sql,analytics,general_analytics,Senior Data Analyst,Senior Data Analyst,United States,Contractor,False,lukebarousse/data_jobs,3
751,Data analyst h/f,LEASECOM,"Sainte-Luce-sur-Loire, France","Title short: Data Analyst. Schedule: Full-time. Remote: False. Country: France. Skills: mysql, oracle, postgresql.",mysql;oracle;postgresql,analytics,general_analytics,Data analyst h/f,Data Analyst,France,Full-time,False,lukebarousse/data_jobs,3
752,Data Analyst,Insight Global,"Chico, CA","Title short: Data Analyst. Schedule: Full-time. Remote: False. Country: United States. Skills: excel, power bi, sharepoint.",excel;power bi;sharepoint,analytics,general_analytics,Data Analyst,Data Analyst,United States,Full-time,False,lukebarousse/data_jobs,3
753,Data Analyst,Axelon,"Tampa, FL","Title short: Data Analyst. Schedule: Full-time. Remote: False. Country: United States. Skills: excel, powerpoint.",excel;powerpoint,analytics,general_analytics,Data Analyst,Data Analyst,United States,Full-time,False,lukebarousse/data_jobs,2
754,Junior Data Analyst (m/f),Nanobit,"Zagreb, Croatia","Title short: Data Analyst. Schedule: Full-time. Remote: False. Country: Croatia. Skills: excel, python, r, sql, tableau.",excel;python;r;sql;tableau,analytics,general_analytics,Junior Data Analyst (m/f),Data Analyst,Croatia,Full-time,False,lukebarousse/data_jobs,5
755,Data Analyst Interns,VIPSHOP SINGAPORE PTE. LTD.,Singapore,"Title short: Data Analyst. Schedule: Internship. Remote: False. Country: Singapore. Skills: excel, sql.",excel;sql,analytics,general_analytics,Data Analyst Interns,Data Analyst,Singapore,Internship,False,lukebarousse/data_jobs,2
756,Data Reporting Analyst,KYYBA Inc,"Boston, MA","Title short: Data Analyst. Schedule: Full-time. Remote: False. Country: United States. Skills: redshift, sql, tableau.",redshift;sql;tableau,bi,bi_reporting,Data Reporting Analyst,Data Analyst,United States,Full-time,False,lukebarousse/data_jobs,3
757,Data Analyst,Western Digital,"Irvine, CA","Title short: Data Analyst. Schedule: Full-time. Remote: False. Country: United States. Skills: excel, power bi, sql, tableau.",excel;power bi;sql;tableau,analytics,general_analytics,Data Analyst,Data Analyst,United States,Full-time,False,lukebarousse/data_jobs,4
758,Senior Financial Data Analyst,KPMG Bulgaria,Anywhere,"Title short: Senior Data Analyst. Schedule: Full-time. Remote: True. Country: Bulgaria. Skills: excel, word.",excel;word,analytics,general_analytics,Senior Financial Data Analyst,Senior Data Analyst,Bulgaria,Full-time,True,lukebarousse/data_jobs,2
759,Data Analyst - Data17829,Acrisure,"Tampa, FL","Title short: Data Analyst. Schedule: Full-time. Remote: False. Country: United States. Skills: azure, databricks, linux, shell, sql.",azure;databricks;linux;shell;sql,analytics,general_analytics,Data Analyst - Data17829,Data Analyst,United States,Full-time,False,lukebarousse/data_jobs,5
760,Entry Level - Research Data Analyst / (Remote),REMOTE JOBS WORK FROM HOME,Anywhere,"Title short: Data Analyst. Schedule: Full-time. Remote: True. Country: Sweden. Skills: power bi, python, r, sql, tableau.",power bi;python;r;sql;tableau,analytics,general_analytics,Entry Level - Research Data Analyst / (Remote),Data Analyst,Sweden,Full-time,True,lukebarousse/data_jobs,5
761,Data Analytics Professional,Cogent Infotech Corp,"Austin, TX","Title short: Data Analyst. Schedule: Full-time. Remote: False. Country: United States. Skills: excel, python, tableau.",excel;python;tableau,analytics,general_analytics,Data Analytics Professional,Data Analyst,United States,Full-time,False,lukebarousse/data_jobs,3
762,Data Digital analyst H/F,GROUPE LA CENTRALE,"Gentilly, France","Title short: Data Analyst. Schedule: Full-time. Remote: False. Country: France. Skills: sql, tableau.",sql;tableau,analytics,general_analytics,Data Digital analyst H/F,Data Analyst,France,Full-time,False,lukebarousse/data_jobs,2
763,Business Intelligence Analyst (Dutch speaking),Harnham,"Leiden, Netherlands","Title short: Business Analyst. Schedule: Full-time. Remote: False. Country: Netherlands. Skills: azure, cognos, databricks, power bi, qlik, sap, snowflake, sql, sql server, ssis, ssrs, tableau.",azure;cognos;databricks;power bi;qlik;sap;snowflake;sql;sql server;ssis;ssrs;tableau,bi,bi_reporting,Business Intelligence Analyst (Dutch speaking),Business Analyst,Netherlands,Full-time,False,lukebarousse/data_jobs,12
764,Data Analyst,NTT DATA Italia,"Bari, Metropolitan City of Bari, Italy","Title short: Data Analyst. Schedule: Full-time. Remote: False. Country: Italy. Skills: java, oracle, python, sql.",java;oracle;python;sql,analytics,general_analytics,Data Analyst,Data Analyst,Italy,Full-time,False,lukebarousse/data_jobs,4
765,Data Analyst,Portcast,Anywhere,"Title short: Data Analyst. Schedule: Full-time. Remote: True. Country: Myanmar. Skills: flow, github, linux, python, react, sql.",flow;github;linux;python;react;sql,analytics,general_analytics,Data Analyst,Data Analyst,Myanmar,Full-time,True,lukebarousse/data_jobs,6
766,Global Business Intellligence Analyst,CareerWise Recruitment,"Cork, County Cork, Ireland","Title short: Business Analyst. Schedule: Full-time. Remote: False. Country: Ireland. Skills: excel, power bi, tableau.",excel;power bi;tableau,analytics,general_analytics,Global Business Intellligence Analyst,Business Analyst,Ireland,Full-time,False,lukebarousse/data_jobs,3
767,"Data Analyst II, Technical Support",Bristol Myers Squibb,"Hyderabad, Telangana, India","Title short: Data Analyst. Schedule: Full-time. Remote: False. Country: India. Skills: angular, aws, excel, react.",angular;aws;excel;react,analytics,general_analytics,"Data Analyst II, Technical Support",Data Analyst,India,Full-time,False,lukebarousse/data_jobs,4
768,Data Analyst,Agility Resoucing,"Leeds, UK","Title short: Data Analyst. Schedule: Full-time. Remote: False. Country: United Kingdom. Skills: excel, power bi, python, r, sql, tableau, vba.",excel;power bi;python;r;sql;tableau;vba,analytics,general_analytics,Data Analyst,Data Analyst,United Kingdom,Full-time,False,lukebarousse/data_jobs,7
769,Senior Data Analyst,CALYX,"Nottingham, UK","Title short: Senior Data Analyst. Schedule: Full-time. Remote: False. Country: United Kingdom. Skills: excel, jira, python, r, sql, swift.",excel;jira;python;r;sql;swift,analytics,general_analytics,Senior Data Analyst,Senior Data Analyst,United Kingdom,Full-time,False,lukebarousse/data_jobs,6
770,"Quality Engineer (Video Analytics), Data Science & Artificial...",GovTech Singapore,Singapore,"Title short: Data Engineer. Schedule: Full-time. Remote: False. Country: Singapore. Skills: go, java, javascript, linux, python, selenium, windows.",go;java;javascript;linux;python;selenium;windows,data_engineering,general_data_engineering,"Quality Engineer (Video Analytics), Data Science & Artificial...",Data Engineer,Singapore,Full-time,False,lukebarousse/data_jobs,7
771,Business Data Analyst,Accelerate Professional Talent Solutions,"Milwaukee, WI","Title short: Data Analyst. Schedule: Full-time. Remote: False. Country: United States. Skills: excel, power bi, sql, sql server, ssrs, t-sql, tableau.",excel;power bi;sql;sql server;ssrs;t-sql;tableau,analytics,general_analytics,Business Data Analyst,Data Analyst,United States,Full-time,False,lukebarousse/data_jobs,7
772,Lead Data Analyst,Launch IT Consulting India Private Limited,"Secunderabad, Telangana, India","Title short: Data Analyst. Schedule: Full-time. Remote: False. Country: India. Skills: azure, dax, excel, flow, jira, power bi, python, r, sql.",azure;dax;excel;flow;jira;power bi;python;r;sql,analytics,general_analytics,Lead Data Analyst,Data Analyst,India,Full-time,False,lukebarousse/data_jobs,9
773,Data Analyst,Jackpot,"New York, NY","Title short: Data Analyst. Schedule: Full-time. Remote: False. Country: United States. Skills: python, sql, tableau.",python;sql;tableau,analytics,general_analytics,Data Analyst,Data Analyst,United States,Full-time,False,lukebarousse/data_jobs,3
774,Data Analyst F/H CDI,Groupe Covéa,France,"Title short: Data Analyst. Schedule: Full-time. Remote: False. Country: France. Skills: excel, sas.",excel;sas,analytics,general_analytics,Data Analyst F/H CDI,Data Analyst,France,Full-time,False,lukebarousse/data_jobs,2
775,Data Analyst (m/w/d),Thermengruppe Josef Wund,"Euskirchen, Germany","Title short: Data Analyst. Schedule: Full-time. Remote: False. Country: Germany. Skills: javascript, sql.",javascript;sql,analytics,general_analytics,Data Analyst (m/w/d),Data Analyst,Germany,Full-time,False,lukebarousse/data_jobs,2
776,Medical Data Analyst,USC,"Los Angeles, CA","Title short: Data Analyst. Schedule: Full-time. Remote: False. Country: United States. Skills: spreadsheet, spss.",spreadsheet;spss,analytics,general_analytics,Medical Data Analyst,Data Analyst,United States,Full-time,False,lukebarousse/data_jobs,2
777,Staff Data Architect,Possible,Brazil,"Title short: Data Analyst. Schedule: Full-time. Remote: False. Country: Brazil. Skills: aws, flow, python, redshift, sql.",aws;flow;python;redshift;sql,analytics,general_analytics,Staff Data Architect,Data Analyst,Brazil,Full-time,False,lukebarousse/data_jobs,5
778,TWDB - 24-32 - Agricultural Water Data Analyst (Data Analyst II),Texas State Government,"Austin, TX","Title short: Data Analyst. Schedule: Full-time. Remote: False. Country: United States. Skills: excel, go, python, spreadsheet, word.",excel;go;python;spreadsheet;word,analytics,general_analytics,TWDB - 24-32 - Agricultural Water Data Analyst (Data Analyst II),Data Analyst,United States,Full-time,False,lukebarousse/data_jobs,5
779,Data Analyst - Stage de fin d'études - Paris 2e,Cleverconnect,"Paris, France","Title short: Data Analyst. Schedule: Full-time. Remote: False. Country: France. Skills: aws, bash, bigquery, elasticsearch, gcp, java, kafka, mysql, nosql, python, spark, sql, tableau, terraform, visio.",aws;bash;bigquery;elasticsearch;gcp;java;kafka;mysql;nosql;python;spark;sql;tableau;terraform;visio,analytics,general_analytics,Data Analyst - Stage de fin d'études - Paris 2e,Data Analyst,France,Full-time,False,lukebarousse/data_jobs,15
780,Insurance - Data Analyst - REMOTE,WAHVE,"Jacksonville, FL","Title short: Data Analyst. Schedule: Full-time. Remote: False. Country: United States. Skills: c#, css, excel, javascript, power bi, sql, sql server, ssis, ssrs.",c#;css;excel;javascript;power bi;sql;sql server;ssis;ssrs,analytics,general_analytics,Insurance - Data Analyst - REMOTE,Data Analyst,United States,Full-time,False,lukebarousse/data_jobs,9
781,Data Analyst,StaffMatters Recruitment,"Limassol, Cyprus","Title short: Data Analyst. Schedule: Full-time. Remote: False. Country: Cyprus. Skills: excel, sql, tableau.",excel;sql;tableau,analytics,general_analytics,Data Analyst,Data Analyst,Cyprus,Full-time,False,lukebarousse/data_jobs,3
782,"Data Analyst - Marketing Analytics, Regional Brand & Growth Marketing",Shopee,Singapore,"Title short: Data Analyst. Schedule: Full-time. Remote: False. Country: Singapore. Skills: hadoop, python, spark, sql.",hadoop;python;spark;sql,analytics,general_analytics,"Data Analyst - Marketing Analytics, Regional Brand & Growth Marketing",Data Analyst,Singapore,Full-time,False,lukebarousse/data_jobs,4
783,Senior Data Analyst,Über,"Bengaluru, Karnataka, India","Title short: Senior Data Analyst. Schedule: Full-time. Remote: False. Country: India. Skills: excel, go, looker, python, r, sql, tableau.",excel;go;looker;python;r;sql;tableau,analytics,general_analytics,Senior Data Analyst,Senior Data Analyst,India,Full-time,False,lukebarousse/data_jobs,7
784,"Data Analyst, R, Python",Technology Partners,"St. Louis, MO","Title short: Data Analyst. Schedule: Contractor. Remote: False. Country: United States. Skills: c++, excel, go, java, python, r, sas.",c++;excel;go;java;python;r;sas,analytics,general_analytics,"Data Analyst, R, Python",Data Analyst,United States,Contractor,False,lukebarousse/data_jobs,7
785,Senior Data Analyst/Scientist - Input Experience Analytics - Now...,Apple,"Cupertino, CA","Title short: Senior Data Analyst. Schedule: Full-time. Remote: False. Country: United States. Skills: python, splunk, sql, tableau.",python;splunk;sql;tableau,analytics,general_analytics,Senior Data Analyst/Scientist - Input Experience Analytics - Now...,Senior Data Analyst,United States,Full-time,False,lukebarousse/data_jobs,4
786,Senior Data Analyst,Encora,Singapore,"Title short: Senior Data Analyst. Schedule: Full-time. Remote: False. Country: Singapore. Skills: python, r, sql.",python;r;sql,analytics,general_analytics,Senior Data Analyst,Senior Data Analyst,Singapore,Full-time,False,lukebarousse/data_jobs,3
787,Data Analyst,Confidentiel,Morocco,"Title short: Data Analyst. Schedule: Full-time. Remote: False. Country: Morocco. Skills: hadoop, java, mysql, php, postgresql, python, r, sql, tableau.",hadoop;java;mysql;php;postgresql;python;r;sql;tableau,analytics,general_analytics,Data Analyst,Data Analyst,Morocco,Full-time,False,lukebarousse/data_jobs,9
788,Healthcare Data Analyst  (remote),AmerisourceBergen Corporation,"Frisco, TX","Title short: Data Analyst. Schedule: Full-time. Remote: False. Country: United States. Skills: excel, outlook, powerpoint, sql.",excel;outlook;powerpoint;sql,analytics,general_analytics,Healthcare Data Analyst  (remote),Data Analyst,United States,Full-time,False,lukebarousse/data_jobs,4
789,Quality Measures Data Analyst (REMOTE),Central Health,"Austin, TX","Title short: Data Analyst. Schedule: Full-time. Remote: False. Country: United States. Skills: excel, powerpoint, python, r, sql, word.",excel;powerpoint;python;r;sql;word,analytics,general_analytics,Quality Measures Data Analyst (REMOTE),Data Analyst,United States,Full-time,False,lukebarousse/data_jobs,6
790,Manufacturing Systems Data Analytics Lead,Honda,"Marysville, OH","Title short: Data Analyst. Schedule: Full-time. Remote: False. Country: United States. Skills: excel, go, javascript, sas, spss, sql.",excel;go;javascript;sas;spss;sql,analytics,general_analytics,Manufacturing Systems Data Analytics Lead,Data Analyst,United States,Full-time,False,lukebarousse/data_jobs,6
791,Senior Data Analyst,株式会社エウレカ,"Tokyo, Japan","Title short: Senior Data Analyst. Schedule: Full-time. Remote: False. Country: Japan. Skills: aurora, bigquery, dynamodb, elasticsearch, looker, python, tableau.",aurora;bigquery;dynamodb;elasticsearch;looker;python;tableau,analytics,general_analytics,Senior Data Analyst,Senior Data Analyst,Japan,Full-time,False,lukebarousse/data_jobs,7
792,Data Analytics Internship in Hyderabad at Pulse Pharmaceuticals,Pulse Pharmaceuticals,"Hyderabad, Telangana, India","Title short: Data Analyst. Schedule: Full-time. Remote: False. Country: India. Skills: power bi, python, sql, tableau.",power bi;python;sql;tableau,analytics,general_analytics,Data Analytics Internship in Hyderabad at Pulse Pharmaceuticals,Data Analyst,India,Full-time,False,lukebarousse/data_jobs,4
793,Senior BI Analyst (Associate/Deputy Manager),10 Minute School,"Dhaka, Bangladesh","Title short: Business Analyst. Schedule: Full-time. Remote: False. Country: Bangladesh. Skills: dplyr, excel, matplotlib, pandas, python, r, sheets, spreadsheet, sql, tableau.",dplyr;excel;matplotlib;pandas;python;r;sheets;spreadsheet;sql;tableau,bi,bi_reporting,Senior BI Analyst (Associate/Deputy Manager),Business Analyst,Bangladesh,Full-time,False,lukebarousse/data_jobs,10
794,Data Integration Analyst (West Coast/Chicago),Forsta,"Chicago, IL","Title short: Data Analyst. Schedule: Full-time. Remote: False. Country: United States. Skills: express, php, python.",express;php;python,analytics,general_analytics,Data Integration Analyst (West Coast/Chicago),Data Analyst,United States,Full-time,False,lukebarousse/data_jobs,3
795,Kunst-Auktions-Software Data Analyst oder Engineer,Argos Art GmbH,"Vienna, Austria","Title short: Data Analyst. Schedule: Full-time. Remote: False. Country: Austria. Skills: c#, docker, postgresql, python, react.",c#;docker;postgresql;python;react,analytics,general_analytics,Kunst-Auktions-Software Data Analyst oder Engineer,Data Analyst,Austria,Full-time,False,lukebarousse/data_jobs,5
796,Senior Data Analyst,Infineon Technologies,"Maia, Portugal","Title short: Senior Data Analyst. Schedule: Full-time. Remote: False. Country: Portugal. Skills: excel, sap, sql, tableau, vba.",excel;sap;sql;tableau;vba,analytics,general_analytics,Senior Data Analyst,Senior Data Analyst,Portugal,Full-time,False,lukebarousse/data_jobs,5
797,Marketing Analytics and Insight Manager,Harnham - Data & Analytics Recruitment,"Warwick, UK","Title short: Business Analyst. Schedule: Full-time. Remote: False. Country: United Kingdom. Skills: python, r, sas, sql.",python;r;sas;sql,analytics,general_analytics,Marketing Analytics and Insight Manager,Business Analyst,United Kingdom,Full-time,False,lukebarousse/data_jobs,4
798,Data Analyst,Better Placed Ltd - A Sunday Times Top 10 Employer in 2023!,"Leeds, UK","Title short: Data Analyst. Schedule: Full-time. Remote: False. Country: United Kingdom. Skills: gdpr, sql.",gdpr;sql,analytics,general_analytics,Data Analyst,Data Analyst,United Kingdom,Full-time,False,lukebarousse/data_jobs,2
799,ICM CCR Data Analyst,Citigroup,"Tampa, FL","Title short: Data Analyst. Schedule: Full-time. Remote: False. Country: United States. Skills: python, r, sql, vba.",python;r;sql;vba,analytics,general_analytics,ICM CCR Data Analyst,Data Analyst,United States,Full-time,False,lukebarousse/data_jobs,4
800,Senior Data Analyst,Cardinal Health,"Austin, TX","Title short: Senior Data Analyst. Schedule: Full-time. Remote: False. Country: United States. Skills: alteryx, excel, oracle, python, r, sap, sql, sql server, tableau.",alteryx;excel;oracle;python;r;sap;sql;sql server;tableau,analytics,general_analytics,Senior Data Analyst,Senior Data Analyst,United States,Full-time,False,lukebarousse/data_jobs,9
801,"Junior Data Analyst Digital Sales, Oslo",Nordea Bank,"Oslo, Norway","Title short: Data Analyst. Schedule: Full-time. Remote: False. Country: Norway. Skills: git, power bi, pyspark, python, r, snowflake, sql.",git;power bi;pyspark;python;r;snowflake;sql,analytics,general_analytics,"Junior Data Analyst Digital Sales, Oslo",Data Analyst,Norway,Full-time,False,lukebarousse/data_jobs,7
802,Data - Senior Data Analyst,Flexxy Recruitment Solutions,"Voorburg, Netherlands","Title short: Senior Data Analyst. Schedule: Full-time. Remote: False. Country: Netherlands. Skills: c#, python, sql, ssis.",c#;python;sql;ssis,analytics,general_analytics,Data - Senior Data Analyst,Senior Data Analyst,Netherlands,Full-time,False,lukebarousse/data_jobs,4
803,Video analytics and surveillance Internship - Full-stack/Data...,Kerberos.io,Anywhere,"Title short: Data Engineer. Schedule: Full-time and Internship. Remote: True. Country: Belgium. Skills: angular, docker, golang, keras, kubernetes, opencv, react, tensorflow.",angular;docker;golang;keras;kubernetes;opencv;react;tensorflow,data_engineering,general_data_engineering,Video analytics and surveillance Internship - Full-stack/Data...,Data Engineer,Belgium,Full-time and Internship,True,lukebarousse/data_jobs,8
804,Cloud Platform engineer in a data analytics context,K&H Csoport,"Budapest, Hungary","Title short: Cloud Engineer. Schedule: Full-time. Remote: False. Country: Hungary. Skills: aws, azure, gcp, kubernetes, pulumi, spark, terraform.",aws;azure;gcp;kubernetes;pulumi;spark;terraform,analytics,general_analytics,Cloud Platform engineer in a data analytics context,Cloud Engineer,Hungary,Full-time,False,lukebarousse/data_jobs,7
805,Business Intelligence Analyst,Harnham,"Düsseldorf, Germany","Title short: Business Analyst. Schedule: Full-time. Remote: False. Country: Germany. Skills: python, r, sql, tableau.",python;r;sql;tableau,bi,bi_reporting,Business Intelligence Analyst,Business Analyst,Germany,Full-time,False,lukebarousse/data_jobs,4
806,Analyst Engineer,INNOCV Solutions S.L.U.,"Madrid, Spain","Title short: Business Analyst. Schedule: Full-time. Remote: False. Country: Spain. Skills: aws, azure, gcp, oracle, sap, sql, tableau.",aws;azure;gcp;oracle;sap;sql;tableau,analytics,general_analytics,Analyst Engineer,Business Analyst,Spain,Full-time,False,lukebarousse/data_jobs,7
807,Medical Analyst,Verista,"Indianapolis, IN","Title short: Business Analyst. Schedule: Full-time. Remote: False. Country: United States. Skills: excel, powerpoint.",excel;powerpoint,analytics,general_analytics,Medical Analyst,Business Analyst,United States,Full-time,False,lukebarousse/data_jobs,2
808,Data Analyst - Full-time / Part-time,TRC Talent Solutions,"Clayton, GA","Title short: Data Analyst. Schedule: Full-time and Part-time. Remote: False. Country: United States. Skills: excel, matplotlib, pandas, power bi, python, snowflake, sql, tableau, word.",excel;matplotlib;pandas;power bi;python;snowflake;sql;tableau;word,analytics,general_analytics,Data Analyst - Full-time / Part-time,Data Analyst,United States,Full-time and Part-time,False,lukebarousse/data_jobs,9
809,Decision Strategy Designer,Satori Analytics,"Athens, Greece","Title short: Business Analyst. Schedule: Full-time. Remote: False. Country: Greece. Skills: excel, python, spss, sql.",excel;python;spss;sql,analytics,general_analytics,Decision Strategy Designer,Business Analyst,Greece,Full-time,False,lukebarousse/data_jobs,4
810,Data Analist,Guidion,"Amsterdam, Netherlands","Title short: Data Analyst. Schedule: Full-time. Remote: False. Country: Netherlands. Skills: aws, python, sql.",aws;python;sql,analytics,general_analytics,Data Analist,Data Analyst,Netherlands,Full-time,False,lukebarousse/data_jobs,3
811,Data Analyst,WorkOnGrid,"Bengaluru, Karnataka, India","Title short: Data Analyst. Schedule: Full-time. Remote: False. Country: India. Skills: flow, sql.",flow;sql,analytics,general_analytics,Data Analyst,Data Analyst,India,Full-time,False,lukebarousse/data_jobs,2
812,Alternant Data Analyst H/F,Engie Solutions,"Saint-Denis, France","Title short: Data Analyst. Schedule: Full-time. Remote: False. Country: France. Skills: excel, python, sql, vba.",excel;python;sql;vba,analytics,general_analytics,Alternant Data Analyst H/F,Data Analyst,France,Full-time,False,lukebarousse/data_jobs,4
813,Mentor Data Analyst,OpenClassrooms,"Las Vegas, NV","Title short: Data Analyst. Schedule: Full-time. Remote: False. Country: United States. Skills: python, r.",python;r,analytics,general_analytics,Mentor Data Analyst,Data Analyst,United States,Full-time,False,lukebarousse/data_jobs,2
814,IT Financial Analyst,Emerson,"San José Province, San José, Costa Rica","Title short: Business Analyst. Schedule: Full-time. Remote: False. Country: Costa Rica. Skills: excel, powerpoint, word.",excel;powerpoint;word,analytics,general_analytics,IT Financial Analyst,Business Analyst,Costa Rica,Full-time,False,lukebarousse/data_jobs,3
815,Data Business Analyst,Spuerkeess,Luxembourg,"Title short: Business Analyst. Schedule: Full-time. Remote: False. Country: Luxembourg. Skills: excel, gdpr, sharepoint, sql, vue, word.",excel;gdpr;sharepoint;sql;vue;word,analytics,business_analytics,Data Business Analyst,Business Analyst,Luxembourg,Full-time,False,lukebarousse/data_jobs,6
816,Change Management Data Analyst (m/w/d),Amazon TA,"Kobern-Gondorf, Germany","Title short: Data Analyst. Schedule: Full-time. Remote: False. Country: Germany. Skills: c++, java, mysql, oracle, python, vba.",c++;java;mysql;oracle;python;vba,analytics,general_analytics,Change Management Data Analyst (m/w/d),Data Analyst,Germany,Full-time,False,lukebarousse/data_jobs,6
817,Associate Data Analyst,Hilton,Anywhere,"Title short: Data Analyst. Schedule: Full-time. Remote: True. Country: United States. Skills: aws, css, excel, go, html, javascript, microsoft teams, powerpoint, redshift, sql, word.",aws;css;excel;go;html;javascript;microsoft teams;powerpoint;redshift;sql;word,analytics,general_analytics,Associate Data Analyst,Data Analyst,United States,Full-time,True,lukebarousse/data_jobs,11
818,Senior Product Analyst,Chargebee,Anywhere,"Title short: Software Engineer. Schedule: Full-time. Remote: True. Country: India. Skills: python, r, sas, sql, swift.",python;r;sas;sql;swift,analytics,product_analytics,Senior Product Analyst,Software Engineer,India,Full-time,True,lukebarousse/data_jobs,5
819,Business Analytics Consultant,NTT DATA,Denmark,"Title short: Business Analyst. Schedule: Full-time. Remote: False. Country: Denmark. Skills: alteryx, qlik, sap, snowflake, tableau.",alteryx;qlik;sap;snowflake;tableau,analytics,general_analytics,Business Analytics Consultant,Business Analyst,Denmark,Full-time,False,lukebarousse/data_jobs,5
820,Data Analyst Internship,Prinsiri,Thailand,"Title short: Data Analyst. Schedule: Full-time. Remote: False. Country: Thailand. Skills: bigquery, selenium.",bigquery;selenium,analytics,general_analytics,Data Analyst Internship,Data Analyst,Thailand,Full-time,False,lukebarousse/data_jobs,2
821,Associate Statistical Data Analyst(P2),International Atomic Energy Agency (IAEA),Austria,"Title short: Data Analyst. Schedule: Contractor. Remote: False. Country: Austria. Skills: python, r, sql.",python;r;sql,analytics,general_analytics,Associate Statistical Data Analyst(P2),Data Analyst,Austria,Contractor,False,lukebarousse/data_jobs,3
822,Data Analyst - H/F,Atol Conseils et Développements,"Gevrey-Chambertin, France","Title short: Data Analyst. Schedule: Full-time. Remote: False. Country: France. Skills: chef, power bi, qlik, sql, tableau, visio.",chef;power bi;qlik;sql;tableau;visio,analytics,general_analytics,Data Analyst - H/F,Data Analyst,France,Full-time,False,lukebarousse/data_jobs,6
823,Senior Data Analyst,JLL,Riyadh Saudi Arabia,"Title short: Senior Data Analyst. Schedule: Full-time. Remote: False. Country: Saudi Arabia. Skills: alteryx, spark, tableau.",alteryx;spark;tableau,analytics,general_analytics,Senior Data Analyst,Senior Data Analyst,Saudi Arabia,Full-time,False,lukebarousse/data_jobs,3
824,Data Analyst,Cardinal Health,"Dallas, TX","Title short: Data Analyst. Schedule: Full-time. Remote: False. Country: United States. Skills: alteryx, python, r, sql, tableau.",alteryx;python;r;sql;tableau,analytics,general_analytics,Data Analyst,Data Analyst,United States,Full-time,False,lukebarousse/data_jobs,5
825,Senior Data Analyst,Shopee,"Kuala Lumpur, Federal Territory of Kuala Lumpur, Malaysia","Title short: Senior Data Analyst. Schedule: Full-time. Remote: False. Country: Malaysia. Skills: excel, power bi, python, r, sql, tableau.",excel;power bi;python;r;sql;tableau,analytics,general_analytics,Senior Data Analyst,Senior Data Analyst,Malaysia,Full-time,False,lukebarousse/data_jobs,6
826,Online Marketing Analyst - Data Collection & Insights,Netprofiler,"Amsterdam, Netherlands","Title short: Data Analyst. Schedule: Full-time. Remote: False. Country: Netherlands. Skills: aws, azure, css, html, javascript, looker, power bi, python, scala, sql.",aws;azure;css;html;javascript;looker;power bi;python;scala;sql,analytics,general_analytics,Online Marketing Analyst - Data Collection & Insights,Data Analyst,Netherlands,Full-time,False,lukebarousse/data_jobs,10
827,Data Analyst,Occubee,"Cluj-Napoca, Romania","Title short: Data Analyst. Schedule: Full-time. Remote: False. Country: Romania. Skills: excel, python, sql.",excel;python;sql,analytics,general_analytics,Data Analyst,Data Analyst,Romania,Full-time,False,lukebarousse/data_jobs,3
828,Data Analyst,Job Duck,Anywhere,"Title short: Data Analyst. Schedule: Full-time. Remote: True. Country: Argentina. Skills: excel, javascript, power bi, python, sheets, sql.",excel;javascript;power bi;python;sheets;sql,analytics,general_analytics,Data Analyst,Data Analyst,Argentina,Full-time,True,lukebarousse/data_jobs,6
829,Business Intelligence Analyst,ibet.com - Claymore Group,"Sliema, Malta","Title short: Business Analyst. Schedule: Full-time. Remote: False. Country: Malta. Skills: power bi, tableau.",power bi;tableau,bi,bi_reporting,Business Intelligence Analyst,Business Analyst,Malta,Full-time,False,lukebarousse/data_jobs,2
830,Marketing Analyst,SYBO,"Copenhagen, Denmark","Title short: Business Analyst. Schedule: Full-time. Remote: False. Country: Denmark. Skills: looker, python, r, sql.",looker;python;r;sql,analytics,general_analytics,Marketing Analyst,Business Analyst,Denmark,Full-time,False,lukebarousse/data_jobs,4
831,Business Data Analyst,Allen Recruitment,"Dublin, Ireland","Title short: Data Analyst. Schedule: nan. Remote: False. Country: Ireland. Skills: hadoop, python, r, sql, word.",hadoop;python;r;sql;word,analytics,general_analytics,Business Data Analyst,Data Analyst,Ireland,,False,lukebarousse/data_jobs,5
832,Senior Data Analyst,Walmart,"Mt Vernon, IL","Title short: Senior Data Analyst. Schedule: Full-time and Part-time. Remote: False. Country: United States. Skills: power bi, python, r, scala, spark, sql, tableau.",power bi;python;r;scala;spark;sql;tableau,analytics,general_analytics,Senior Data Analyst,Senior Data Analyst,United States,Full-time and Part-time,False,lukebarousse/data_jobs,7
833,Senior Data Analyst,Change Healthcare,"Columbia, SC","Title short: Senior Data Analyst. Schedule: Full-time. Remote: False. Country: United States. Skills: excel, powerpoint, react, sql, visio.",excel;powerpoint;react;sql;visio,analytics,general_analytics,Senior Data Analyst,Senior Data Analyst,United States,Full-time,False,lukebarousse/data_jobs,5
834,Data Analyst,Spectraforce Technologies,"Jacksonville, FL","Title short: Data Analyst. Schedule: Full-time. Remote: False. Country: United States. Skills: excel, powerpoint, sas, sql, word.",excel;powerpoint;sas;sql;word,analytics,general_analytics,Data Analyst,Data Analyst,United States,Full-time,False,lukebarousse/data_jobs,5
835,Data Analyst Intern,Admivo,"Indore, Madhya Pradesh, India","Title short: Data Analyst. Schedule: Internship. Remote: False. Country: India. Skills: excel, spreadsheet.",excel;spreadsheet,analytics,general_analytics,Data Analyst Intern,Data Analyst,India,Internship,False,lukebarousse/data_jobs,2
836,GDS Tax - TDO (Data Analyst/Operations) Staff,EY,"Taguig, Metro Manila, Philippines","Title short: Data Analyst. Schedule: nan. Remote: False. Country: Philippines. Skills: excel, power bi, python, r, sql, vba.",excel;power bi;python;r;sql;vba,analytics,general_analytics,GDS Tax - TDO (Data Analyst/Operations) Staff,Data Analyst,Philippines,,False,lukebarousse/data_jobs,6
837,Data Analyst (Remote) (6125 USD/Mes),Listopro,Anywhere,"Title short: Data Analyst. Schedule: Full-time. Remote: True. Country: Chile. Skills: html, python, r.",html;python;r,analytics,general_analytics,Data Analyst (Remote) (6125 USD/Mes),Data Analyst,Chile,Full-time,True,lukebarousse/data_jobs,3
838,Data Analyst Supporting the DEA,Forfeiture Support Associates,"Milwaukee, WI","Title short: Data Analyst. Schedule: Full-time. Remote: False. Country: United States. Skills: excel, powerpoint, word.",excel;powerpoint;word,analytics,general_analytics,Data Analyst Supporting the DEA,Data Analyst,United States,Full-time,False,lukebarousse/data_jobs,3
839,Marketing Data Analyst,Agility Resoucing,"Manchester, UK","Title short: Data Analyst. Schedule: Full-time. Remote: False. Country: United Kingdom. Skills: excel, power bi, python, r, spss, sql, vba.",excel;power bi;python;r;spss;sql;vba,analytics,general_analytics,Marketing Data Analyst,Data Analyst,United Kingdom,Full-time,False,lukebarousse/data_jobs,7
840,Senior Business Intelligence Analyst,CARSOME,Malaysia,"Title short: Business Analyst. Schedule: nan. Remote: False. Country: Malaysia. Skills: c#, excel, python, r, sql, tableau.",c#;excel;python;r;sql;tableau,bi,bi_reporting,Senior Business Intelligence Analyst,Business Analyst,Malaysia,,False,lukebarousse/data_jobs,6
841,Analyste de données,Choisir le Québec,Anywhere,"Title short: Data Analyst. Schedule: Full-time. Remote: True. Country: Guadeloupe. Skills: excel, java, php, power bi, python, sap, sql, vba.",excel;java;php;power bi;python;sap;sql;vba,analytics,general_analytics,Analyste de données,Data Analyst,Guadeloupe,Full-time,True,lukebarousse/data_jobs,8
842,Data Analyst/SQL Analyst,CVS Health,"Chicago, IL","Title short: Data Analyst. Schedule: Full-time. Remote: False. Country: United States. Skills: python, sql.",python;sql,analytics,general_analytics,Data Analyst/SQL Analyst,Data Analyst,United States,Full-time,False,lukebarousse/data_jobs,2
843,Data Analyst,JobCenter,Ajman - United Arab Emirates,"Title short: Data Analyst. Schedule: Full-time. Remote: False. Country: United Arab Emirates. Skills: python, sas, sql, unity.",python;sas;sql;unity,analytics,general_analytics,Data Analyst,Data Analyst,United Arab Emirates,Full-time,False,lukebarousse/data_jobs,4
844,Analyst Data,Etablissements Darty Et Fils,France,"Title short: Data Analyst. Schedule: Full-time. Remote: False. Country: France. Skills: gcp, python, r, sas, sql.",gcp;python;r;sas;sql,analytics,general_analytics,Analyst Data,Data Analyst,France,Full-time,False,lukebarousse/data_jobs,5
845,Mft Fx Founding Quantitative Engineer,HUMBLE SHEPARD PTE. LTD.,Singapore,"Title short: Data Analyst. Schedule: Full-time. Remote: False. Country: Singapore. Skills: c++, java, python.",c++;java;python,analytics,general_analytics,Mft Fx Founding Quantitative Engineer,Data Analyst,Singapore,Full-time,False,lukebarousse/data_jobs,3
846,Data Analyst,EPITEC,"Chicago, IL","Title short: Data Analyst. Schedule: Full-time and Contractor. Remote: False. Country: United States. Skills: powershell, python, r, sql, tableau, windows.",powershell;python;r;sql;tableau;windows,analytics,general_analytics,Data Analyst,Data Analyst,United States,Full-time and Contractor,False,lukebarousse/data_jobs,6
847,Information Technology Finance/ Technology Business Management...,PBG Consulting,Anywhere,"Title short: Business Analyst. Schedule: Full-time. Remote: True. Country: United States. Skills: azure, oracle, power bi, powerpoint.",azure;oracle;power bi;powerpoint,analytics,general_analytics,Information Technology Finance/ Technology Business Management...,Business Analyst,United States,Full-time,True,lukebarousse/data_jobs,4
848,Power BI Data Analyst,Western Digital,"Kefar Sava, Israel","Title short: Data Analyst. Schedule: Full-time. Remote: False. Country: Israel. Skills: jira, power bi, sql, tableau.",jira;power bi;sql;tableau,analytics,general_analytics,Power BI Data Analyst,Data Analyst,Israel,Full-time,False,lukebarousse/data_jobs,4
849,Senior DevOps Engineer - Big Data Analytics & Cloud infrastructure,ServiceNow,"Dublin, Ireland","Title short: Senior Data Engineer. Schedule: Full-time. Remote: False. Country: Ireland. Skills: ansible, aws, azure, centos, hadoop, java, puppet, python, shell, spark, terraform, yarn.",ansible;aws;azure;centos;hadoop;java;puppet;python;shell;spark;terraform;yarn,analytics,general_analytics,Senior DevOps Engineer - Big Data Analytics & Cloud infrastructure,Senior Data Engineer,Ireland,Full-time,False,lukebarousse/data_jobs,12
850,Business Analyst Senior,"Ampcus, Inc","Bloomington, IL","Title short: Business Analyst. Schedule: Full-time. Remote: False. Country: United States. Skills: excel, powerpoint, visio, word.",excel;powerpoint;visio;word,analytics,business_analytics,Business Analyst Senior,Business Analyst,United States,Full-time,False,lukebarousse/data_jobs,4
851,"Business Intelligence Analyst - Business Intelligence, Cross Border",Shopee,Singapore,"Title short: Business Analyst. Schedule: Full-time. Remote: False. Country: Singapore. Skills: excel, flow, hadoop, python, sheets, spark, sql, tableau, vba.",excel;flow;hadoop;python;sheets;spark;sql;tableau;vba,bi,bi_reporting,"Business Intelligence Analyst - Business Intelligence, Cross Border",Business Analyst,Singapore,Full-time,False,lukebarousse/data_jobs,9
852,Data Analyst,Sabenza It,South Africa,"Title short: Data Analyst. Schedule: Full-time. Remote: False. Country: South Africa. Skills: python, r, sql.",python;r;sql,analytics,general_analytics,Data Analyst,Data Analyst,South Africa,Full-time,False,lukebarousse/data_jobs,3
853,Data Analyst - QlikView / QlikSense,Rise Technical Recruitment Ltd,"Birmingham, UK","Title short: Data Analyst. Schedule: Full-time. Remote: False. Country: United Kingdom. Skills: excel, sql.",excel;sql,analytics,general_analytics,Data Analyst - QlikView / QlikSense,Data Analyst,United Kingdom,Full-time,False,lukebarousse/data_jobs,2
854,Data Analyst Manager,Binance,"Taipei, Taiwan","Title short: Data Analyst. Schedule: nan. Remote: False. Country: Taiwan. Skills: c++, java, neo4j, nosql, python, r, sas, sql, tableau, vba.",c++;java;neo4j;nosql;python;r;sas;sql;tableau;vba,analytics,general_analytics,Data Analyst Manager,Data Analyst,Taiwan,,False,lukebarousse/data_jobs,10
855,Data Analyst,TalentBurst,"Los Angeles, CA","Title short: Data Analyst. Schedule: Full-time. Remote: False. Country: United States. Skills: excel, powerpoint, sas, sql, word.",excel;powerpoint;sas;sql;word,analytics,general_analytics,Data Analyst,Data Analyst,United States,Full-time,False,lukebarousse/data_jobs,5
856,Technical Business Analyst,"AQUA Information Systems, Inc.","Charlotte, NC","Title short: Business Analyst. Schedule: Contractor. Remote: False. Country: United States. Skills: oracle, python, sql.",oracle;python;sql,analytics,business_analytics,Technical Business Analyst,Business Analyst,United States,Contractor,False,lukebarousse/data_jobs,3
857,Data Analyst Expérimenté -Rennes - F/H,Capgemini,"Rennes, France","Title short: Data Analyst. Schedule: Full-time. Remote: False. Country: France. Skills: power bi, sql, tableau.",power bi;sql;tableau,analytics,general_analytics,Data Analyst Expérimenté -Rennes - F/H,Data Analyst,France,Full-time,False,lukebarousse/data_jobs,3
858,Data & Reports Analyst,KG Call Center,"Greater Carrollwood, FL","Title short: Data Analyst. Schedule: Full-time. Remote: False. Country: United States. Skills: excel, sas.",excel;sas,analytics,general_analytics,Data & Reports Analyst,Data Analyst,United States,Full-time,False,lukebarousse/data_jobs,2
859,Data analyst,New Possible,United Kingdom,"Title short: Data Analyst. Schedule: Full-time. Remote: False. Country: United Kingdom. Skills: excel, tableau.",excel;tableau,analytics,general_analytics,Data analyst,Data Analyst,United Kingdom,Full-time,False,lukebarousse/data_jobs,2
860,Statistical Reporting Business Analyst - Remote | WFH,Get It Recruit - Information Technology,Anywhere,"Title short: Business Analyst. Schedule: Full-time. Remote: True. Country: United States. Skills: excel, looker, ms access, redshift, spreadsheet, sql, sql server.",excel;looker;ms access;redshift;spreadsheet;sql;sql server,analytics,business_analytics,Statistical Reporting Business Analyst - Remote | WFH,Business Analyst,United States,Full-time,True,lukebarousse/data_jobs,7
861,Data Analyst (ID#10751),Worldgate LLC,"San Jose, CA","Title short: Data Analyst. Schedule: Full-time. Remote: False. Country: United States. Skills: c#, excel, outlook, powershell, python, sql, sql server, word.",c#;excel;outlook;powershell;python;sql;sql server;word,analytics,general_analytics,Data Analyst (ID#10751),Data Analyst,United States,Full-time,False,lukebarousse/data_jobs,8
862,Data Analyst - Defence Sector - SC Clearance - London - Hybrid working,Nexere Consulting,United Kingdom,"Title short: Data Analyst. Schedule: Full-time. Remote: False. Country: United Kingdom. Skills: excel, sql, vba.",excel;sql;vba,analytics,general_analytics,Data Analyst - Defence Sector - SC Clearance - London - Hybrid working,Data Analyst,United Kingdom,Full-time,False,lukebarousse/data_jobs,3
863,Oliver Wyman- Celent- Data Analyst,Marsh McLennan,"Mexico City, CDMX, Mexico","Title short: Data Analyst. Schedule: Full-time. Remote: False. Country: Mexico. Skills: powerpoint, python, r, sql, vba.",powerpoint;python;r;sql;vba,analytics,general_analytics,Oliver Wyman- Celent- Data Analyst,Data Analyst,Mexico,Full-time,False,lukebarousse/data_jobs,5
864,Senior Consultant - Data Analytics,EY,"Galway, Ireland","Title short: Senior Data Analyst. Schedule: Full-time. Remote: False. Country: Ireland. Skills: python, r, sql, tableau.",python;r;sql;tableau,analytics,general_analytics,Senior Consultant - Data Analytics,Senior Data Analyst,Ireland,Full-time,False,lukebarousse/data_jobs,4
865,Sales Data Analyst,Epson Europe B.V.,"Prague, Czechia","Title short: Data Analyst. Schedule: Full-time. Remote: False. Country: Czechia. Skills: excel, sap.",excel;sap,analytics,general_analytics,Sales Data Analyst,Data Analyst,Czechia,Full-time,False,lukebarousse/data_jobs,2
866,"Sr Specialist, Data Analytics - Fin Ops, Chargebacks",Cardinal Health,"Dallas, TX","Title short: Senior Data Analyst. Schedule: Full-time. Remote: False. Country: United States. Skills: alteryx, gcp, sql, tableau.",alteryx;gcp;sql;tableau,analytics,general_analytics,"Sr Specialist, Data Analytics - Fin Ops, Chargebacks",Senior Data Analyst,United States,Full-time,False,lukebarousse/data_jobs,4
867,Senior Data Analyst/ Technical Steward,Takeda,"Vienna, Austria","Title short: Senior Data Analyst. Schedule: Full-time. Remote: False. Country: Austria. Skills: aws, databricks, javascript, mongodb, neo4j, nosql, oracle, pyspark, python, redshift, sql.",aws;databricks;javascript;mongodb;neo4j;nosql;oracle;pyspark;python;redshift;sql,analytics,general_analytics,Senior Data Analyst/ Technical Steward,Senior Data Analyst,Austria,Full-time,False,lukebarousse/data_jobs,11
868,Data Analyst - Full-time,Kelly Services,"Portage, MI","Title short: Data Analyst. Schedule: Full-time and Temp work. Remote: False. Country: United States. Skills: excel, go, power bi, sharepoint, word.",excel;go;power bi;sharepoint;word,analytics,general_analytics,Data Analyst - Full-time,Data Analyst,United States,Full-time and Temp work,False,lukebarousse/data_jobs,5
869,Jr. Data Analyst / Full-time (Remote),Dallas IT,"Fort McMurray, AB, Canada","Title short: Data Analyst. Schedule: Full-time. Remote: False. Country: Canada. Skills: flow, sql.",flow;sql,analytics,general_analytics,Jr. Data Analyst / Full-time (Remote),Data Analyst,Canada,Full-time,False,lukebarousse/data_jobs,2
870,IT - Metrics Analyst - Data Visualization,eTeam Workforce Pte Ltd,"Kuala Lumpur, Federal Territory of Kuala Lumpur, Malaysia","Title short: Data Analyst. Schedule: Full-time. Remote: False. Country: Malaysia. Skills: excel, flow, sql, tableau.",excel;flow;sql;tableau,analytics,general_analytics,IT - Metrics Analyst - Data Visualization,Data Analyst,Malaysia,Full-time,False,lukebarousse/data_jobs,4
871,Product Data Analyst,iDeals,Anywhere,"Title short: Data Analyst. Schedule: Full-time. Remote: True. Country: Ukraine. Skills: bigquery, excel, looker, power bi, python, sheets, spreadsheet, sql, tableau.",bigquery;excel;looker;power bi;python;sheets;spreadsheet;sql;tableau,analytics,general_analytics,Product Data Analyst,Data Analyst,Ukraine,Full-time,True,lukebarousse/data_jobs,9
872,Business Intelligence Analyst,Mercer,"Warsaw, Poland","Title short: Business Analyst. Schedule: Full-time. Remote: False. Country: Poland. Skills: cognos, excel, powerpoint, qlik, word.",cognos;excel;powerpoint;qlik;word,bi,bi_reporting,Business Intelligence Analyst,Business Analyst,Poland,Full-time,False,lukebarousse/data_jobs,5
873,Data Analyst,Senitor Recruitment,"Bradford, UK","Title short: Data Analyst. Schedule: Full-time. Remote: False. Country: United Kingdom. Skills: excel, sql, sql server.",excel;sql;sql server,analytics,general_analytics,Data Analyst,Data Analyst,United Kingdom,Full-time,False,lukebarousse/data_jobs,3
874,Data Analyst,Smart Data Foundry,"Edinburgh, UK","Title short: Data Analyst. Schedule: Full-time. Remote: False. Country: United Kingdom. Skills: git, python, sql.",git;python;sql,analytics,general_analytics,Data Analyst,Data Analyst,United Kingdom,Full-time,False,lukebarousse/data_jobs,3
875,Senior Data Analyst,Stardom Employment Consultants,"Fresno, CA","Title short: Senior Data Analyst. Schedule: Full-time. Remote: False. Country: United States. Skills: aws, azure, excel, power bi, python.",aws;azure;excel;power bi;python,analytics,general_analytics,Senior Data Analyst,Senior Data Analyst,United States,Full-time,False,lukebarousse/data_jobs,5
876,Data Analyst Confirmé H/F,NEXTON,"Sauveterre-de-Guyenne, France","Title short: Data Analyst. Schedule: Full-time. Remote: False. Country: France. Skills: dax, gitlab, jira, python, sql, sql server, ssis.",dax;gitlab;jira;python;sql;sql server;ssis,analytics,general_analytics,Data Analyst Confirmé H/F,Data Analyst,France,Full-time,False,lukebarousse/data_jobs,7
877,Data Analyst [Temporary],United Nations Assistance Mission for Iraq,"Baghdad, Iraq","Title short: Data Analyst. Schedule: nan. Remote: False. Country: Iraq. Skills: assembly, c, excel, git, powerpoint, python, qlik, r, sap, sql, tableau.",assembly;c;excel;git;powerpoint;python;qlik;r;sap;sql;tableau,analytics,general_analytics,Data Analyst [Temporary],Data Analyst,Iraq,,False,lukebarousse/data_jobs,11
878,Data Analyst II (Healthcare Analytics/UM/Appeals),Corporate,"Jefferson City, MO","Title short: Data Analyst. Schedule: Full-time. Remote: False. Country: United States. Skills: excel, python, r, sql.",excel;python;r;sql,analytics,general_analytics,Data Analyst II (Healthcare Analytics/UM/Appeals),Data Analyst,United States,Full-time,False,lukebarousse/data_jobs,4
879,Business Intelligence Analyst,Visser & Van Baars,"Geel, Belgium","Title short: Business Analyst. Schedule: Full-time. Remote: False. Country: Belgium. Skills: dax, excel, power bi, sql.",dax;excel;power bi;sql,bi,bi_reporting,Business Intelligence Analyst,Business Analyst,Belgium,Full-time,False,lukebarousse/data_jobs,4
880,Geospatial Business Analyst,Aigents,"Amsterdam, Netherlands","Title short: Business Analyst. Schedule: Full-time. Remote: False. Country: Netherlands. Skills: excel, python.",excel;python,analytics,business_analytics,Geospatial Business Analyst,Business Analyst,Netherlands,Full-time,False,lukebarousse/data_jobs,2
881,Applied Behavioural Scientist,Revolut,"Porto, Portugal","Title short: Business Analyst. Schedule: Full-time. Remote: False. Country: Portugal. Skills: python, r, spss, sql.",python;r;spss;sql,analytics,general_analytics,Applied Behavioural Scientist,Business Analyst,Portugal,Full-time,False,lukebarousse/data_jobs,4
882,Data Analyst,Barmherzigen Brüder,"Vienna, Austria","Title short: Data Analyst. Schedule: Full-time. Remote: False. Country: Austria. Skills: excel, sql.",excel;sql,analytics,general_analytics,Data Analyst,Data Analyst,Austria,Full-time,False,lukebarousse/data_jobs,2
883,Data Analyst,Buromac,"West Flanders, Belgium","Title short: Data Analyst. Schedule: Full-time. Remote: False. Country: Belgium. Skills: excel, sql, tableau.",excel;sql;tableau,analytics,general_analytics,Data Analyst,Data Analyst,Belgium,Full-time,False,lukebarousse/data_jobs,3
884,Jr Data Analyst,Linder Industrial Machinery Company,"Plant City, FL","Title short: Data Analyst. Schedule: Full-time. Remote: False. Country: United States. Skills: excel, flow, visio, word.",excel;flow;visio;word,analytics,general_analytics,Jr Data Analyst,Data Analyst,United States,Full-time,False,lukebarousse/data_jobs,4
885,Data Analyst II,Commercial Solutions,"Jefferson City, MO","Title short: Data Analyst. Schedule: Full-time. Remote: False. Country: United States. Skills: excel, sql.",excel;sql,analytics,general_analytics,Data Analyst II,Data Analyst,United States,Full-time,False,lukebarousse/data_jobs,2
886,Data Analyst H/F (Stage),ABEI,"Pacé, France","Title short: Data Analyst. Schedule: Full-time. Remote: False. Country: France. Skills: sas, sql.",sas;sql,analytics,general_analytics,Data Analyst H/F (Stage),Data Analyst,France,Full-time,False,lukebarousse/data_jobs,2
887,Data Analyst (HealthTech Associate Programme),IHiS (Integrated Health Information Systems),Singapore,"Title short: Data Analyst. Schedule: Full-time. Remote: False. Country: Singapore. Skills: python, r, spark.",python;r;spark,analytics,general_analytics,Data Analyst (HealthTech Associate Programme),Data Analyst,Singapore,Full-time,False,lukebarousse/data_jobs,3
888,Data Compliance Coordinator,Thermo Fisher Scientific,"Covington, GA","Title short: Data Analyst. Schedule: Full-time. Remote: False. Country: United States. Skills: flow, gcp, windows.",flow;gcp;windows,analytics,general_analytics,Data Compliance Coordinator,Data Analyst,United States,Full-time,False,lukebarousse/data_jobs,3
889,Data Analyst,Inbox Recruitment Ltd,"Northampton, UK","Title short: Data Analyst. Schedule: Full-time. Remote: False. Country: United Kingdom. Skills: excel, power bi, tableau.",excel;power bi;tableau,analytics,general_analytics,Data Analyst,Data Analyst,United Kingdom,Full-time,False,lukebarousse/data_jobs,3
890,FP&A Analyst,ironSource,"Tel Aviv-Yafo, Israel","Title short: Data Analyst. Schedule: Full-time. Remote: False. Country: Israel. Skills: excel, python, sheets, sql.",excel;python;sheets;sql,analytics,general_analytics,FP&A Analyst,Data Analyst,Israel,Full-time,False,lukebarousse/data_jobs,4
891,Data Center Service Desk Analyst,Rackspace Technology,Anywhere,"Title short: Data Analyst. Schedule: Full-time. Remote: True. Country: Hungary. Skills: aws, azure, notion, windows.",aws;azure;notion;windows,analytics,general_analytics,Data Center Service Desk Analyst,Data Analyst,Hungary,Full-time,True,lukebarousse/data_jobs,4
892,"Distinguished Engineer, Data & Analytics",eBay,"Bellevue, WA","Title short: Data Engineer. Schedule: Full-time. Remote: False. Country: United States. Skills: github, kafka, pytorch, tensorflow.",github;kafka;pytorch;tensorflow,data_engineering,general_data_engineering,"Distinguished Engineer, Data & Analytics",Data Engineer,United States,Full-time,False,lukebarousse/data_jobs,4
893,Data Analist,YoungCapital,"Zwolle, Netherlands   (+3 others)","Title short: Data Analyst. Schedule: Full-time. Remote: False. Country: Netherlands. Skills: python, sql, word.",python;sql;word,analytics,general_analytics,Data Analist,Data Analyst,Netherlands,Full-time,False,lukebarousse/data_jobs,3
894,"Data Analyst I, Operations Engineering",Invenergy LLC,"Chicago, IL","Title short: Data Analyst. Schedule: Full-time. Remote: False. Country: United States. Skills: excel, power bi, python, sql, tableau.",excel;power bi;python;sql;tableau,analytics,general_analytics,"Data Analyst I, Operations Engineering",Data Analyst,United States,Full-time,False,lukebarousse/data_jobs,5
895,Revenue Analyst,Confidential,Dubai - United Arab Emirates,"Title short: Business Analyst. Schedule: Full-time. Remote: False. Country: United Arab Emirates. Skills: power bi, python, sql.",power bi;python;sql,analytics,general_analytics,Revenue Analyst,Business Analyst,United Arab Emirates,Full-time,False,lukebarousse/data_jobs,3
896,Senior Product Data Analyst,LTK (formerly rewardStyle & LIKEtoKNOW.it),"Dallas, TX","Title short: Senior Data Analyst. Schedule: Full-time. Remote: False. Country: United States. Skills: looker, python, r, redshift, sql, tableau.",looker;python;r;redshift;sql;tableau,analytics,general_analytics,Senior Product Data Analyst,Senior Data Analyst,United States,Full-time,False,lukebarousse/data_jobs,6
897,Consultant Data Analyst Marketing H/F,Esmoz,"Neuilly-sur-Seine, France","Title short: Data Analyst. Schedule: Full-time. Remote: False. Country: France. Skills: aws, azure, gcp, looker, power bi, python, r, sql, tableau.",aws;azure;gcp;looker;power bi;python;r;sql;tableau,analytics,general_analytics,Consultant Data Analyst Marketing H/F,Data Analyst,France,Full-time,False,lukebarousse/data_jobs,9
898,Data Analyst,"Advanced Stimulation Technologies, Inc","Midland, TX","Title short: Data Analyst. Schedule: Full-time. Remote: False. Country: Sudan. Skills: c, excel, outlook, powerpoint, word.",c;excel;outlook;powerpoint;word,analytics,general_analytics,Data Analyst,Data Analyst,Sudan,Full-time,False,lukebarousse/data_jobs,5
899,Business Intelligence Analyst,Next Capital Finance IFN SA,"Bucharest, Romania","Title short: Business Analyst. Schedule: Full-time. Remote: False. Country: Romania. Skills: power bi, sharepoint.",power bi;sharepoint,bi,bi_reporting,Business Intelligence Analyst,Business Analyst,Romania,Full-time,False,lukebarousse/data_jobs,2
900,Operational Analyst,Outly Services,"Rio de Janeiro, State of Rio de Janeiro, Brazil","Title short: Business Analyst. Schedule: Full-time. Remote: False. Country: Brazil. Skills: aws, azure, sharepoint, vmware, windows.",aws;azure;sharepoint;vmware;windows,analytics,general_analytics,Operational Analyst,Business Analyst,Brazil,Full-time,False,lukebarousse/data_jobs,5
901,Data Analyst II,"Improvix Technologies, Inc.","Arlington, TX","Title short: Data Analyst. Schedule: Full-time. Remote: False. Country: United States. Skills: excel, power bi.",excel;power bi,analytics,general_analytics,Data Analyst II,Data Analyst,United States,Full-time,False,lukebarousse/data_jobs,2
902,Data Analyst,National University,Anywhere,"Title short: Data Analyst. Schedule: Full-time. Remote: True. Country: United States. Skills: excel, oracle, python, r, sas, spss, sql, sql server, tableau.",excel;oracle;python;r;sas;spss;sql;sql server;tableau,analytics,general_analytics,Data Analyst,Data Analyst,United States,Full-time,True,lukebarousse/data_jobs,9
903,Data Analyst Marketing Client - Emea Zone,louis vuitton malletier,"Paris, France","Title short: Data Analyst. Schedule: Full-time. Remote: False. Country: France. Skills: cognos, powerpoint, sql.",cognos;powerpoint;sql,analytics,general_analytics,Data Analyst Marketing Client - Emea Zone,Data Analyst,France,Full-time,False,lukebarousse/data_jobs,3
904,Data Analyst,MODIS,"Cupertino, CA","Title short: Data Analyst. Schedule: Contractor. Remote: False. Country: United States. Skills: go, python, r, sql.",go;python;r;sql,analytics,general_analytics,Data Analyst,Data Analyst,United States,Contractor,False,lukebarousse/data_jobs,4
905,Data Analyst with Data Visualization,Swicon IT Services srl. Romania,"Bucharest, Romania","Title short: Data Analyst. Schedule: Full-time. Remote: False. Country: Romania. Skills: power bi, python, sql.",power bi;python;sql,analytics,general_analytics,Data Analyst with Data Visualization,Data Analyst,Romania,Full-time,False,lukebarousse/data_jobs,3
906,Analytics Engineer - Agiliz,Move Ahead,"North Holland, Netherlands","Title short: Data Analyst. Schedule: Full-time. Remote: False. Country: Netherlands. Skills: alteryx, looker, microstrategy, power bi, python, tableau.",alteryx;looker;microstrategy;power bi;python;tableau,data_engineering,analytics_engineering,Analytics Engineer - Agiliz,Data Analyst,Netherlands,Full-time,False,lukebarousse/data_jobs,6
907,Senior Data Analyst,The Judge Group,"Chicago, IL","Title short: Senior Data Analyst. Schedule: Full-time. Remote: False. Country: United States. Skills: aws, hadoop, java, kafka, python, spark.",aws;hadoop;java;kafka;python;spark,analytics,general_analytics,Senior Data Analyst,Senior Data Analyst,United States,Full-time,False,lukebarousse/data_jobs,6
908,"Data Analyst, Performance Marketing",Metacore,Anywhere,"Title short: Data Analyst. Schedule: Full-time. Remote: True. Country: Finland. Skills: bigquery, git, julia, looker, python, r, redshift, snowflake, sql, tableau.",bigquery;git;julia;looker;python;r;redshift;snowflake;sql;tableau,analytics,general_analytics,"Data Analyst, Performance Marketing",Data Analyst,Finland,Full-time,True,lukebarousse/data_jobs,10
909,Data Analyst/Programmer,IFP Motion Solution,"Cedar Rapids, IA","Title short: Data Analyst. Schedule: Full-time. Remote: False. Country: United States. Skills: assembly, crystal, excel, flask, javascript, pandas, python, sql, ssrs, tableau, vb.net.",assembly;crystal;excel;flask;javascript;pandas;python;sql;ssrs;tableau;vb.net,analytics,general_analytics,Data Analyst/Programmer,Data Analyst,United States,Full-time,False,lukebarousse/data_jobs,11
910,Data Analyst H/F - Nantes,AVISIA,"Nantes, France","Title short: Data Analyst. Schedule: Full-time. Remote: False. Country: France. Skills: aws, azure, gcp, power bi, python, r, sas, sql, tableau, visio.",aws;azure;gcp;power bi;python;r;sas;sql;tableau;visio,analytics,general_analytics,Data Analyst H/F - Nantes,Data Analyst,France,Full-time,False,lukebarousse/data_jobs,10
911,Analytics Team Lead,Mashreq,Anywhere,"Title short: Data Analyst. Schedule: Full-time. Remote: True. Country: India. Skills: cassandra, hadoop, mongodb, nosql, python, r, sas, sql.",cassandra;hadoop;mongodb;nosql;python;r;sas;sql,analytics,general_analytics,Analytics Team Lead,Data Analyst,India,Full-time,True,lukebarousse/data_jobs,8
912,Reporting Analyst,TransPerfect,"San José Province, San José, Costa Rica","Title short: Business Analyst. Schedule: Full-time. Remote: False. Country: Costa Rica. Skills: excel, power bi, windows.",excel;power bi;windows,bi,bi_reporting,Reporting Analyst,Business Analyst,Costa Rica,Full-time,False,lukebarousse/data_jobs,3
913,Data Technology Analyst,Biedronka,"Warsaw, Poland","Title short: Data Analyst. Schedule: Full-time. Remote: False. Country: Poland. Skills: azure, bigquery, qlik, sap, shell, sql.",azure;bigquery;qlik;sap;shell;sql,analytics,general_analytics,Data Technology Analyst,Data Analyst,Poland,Full-time,False,lukebarousse/data_jobs,6
914,Analytics Engineer - Hybrid/Remote,Oxfam America,"Boston, MA","Title short: Data Analyst. Schedule: Full-time. Remote: False. Country: Sudan. Skills: postgresql, python.",postgresql;python,data_engineering,analytics_engineering,Analytics Engineer - Hybrid/Remote,Data Analyst,Sudan,Full-time,False,lukebarousse/data_jobs,2
915,Data Analyst in the area of IIoT / KI / Predictive Maintenance (m/f/d),Wölfel Group,"Würzburg, Germany","Title short: Data Analyst. Schedule: Full-time. Remote: False. Country: Germany. Skills: matlab, python.",matlab;python,analytics,general_analytics,Data Analyst in the area of IIoT / KI / Predictive Maintenance (m/f/d),Data Analyst,Germany,Full-time,False,lukebarousse/data_jobs,2
916,"Manager, Data Analytics  - Remote | WFH",Get It Recruit - Information Technology,Anywhere,"Title short: Data Analyst. Schedule: Full-time. Remote: True. Country: United States. Skills: looker, power bi, sql, tableau.",looker;power bi;sql;tableau,analytics,general_analytics,"Manager, Data Analytics  - Remote | WFH",Data Analyst,United States,Full-time,True,lukebarousse/data_jobs,4
917,"Fraud Data Analyst Intern - Trust and Safety, Regional Operations...",Shopee,Singapore,"Title short: Data Analyst. Schedule: Internship. Remote: False. Country: Singapore. Skills: python, sql.",python;sql,analytics,general_analytics,"Fraud Data Analyst Intern - Trust and Safety, Regional Operations...",Data Analyst,Singapore,Internship,False,lukebarousse/data_jobs,2
918,Software Programmer in Data Analytics,Royal College of Surgeons in Ireland,"Dublin, Ireland","Title short: Software Engineer. Schedule: Full-time. Remote: False. Country: Ireland. Skills: linux, microsoft teams, python, r.",linux;microsoft teams;python;r,analytics,general_analytics,Software Programmer in Data Analytics,Software Engineer,Ireland,Full-time,False,lukebarousse/data_jobs,4
919,Data Analyst,FloBiz,"Bengaluru, Karnataka, India","Title short: Data Analyst. Schedule: Full-time. Remote: False. Country: India. Skills: sql, tableau.",sql;tableau,analytics,general_analytics,Data Analyst,Data Analyst,India,Full-time,False,lukebarousse/data_jobs,2
920,Data Analyst (Hybrid/ Not fully remote),CASES,"Brooklyn, NY","Title short: Data Analyst. Schedule: Full-time. Remote: False. Country: United States. Skills: excel, power bi, word.",excel;power bi;word,analytics,general_analytics,Data Analyst (Hybrid/ Not fully remote),Data Analyst,United States,Full-time,False,lukebarousse/data_jobs,3
921,Pricing Data Analyst,Jobleads-UK,United Kingdom,"Title short: Data Analyst. Schedule: Full-time. Remote: False. Country: United Kingdom. Skills: azure, databricks, dax, excel, power bi, sql.",azure;databricks;dax;excel;power bi;sql,analytics,general_analytics,Pricing Data Analyst,Data Analyst,United Kingdom,Full-time,False,lukebarousse/data_jobs,6
922,Data Analyst SR,Zallpy Digital,South Carolina,"Title short: Data Analyst. Schedule: Full-time. Remote: False. Country: United States. Skills: aws, pyspark, python, qlik, redshift, tableau.",aws;pyspark;python;qlik;redshift;tableau,analytics,general_analytics,Data Analyst SR,Data Analyst,United States,Full-time,False,lukebarousse/data_jobs,6
923,Data Analyst SQL,Chassam Recruitment Limited.,"Altrincham, UK","Title short: Data Analyst. Schedule: Full-time. Remote: False. Country: United Kingdom. Skills: crystal, excel, sql, t-sql, vba.",crystal;excel;sql;t-sql;vba,analytics,general_analytics,Data Analyst SQL,Data Analyst,United Kingdom,Full-time,False,lukebarousse/data_jobs,5
924,BI ANALYST (LIEGE - BELGIUM),GAMING1,"Liège, Belgium","Title short: Business Analyst. Schedule: Full-time. Remote: False. Country: Belgium. Skills: aws, postgresql, power bi, redshift, sap, sql, tableau, visio.",aws;postgresql;power bi;redshift;sap;sql;tableau;visio,bi,bi_reporting,BI ANALYST (LIEGE - BELGIUM),Business Analyst,Belgium,Full-time,False,lukebarousse/data_jobs,8
925,Data Analyst - Supply,BALY,"Baghdad, Iraq","Title short: Data Analyst. Schedule: Full-time. Remote: False. Country: Iraq. Skills: excel, python, sql.",excel;python;sql,analytics,general_analytics,Data Analyst - Supply,Data Analyst,Iraq,Full-time,False,lukebarousse/data_jobs,3
926,Product Analyst,Prodigy Finance,Anywhere,"Title short: Software Engineer. Schedule: Full-time. Remote: True. Country: South Africa. Skills: github, power bi, sql, tableau.",github;power bi;sql;tableau,analytics,product_analytics,Product Analyst,Software Engineer,South Africa,Full-time,True,lukebarousse/data_jobs,4
927,Data Analyst,D L RESOURCES PTE LTD,Singapore,"Title short: Data Analyst. Schedule: Full-time. Remote: False. Country: Singapore. Skills: excel, hadoop, power bi, powerpoint, word.",excel;hadoop;power bi;powerpoint;word,analytics,general_analytics,Data Analyst,Data Analyst,Singapore,Full-time,False,lukebarousse/data_jobs,5
928,Commercial Analyst,Appreciating Talent,Australia,"Title short: Business Analyst. Schedule: Full-time. Remote: False. Country: Australia. Skills: excel, power bi, sap, tableau.",excel;power bi;sap;tableau,analytics,general_analytics,Commercial Analyst,Business Analyst,Australia,Full-time,False,lukebarousse/data_jobs,4
929,Market Intelligence Analyst,BNP Paribas Real Estate,"Lisbon, Portugal","Title short: Data Analyst. Schedule: Full-time. Remote: False. Country: Portugal. Skills: excel, powerpoint.",excel;powerpoint,analytics,general_analytics,Market Intelligence Analyst,Data Analyst,Portugal,Full-time,False,lukebarousse/data_jobs,2
930,Data Analyst and Developer,Hexa,"Tel Aviv-Yafo, Israel","Title short: Data Analyst. Schedule: Full-time. Remote: False. Country: Israel. Skills: excel, go, python, sql, tableau.",excel;go;python;sql;tableau,analytics,general_analytics,Data Analyst and Developer,Data Analyst,Israel,Full-time,False,lukebarousse/data_jobs,5
931,Engineering Lead (Human Defense Platform),Sigma Software,"Warsaw, Poland","Title short: Business Analyst. Schedule: Full-time. Remote: False. Country: Poland. Skills: aws, azure, firestore, gcp, golang, jenkins, mongodb, python, scala, snowflake, spark, sql.",aws;azure;firestore;gcp;golang;jenkins;mongodb;python;scala;snowflake;spark;sql,analytics,general_analytics,Engineering Lead (Human Defense Platform),Business Analyst,Poland,Full-time,False,lukebarousse/data_jobs,12
932,Product Analyst,Harnham,Anywhere,"Title short: Software Engineer. Schedule: Full-time. Remote: True. Country: Canada. Skills: flow, power bi.",flow;power bi,analytics,product_analytics,Product Analyst,Software Engineer,Canada,Full-time,True,lukebarousse/data_jobs,2
933,Sustainability Data Analyst,414 - Value Beyond Compliance,"Utrecht, Netherlands","Title short: Data Analyst. Schedule: Full-time. Remote: False. Country: Netherlands. Skills: airtable, python.",airtable;python,analytics,general_analytics,Sustainability Data Analyst,Data Analyst,Netherlands,Full-time,False,lukebarousse/data_jobs,2
934,Senior Supply Chain Data Analyst,AbbVie,"North Chicago, IL","Title short: Senior Data Analyst. Schedule: Full-time. Remote: False. Country: United States. Skills: qlik, sql.",qlik;sql,analytics,general_analytics,Senior Supply Chain Data Analyst,Senior Data Analyst,United States,Full-time,False,lukebarousse/data_jobs,2
935,Admin & Data Analyst,Catch22,United Kingdom,"Title short: Data Analyst. Schedule: Full-time. Remote: False. Country: United Kingdom. Skills: excel, outlook, word.",excel;outlook;word,analytics,general_analytics,Admin & Data Analyst,Data Analyst,United Kingdom,Full-time,False,lukebarousse/data_jobs,3
936,"Business Analyst, Vice President/Bionics",State Street,"Boston, MA","Title short: Business Analyst. Schedule: Full-time. Remote: False. Country: United States. Skills: excel, hadoop, tableau.",excel;hadoop;tableau,analytics,business_analytics,"Business Analyst, Vice President/Bionics",Business Analyst,United States,Full-time,False,lukebarousse/data_jobs,3
937,Digital Marketing Data Analyst,Elevation Recruitment Group,"East Riding of Yorkshire, UK","Title short: Data Analyst. Schedule: Full-time. Remote: False. Country: United Kingdom. Skills: bigquery, excel, sql.",bigquery;excel;sql,analytics,general_analytics,Digital Marketing Data Analyst,Data Analyst,United Kingdom,Full-time,False,lukebarousse/data_jobs,3
938,Junior Data Analyst,Fruitservice,Austria,"Title short: Data Analyst. Schedule: Full-time. Remote: False. Country: Austria. Skills: azure, excel, javascript, power bi, python, r.",azure;excel;javascript;power bi;python;r,analytics,general_analytics,Junior Data Analyst,Data Analyst,Austria,Full-time,False,lukebarousse/data_jobs,6
939,"Complier Analyst, Hyderabad",Satyam Venture Engineering Services,"Hyderabad, Telangana, India","Title short: Business Analyst. Schedule: Full-time. Remote: False. Country: India. Skills: assembly, c, python.",assembly;c;python,analytics,general_analytics,"Complier Analyst, Hyderabad",Business Analyst,India,Full-time,False,lukebarousse/data_jobs,3
940,Sr. Data Analyst,A3malouna.com,Dubai - United Arab Emirates,"Title short: Data Analyst. Schedule: Full-time. Remote: False. Country: United Arab Emirates. Skills: airflow, bigquery, python, r, sql.",airflow;bigquery;python;r;sql,analytics,general_analytics,Sr. Data Analyst,Data Analyst,United Arab Emirates,Full-time,False,lukebarousse/data_jobs,5
941,Business Analyst in Data Delivery for Monitoring and Validation Squad,ING,"Warsaw, Poland","Title short: Business Analyst. Schedule: Full-time. Remote: False. Country: Poland. Skills: python, sas, sql.",python;sas;sql,analytics,business_analytics,Business Analyst in Data Delivery for Monitoring and Validation Squad,Business Analyst,Poland,Full-time,False,lukebarousse/data_jobs,3
942,Data Analyst III,Radancy,"St. Louis, MO","Title short: Data Analyst. Schedule: Full-time. Remote: False. Country: United States. Skills: python, r.",python;r,analytics,general_analytics,Data Analyst III,Data Analyst,United States,Full-time,False,lukebarousse/data_jobs,2
943,Lead Data Analyst,PrivatBank,Anywhere,"Title short: Data Analyst. Schedule: Full-time. Remote: True. Country: Ukraine. Skills: aws, azure, bigquery, gcp, looker, python, redshift, snowflake, sql, tableau.",aws;azure;bigquery;gcp;looker;python;redshift;snowflake;sql;tableau,analytics,general_analytics,Lead Data Analyst,Data Analyst,Ukraine,Full-time,True,lukebarousse/data_jobs,10
944,Data Analyst (Remote),HireOne Sp. z. o. o.,"Warsaw, Poland","Title short: Data Analyst. Schedule: Full-time. Remote: False. Country: Poland. Skills: assembly, c#, powershell, python, sql.",assembly;c#;powershell;python;sql,analytics,general_analytics,Data Analyst (Remote),Data Analyst,Poland,Full-time,False,lukebarousse/data_jobs,5
945,Flight Data Analyst (m/f/d),Quantum-Systems GmbH,"Gilching, Germany","Title short: Data Analyst. Schedule: Full-time. Remote: False. Country: Germany. Skills: c#, matlab, nosql, python.",c#;matlab;nosql;python,analytics,general_analytics,Flight Data Analyst (m/f/d),Data Analyst,Germany,Full-time,False,lukebarousse/data_jobs,4
946,BI Analyst,eStoreMedia sp. z o.o.,Finland,"Title short: Business Analyst. Schedule: Full-time. Remote: False. Country: Finland. Skills: mysql, power bi, sql.",mysql;power bi;sql,bi,bi_reporting,BI Analyst,Business Analyst,Finland,Full-time,False,lukebarousse/data_jobs,3
947,Business Process and Data Analyst,BRIDGE Housing,"San Francisco, CA","Title short: Data Analyst. Schedule: Full-time. Remote: False. Country: United States. Skills: excel, outlook, power bi, sharepoint, sheets, sql, ssrs.",excel;outlook;power bi;sharepoint;sheets;sql;ssrs,analytics,general_analytics,Business Process and Data Analyst,Data Analyst,United States,Full-time,False,lukebarousse/data_jobs,7
948,Senior Operational Analyst,New Zealand Government,New Zealand,"Title short: Business Analyst. Schedule: Full-time and Temp work. Remote: False. Country: New Zealand. Skills: oracle, power bi, sql, windows.",oracle;power bi;sql;windows,analytics,general_analytics,Senior Operational Analyst,Business Analyst,New Zealand,Full-time and Temp work,False,lukebarousse/data_jobs,4
949,Data Analyst,Aon,"Lisbon, Portugal","Title short: Data Analyst. Schedule: Full-time. Remote: False. Country: Portugal. Skills: snowflake, sql, ssis.",snowflake;sql;ssis,analytics,general_analytics,Data Analyst,Data Analyst,Portugal,Full-time,False,lukebarousse/data_jobs,3
950,Data analyst - Mechelen - Dutch speaking,Computer Futures,"Antwerp, Belgium","Title short: Data Analyst. Schedule: Full-time. Remote: False. Country: Belgium. Skills: azure, cognos, perl, power bi, python, sql.",azure;cognos;perl;power bi;python;sql,analytics,general_analytics,Data analyst - Mechelen - Dutch speaking,Data Analyst,Belgium,Full-time,False,lukebarousse/data_jobs,6
951,Digital Data Analyst (Direct-to-Consumer),On,"Zürich, Switzerland","Title short: Data Analyst. Schedule: Full-time. Remote: False. Country: Switzerland. Skills: looker, python, r, sql.",looker;python;r;sql,analytics,general_analytics,Digital Data Analyst (Direct-to-Consumer),Data Analyst,Switzerland,Full-time,False,lukebarousse/data_jobs,4
952,Data Analyst,ASC American Sun Components,"Tamarac, FL","Title short: Data Analyst. Schedule: Full-time. Remote: False. Country: United States. Skills: excel, flow, power bi, r, sql, tableau.",excel;flow;power bi;r;sql;tableau,analytics,general_analytics,Data Analyst,Data Analyst,United States,Full-time,False,lukebarousse/data_jobs,6
953,Data Analyst,ONE,Anywhere,"Title short: Data Analyst. Schedule: Full-time. Remote: True. Country: India. Skills: bigquery, databricks, looker, snowflake, sql, tableau.",bigquery;databricks;looker;snowflake;sql;tableau,analytics,general_analytics,Data Analyst,Data Analyst,India,Full-time,True,lukebarousse/data_jobs,6
954,13097186 - BCARD Data analyst C2 Chris,Capgemini,"Maharashtra, India","Title short: Data Analyst. Schedule: Full-time. Remote: False. Country: India. Skills: hadoop, python, r, sql, ssis.",hadoop;python;r;sql;ssis,analytics,general_analytics,13097186 - BCARD Data analyst C2 Chris,Data Analyst,India,Full-time,False,lukebarousse/data_jobs,5
955,Data Analyst,KIPP,"Jacksonville, FL","Title short: Data Analyst. Schedule: Full-time. Remote: False. Country: United States. Skills: go, java, looker, node.js, power bi, powershell, python, ruby, sql, tableau.",go;java;looker;node.js;power bi;powershell;python;ruby;sql;tableau,analytics,general_analytics,Data Analyst,Data Analyst,United States,Full-time,False,lukebarousse/data_jobs,10
956,Consultant - Clinical Data Analyst,NNIT AS,"Copenhagen, Denmark","Title short: Data Analyst. Schedule: Full-time. Remote: False. Country: Denmark. Skills: power bi, tableau.",power bi;tableau,analytics,general_analytics,Consultant - Clinical Data Analyst,Data Analyst,Denmark,Full-time,False,lukebarousse/data_jobs,2
957,Data Analyst F/H,CARAZ,"Montrouge, France","Title short: Data Analyst. Schedule: Full-time. Remote: False. Country: France. Skills: python, sql.",python;sql,analytics,general_analytics,Data Analyst F/H,Data Analyst,France,Full-time,False,lukebarousse/data_jobs,2
958,Data Analyst,Align Communications,"New York, NY","Title short: Data Analyst. Schedule: Full-time. Remote: False. Country: United States. Skills: asp.net, c#, excel, ms access, outlook, sharepoint, sql, sql server, ssis, ssrs, vb.net, vba, word.",asp.net;c#;excel;ms access;outlook;sharepoint;sql;sql server;ssis;ssrs;vb.net;vba;word,analytics,general_analytics,Data Analyst,Data Analyst,United States,Full-time,False,lukebarousse/data_jobs,13
959,"AVP, Finance Strategy Business Analytics Development, Group Finance",United Overseas Bank,Singapore,"Title short: Business Analyst. Schedule: Full-time. Remote: False. Country: Singapore. Skills: dax, excel, power bi, python, qlik, r, sql, ssrs, tableau, vba.",dax;excel;power bi;python;qlik;r;sql;ssrs;tableau;vba,analytics,general_analytics,"AVP, Finance Strategy Business Analytics Development, Group Finance",Business Analyst,Singapore,Full-time,False,lukebarousse/data_jobs,10
960,Data Analyst,Andersen,"Warsaw, Poland","Title short: Data Analyst. Schedule: Full-time. Remote: False. Country: Poland. Skills: aws, excel, python.",aws;excel;python,analytics,general_analytics,Data Analyst,Data Analyst,Poland,Full-time,False,lukebarousse/data_jobs,3
961,Data Analyst,airbus,"Getafe, Spain","Title short: Data Analyst. Schedule: Full-time. Remote: False. Country: Spain. Skills: pyspark, python.",pyspark;python,analytics,general_analytics,Data Analyst,Data Analyst,Spain,Full-time,False,lukebarousse/data_jobs,2
962,Data Analyst,MarineTraffic,Anywhere,"Title short: Data Analyst. Schedule: Full-time. Remote: True. Country: Greece. Skills: aws, python, sql, tableau.",aws;python;sql;tableau,analytics,general_analytics,Data Analyst,Data Analyst,Greece,Full-time,True,lukebarousse/data_jobs,4
963,Data Analyst im Bereich Data Governance 80-100%,Credit Suisse AG,"Horgen, Switzerland","Title short: Data Analyst. Schedule: Part-time. Remote: False. Country: Switzerland. Skills: python, sas, sql.",python;sas;sql,analytics,general_analytics,Data Analyst im Bereich Data Governance 80-100%,Data Analyst,Switzerland,Part-time,False,lukebarousse/data_jobs,3
964,Senior Data Analyst/Engineer - Vulnerability Assessment,Dell Technologies,"Dublin, Ireland","Title short: Senior Data Analyst. Schedule: Full-time. Remote: False. Country: Ireland. Skills: jupyter, mongo, nosql, power bi, sql, tableau.",jupyter;mongo;nosql;power bi;sql;tableau,analytics,general_analytics,Senior Data Analyst/Engineer - Vulnerability Assessment,Senior Data Analyst,Ireland,Full-time,False,lukebarousse/data_jobs,6
965,Senior Business Intelligence Analyst/Developer,Acronis,"Warsaw, Poland","Title short: Business Analyst. Schedule: Full-time. Remote: False. Country: Poland. Skills: git, python, qlik, sql, ssis, ssrs, t-sql.",git;python;qlik;sql;ssis;ssrs;t-sql,bi,bi_reporting,Senior Business Intelligence Analyst/Developer,Business Analyst,Poland,Full-time,False,lukebarousse/data_jobs,7
966,Specialist- Data Analyst,BayOne,"San Francisco, CA","Title short: Data Analyst. Schedule: Full-time. Remote: False. Country: United States. Skills: db2, gcp, hadoop, oracle.",db2;gcp;hadoop;oracle,analytics,general_analytics,Specialist- Data Analyst,Data Analyst,United States,Full-time,False,lukebarousse/data_jobs,4
967,Senior Product Data Analyst (m/f/d),Flaconi GmbH,"Berlin, Germany","Title short: Senior Data Analyst. Schedule: Full-time. Remote: False. Country: Germany. Skills: flow, python, sql.",flow;python;sql,analytics,general_analytics,Senior Product Data Analyst (m/f/d),Senior Data Analyst,Germany,Full-time,False,lukebarousse/data_jobs,3
968,Data Analyst and Analytics - Commercial Pharma,Greymatter Innovationz,Anywhere,"Title short: Data Analyst. Schedule: Full-time. Remote: True. Country: India. Skills: alteryx, excel, python, r, sql, tableau, vba.",alteryx;excel;python;r;sql;tableau;vba,analytics,general_analytics,Data Analyst and Analytics - Commercial Pharma,Data Analyst,India,Full-time,True,lukebarousse/data_jobs,7
969,Data Analyst Product,JobTeaser,Anywhere,"Title short: Data Analyst. Schedule: Full-time. Remote: True. Country: France. Skills: sql, tableau.",sql;tableau,analytics,general_analytics,Data Analyst Product,Data Analyst,France,Full-time,True,lukebarousse/data_jobs,2
970,Medical Analyst,Gap Inc.,"Albuquerque, NM","Title short: Business Analyst. Schedule: Full-time. Remote: False. Country: Sudan. Skills: excel, oracle.",excel;oracle,analytics,general_analytics,Medical Analyst,Business Analyst,Sudan,Full-time,False,lukebarousse/data_jobs,2
971,R18683 HR Senior Data Analyst,Magnit,New York,"Title short: Senior Data Analyst. Schedule: Contractor. Remote: False. Country: United States. Skills: excel, ms access, oracle, power bi, qlik.",excel;ms access;oracle;power bi;qlik,analytics,general_analytics,R18683 HR Senior Data Analyst,Senior Data Analyst,United States,Contractor,False,lukebarousse/data_jobs,5
972,Principal Engineer - Data & Analytics,GSK,"Bengaluru, Karnataka, India","Title short: Data Engineer. Schedule: Full-time. Remote: False. Country: India. Skills: ansible, aws, azure, chef, databricks, gcp, puppet, spark, terraform.",ansible;aws;azure;chef;databricks;gcp;puppet;spark;terraform,data_engineering,general_data_engineering,Principal Engineer - Data & Analytics,Data Engineer,India,Full-time,False,lukebarousse/data_jobs,9
973,Business Intelligence Analyst,Hong Kong Adventist Hospital - Tsuen Wan,Hong Kong,"Title short: Business Analyst. Schedule: Full-time. Remote: False. Country: Hong Kong. Skills: linux, oracle, power bi, sql, tableau.",linux;oracle;power bi;sql;tableau,bi,bi_reporting,Business Intelligence Analyst,Business Analyst,Hong Kong,Full-time,False,lukebarousse/data_jobs,5
974,Azure Data Analyst,Devoteam Belgium,"Zaventem, Belgium","Title short: Data Analyst. Schedule: Full-time. Remote: False. Country: Belgium. Skills: aws, azure, databricks, go, power bi, pyspark, python, sql, sql server, ssis, t-sql, tableau.",aws;azure;databricks;go;power bi;pyspark;python;sql;sql server;ssis;t-sql;tableau,analytics,general_analytics,Azure Data Analyst,Data Analyst,Belgium,Full-time,False,lukebarousse/data_jobs,12
975,"Data Analyst, Energy Industry Content",S&P Global,"Makati, Metro Manila, Philippines","Title short: Data Analyst. Schedule: Full-time. Remote: False. Country: Philippines. Skills: excel, sql.",excel;sql,analytics,general_analytics,"Data Analyst, Energy Industry Content",Data Analyst,Philippines,Full-time,False,lukebarousse/data_jobs,2
976,"Data Analyst, Cloud Systems",SAIC,"McLean, VA","Title short: Data Analyst. Schedule: Full-time. Remote: False. Country: United States. Skills: aws, azure, confluence, gcp, ibm cloud, oracle, power bi, tableau.",aws;azure;confluence;gcp;ibm cloud;oracle;power bi;tableau,analytics,general_analytics,"Data Analyst, Cloud Systems",Data Analyst,United States,Full-time,False,lukebarousse/data_jobs,8
977,BUSINESS INTELIGENCE DEVELOPER - Debmarine Namibia,Debmarine Namibia,"Windhoek, Namibia","Title short: Business Analyst. Schedule: Full-time. Remote: False. Country: Namibia. Skills: azure, power bi, sap, sql, sql server.",azure;power bi;sap;sql;sql server,analytics,general_analytics,BUSINESS INTELIGENCE DEVELOPER - Debmarine Namibia,Business Analyst,Namibia,Full-time,False,lukebarousse/data_jobs,5
978,Data Architect,TMF Group,"Bogotá, Bogota, Colombia","Title short: Data Analyst. Schedule: Full-time. Remote: False. Country: Colombia. Skills: alteryx, azure, cognos, gdpr, sql, ssis, ssrs, t-sql.",alteryx;azure;cognos;gdpr;sql;ssis;ssrs;t-sql,analytics,general_analytics,Data Architect,Data Analyst,Colombia,Full-time,False,lukebarousse/data_jobs,8
979,Sustainability Engineer / Data Analyst,The Hong Kong Polytechnic University,Hong Kong,"Title short: Data Analyst. Schedule: Full-time. Remote: False. Country: Hong Kong. Skills: c, excel, vba.",c;excel;vba,analytics,general_analytics,Sustainability Engineer / Data Analyst,Data Analyst,Hong Kong,Full-time,False,lukebarousse/data_jobs,3
980,Financial Data Analyst,Ambassador Theatre Group,"San Antonio, TX","Title short: Data Analyst. Schedule: Full-time. Remote: False. Country: United States. Skills: cognos, excel.",cognos;excel,analytics,general_analytics,Financial Data Analyst,Data Analyst,United States,Full-time,False,lukebarousse/data_jobs,2
981,Student Internship: Data,Lunar,"Copenhagen, Denmark","Title short: Data Analyst. Schedule: Internship. Remote: False. Country: Denmark. Skills: airflow, python, sql.",airflow;python;sql,analytics,general_analytics,Student Internship: Data,Data Analyst,Denmark,Internship,False,lukebarousse/data_jobs,3
982,Data Analyst,"Aara Technologies, Inc","Greenville, SC","Title short: Data Analyst. Schedule: Full-time. Remote: False. Country: United States. Skills: excel, sql.",excel;sql,analytics,general_analytics,Data Analyst,Data Analyst,United States,Full-time,False,lukebarousse/data_jobs,2
983,Data Analyst Supporting the US Attorney's Office,Forfeiture Support Associates,Puerto Rico,"Title short: Data Analyst. Schedule: Full-time. Remote: False. Country: Puerto Rico. Skills: excel, powerpoint, word.",excel;powerpoint;word,analytics,general_analytics,Data Analyst Supporting the US Attorney's Office,Data Analyst,Puerto Rico,Full-time,False,lukebarousse/data_jobs,3
984,Data analyst performance CRM F/H,Printemps,"Paris, France","Title short: Data Analyst. Schedule: Full-time. Remote: False. Country: France. Skills: python, sas.",python;sas,analytics,general_analytics,Data analyst performance CRM F/H,Data Analyst,France,Full-time,False,lukebarousse/data_jobs,2
985,Business Data Analyst,HUMAC INC.,"Reston, VA","Title short: Data Analyst. Schedule: Contractor. Remote: False. Country: United States. Skills: aws, databricks, python, redshift, snowflake, sql, tableau.",aws;databricks;python;redshift;snowflake;sql;tableau,analytics,general_analytics,Business Data Analyst,Data Analyst,United States,Contractor,False,lukebarousse/data_jobs,7
986,Security Data Analyst - Remote,Jobleads-UK,"Edinburgh, UK","Title short: Data Analyst. Schedule: Full-time. Remote: False. Country: United Kingdom. Skills: bash, go, linux, php, python, sql.",bash;go;linux;php;python;sql,analytics,general_analytics,Security Data Analyst - Remote,Data Analyst,United Kingdom,Full-time,False,lukebarousse/data_jobs,6
987,Sr. Supply Chain Data Analyst,Saputo Inc.,"Milwaukee, WI","Title short: Senior Data Analyst. Schedule: Full-time. Remote: False. Country: United States. Skills: dax, flow, power bi.",dax;flow;power bi,analytics,general_analytics,Sr. Supply Chain Data Analyst,Senior Data Analyst,United States,Full-time,False,lukebarousse/data_jobs,3
988,BI Analyst,Hays,"Orlando, FL","Title short: Business Analyst. Schedule: Full-time. Remote: False. Country: United States. Skills: sql, tableau.",sql;tableau,bi,bi_reporting,BI Analyst,Business Analyst,United States,Full-time,False,lukebarousse/data_jobs,2
989,Data & Analytics Platform Engineer,Blue Cross NC,Anywhere,"Title short: Data Engineer. Schedule: Full-time. Remote: True. Country: United States. Skills: aws, db2, github, hadoop, jenkins, oracle, python, snowflake, sql, sql server, unix.",aws;db2;github;hadoop;jenkins;oracle;python;snowflake;sql;sql server;unix,data_engineering,general_data_engineering,Data & Analytics Platform Engineer,Data Engineer,United States,Full-time,True,lukebarousse/data_jobs,11
990,Data Analyst,MAPAL Group,"Madrid, Spain","Title short: Data Analyst. Schedule: Full-time. Remote: False. Country: Spain. Skills: sql, sql server.",sql;sql server,analytics,general_analytics,Data Analyst,Data Analyst,Spain,Full-time,False,lukebarousse/data_jobs,2
991,IT Quality Data Analyst,Saxon Global,"San Leandro, CA","Title short: Data Analyst. Schedule: Full-time. Remote: False. Country: United States. Skills: sql, sql server, tableau.",sql;sql server;tableau,analytics,general_analytics,IT Quality Data Analyst,Data Analyst,United States,Full-time,False,lukebarousse/data_jobs,3
992,BI Analyst Azure,Oliver James,Belgium,"Title short: Business Analyst. Schedule: Contractor. Remote: False. Country: Belgium. Skills: azure, power bi, sql.",azure;power bi;sql,bi,bi_reporting,BI Analyst Azure,Business Analyst,Belgium,Contractor,False,lukebarousse/data_jobs,3
993,Analyst,HireGenics,"Madison, WI","Title short: Business Analyst. Schedule: Contractor. Remote: False. Country: United States. Skills: excel, sap.",excel;sap,analytics,general_analytics,Analyst,Business Analyst,United States,Contractor,False,lukebarousse/data_jobs,2
994,Logistics Business Data Analyst,Applied Materials,Singapore,"Title short: Data Analyst. Schedule: Full-time. Remote: False. Country: Singapore. Skills: excel, flow, powerpoint, python, r, sap, tableau, unix, word.",excel;flow;powerpoint;python;r;sap;tableau;unix;word,analytics,general_analytics,Logistics Business Data Analyst,Data Analyst,Singapore,Full-time,False,lukebarousse/data_jobs,9
995,Data analyst,E-Works,France,"Title short: Data Analyst. Schedule: Full-time. Remote: False. Country: France. Skills: excel, vba.",excel;vba,analytics,general_analytics,Data analyst,Data Analyst,France,Full-time,False,lukebarousse/data_jobs,2
996,Medical Information Analyst,Bespoke Recruitment,"Rome, Metropolitan City of Rome Capital, Italy","Title short: Data Analyst. Schedule: Full-time. Remote: False. Country: Italy. Skills: excel, outlook, word.",excel;outlook;word,analytics,general_analytics,Medical Information Analyst,Data Analyst,Italy,Full-time,False,lukebarousse/data_jobs,3
997,Business/ Data Analyst,BIGTAPP PTE. LTD.,Singapore,"Title short: Data Analyst. Schedule: Full-time. Remote: False. Country: Singapore. Skills: power bi, sql, tableau.",power bi;sql;tableau,analytics,general_analytics,Business/ Data Analyst,Data Analyst,Singapore,Full-time,False,lukebarousse/data_jobs,3
998,Business Data Analyst H/F,Caisse des Dépôts et Consignations,"Paris, France","Title short: Data Analyst. Schedule: Full-time. Remote: False. Country: France. Skills: sap, sql, sql server, tableau.",sap;sql;sql server;tableau,analytics,general_analytics,Business Data Analyst H/F,Data Analyst,France,Full-time,False,lukebarousse/data_jobs,4
999,Senior Marketing BI Analyst (d/f/m) - Berlin or Remote Germany,Personio,"Berlin, Germany","Title short: Business Analyst. Schedule: Full-time. Remote: False. Country: Germany. Skills: snowflake, sql, tableau.",snowflake;sql;tableau,bi,bi_reporting,Senior Marketing BI Analyst (d/f/m) - Berlin or Remote Germany,Business Analyst,Germany,Full-time,False,lukebarousse/data_jobs,3
1000,Data Analyst:In,PebEx AG,"Zürich, Switzerland","Title short: Data Analyst. Schedule: Full-time. Remote: False. Country: Switzerland. Skills: matlab, python, r, sql.",matlab;python;r;sql,analytics,general_analytics,Data Analyst:In,Data Analyst,Switzerland,Full-time,False,lukebarousse/data_jobs,4
1001,Retail Data Analyst,Forest Garden,"Hartlebury, UK","Title short: Data Analyst. Schedule: Full-time. Remote: False. Country: United Kingdom. Skills: dax, excel, looker, power bi, python, r, sql, vba.",dax;excel;looker;power bi;python;r;sql;vba,analytics,general_analytics,Retail Data Analyst,Data Analyst,United Kingdom,Full-time,False,lukebarousse/data_jobs,8
1002,Lead Data Analyst,GL events,"Lyon, France","Title short: Data Analyst. Schedule: Full-time. Remote: False. Country: France. Skills: bigquery, power bi, sql.",bigquery;power bi;sql,analytics,general_analytics,Lead Data Analyst,Data Analyst,France,Full-time,False,lukebarousse/data_jobs,3
1003,"Data/Reporting Analyst, Senior",City of Atlanta,"Atlanta, GA","Title short: Senior Data Analyst. Schedule: Full-time. Remote: False. Country: United States. Skills: excel, word.",excel;word,bi,bi_reporting,"Data/Reporting Analyst, Senior",Senior Data Analyst,United States,Full-time,False,lukebarousse/data_jobs,2
1004,Senior Business Intelligence (BI) Data Analyst,Dyson,Singapore,"Title short: Senior Data Analyst. Schedule: Full-time. Remote: False. Country: Singapore. Skills: gcp, sap, sql, tableau.",gcp;sap;sql;tableau,analytics,general_analytics,Senior Business Intelligence (BI) Data Analyst,Senior Data Analyst,Singapore,Full-time,False,lukebarousse/data_jobs,4
1005,Data Warehouse / Business Intelligence Entwickler (m/w/d),CA Auto Bank S.p.A. Niederlassung Deutschland,"Heilbronn, Germany","Title short: Data Engineer. Schedule: Full-time. Remote: False. Country: Germany. Skills: oracle, sap, sql.",oracle;sap;sql,data_engineering,general_data_engineering,Data Warehouse / Business Intelligence Entwickler (m/w/d),Data Engineer,Germany,Full-time,False,lukebarousse/data_jobs,3
1006,"Senior Data Analyst, Business Intelligence",Cox Communications,"Brookhaven, GA","Title short: Senior Data Analyst. Schedule: Full-time. Remote: False. Country: United States. Skills: aws, excel, hadoop, microstrategy, oracle, snowflake, sql.",aws;excel;hadoop;microstrategy;oracle;snowflake;sql,bi,bi_reporting,"Senior Data Analyst, Business Intelligence",Senior Data Analyst,United States,Full-time,False,lukebarousse/data_jobs,7
1007,Data Engineer - Business Intelligence [12-month Contract],ConnectedGroup,Hong Kong,"Title short: Data Engineer. Schedule: Contractor. Remote: False. Country: Hong Kong. Skills: python, sql, word.",python;sql;word,data_engineering,general_data_engineering,Data Engineer - Business Intelligence [12-month Contract],Data Engineer,Hong Kong,Contractor,False,lukebarousse/data_jobs,3
1008,Branch Real Estate Senior Data & BI Analyst,EDWARD JONES,"Cuba, MO","Title short: Senior Data Analyst. Schedule: Full-time. Remote: False. Country: United States. Skills: hadoop, nosql, oracle, sql.",hadoop;nosql;oracle;sql,bi,bi_reporting,Branch Real Estate Senior Data & BI Analyst,Senior Data Analyst,United States,Full-time,False,lukebarousse/data_jobs,4
1009,Data Engineer/ Business intelligence engineer,Job Juncture,"Provo, UT","Title short: Data Engineer. Schedule: Full-time. Remote: False. Country: Sudan. Skills: gcp, looker, postgresql, sql, tableau.",gcp;looker;postgresql;sql;tableau,data_engineering,general_data_engineering,Data Engineer/ Business intelligence engineer,Data Engineer,Sudan,Full-time,False,lukebarousse/data_jobs,5
1010,"Data Engineer, Business Intelligence",Block,"Los Angeles, CA","Title short: Data Engineer. Schedule: Full-time. Remote: False. Country: Sudan. Skills: azure, c, flow, go, looker, redshift, snowflake, sql, tableau.",azure;c;flow;go;looker;redshift;snowflake;sql;tableau,data_engineering,bi_engineering,"Data Engineer, Business Intelligence",Data Engineer,Sudan,Full-time,False,lukebarousse/data_jobs,9
1011,"Business Intelligence Engineer , Data Center Engineering Analytics",Amazon Web Services (AWS),"Austin, TX","Title short: Data Engineer. Schedule: Full-time. Remote: False. Country: United States. Skills: aws, dynamodb, nosql, oracle, python, redshift, sql, tableau.",aws;dynamodb;nosql;oracle;python;redshift;sql;tableau,data_engineering,general_data_engineering,"Business Intelligence Engineer , Data Center Engineering Analytics",Data Engineer,United States,Full-time,False,lukebarousse/data_jobs,8
1012,Senior Reporting Analyst,Direct Search Asia Pte. Ltd.,Malaysia,"Title short: Senior Data Analyst. Schedule: Full-time. Remote: False. Country: Malaysia. Skills: excel, power bi, powerpoint, sap, word.",excel;power bi;powerpoint;sap;word,bi,bi_reporting,Senior Reporting Analyst,Senior Data Analyst,Malaysia,Full-time,False,lukebarousse/data_jobs,5
1013,Sr Business Intelligence Data Engineer,American National Insurance Company,"League City, TX","Title short: Senior Data Engineer. Schedule: Full-time. Remote: False. Country: United States. Skills: aws, azure, db2, snowflake, sql, sql server, ssis.",aws;azure;db2;snowflake;sql;sql server;ssis,data_engineering,bi_engineering,Sr Business Intelligence Data Engineer,Senior Data Engineer,United States,Full-time,False,lukebarousse/data_jobs,7
1014,Business Intelligence Data Engineer 2,Tampa General Hospital,"Tampa, FL","Title short: Data Engineer. Schedule: Full-time. Remote: False. Country: United States. Skills: azure, java, python, qlik, r, sql, ssis.",azure;java;python;qlik;r;sql;ssis,data_engineering,bi_engineering,Business Intelligence Data Engineer 2,Data Engineer,United States,Full-time,False,lukebarousse/data_jobs,7
1015,Business Intelligence Data Engineer,Barnes & Noble,"New York, NY","Title short: Data Engineer. Schedule: Full-time. Remote: False. Country: United States. Skills: azure, databricks, nosql, pyspark, python, sql.",azure;databricks;nosql;pyspark;python;sql,data_engineering,bi_engineering,Business Intelligence Data Engineer,Data Engineer,United States,Full-time,False,lukebarousse/data_jobs,6
1016,Business Intelligence Data Engineer,ARCHIMED,"Phoenix, AZ","Title short: Data Engineer. Schedule: Full-time. Remote: False. Country: Sudan. Skills: cognos, crystal, excel, phoenix, power bi, powershell, python, r, sas, sql, sql server, ssrs, tableau, vba.",cognos;crystal;excel;phoenix;power bi;powershell;python;r;sas;sql;sql server;ssrs;tableau;vba,data_engineering,bi_engineering,Business Intelligence Data Engineer,Data Engineer,Sudan,Full-time,False,lukebarousse/data_jobs,14
1017,"Data Engineer, Business Intelligence",Block,"Toronto, ON, Canada","Title short: Data Engineer. Schedule: Full-time. Remote: False. Country: Canada. Skills: airflow, azure, git, go, looker, python, redshift, snowflake, sql, tableau.",airflow;azure;git;go;looker;python;redshift;snowflake;sql;tableau,data_engineering,bi_engineering,"Data Engineer, Business Intelligence",Data Engineer,Canada,Full-time,False,lukebarousse/data_jobs,10
1018,Sr. Reporting Analyst,Reed Czech Republic,"Prague, Czechia","Title short: Senior Data Analyst. Schedule: Full-time. Remote: False. Country: Czechia. Skills: looker, power bi, sql, tableau.",looker;power bi;sql;tableau,bi,bi_reporting,Sr. Reporting Analyst,Senior Data Analyst,Czechia,Full-time,False,lukebarousse/data_jobs,4
1019,Business Intelligence Data Engineer,Khaadi Corporation,"Karachi, Pakistan","Title short: Data Engineer. Schedule: Full-time. Remote: False. Country: Pakistan. Skills: go, power bi, sql, sql server, t-sql.",go;power bi;sql;sql server;t-sql,data_engineering,bi_engineering,Business Intelligence Data Engineer,Data Engineer,Pakistan,Full-time,False,lukebarousse/data_jobs,5
1020,Business Intelligence: Data Engineer - IRC203112 IRC203112,Hitachi Careers,"Noida, Uttar Pradesh, India","Title short: Data Engineer. Schedule: Full-time. Remote: False. Country: India. Skills: bigquery, gcp, kafka, linux, nosql, python, splunk, sql.",bigquery;gcp;kafka;linux;nosql;python;splunk;sql,data_engineering,general_data_engineering,Business Intelligence: Data Engineer - IRC203112 IRC203112,Data Engineer,India,Full-time,False,lukebarousse/data_jobs,8
1021,Senior Reporting Analyst,Conectys,Philippines,"Title short: Senior Data Analyst. Schedule: nan. Remote: False. Country: Philippines. Skills: excel, power bi, sql, vba.",excel;power bi;sql;vba,bi,bi_reporting,Senior Reporting Analyst,Senior Data Analyst,Philippines,,False,lukebarousse/data_jobs,4
1022,Data Engineer (Business Intelligence Team),eMAG,Romania,"Title short: Data Engineer. Schedule: Full-time. Remote: False. Country: Romania. Skills: bigquery, oracle, redshift, snowflake, sql, sql server.",bigquery;oracle;redshift;snowflake;sql;sql server,data_engineering,general_data_engineering,Data Engineer (Business Intelligence Team),Data Engineer,Romania,Full-time,False,lukebarousse/data_jobs,6
1023,Business Intelligence and Analytics Lead - Data Engineer,Charter Steel,"Saukville, WI","Title short: Data Engineer. Schedule: Full-time. Remote: False. Country: United States. Skills: alteryx, azure, oracle, sap, snowflake, sql, tableau.",alteryx;azure;oracle;sap;snowflake;sql;tableau,data_engineering,general_data_engineering,Business Intelligence and Analytics Lead - Data Engineer,Data Engineer,United States,Full-time,False,lukebarousse/data_jobs,7
1024,Business Intelligence Engineer / BI Analyst / Data Architect (w/m/d),smart digital.,"Gerlingen, Germany","Title short: Data Engineer. Schedule: Full-time. Remote: False. Country: Germany. Skills: azure, databricks, looker, tableau.",azure;databricks;looker;tableau,data_engineering,general_data_engineering,Business Intelligence Engineer / BI Analyst / Data Architect (w/m/d),Data Engineer,Germany,Full-time,False,lukebarousse/data_jobs,4
1025,Business Intelligence Data Engineer (w/m/d),Bison,Anywhere,"Title short: Data Engineer. Schedule: Part-time. Remote: True. Country: Switzerland. Skills: qlik, ssis, ssrs, t-sql.",qlik;ssis;ssrs;t-sql,data_engineering,bi_engineering,Business Intelligence Data Engineer (w/m/d),Data Engineer,Switzerland,Part-time,True,lukebarousse/data_jobs,4
1026,Reporting Analyst - Hybrid,Appen,Anywhere,"Title short: Cloud Engineer. Schedule: nan. Remote: True. Country: Philippines. Skills: power bi, sql.",power bi;sql,bi,bi_reporting,Reporting Analyst - Hybrid,Cloud Engineer,Philippines,,True,lukebarousse/data_jobs,2
1027,"Senior Business Intelligence Consultant Data and Analytics, Sweden...",Epicalgroup,Sweden,"Title short: Senior Data Analyst. Schedule: Full-time. Remote: False. Country: Sweden. Skills: azure, databricks, power bi, snowflake.",azure;databricks;power bi;snowflake,analytics,general_analytics,"Senior Business Intelligence Consultant Data and Analytics, Sweden...",Senior Data Analyst,Sweden,Full-time,False,lukebarousse/data_jobs,4
1028,Business Intelligence Data Engineer,Experis,"Tampa, FL","Title short: Data Engineer. Schedule: Full-time. Remote: False. Country: United States. Skills: azure, java, python, qlik, r, sql, ssis.",azure;java;python;qlik;r;sql;ssis,data_engineering,bi_engineering,Business Intelligence Data Engineer,Data Engineer,United States,Full-time,False,lukebarousse/data_jobs,7
1029,Senior Data Analyst - Business Intelligence,COX Enterprises,"Macon, GA","Title short: Senior Data Analyst. Schedule: Full-time. Remote: False. Country: United States. Skills: aws, excel, hadoop, microstrategy, oracle, snowflake, sql.",aws;excel;hadoop;microstrategy;oracle;snowflake;sql,analytics,general_analytics,Senior Data Analyst - Business Intelligence,Senior Data Analyst,United States,Full-time,False,lukebarousse/data_jobs,7
1030,Data Engineer til Business Intelligence-afdeling,DSB,"Copenhagen, Denmark","Title short: Data Engineer. Schedule: Full-time. Remote: False. Country: Denmark. Skills: azure, databricks, power bi, python.",azure;databricks;power bi;python,data_engineering,general_data_engineering,Data Engineer til Business Intelligence-afdeling,Data Engineer,Denmark,Full-time,False,lukebarousse/data_jobs,4
1031,Business Intelligence Data Engineer - Dublin - Permanent - Office,Eolas Recruitment,"Dublin, Ireland","Title short: Data Engineer. Schedule: Full-time. Remote: False. Country: Ireland. Skills: aws, azure, gcp, hadoop, java, power bi, python, spark, sql, sql server, t-sql, tableau.",aws;azure;gcp;hadoop;java;power bi;python;spark;sql;sql server;t-sql;tableau,data_engineering,bi_engineering,Business Intelligence Data Engineer - Dublin - Permanent - Office,Data Engineer,Ireland,Full-time,False,lukebarousse/data_jobs,12
1032,"Data Analytics/ Business Intelligence Engineer :: Los Angeles, CA...",DataFactZ,"Los Angeles, CA","Title short: Data Engineer. Schedule: Contractor. Remote: False. Country: United States. Skills: python, redshift, snowflake, sql, tableau.",python;redshift;snowflake;sql;tableau,data_engineering,general_data_engineering,"Data Analytics/ Business Intelligence Engineer :: Los Angeles, CA...",Data Engineer,United States,Contractor,False,lukebarousse/data_jobs,5
1033,Data Engineer Databricks - Hospitality Business Intelligence (BI),Amadeus,"Nice, France","Title short: Data Engineer. Schedule: Full-time. Remote: False. Country: France. Skills: airflow, azure, databricks, snowflake, sql.",airflow;azure;databricks;snowflake;sql,data_engineering,general_data_engineering,Data Engineer Databricks - Hospitality Business Intelligence (BI),Data Engineer,France,Full-time,False,lukebarousse/data_jobs,5
1034,Data Engineer - Business intelligence developer to Scania,Scania Group,Anywhere,"Title short: Data Engineer. Schedule: Full-time. Remote: True. Country: Sweden. Skills: aws, git, jira, oracle, snowflake, sql, sql server.",aws;git;jira;oracle;snowflake;sql;sql server,data_engineering,bi_engineering,Data Engineer - Business intelligence developer to Scania,Data Engineer,Sweden,Full-time,True,lukebarousse/data_jobs,7
1035,Controller - Data Management and Business Intelligence (m/w/d),WeMatch.,"Düsseldorf, Germany","Title short: Data Engineer. Schedule: Full-time. Remote: False. Country: Germany. Skills: sas, snowflake, tableau.",sas;snowflake;tableau,data_engineering,general_data_engineering,Controller - Data Management and Business Intelligence (m/w/d),Data Engineer,Germany,Full-time,False,lukebarousse/data_jobs,3
1036,Business Intelligence Developer/Data Engineer,Teradyne,Philippines,"Title short: Data Engineer. Schedule: Full-time. Remote: False. Country: Philippines. Skills: azure, power bi, sql, ssis, tableau.",azure;power bi;sql;ssis;tableau,data_engineering,bi_engineering,Business Intelligence Developer/Data Engineer,Data Engineer,Philippines,Full-time,False,lukebarousse/data_jobs,5
1037,Senior Reporting Analyst,New Zealand Government,"Wellington, New Zealand","Title short: Senior Data Analyst. Schedule: Full-time. Remote: False. Country: New Zealand. Skills: excel, power bi, powerpoint, r, sas, sql.",excel;power bi;powerpoint;r;sas;sql,bi,bi_reporting,Senior Reporting Analyst,Senior Data Analyst,New Zealand,Full-time,False,lukebarousse/data_jobs,6
1038,Data Engineer (Business Intelligence Team),eMAG,Romania,"Title short: Data Engineer. Schedule: Full-time. Remote: False. Country: Romania. Skills: bigquery, hadoop, mysql, nosql, oracle, power bi, qlik, redshift, snowflake, sql, sql server, ssis, ssrs, tableau.",bigquery;hadoop;mysql;nosql;oracle;power bi;qlik;redshift;snowflake;sql;sql server;ssis;ssrs;tableau,data_engineering,general_data_engineering,Data Engineer (Business Intelligence Team),Data Engineer,Romania,Full-time,False,lukebarousse/data_jobs,14
1039,Technical and Reporting Analyst,Deltek,Anywhere,"Title short: Data Engineer. Schedule: nan. Remote: True. Country: Philippines. Skills: excel, sql, vba.",excel;sql;vba,data_engineering,general_data_engineering,Technical and Reporting Analyst,Data Engineer,Philippines,,True,lukebarousse/data_jobs,3
1040,Senior Reporting Analyst,Conectys Serv Telecom SRL,Anywhere,"Title short: Senior Data Analyst. Schedule: Full-time. Remote: True. Country: Romania. Skills: excel, python, sql.",excel;python;sql,bi,bi_reporting,Senior Reporting Analyst,Senior Data Analyst,Romania,Full-time,True,lukebarousse/data_jobs,3
1041,"Data/Reporting Analyst, Sr",City of Atlanta,"Atlanta, GA","Title short: Senior Data Analyst. Schedule: Full-time. Remote: False. Country: United States. Skills: excel, flow, oracle, sharepoint.",excel;flow;oracle;sharepoint,bi,bi_reporting,"Data/Reporting Analyst, Sr",Senior Data Analyst,United States,Full-time,False,lukebarousse/data_jobs,4
1042,Senior Data and Reporting Analyst,Phoenix Group,"Birmingham, UK","Title short: Senior Data Analyst. Schedule: Full-time. Remote: False. Country: United Kingdom. Skills: dax, excel, gdpr, phoenix, sql, vba.",dax;excel;gdpr;phoenix;sql;vba,bi,bi_reporting,Senior Data and Reporting Analyst,Senior Data Analyst,United Kingdom,Full-time,False,lukebarousse/data_jobs,6
1043,Sr. Data and Reporting Analyst,LeadVenture,"Austin, TX","Title short: Senior Data Analyst. Schedule: Full-time. Remote: False. Country: United States. Skills: excel, power bi.",excel;power bi,bi,bi_reporting,Sr. Data and Reporting Analyst,Senior Data Analyst,United States,Full-time,False,lukebarousse/data_jobs,2
1044,Data Engineer (Business Intelligence),K2 Partnering,"Attibele, Karnataka, India","Title short: Data Engineer. Schedule: Full-time. Remote: False. Country: India. Skills: alteryx, aws, azure, databricks, excel, hadoop, jira, power bi, python, sap, shell, spark, sql, tableau, unix.",alteryx;aws;azure;databricks;excel;hadoop;jira;power bi;python;sap;shell;spark;sql;tableau;unix,data_engineering,general_data_engineering,Data Engineer (Business Intelligence),Data Engineer,India,Full-time,False,lukebarousse/data_jobs,15
1045,Business Intelligence Data Engineer,Dupont,"Aviles, Spain","Title short: Data Engineer. Schedule: Full-time. Remote: False. Country: Spain. Skills: azure, databricks, pandas, power bi, pyspark, sql, sql server.",azure;databricks;pandas;power bi;pyspark;sql;sql server,data_engineering,bi_engineering,Business Intelligence Data Engineer,Data Engineer,Spain,Full-time,False,lukebarousse/data_jobs,7
1046,Data Engineer Data Warehouse/Business Intelligence (m/w/d),WWK Lebensversicherung a. G.,"Munich, Germany","Title short: Data Engineer. Schedule: Full-time. Remote: False. Country: Germany. Skills: cognos, sql.",cognos;sql,data_engineering,general_data_engineering,Data Engineer Data Warehouse/Business Intelligence (m/w/d),Data Engineer,Germany,Full-time,False,lukebarousse/data_jobs,2
1047,Data Engineer / Business Intelligence Entwickler m/w/d,Goldhofer AG,"Memmingen, Germany","Title short: Data Engineer. Schedule: Full-time. Remote: False. Country: Germany. Skills: airflow, azure, snowflake, sql.",airflow;azure;snowflake;sql,data_engineering,general_data_engineering,Data Engineer / Business Intelligence Entwickler m/w/d,Data Engineer,Germany,Full-time,False,lukebarousse/data_jobs,4
1048,"Data/Reporting Analyst, Senior","City of Atlanta, GA","Atlanta, GA","Title short: Senior Data Analyst. Schedule: Full-time. Remote: False. Country: United States. Skills: excel, word.",excel;word,bi,bi_reporting,"Data/Reporting Analyst, Senior",Senior Data Analyst,United States,Full-time,False,lukebarousse/data_jobs,2
1049,Business Intelligence and Data Engineer,Global Blue,"Kuala Lumpur, Federal Territory of Kuala Lumpur, Malaysia","Title short: Data Engineer. Schedule: Full-time. Remote: False. Country: Malaysia. Skills: microstrategy, mongodb, powershell, python, shell, splunk, sql, sql server, ssis, tableau, windows.",microstrategy;mongodb;powershell;python;shell;splunk;sql;sql server;ssis;tableau;windows,data_engineering,general_data_engineering,Business Intelligence and Data Engineer,Data Engineer,Malaysia,Full-time,False,lukebarousse/data_jobs,11
1050,Junior Business Intelligence Developer,IRIS THAUMAS Ltd,Malta,"Title short: Software Engineer. Schedule: Full-time. Remote: False. Country: Malta. Skills: excel, power bi, python, sql, sql server, tableau.",excel;power bi;python;sql;sql server;tableau,data_engineering,bi_engineering,Junior Business Intelligence Developer,Software Engineer,Malta,Full-time,False,lukebarousse/data_jobs,6
1051,Principal Supply Reporting Analyst,Regeneron Ireland,"Limerick, Ireland","Title short: Senior Data Analyst. Schedule: Full-time. Remote: False. Country: Ireland. Skills: excel, sharepoint.",excel;sharepoint,bi,bi_reporting,Principal Supply Reporting Analyst,Senior Data Analyst,Ireland,Full-time,False,lukebarousse/data_jobs,2
1052,Senior Data Reporting Analyst,Highmark Health,"Santa Fe, NM","Title short: Senior Data Analyst. Schedule: Full-time. Remote: False. Country: Sudan. Skills: excel, sql, word.",excel;sql;word,bi,bi_reporting,Senior Data Reporting Analyst,Senior Data Analyst,Sudan,Full-time,False,lukebarousse/data_jobs,3
1053,Reporting Analyst - Hybrid,Appen,"Cavite City, Cavite, Philippines","Title short: Cloud Engineer. Schedule: Full-time. Remote: False. Country: Philippines. Skills: power bi, sql.",power bi;sql,bi,bi_reporting,Reporting Analyst - Hybrid,Cloud Engineer,Philippines,Full-time,False,lukebarousse/data_jobs,2
1054,Business Intelligence Data Engineer,MATRIX Resources,"Chicago, IL","Title short: Data Engineer. Schedule: Full-time. Remote: False. Country: United States. Skills: airflow, angular, c#, cassandra, docker, dynamodb, java, javascript, kubernetes, mongodb, nosql, python, r, react, sass, snowflake, spark, sql, swift, typescript.",airflow;angular;c#;cassandra;docker;dynamodb;java;javascript;kubernetes;mongodb;nosql;python;r;react;sass;snowflake;spark;sql;swift;typescript,data_engineering,bi_engineering,Business Intelligence Data Engineer,Data Engineer,United States,Full-time,False,lukebarousse/data_jobs,20
1055,Sr Reporting Analyst,Mondelēz International,India,"Title short: Senior Data Analyst. Schedule: Full-time. Remote: False. Country: India. Skills: alteryx, excel, gcp, python, r, react, sap, sql, tableau.",alteryx;excel;gcp;python;r;react;sap;sql;tableau,bi,bi_reporting,Sr Reporting Analyst,Senior Data Analyst,India,Full-time,False,lukebarousse/data_jobs,9
1056,Data Engineer / BI Analyst / Power BI Reporting Spezialist:in (w/m/d),HUK-COBURG,"Coburg, Germany","Title short: Data Engineer. Schedule: Full-time. Remote: False. Country: Germany. Skills: power bi, sql, sql server, ssis, tableau.",power bi;sql;sql server;ssis;tableau,data_engineering,general_data_engineering,Data Engineer / BI Analyst / Power BI Reporting Spezialist:in (w/m/d),Data Engineer,Germany,Full-time,False,lukebarousse/data_jobs,5
1057,Data Engineer Business Intelligence,Diakonessenhuis,"Utrecht, Netherlands","Title short: Data Engineer. Schedule: Full-time. Remote: False. Country: Netherlands. Skills: sql, ssrs.",sql;ssrs,data_engineering,bi_engineering,Data Engineer Business Intelligence,Data Engineer,Netherlands,Full-time,False,lukebarousse/data_jobs,2
1058,Lead Reporting Analyst,Randstad,Argentina,"Title short: Senior Data Analyst. Schedule: Full-time. Remote: False. Country: Argentina. Skills: excel, outlook.",excel;outlook,bi,bi_reporting,Lead Reporting Analyst,Senior Data Analyst,Argentina,Full-time,False,lukebarousse/data_jobs,2
1059,"Sr. Data Scientist / Business Intelligence Analyst II, Department...",Memorial Sloan,Anywhere,"Title short: Senior Data Scientist. Schedule: Full-time. Remote: True. Country: United States. Skills: git, go, python, r, sql.",git;go;python;r;sql,bi,bi_reporting,"Sr. Data Scientist / Business Intelligence Analyst II, Department...",Senior Data Scientist,United States,Full-time,True,lukebarousse/data_jobs,5
1060,Data Engineer-business Intelligence,IBM,"Heredia Province, Heredia, Costa Rica","Title short: Data Engineer. Schedule: Full-time. Remote: False. Country: Costa Rica. Skills: express, ibm cloud, sql.",express;ibm cloud;sql,data_engineering,general_data_engineering,Data Engineer-business Intelligence,Data Engineer,Costa Rica,Full-time,False,lukebarousse/data_jobs,3
1061,"Principal Data Analyst/Sr. Data Analyst, Business Intelligence...",Boston Scientific,Malaysia,"Title short: Senior Data Analyst. Schedule: Full-time. Remote: False. Country: Malaysia. Skills: alteryx, flow, power bi, sap, tableau.",alteryx;flow;power bi;sap;tableau,bi,bi_reporting,"Principal Data Analyst/Sr. Data Analyst, Business Intelligence...",Senior Data Analyst,Malaysia,Full-time,False,lukebarousse/data_jobs,5
1062,Senior) Business Intelligence and Data Engineer,Emprego,"Cajamarca, Peru","Title short: Data Engineer. Schedule: Full-time. Remote: False. Country: Peru. Skills: alteryx, azure, databricks, dax, java, oracle, power bi, python, scala, spark, sql, sql server, tableau.",alteryx;azure;databricks;dax;java;oracle;power bi;python;scala;spark;sql;sql server;tableau,data_engineering,general_data_engineering,Senior) Business Intelligence and Data Engineer,Data Engineer,Peru,Full-time,False,lukebarousse/data_jobs,13
1063,Business Intelligence Data Engineer,John Deere,"Torreón, Coahuila, Mexico","Title short: Data Engineer. Schedule: Full-time. Remote: False. Country: Mexico. Skills: aws, databricks, go, pyspark, python, sap, sql, swift, tableau.",aws;databricks;go;pyspark;python;sap;sql;swift;tableau,data_engineering,bi_engineering,Business Intelligence Data Engineer,Data Engineer,Mexico,Full-time,False,lukebarousse/data_jobs,9
1064,"Business Intelligence Data Engineer, Senior Executive",Tokio Marine Life Insurance Malaysia Bhd,"Kuala Lumpur, Federal Territory of Kuala Lumpur, Malaysia","Title short: Senior Data Engineer. Schedule: Full-time. Remote: False. Country: Malaysia. Skills: aws, sas, sql, ssis.",aws;sas;sql;ssis,data_engineering,bi_engineering,"Business Intelligence Data Engineer, Senior Executive",Senior Data Engineer,Malaysia,Full-time,False,lukebarousse/data_jobs,4
1065,Senior Reporting Analyst,"Ministry of Business, Innovation and Employment","Wellington, New Zealand","Title short: Senior Data Analyst. Schedule: Full-time. Remote: False. Country: New Zealand. Skills: excel, power bi, powerpoint, r, sas, sql.",excel;power bi;powerpoint;r;sas;sql,bi,bi_reporting,Senior Reporting Analyst,Senior Data Analyst,New Zealand,Full-time,False,lukebarousse/data_jobs,6
1066,Business Intelligence Data Engineer - Full-time / Part-time,American Family Mutual Insurance Company,"Boston, MA","Title short: Data Engineer. Schedule: Full-time. Remote: False. Country: United States. Skills: gcp, python, sas, sql, tableau.",gcp;python;sas;sql;tableau,data_engineering,bi_engineering,Business Intelligence Data Engineer - Full-time / Part-time,Data Engineer,United States,Full-time,False,lukebarousse/data_jobs,5
1067,data engineer-business intelligence,OEmprego,"Porto Alegre, RS, Brazil","Title short: Data Engineer. Schedule: Full-time. Remote: False. Country: Brazil. Skills: excel, powerpoint, word.",excel;powerpoint;word,data_engineering,general_data_engineering,data engineer-business intelligence,Data Engineer,Brazil,Full-time,False,lukebarousse/data_jobs,3
1068,Senior Data and Business Intelligence Analyst - 122047 - Full-time...,UC San Diego,Anywhere,"Title short: Senior Data Analyst. Schedule: Full-time. Remote: True. Country: United States. Skills: excel, sql.",excel;sql,bi,bi_reporting,Senior Data and Business Intelligence Analyst - 122047 - Full-time...,Senior Data Analyst,United States,Full-time,True,lukebarousse/data_jobs,2
1069,(Senior) Business Intelligence Data Analyst im Marketing (w/m/d),TARGOBANK,"Düsseldorf, Germany","Title short: Senior Data Analyst. Schedule: Full-time. Remote: False. Country: Germany. Skills: c, java, oracle, python, r, sas, spss, sql, tableau.",c;java;oracle;python;r;sas;spss;sql;tableau,bi,bi_reporting,(Senior) Business Intelligence Data Analyst im Marketing (w/m/d),Senior Data Analyst,Germany,Full-time,False,lukebarousse/data_jobs,9
1070,"Platform Lead - AI, Business Intelligence and Data Engineering",Voze,"Sandy, UT","Title short: Data Engineer. Schedule: Full-time. Remote: False. Country: United States. Skills: docker, flow, postgresql, python.",docker;flow;postgresql;python,data_engineering,general_data_engineering,"Platform Lead - AI, Business Intelligence and Data Engineering",Data Engineer,United States,Full-time,False,lukebarousse/data_jobs,4
1071,"Senior Data Scientist, Business Intelligence",Spring Health,Anywhere,"Title short: Senior Data Scientist. Schedule: Full-time. Remote: True. Country: United States. Skills: looker, python, r, redshift, snowflake, spring, sql, tableau.",looker;python;r;redshift;snowflake;spring;sql;tableau,data_science,general_data_science,"Senior Data Scientist, Business Intelligence",Senior Data Scientist,United States,Full-time,True,lukebarousse/data_jobs,8
1072,Business Intelligence Data Engineer,Kuehne Nagel,"Porto, Portugal","Title short: Data Engineer. Schedule: Full-time. Remote: False. Country: Portugal. Skills: aws, bigquery, oracle, python, snowflake, sql, tableau, terraform.",aws;bigquery;oracle;python;snowflake;sql;tableau;terraform,data_engineering,bi_engineering,Business Intelligence Data Engineer,Data Engineer,Portugal,Full-time,False,lukebarousse/data_jobs,8
1073,SQL Business Intelligence Developer – Contract – up to R500 per Hour,E-Merge,"Johannesburg, South Africa","Title short: Software Engineer. Schedule: Contractor. Remote: False. Country: South Africa. Skills: aws, azure, power bi, sap, sql, ssis, ssrs.",aws;azure;power bi;sap;sql;ssis;ssrs,data_engineering,bi_engineering,SQL Business Intelligence Developer – Contract – up to R500 per Hour,Software Engineer,South Africa,Contractor,False,lukebarousse/data_jobs,7
1074,Senior Business Intelligence Developer,Distillery,"Bogotá, Bogota, Colombia","Title short: Senior Data Scientist. Schedule: Full-time. Remote: False. Country: Colombia. Skills: aws, java, python.",aws;java;python,data_engineering,bi_engineering,Senior Business Intelligence Developer,Senior Data Scientist,Colombia,Full-time,False,lukebarousse/data_jobs,3
1075,Sr. Reporting Analyst,Epiq,"Hyderabad, Telangana, India","Title short: Senior Data Analyst. Schedule: Full-time. Remote: False. Country: India. Skills: excel, mysql, sharepoint, sql, sql server.",excel;mysql;sharepoint;sql;sql server,bi,bi_reporting,Sr. Reporting Analyst,Senior Data Analyst,India,Full-time,False,lukebarousse/data_jobs,5
1076,Data Engineer - Business Intelligence,PEZ AI Bots Inc.,"Imus, Cavite, Philippines","Title short: Data Engineer. Schedule: Full-time. Remote: False. Country: Philippines. Skills: docker, flask, flow, git, linux, mysql, nosql, oracle, pandas, python, redshift, sql, sql server.",docker;flask;flow;git;linux;mysql;nosql;oracle;pandas;python;redshift;sql;sql server,data_engineering,general_data_engineering,Data Engineer - Business Intelligence,Data Engineer,Philippines,Full-time,False,lukebarousse/data_jobs,13
1077,Senior Data and Reporting Analyst,Stryker,"Heredia Province, San Antonio, Costa Rica","Title short: Senior Data Analyst. Schedule: Full-time. Remote: False. Country: Costa Rica. Skills: azure, excel, flow, git, go, mysql, oracle, planner, power bi, python, r, sap, sql, sql server, tableau, vba.",azure;excel;flow;git;go;mysql;oracle;planner;power bi;python;r;sap;sql;sql server;tableau;vba,bi,bi_reporting,Senior Data and Reporting Analyst,Senior Data Analyst,Costa Rica,Full-time,False,lukebarousse/data_jobs,16
1078,Senior Reporting Analyst,DIRECT SEARCH ASIA PTE. LTD.,Singapore,"Title short: Senior Data Analyst. Schedule: Full-time. Remote: False. Country: Singapore. Skills: excel, power bi, powerpoint, sap, word.",excel;power bi;powerpoint;sap;word,bi,bi_reporting,Senior Reporting Analyst,Senior Data Analyst,Singapore,Full-time,False,lukebarousse/data_jobs,5
1079,Senior Data Analyst (Business Intelligence),Pearson,"Augusta, GA","Title short: Senior Data Analyst. Schedule: Full-time. Remote: False. Country: United States. Skills: gcp, python, snowflake, sql, tableau.",gcp;python;snowflake;sql;tableau,analytics,general_analytics,Senior Data Analyst (Business Intelligence),Senior Data Analyst,United States,Full-time,False,lukebarousse/data_jobs,5
1080,Sr Data Analytics Engg- Business Intelligence,Gartner Careers,"Madrid, Spain","Title short: Senior Data Engineer. Schedule: Full-time. Remote: False. Country: Spain. Skills: azure, jira, sql.",azure;jira;sql,analytics,general_analytics,Sr Data Analytics Engg- Business Intelligence,Senior Data Engineer,Spain,Full-time,False,lukebarousse/data_jobs,3
1081,Senior Business Intelligence Data Analyst,Humana,"Albuquerque, NM","Title short: Senior Data Analyst. Schedule: Full-time. Remote: False. Country: Sudan. Skills: azure, excel, power bi, powerpoint, sql.",azure;excel;power bi;powerpoint;sql,bi,bi_reporting,Senior Business Intelligence Data Analyst,Senior Data Analyst,Sudan,Full-time,False,lukebarousse/data_jobs,5
1082,Business Intelligence + Data engineer,EXL,India,"Title short: Data Engineer. Schedule: Full-time. Remote: False. Country: India. Skills: azure, confluence, databricks, power bi, tableau, unity.",azure;confluence;databricks;power bi;tableau;unity,data_engineering,general_data_engineering,Business Intelligence + Data engineer,Data Engineer,India,Full-time,False,lukebarousse/data_jobs,6
1083,Data Engineer-Business Intelligence,Gumtree.co.za,"Johannesburg, South Africa","Title short: Data Engineer. Schedule: Full-time. Remote: False. Country: South Africa. Skills: power bi, python, sql.",power bi;python;sql,data_engineering,general_data_engineering,Data Engineer-Business Intelligence,Data Engineer,South Africa,Full-time,False,lukebarousse/data_jobs,3
1084,"Senior Data Engineer, Business Intelligence",Technogym,"Cesena, Province of Forlì-Cesena, Italy","Title short: Senior Data Engineer. Schedule: Full-time. Remote: False. Country: Italy. Skills: bigquery, looker, numpy, pandas, python, sql, tableau.",bigquery;looker;numpy;pandas;python;sql;tableau,data_engineering,bi_engineering,"Senior Data Engineer, Business Intelligence",Senior Data Engineer,Italy,Full-time,False,lukebarousse/data_jobs,7
1085,Business Intelligence Engineer/Data Engineer,SIGMATECH,"Jakarta, Indonesia","Title short: Data Engineer. Schedule: Full-time. Remote: False. Country: Indonesia. Skills: mysql, power bi, sql, sql server, tableau.",mysql;power bi;sql;sql server;tableau,data_engineering,general_data_engineering,Business Intelligence Engineer/Data Engineer,Data Engineer,Indonesia,Full-time,False,lukebarousse/data_jobs,5
1086,Business Intelligence/data Warehouse Engineer,Fever,"Madrid, Spain","Title short: Data Engineer. Schedule: Full-time. Remote: False. Country: Spain. Skills: airflow, aurora, aws, docker, pandas, postgresql, pyspark, python, redshift, snowflake, sql.",airflow;aurora;aws;docker;pandas;postgresql;pyspark;python;redshift;snowflake;sql,data_engineering,general_data_engineering,Business Intelligence/data Warehouse Engineer,Data Engineer,Spain,Full-time,False,lukebarousse/data_jobs,11
1087,Senior Reporting Analyst,CBRE Argentina,"Kuala Lumpur, Federal Territory of Kuala Lumpur, Malaysia","Title short: Senior Data Analyst. Schedule: Full-time. Remote: False. Country: Malaysia. Skills: excel, tableau, visual basic.",excel;tableau;visual basic,bi,bi_reporting,Senior Reporting Analyst,Senior Data Analyst,Malaysia,Full-time,False,lukebarousse/data_jobs,3
1088,Senior Reporting Analyst,"Ministry of Business, Innovation & Employment","Wellington, New Zealand","Title short: Senior Data Analyst. Schedule: Full-time. Remote: False. Country: New Zealand. Skills: excel, power bi, powerpoint, r, sas, sql.",excel;power bi;powerpoint;r;sas;sql,bi,bi_reporting,Senior Reporting Analyst,Senior Data Analyst,New Zealand,Full-time,False,lukebarousse/data_jobs,6
1089,Business Intelligence And Data Analytics Principal,Medtronic,Austria,"Title short: Senior Data Analyst. Schedule: Full-time. Remote: False. Country: Austria. Skills: alteryx, excel, power bi, python, r, sap, sharepoint, snowflake, sql, tableau.",alteryx;excel;power bi;python;r;sap;sharepoint;snowflake;sql;tableau,analytics,general_analytics,Business Intelligence And Data Analytics Principal,Senior Data Analyst,Austria,Full-time,False,lukebarousse/data_jobs,10
1090,"Snr Business Intelligence Mgr, Insights Analytics",AWS EMEA SARL (Spain Branch),"Madrid, Spain","Title short: Senior Data Analyst. Schedule: Full-time. Remote: False. Country: Spain. Skills: aws, hadoop, python, r, redshift, ruby, sql, tableau.",aws;hadoop;python;r;redshift;ruby;sql;tableau,analytics,general_analytics,"Snr Business Intelligence Mgr, Insights Analytics",Senior Data Analyst,Spain,Full-time,False,lukebarousse/data_jobs,8
1091,"Data Engineer, Gerencia Business Intelligence",Falabella Retail,"Santiago, Chile","Title short: Data Engineer. Schedule: Full-time. Remote: False. Country: Chile. Skills: airflow, gcp, gitlab, java, python, sql.",airflow;gcp;gitlab;java;python;sql,data_engineering,general_data_engineering,"Data Engineer, Gerencia Business Intelligence",Data Engineer,Chile,Full-time,False,lukebarousse/data_jobs,6
1092,Data Engineer Business Intelligence (m/w/d),VGH Versicherungen,"Hanover, Germany","Title short: Data Engineer. Schedule: Full-time. Remote: False. Country: Germany. Skills: sql, sql server.",sql;sql server,data_engineering,bi_engineering,Data Engineer Business Intelligence (m/w/d),Data Engineer,Germany,Full-time,False,lukebarousse/data_jobs,2
1093,Senior Reporting Analyst,New Zealand Government,"Wellington, New Zealand","Title short: Senior Data Analyst. Schedule: Full-time. Remote: False. Country: New Zealand. Skills: azure, oracle, windows.",azure;oracle;windows,bi,bi_reporting,Senior Reporting Analyst,Senior Data Analyst,New Zealand,Full-time,False,lukebarousse/data_jobs,3
1094,"Senior Data Analyst, Business Intelligence",Cox Enterprises,"Atlanta, GA","Title short: Senior Data Analyst. Schedule: Full-time. Remote: False. Country: United States. Skills: aws, excel, hadoop, microstrategy, oracle, snowflake, sql.",aws;excel;hadoop;microstrategy;oracle;snowflake;sql,bi,bi_reporting,"Senior Data Analyst, Business Intelligence",Senior Data Analyst,United States,Full-time,False,lukebarousse/data_jobs,7
1095,Senior Reporting Analyst,PCCW GLOBAL Limited,Singapore,"Title short: Senior Data Analyst. Schedule: Full-time. Remote: False. Country: Singapore. Skills: bigquery, looker, python, sql.",bigquery;looker;python;sql,bi,bi_reporting,Senior Reporting Analyst,Senior Data Analyst,Singapore,Full-time,False,lukebarousse/data_jobs,4
1096,Mid-level Data Engineer-Business Intelligence,Elsevier,"Chennai, Tamil Nadu, India","Title short: Data Engineer. Schedule: Full-time. Remote: False. Country: India. Skills: airflow, aws, python, snowflake, sql.",airflow;aws;python;snowflake;sql,data_engineering,general_data_engineering,Mid-level Data Engineer-Business Intelligence,Data Engineer,India,Full-time,False,lukebarousse/data_jobs,5
1097,Avp - Enterprise Business Intelligence and Analytics,Ancor,Thailand,"Title short: Cloud Engineer. Schedule: Full-time. Remote: False. Country: Thailand. Skills: python, sql.",python;sql,analytics,general_analytics,Avp - Enterprise Business Intelligence and Analytics,Cloud Engineer,Thailand,Full-time,False,lukebarousse/data_jobs,2
1098,Senior Data & Reporting Analyst - Middle Office,The Maples Group,"Dublin, Ireland","Title short: Senior Data Analyst. Schedule: Full-time. Remote: False. Country: Ireland. Skills: excel, go, power bi.",excel;go;power bi,bi,bi_reporting,Senior Data & Reporting Analyst - Middle Office,Senior Data Analyst,Ireland,Full-time,False,lukebarousse/data_jobs,3
1099,"Data Engineer, Gerencia Business Intelligence",Falabella Retail,"Las Condes, Chile","Title short: Data Engineer. Schedule: Full-time. Remote: False. Country: Chile. Skills: airflow, gcp, gitlab, java, python, sql.",airflow;gcp;gitlab;java;python;sql,data_engineering,general_data_engineering,"Data Engineer, Gerencia Business Intelligence",Data Engineer,Chile,Full-time,False,lukebarousse/data_jobs,6
1100,"Senior Business Intelligence Engineer, Data and Analytics",Amazon,"Madrid, Spain","Title short: Senior Data Engineer. Schedule: Full-time. Remote: False. Country: Spain. Skills: aws, python, sql, tableau.",aws;python;sql;tableau,analytics,general_analytics,"Senior Business Intelligence Engineer, Data and Analytics",Senior Data Engineer,Spain,Full-time,False,lukebarousse/data_jobs,4
1101,"Senior Data Analyst, Business Intelligence (Orlando, FL)",Universal Orlando Resort,"Orlando, FL","Title short: Senior Data Analyst. Schedule: Full-time. Remote: False. Country: United States. Skills: alteryx, cognos, python, r, sql, tableau.",alteryx;cognos;python;r;sql;tableau,bi,bi_reporting,"Senior Data Analyst, Business Intelligence (Orlando, FL)",Senior Data Analyst,United States,Full-time,False,lukebarousse/data_jobs,6
1102,Absa Bank Limited – Business Intelligence Data Engineer,Absa Bank Limited,"Nairobi, Kenya","Title short: Data Engineer. Schedule: Full-time. Remote: False. Country: Kenya. Skills: aws, hadoop, kafka, python, sharepoint, spark, sql.",aws;hadoop;kafka;python;sharepoint;spark;sql,data_engineering,bi_engineering,Absa Bank Limited – Business Intelligence Data Engineer,Data Engineer,Kenya,Full-time,False,lukebarousse/data_jobs,7
1103,Business Intelligence Data Engineer 1,Tampa General Hospital,"Tampa, FL","Title short: Data Engineer. Schedule: Full-time. Remote: False. Country: United States. Skills: azure, java, python, qlik, r, sql, ssis.",azure;java;python;qlik;r;sql;ssis,data_engineering,bi_engineering,Business Intelligence Data Engineer 1,Data Engineer,United States,Full-time,False,lukebarousse/data_jobs,7
1104,Business Intelligence Data Engineer (w/m/d),HUK COBURG Versicherungsgruppe,Anywhere,"Title short: Data Engineer. Schedule: Full-time. Remote: True. Country: Germany. Skills: cognos, sql.",cognos;sql,data_engineering,bi_engineering,Business Intelligence Data Engineer (w/m/d),Data Engineer,Germany,Full-time,True,lukebarousse/data_jobs,2
1105,"Data Engineer, Gerencia Business Intelligence",Falabella Retail,"Santiago, Chile","Title short: Data Engineer. Schedule: Full-time. Remote: False. Country: Chile. Skills: airflow, gcp, gitlab, java, node.js, python, sql.",airflow;gcp;gitlab;java;node.js;python;sql,data_engineering,general_data_engineering,"Data Engineer, Gerencia Business Intelligence",Data Engineer,Chile,Full-time,False,lukebarousse/data_jobs,7
1106,Data Engineer - Business Intelligence Specialist,Global Recruitment Selection,"Ostend, Belgium","Title short: Data Engineer. Schedule: Full-time. Remote: False. Country: Belgium. Skills: cognos, power bi, t-sql.",cognos;power bi;t-sql,data_engineering,general_data_engineering,Data Engineer - Business Intelligence Specialist,Data Engineer,Belgium,Full-time,False,lukebarousse/data_jobs,3
1107,Data Engineer - Business Intelligence / IT Beratung / SAP ERP ...,Workwise GmbH,"Berlin, Germany","Title short: Data Engineer. Schedule: Part-time. Remote: False. Country: Germany. Skills: java, sap.",java;sap,data_engineering,general_data_engineering,Data Engineer - Business Intelligence / IT Beratung / SAP ERP ...,Data Engineer,Germany,Part-time,False,lukebarousse/data_jobs,2
1108,Senior Data Engineer - Consulting / Business Intelligence / Home...,Campusjäger by Workwise,"Hamburg, Germany","Title short: Senior Data Engineer. Schedule: Full-time. Remote: False. Country: Germany. Skills: azure, dax, gcp, java, python, shell, sql.",azure;dax;gcp;java;python;shell;sql,data_engineering,general_data_engineering,Senior Data Engineer - Consulting / Business Intelligence / Home...,Senior Data Engineer,Germany,Full-time,False,lukebarousse/data_jobs,7
1109,Senior Business Intelligence Developer / Data Engineer,Technojobs,"London, UK","Title short: Data Engineer. Schedule: Full-time. Remote: False. Country: United Kingdom. Skills: azure, power bi, sql, ssis, t-sql.",azure;power bi;sql;ssis;t-sql,data_engineering,bi_engineering,Senior Business Intelligence Developer / Data Engineer,Data Engineer,United Kingdom,Full-time,False,lukebarousse/data_jobs,5
1110,Senior BI Analyst/Data Scientist,OAG DC,"Washington, DC","Title short: Senior Data Analyst. Schedule: Full-time. Remote: False. Country: United States. Skills: power bi, python, r, sql, tableau.",power bi;python;r;sql;tableau,bi,bi_reporting,Senior BI Analyst/Data Scientist,Senior Data Analyst,United States,Full-time,False,lukebarousse/data_jobs,5
1111,DATA ENGINEER-BUSINESS INTELLIGENCE - SÃO PAULO,O EMPREGO,"São Paulo, State of São Paulo, Brazil","Title short: Data Engineer. Schedule: Full-time. Remote: False. Country: Brazil. Skills: excel, powerpoint, word.",excel;powerpoint;word,data_engineering,general_data_engineering,DATA ENGINEER-BUSINESS INTELLIGENCE - SÃO PAULO,Data Engineer,Brazil,Full-time,False,lukebarousse/data_jobs,3
1112,"Senior Data Analyst, Business Intelligence (Mobile) - Fixed Term",2K,"Dublin, Ireland","Title short: Senior Data Analyst. Schedule: Full-time. Remote: False. Country: Ireland. Skills: aws, looker, power bi, snowflake, sql, tableau.",aws;looker;power bi;snowflake;sql;tableau,bi,bi_reporting,"Senior Data Analyst, Business Intelligence (Mobile) - Fixed Term",Senior Data Analyst,Ireland,Full-time,False,lukebarousse/data_jobs,6
1113,Experienced Business Intelligence Developer to join our exciting...,NNIT Czech Republic,"Prague, Czechia","Title short: Software Engineer. Schedule: Full-time. Remote: False. Country: Czechia. Skills: azure, c#, git, powershell, sql, sql server, ssis, t-sql.",azure;c#;git;powershell;sql;sql server;ssis;t-sql,data_engineering,bi_engineering,Experienced Business Intelligence Developer to join our exciting...,Software Engineer,Czechia,Full-time,False,lukebarousse/data_jobs,8
1114,Business Intelligence Developer - Move to Data Engineer - Melbourne,Talent Insights Group,"Melbourne VIC, Australia","Title short: Data Engineer. Schedule: Full-time. Remote: False. Country: Australia. Skills: azure, databricks, dax, java, perl, power bi, python, qlik, r, sql, ssis, vb.net.",azure;databricks;dax;java;perl;power bi;python;qlik;r;sql;ssis;vb.net,data_engineering,bi_engineering,Business Intelligence Developer - Move to Data Engineer - Melbourne,Data Engineer,Australia,Full-time,False,lukebarousse/data_jobs,12
1115,Sr Analytics and Reporting Analyst,HCSC,"Chicago, IL","Title short: Senior Data Analyst. Schedule: Full-time. Remote: False. Country: United States. Skills: excel, sas, sql.",excel;sas;sql,bi,bi_reporting,Sr Analytics and Reporting Analyst,Senior Data Analyst,United States,Full-time,False,lukebarousse/data_jobs,3
1116,"Data & Analytics Engineer, Business Intelligence",BYLT Basics,"Irvine, CA","Title short: Data Engineer. Schedule: Full-time. Remote: False. Country: United States. Skills: sql, tableau.",sql;tableau,data_engineering,analytics_engineering,"Data & Analytics Engineer, Business Intelligence",Data Engineer,United States,Full-time,False,lukebarousse/data_jobs,2
1117,Senior Data Engineer (Business Intelligence Reporting/Tableau) - AA,Gorilla Logic,Anywhere,"Title short: Senior Data Engineer. Schedule: Full-time. Remote: True. Country: Mexico. Skills: aws, azure, gcp, java, looker, nosql, power bi, python, snowflake, sql, tableau.",aws;azure;gcp;java;looker;nosql;power bi;python;snowflake;sql;tableau,data_engineering,general_data_engineering,Senior Data Engineer (Business Intelligence Reporting/Tableau) - AA,Senior Data Engineer,Mexico,Full-time,True,lukebarousse/data_jobs,11
1118,"Business Intelligence Data Engineer (m,f,d)",Kuehne + Nagel AS,"Porto, Portugal","Title short: Data Engineer. Schedule: Full-time. Remote: False. Country: Portugal. Skills: aws, bigquery, oracle, python, snowflake, sql, tableau, terraform.",aws;bigquery;oracle;python;snowflake;sql;tableau;terraform,data_engineering,bi_engineering,"Business Intelligence Data Engineer (m,f,d)",Data Engineer,Portugal,Full-time,False,lukebarousse/data_jobs,8
1119,Senior Reporting Analyst,Manulife,"Quezon, Philippines","Title short: Senior Data Analyst. Schedule: Full-time. Remote: False. Country: Philippines. Skills: excel, outlook, sharepoint, vba, word.",excel;outlook;sharepoint;vba;word,bi,bi_reporting,Senior Reporting Analyst,Senior Data Analyst,Philippines,Full-time,False,lukebarousse/data_jobs,5
1120,"Data Engineer, Global Business Intelligence",Apple,"Cupertino, CA","Title short: Data Engineer. Schedule: Full-time. Remote: False. Country: United States. Skills: aws, cassandra, java, kafka, python, scala, snowflake, spark, sql, tableau.",aws;cassandra;java;kafka;python;scala;snowflake;spark;sql;tableau,data_engineering,general_data_engineering,"Data Engineer, Global Business Intelligence",Data Engineer,United States,Full-time,False,lukebarousse/data_jobs,10
1121,Data Engineer:in Business Intelligence Fahrplan und...,Deutsche Bahn AG,"Frankfurt, Germany","Title short: Data Engineer. Schedule: Full-time. Remote: False. Country: Germany. Skills: aws, redshift, sql, ssis.",aws;redshift;sql;ssis,data_engineering,general_data_engineering,Data Engineer:in Business Intelligence Fahrplan und...,Data Engineer,Germany,Full-time,False,lukebarousse/data_jobs,4
1122,Platform Engineer für Business Intelligence und Data Analytics...,HUK-COBURG Versicherungsgruppe,"Bavaria, Germany","Title short: Data Engineer. Schedule: Full-time and Part-time. Remote: False. Country: Germany. Skills: docker, julia, kubernetes, linux, python, sql, vmware.",docker;julia;kubernetes;linux;python;sql;vmware,data_engineering,general_data_engineering,Platform Engineer für Business Intelligence und Data Analytics...,Data Engineer,Germany,Full-time and Part-time,False,lukebarousse/data_jobs,7
1123,Business Intelligence Project and Data Engineer (f/d/m),Solytic,"Berlin, Germany","Title short: Data Engineer. Schedule: Full-time. Remote: False. Country: Germany. Skills: airflow, git, python, snowflake, sql.",airflow;git;python;snowflake;sql,data_engineering,general_data_engineering,Business Intelligence Project and Data Engineer (f/d/m),Data Engineer,Germany,Full-time,False,lukebarousse/data_jobs,5
1124,"Lead Data Engineer, Business Intelligence",Technogym,"Cesena, Province of Forlì-Cesena, Italy","Title short: Data Engineer. Schedule: Full-time. Remote: False. Country: Italy. Skills: bigquery, looker, numpy, pandas, python, sql, tableau.",bigquery;looker;numpy;pandas;python;sql;tableau,data_engineering,bi_engineering,"Lead Data Engineer, Business Intelligence",Data Engineer,Italy,Full-time,False,lukebarousse/data_jobs,7
1125,Senior Reporting Analyst,Connext,Anywhere,"Title short: Senior Data Analyst. Schedule: nan. Remote: True. Country: Philippines. Skills: crystal, sql.",crystal;sql,bi,bi_reporting,Senior Reporting Analyst,Senior Data Analyst,Philippines,,True,lukebarousse/data_jobs,2
1126,Data Engineer and Business Intelligence (BI) Developer,Robert Walters Technology - Kidsloop,"London, UK","Title short: Data Engineer. Schedule: Full-time. Remote: False. Country: United Kingdom. Skills: azure, power bi, sql, sql server, ssis, ssrs.",azure;power bi;sql;sql server;ssis;ssrs,data_engineering,general_data_engineering,Data Engineer and Business Intelligence (BI) Developer,Data Engineer,United Kingdom,Full-time,False,lukebarousse/data_jobs,6
1127,Business Intelligence Developer | Data Engineer,Lithium3 Technology Recruitment Limited,"Derby, UK","Title short: Data Engineer. Schedule: Full-time. Remote: False. Country: United Kingdom. Skills: azure, docker, snowflake, sql, ssis.",azure;docker;snowflake;sql;ssis,data_engineering,bi_engineering,Business Intelligence Developer | Data Engineer,Data Engineer,United Kingdom,Full-time,False,lukebarousse/data_jobs,5
1128,"Manager, Business Intelligence and Data Engineering",Princess Cruises,Australia,"Title short: Data Engineer. Schedule: Full-time. Remote: False. Country: Australia. Skills: aws, bigquery, db2, oracle, power bi, redshift, snowflake.",aws;bigquery;db2;oracle;power bi;redshift;snowflake,data_engineering,general_data_engineering,"Manager, Business Intelligence and Data Engineering",Data Engineer,Australia,Full-time,False,lukebarousse/data_jobs,7
1129,SQL Server /data Engineer and Business Intelligence,Confidencial,Argentina,"Title short: Data Engineer. Schedule: Full-time. Remote: False. Country: Argentina. Skills: azure, dynamodb, mongodb, mysql, power bi, redis, sql, sql server.",azure;dynamodb;mongodb;mysql;power bi;redis;sql;sql server,data_engineering,general_data_engineering,SQL Server /data Engineer and Business Intelligence,Data Engineer,Argentina,Full-time,False,lukebarousse/data_jobs,8
1130,Business Intelligence Data Engineer,John Deere,Mexico,"Title short: Data Engineer. Schedule: Full-time. Remote: False. Country: Mexico. Skills: aws, databricks, go, pyspark, python, sap, sql, swift, tableau.",aws;databricks;go;pyspark;python;sap;sql;swift;tableau,data_engineering,bi_engineering,Business Intelligence Data Engineer,Data Engineer,Mexico,Full-time,False,lukebarousse/data_jobs,9
1131,Database Engineer/Business Intelligence Developer - Colombia,"World Business Lenders, Llc",Colombia,"Title short: Data Engineer. Schedule: Full-time. Remote: False. Country: Colombia. Skills: c, excel, java, mongodb, nosql, postgresql, power bi, python, sql, sql server, t-sql, vba.",c;excel;java;mongodb;nosql;postgresql;power bi;python;sql;sql server;t-sql;vba,data_engineering,bi_engineering,Database Engineer/Business Intelligence Developer - Colombia,Data Engineer,Colombia,Full-time,False,lukebarousse/data_jobs,12
1132,"Senior Data Engineer, Business Intelligence",Bell Canada,"Toronto, ON, Canada","Title short: Senior Data Engineer. Schedule: Full-time. Remote: False. Country: Canada. Skills: alteryx, c++, hadoop, java, kafka, oracle, python, sas, scala, spark, sql.",alteryx;c++;hadoop;java;kafka;oracle;python;sas;scala;spark;sql,data_engineering,bi_engineering,"Senior Data Engineer, Business Intelligence",Senior Data Engineer,Canada,Full-time,False,lukebarousse/data_jobs,11
1133,"Senior/Staff BI Analyst, Enterprise Data & Analytics | (HYBRID)",First Technology Federal Credit Union,"Rocklin, CA","Title short: Senior Data Analyst. Schedule: Full-time. Remote: False. Country: United States. Skills: alteryx, python, r, sql, tableau.",alteryx;python;r;sql;tableau,bi,bi_reporting,"Senior/Staff BI Analyst, Enterprise Data & Analytics | (HYBRID)",Senior Data Analyst,United States,Full-time,False,lukebarousse/data_jobs,5
1134,"Data Engineer, Gerencia Business Intelligence",Emprego,"Las Condes, Chile","Title short: Data Engineer. Schedule: Full-time. Remote: False. Country: Chile. Skills: airflow, gcp, gitlab, java, node.js, python, sql.",airflow;gcp;gitlab;java;node.js;python;sql,data_engineering,general_data_engineering,"Data Engineer, Gerencia Business Intelligence",Data Engineer,Chile,Full-time,False,lukebarousse/data_jobs,7
1135,"Business Intelligence Data Engineer (m,f,d)",Kuehne+nagel,"Porto, Portugal","Title short: Data Engineer. Schedule: Full-time. Remote: False. Country: Portugal. Skills: aws, bigquery, oracle, python, snowflake, sql, tableau, terraform.",aws;bigquery;oracle;python;snowflake;sql;tableau;terraform,data_engineering,bi_engineering,"Business Intelligence Data Engineer (m,f,d)",Data Engineer,Portugal,Full-time,False,lukebarousse/data_jobs,8
1136,Data Engineer (Business Intelligence),AIA IT (M) Sdn Bhd,"Kuala Lumpur, Federal Territory of Kuala Lumpur, Malaysia","Title short: Data Engineer. Schedule: Full-time. Remote: False. Country: Malaysia. Skills: azure, sql.",azure;sql,data_engineering,general_data_engineering,Data Engineer (Business Intelligence),Data Engineer,Malaysia,Full-time,False,lukebarousse/data_jobs,2
1137,"Senior Data Engineer, Business Intelligence",MerchantE,"Alpharetta, GA","Title short: Senior Data Engineer. Schedule: Full-time. Remote: False. Country: United States. Skills: aws, azure, power bi, redshift, snowflake, sql.",aws;azure;power bi;redshift;snowflake;sql,data_engineering,bi_engineering,"Senior Data Engineer, Business Intelligence",Senior Data Engineer,United States,Full-time,False,lukebarousse/data_jobs,6
1138,Data Engineer Business Intelligence (BI),Jobleads,"Rotterdam, Netherlands","Title short: Data Engineer. Schedule: Full-time. Remote: False. Country: Netherlands. Skills: sql, tableau.",sql;tableau,data_engineering,bi_engineering,Data Engineer Business Intelligence (BI),Data Engineer,Netherlands,Full-time,False,lukebarousse/data_jobs,2
1139,Data Engineer als Junior Manager Business Intelligence (m/w/d),BRITA SE,"Taunusstein, Germany","Title short: Data Engineer. Schedule: Full-time. Remote: False. Country: Germany. Skills: azure, power bi, sql, sql server.",azure;power bi;sql;sql server,data_engineering,general_data_engineering,Data Engineer als Junior Manager Business Intelligence (m/w/d),Data Engineer,Germany,Full-time,False,lukebarousse/data_jobs,4
1140,"Senior Data Engineer, Business Intelligence",JobLeads GmbH,Italy,"Title short: Senior Data Engineer. Schedule: Full-time. Remote: False. Country: Italy. Skills: bigquery, looker, numpy, pandas, python, sql, tableau.",bigquery;looker;numpy;pandas;python;sql;tableau,data_engineering,bi_engineering,"Senior Data Engineer, Business Intelligence",Senior Data Engineer,Italy,Full-time,False,lukebarousse/data_jobs,7
1141,"Senior Data Analyst, Business Intelligence",Cox Communications,"Doraville, GA","Title short: Senior Data Analyst. Schedule: Full-time. Remote: False. Country: United States. Skills: aws, excel, hadoop, microstrategy, oracle, snowflake, sql.",aws;excel;hadoop;microstrategy;oracle;snowflake;sql,bi,bi_reporting,"Senior Data Analyst, Business Intelligence",Senior Data Analyst,United States,Full-time,False,lukebarousse/data_jobs,7
1142,Data Engineer | BI Analyst | Data Warehouse (m/w/d),KP Family International,"Bavaria, Germany","Title short: Data Engineer. Schedule: Full-time. Remote: False. Country: Germany. Skills: snowflake, tableau.",snowflake;tableau,data_engineering,general_data_engineering,Data Engineer | BI Analyst | Data Warehouse (m/w/d),Data Engineer,Germany,Full-time,False,lukebarousse/data_jobs,2
1143,Reporting Analyst Senior,Conectys,Philippines,"Title short: Senior Data Analyst. Schedule: Full-time. Remote: False. Country: Philippines. Skills: excel, power bi, sql, vba.",excel;power bi;sql;vba,bi,bi_reporting,Reporting Analyst Senior,Senior Data Analyst,Philippines,Full-time,False,lukebarousse/data_jobs,4
1144,Data Engineer-Business Intelligence (IC),Gulf Business Machines PND,"Casablanca, Morocco","Title short: Data Engineer. Schedule: Full-time. Remote: False. Country: Morocco. Skills: azure, jira, power bi, tableau.",azure;jira;power bi;tableau,data_engineering,general_data_engineering,Data Engineer-Business Intelligence (IC),Data Engineer,Morocco,Full-time,False,lukebarousse/data_jobs,4
1145,"Sr Reporting Analyst; Data, Analytics, and Automation (DAA)",CVS Health,Anywhere,"Title short: Senior Data Analyst. Schedule: Full-time. Remote: True. Country: United States. Skills: alteryx, linux, python, r, sas, sql.",alteryx;linux;python;r;sas;sql,bi,bi_reporting,"Sr Reporting Analyst; Data, Analytics, and Automation (DAA)",Senior Data Analyst,United States,Full-time,True,lukebarousse/data_jobs,6
1146,Data Engineer (Business Intelligence),Opus Talent Solutions,"New South Wales, Australia","Title short: Data Engineer. Schedule: Full-time. Remote: False. Country: Australia. Skills: azure, databricks.",azure;databricks,data_engineering,general_data_engineering,Data Engineer (Business Intelligence),Data Engineer,Australia,Full-time,False,lukebarousse/data_jobs,2
1147,Business Intelligence / Data Engineer,Michael Page,"West Midlands, UK","Title short: Data Engineer. Schedule: Temp work. Remote: False. Country: United Kingdom. Skills: aws, azure, databricks, flask, gcp, neo4j, pyspark, python, spark, sql.",aws;azure;databricks;flask;gcp;neo4j;pyspark;python;spark;sql,data_engineering,general_data_engineering,Business Intelligence / Data Engineer,Data Engineer,United Kingdom,Temp work,False,lukebarousse/data_jobs,10
1148,"Senior Data Scientist, Business Intelligence (English Services)",CBC,Anywhere,"Title short: Senior Data Scientist. Schedule: Full-time. Remote: True. Country: Canada. Skills: atlassian, c, confluence, databricks, express, jira, python, r, sql.",atlassian;c;confluence;databricks;express;jira;python;r;sql,data_science,general_data_science,"Senior Data Scientist, Business Intelligence (English Services)",Senior Data Scientist,Canada,Full-time,True,lukebarousse/data_jobs,9
1149,DATA ENGINEER-BUSINESS INTELLIGENCE - PORTO ALEGRE,O EMPREGO,"Porto Alegre, RS, Brazil","Title short: Data Engineer. Schedule: Full-time. Remote: False. Country: Brazil. Skills: excel, powerpoint, word.",excel;powerpoint;word,data_engineering,general_data_engineering,DATA ENGINEER-BUSINESS INTELLIGENCE - PORTO ALEGRE,Data Engineer,Brazil,Full-time,False,lukebarousse/data_jobs,3
1150,Business Intelligence Manager (Principal Data Analytics Engineer),The University of Texas at Austin,Philippines,"Title short: Data Engineer. Schedule: Full-time. Remote: False. Country: Philippines. Skills: cognos, python, r, sql, tableau.",cognos;python;r;sql;tableau,data_engineering,analytics_engineering,Business Intelligence Manager (Principal Data Analytics Engineer),Data Engineer,Philippines,Full-time,False,lukebarousse/data_jobs,5
1151,Senior Business Intelligence Data Analyst,Humana,"Cowpens, SC","Title short: Senior Data Analyst. Schedule: Full-time. Remote: False. Country: United States. Skills: azure, excel, power bi, powerpoint, sql.",azure;excel;power bi;powerpoint;sql,bi,bi_reporting,Senior Business Intelligence Data Analyst,Senior Data Analyst,United States,Full-time,False,lukebarousse/data_jobs,5
1152,Senior Data Engineer - Business Intelligence / SQL / Python ...,Campusjäger by Workwise,"Vienna, Austria","Title short: Senior Data Engineer. Schedule: Full-time. Remote: False. Country: Austria. Skills: airflow, looker, python, sql, tableau.",airflow;looker;python;sql;tableau,data_engineering,general_data_engineering,Senior Data Engineer - Business Intelligence / SQL / Python ...,Senior Data Engineer,Austria,Full-time,False,lukebarousse/data_jobs,5
1153,"Data Engineer, Business Intelligence (Remote)",Block,Anywhere,"Title short: Data Engineer. Schedule: Full-time. Remote: True. Country: United States. Skills: airflow, azure, flow, git, go, looker, python, redshift, snowflake, sql, tableau.",airflow;azure;flow;git;go;looker;python;redshift;snowflake;sql;tableau,data_engineering,bi_engineering,"Data Engineer, Business Intelligence (Remote)",Data Engineer,United States,Full-time,True,lukebarousse/data_jobs,11
1154,Data Engineer Data Warehouse/Business Intelligence (m/w/d),WWK Lebensversicherung a. G.,"Bavaria, Germany","Title short: Data Engineer. Schedule: Full-time. Remote: False. Country: Germany. Skills: cognos, sql.",cognos;sql,data_engineering,general_data_engineering,Data Engineer Data Warehouse/Business Intelligence (m/w/d),Data Engineer,Germany,Full-time,False,lukebarousse/data_jobs,2
1155,Data Engineer / Business Intelligence Developer (m/w/d),Liebherr Group,"Baden-Württemberg, Germany","Title short: Data Engineer. Schedule: Full-time. Remote: False. Country: Germany. Skills: azure, c#, databricks, power bi, pyspark, sap, sql, sql server, ssis, ssrs.",azure;c#;databricks;power bi;pyspark;sap;sql;sql server;ssis;ssrs,data_engineering,bi_engineering,Data Engineer / Business Intelligence Developer (m/w/d),Data Engineer,Germany,Full-time,False,lukebarousse/data_jobs,10
1156,"Data Conversion and Business Intelligence Engineer, Associate",Blackrock,Anywhere,"Title short: Data Engineer. Schedule: Internship. Remote: True. Country: Serbia. Skills: alteryx, python, r, sql, tableau.",alteryx;python;r;sql;tableau,data_engineering,general_data_engineering,"Data Conversion and Business Intelligence Engineer, Associate",Data Engineer,Serbia,Internship,True,lukebarousse/data_jobs,5
1157,Technical Specialist - Data Engineer -Business Intelligence (Prague),IBM,"Prague, Czechia","Title short: Data Engineer. Schedule: Full-time. Remote: False. Country: Czechia. Skills: cognos, hadoop, sap, spss.",cognos;hadoop;sap;spss,data_engineering,general_data_engineering,Technical Specialist - Data Engineer -Business Intelligence (Prague),Data Engineer,Czechia,Full-time,False,lukebarousse/data_jobs,4
1158,Data Engineer: Business Intelligence,IBM,"Gurugram, Haryana, India","Title short: Data Engineer. Schedule: Full-time. Remote: False. Country: India. Skills: aws, azure, cognos, unix.",aws;azure;cognos;unix,data_engineering,general_data_engineering,Data Engineer: Business Intelligence,Data Engineer,India,Full-time,False,lukebarousse/data_jobs,4
1159,"Business Intelligence Engineer, Datacenter Security",Amazon,"New South Wales, Australia","Title short: Data Engineer. Schedule: Full-time. Remote: False. Country: Australia. Skills: aws, java, python, redshift, sql, tableau.",aws;java;python;redshift;sql;tableau,data_engineering,general_data_engineering,"Business Intelligence Engineer, Datacenter Security",Data Engineer,Australia,Full-time,False,lukebarousse/data_jobs,6
1160,Senior Reporting Analyst,CVS Health,"Austin, TX","Title short: Senior Data Analyst. Schedule: Full-time. Remote: False. Country: United States. Skills: sql, sql server, ssrs, t-sql, tableau.",sql;sql server;ssrs;t-sql;tableau,bi,bi_reporting,Senior Reporting Analyst,Senior Data Analyst,United States,Full-time,False,lukebarousse/data_jobs,5
1161,Data Engineer-business Intelligence,Ibm,"Heredia Province, Heredia, Costa Rica","Title short: Data Engineer. Schedule: Full-time. Remote: False. Country: Costa Rica. Skills: express, ibm cloud, sql.",express;ibm cloud;sql,data_engineering,general_data_engineering,Data Engineer-business Intelligence,Data Engineer,Costa Rica,Full-time,False,lukebarousse/data_jobs,3
1162,Senior Data & Reporting Analyst,Spectrum,"St. Louis, MO","Title short: Senior Data Analyst. Schedule: Full-time. Remote: False. Country: United States. Skills: excel, sql, word.",excel;sql;word,bi,bi_reporting,Senior Data & Reporting Analyst,Senior Data Analyst,United States,Full-time,False,lukebarousse/data_jobs,3
1163,"Senior Data Analyst (Business Intelligence), Support (San...",Cisco Meraki,Anywhere,"Title short: Senior Data Analyst. Schedule: Full-time. Remote: True. Country: United States. Skills: microstrategy, python, r, react, snowflake, sql, tableau.",microstrategy;python;r;react;snowflake;sql;tableau,analytics,general_analytics,"Senior Data Analyst (Business Intelligence), Support (San...",Senior Data Analyst,United States,Full-time,True,lukebarousse/data_jobs,7
1164,Senior Data and Reporting Analyst,CareerBuilder,"West Columbia, SC","Title short: Senior Data Analyst. Schedule: Full-time. Remote: False. Country: United States. Skills: cognos, crystal, excel, ms access, sas, sql.",cognos;crystal;excel;ms access;sas;sql,bi,bi_reporting,Senior Data and Reporting Analyst,Senior Data Analyst,United States,Full-time,False,lukebarousse/data_jobs,6
1165,"Customer Engineer, Data/Business Intelligence, Looker, Google Cloud",Google,"Dublin, Ireland","Title short: Data Engineer. Schedule: Full-time. Remote: False. Country: Ireland. Skills: looker, python, r, sql.",looker;python;r;sql,data_engineering,general_data_engineering,"Customer Engineer, Data/Business Intelligence, Looker, Google Cloud",Data Engineer,Ireland,Full-time,False,lukebarousse/data_jobs,4
1166,Business Intelligence Developer – Johannesburg/ Hybrid – R900k per...,E-Merge,"Johannesburg, South Africa","Title short: Software Engineer. Schedule: Full-time. Remote: False. Country: South Africa. Skills: oracle, power bi, python, sql, sql server, ssis, ssrs, tableau.",oracle;power bi;python;sql;sql server;ssis;ssrs;tableau,data_engineering,bi_engineering,Business Intelligence Developer – Johannesburg/ Hybrid – R900k per...,Software Engineer,South Africa,Full-time,False,lukebarousse/data_jobs,8
1167,Data Engineer für Business Intelligence und Analytics,Energie Steiermark AG,"Graz, Austria","Title short: Data Engineer. Schedule: Full-time. Remote: False. Country: Austria. Skills: azure, power bi, t-sql.",azure;power bi;t-sql,data_engineering,general_data_engineering,Data Engineer für Business Intelligence und Analytics,Data Engineer,Austria,Full-time,False,lukebarousse/data_jobs,3
1168,Data Engineer* Business Intelligence Microsoft,BE-terna,"Vienna, Austria","Title short: Data Engineer. Schedule: Full-time. Remote: False. Country: Austria. Skills: dax, power bi, sql.",dax;power bi;sql,data_engineering,general_data_engineering,Data Engineer* Business Intelligence Microsoft,Data Engineer,Austria,Full-time,False,lukebarousse/data_jobs,3
1169,Data Engineer & Business Intelligence - Banking,Robert Walters Hong Kong,Hong Kong,"Title short: Data Engineer. Schedule: Full-time. Remote: False. Country: Hong Kong. Skills: aws, hadoop, java, kafka, python, r, spark, sql.",aws;hadoop;java;kafka;python;r;spark;sql,data_engineering,general_data_engineering,Data Engineer & Business Intelligence - Banking,Data Engineer,Hong Kong,Full-time,False,lukebarousse/data_jobs,8
1170,Business Intelligence Data Engineer,Northeastern University,"Boston, MA","Title short: Data Engineer. Schedule: Full-time. Remote: False. Country: United States. Skills: python, snowflake, sql.",python;snowflake;sql,data_engineering,bi_engineering,Business Intelligence Data Engineer,Data Engineer,United States,Full-time,False,lukebarousse/data_jobs,3
1171,(Senior) Specialist Business Intelligence / Data Engineering (m/w/d),HARIBO Deutschland,"Grafschaft, Germany","Title short: Data Engineer. Schedule: Full-time. Remote: False. Country: Germany. Skills: java, microstrategy, power bi, python, sap, sql.",java;microstrategy;power bi;python;sap;sql,data_engineering,general_data_engineering,(Senior) Specialist Business Intelligence / Data Engineering (m/w/d),Data Engineer,Germany,Full-time,False,lukebarousse/data_jobs,6
1172,Senior Business Intelligence Data Analyst,JPS Health,"Fort Worth, TX","Title short: Senior Data Analyst. Schedule: Full-time. Remote: False. Country: United States. Skills: crystal, excel, ms access, power bi, sql, sql server.",crystal;excel;ms access;power bi;sql;sql server,bi,bi_reporting,Senior Business Intelligence Data Analyst,Senior Data Analyst,United States,Full-time,False,lukebarousse/data_jobs,6
1173,Junior Business Intelligence Data Engineer/Architect,HP,"Sant Cugat del Vallès, Spain","Title short: Data Engineer. Schedule: Full-time. Remote: False. Country: Spain. Skills: azure, flow, nosql, notion, python, r, sql, ssis.",azure;flow;nosql;notion;python;r;sql;ssis,data_engineering,bi_engineering,Junior Business Intelligence Data Engineer/Architect,Data Engineer,Spain,Full-time,False,lukebarousse/data_jobs,8
1174,Data Engineer-business Intelligence,IBM,"Heredia Province, Heredia, Costa Rica","Title short: Data Engineer. Schedule: Full-time. Remote: False. Country: Costa Rica. Skills: express, ibm cloud.",express;ibm cloud,data_engineering,general_data_engineering,Data Engineer-business Intelligence,Data Engineer,Costa Rica,Full-time,False,lukebarousse/data_jobs,2
1175,Keyline  sta cercando Business Intelligence Data Engineer,Keyline S.p.A.,"Centallo, Province of Cuneo, Italy","Title short: Data Engineer. Schedule: Full-time. Remote: False. Country: Italy. Skills: aws, azure, gcp, mysql, nosql, oracle, qlik, snowflake, sql, tableau.",aws;azure;gcp;mysql;nosql;oracle;qlik;snowflake;sql;tableau,data_engineering,bi_engineering,Keyline  sta cercando Business Intelligence Data Engineer,Data Engineer,Italy,Full-time,False,lukebarousse/data_jobs,10
1176,data engineer-business intelligence,OEmprego,"São Paulo, State of São Paulo, Brazil","Title short: Data Engineer. Schedule: Full-time. Remote: False. Country: Brazil. Skills: excel, powerpoint, word.",excel;powerpoint;word,data_engineering,general_data_engineering,data engineer-business intelligence,Data Engineer,Brazil,Full-time,False,lukebarousse/data_jobs,3
1177,Data Engineer/ Data Science Consultant - Business Intelligence Tools,"Dubai Jobs, Gulf Jobs, Jobs in Dubai, Qatar, Kuwait - Boyen Haddin & The Giant HR Consultant",India,"Title short: Data Engineer. Schedule: Full-time. Remote: False. Country: India. Skills: azure, power bi, python, sql, tableau.",azure;power bi;python;sql;tableau,data_engineering,general_data_engineering,Data Engineer/ Data Science Consultant - Business Intelligence Tools,Data Engineer,India,Full-time,False,lukebarousse/data_jobs,5
1178,Business Intelligence Developer/Data Engineer (SAP),Global Enterprise Partners,Anywhere,"Title short: Data Engineer. Schedule: Full-time. Remote: True. Country: Netherlands. Skills: sap, sql, word.",sap;sql;word,data_engineering,bi_engineering,Business Intelligence Developer/Data Engineer (SAP),Data Engineer,Netherlands,Full-time,True,lukebarousse/data_jobs,3
1179,Data Engineer / BI Analyst / Power BI Reporting Spezialist:in (m/w/d),HUK-COBURG Versicherungsgruppe,"Coburg, Germany","Title short: Data Engineer. Schedule: Full-time. Remote: False. Country: Germany. Skills: power bi, ssis, tableau.",power bi;ssis;tableau,data_engineering,general_data_engineering,Data Engineer / BI Analyst / Power BI Reporting Spezialist:in (m/w/d),Data Engineer,Germany,Full-time,False,lukebarousse/data_jobs,3
1180,"Senior Data Scientist, Business Intelligence",Duolingo,United States,"Title short: Senior Data Scientist. Schedule: Full-time. Remote: False. Country: United States. Skills: plotly, python, sql, tableau.",plotly;python;sql;tableau,data_science,general_data_science,"Senior Data Scientist, Business Intelligence",Senior Data Scientist,United States,Full-time,False,lukebarousse/data_jobs,4
1181,"Director, Data Engineering & Business Intelligence",Cymax Group Technologies,Anywhere,"Title short: Data Engineer. Schedule: Full-time. Remote: True. Country: Canada. Skills: azure, databricks, python, snowflake, spark, sql.",azure;databricks;python;snowflake;spark;sql,data_engineering,general_data_engineering,"Director, Data Engineering & Business Intelligence",Data Engineer,Canada,Full-time,True,lukebarousse/data_jobs,6
1182,"Senior Data Engineer, Business Intelligence",Bell,"Toronto, ON, Canada","Title short: Senior Data Engineer. Schedule: Full-time. Remote: False. Country: Canada. Skills: alteryx, c++, hadoop, java, kafka, oracle, python, sas, scala, spark, sql.",alteryx;c++;hadoop;java;kafka;oracle;python;sas;scala;spark;sql,data_engineering,bi_engineering,"Senior Data Engineer, Business Intelligence",Senior Data Engineer,Canada,Full-time,False,lukebarousse/data_jobs,11
1183,Data & Business Intelligence Engineer,Plug and Play Tech Center,"Valencia, Spain","Title short: Data Engineer. Schedule: Full-time. Remote: False. Country: Spain. Skills: python, qlik, sql, tableau.",python;qlik;sql;tableau,data_engineering,general_data_engineering,Data & Business Intelligence Engineer,Data Engineer,Spain,Full-time,False,lukebarousse/data_jobs,4
1184,Senior Data & Reporting Analyst,FUJIFILM Business Innovation Asia Pacific,Singapore,"Title short: Senior Data Analyst. Schedule: Full-time. Remote: False. Country: Singapore. Skills: cognos, tableau.",cognos;tableau,bi,bi_reporting,Senior Data & Reporting Analyst,Senior Data Analyst,Singapore,Full-time,False,lukebarousse/data_jobs,2
1185,Senior Reporting Analyst,Toll Group,"Bayan Lepas, Penang, Malaysia","Title short: Senior Data Analyst. Schedule: Full-time. Remote: False. Country: Malaysia. Skills: excel, power bi, sql.",excel;power bi;sql,bi,bi_reporting,Senior Reporting Analyst,Senior Data Analyst,Malaysia,Full-time,False,lukebarousse/data_jobs,3
1186,"Senior Data Analyst, Business Intelligence",Cox Communications,"Union City, CA","Title short: Senior Data Analyst. Schedule: Full-time. Remote: False. Country: United States. Skills: aws, excel, hadoop, microstrategy, oracle, snowflake, sql.",aws;excel;hadoop;microstrategy;oracle;snowflake;sql,bi,bi_reporting,"Senior Data Analyst, Business Intelligence",Senior Data Analyst,United States,Full-time,False,lukebarousse/data_jobs,7
1187,"Senior Data Analyst, Business Intelligence",2K,"Dublin, Ireland","Title short: Senior Data Analyst. Schedule: Full-time. Remote: False. Country: Ireland. Skills: aws, looker, power bi, snowflake, sql, tableau.",aws;looker;power bi;snowflake;sql;tableau,bi,bi_reporting,"Senior Data Analyst, Business Intelligence",Senior Data Analyst,Ireland,Full-time,False,lukebarousse/data_jobs,6
1188,Senior Reporting Analyst,Taulia,"San Francisco, CA","Title short: Senior Data Analyst. Schedule: Full-time. Remote: False. Country: United States. Skills: excel, javascript, looker, perl, python, shell, sql, tableau.",excel;javascript;looker;perl;python;shell;sql;tableau,bi,bi_reporting,Senior Reporting Analyst,Senior Data Analyst,United States,Full-time,False,lukebarousse/data_jobs,8
1189,Data Engineer Business Intelligence,IBM,"Bengaluru, Karnataka, India","Title short: Data Engineer. Schedule: Full-time. Remote: False. Country: India. Skills: javascript, tableau.",javascript;tableau,data_engineering,bi_engineering,Data Engineer Business Intelligence,Data Engineer,India,Full-time,False,lukebarousse/data_jobs,2
1190,"Business Intelligence Engineer, Global Data",Amazon Music,India,"Title short: Data Engineer. Schedule: Full-time. Remote: False. Country: India. Skills: flow, java, python, r, sql, tableau.",flow;java;python;r;sql;tableau,data_engineering,general_data_engineering,"Business Intelligence Engineer, Global Data",Data Engineer,India,Full-time,False,lukebarousse/data_jobs,6
1191,Business Intelligence Data Engineer- Indonesia,Intrepid Group,"Jakarta, Indonesia","Title short: Data Engineer. Schedule: Full-time. Remote: False. Country: Indonesia. Skills: aws, bigquery, flow, pandas, python, redshift, snowflake, sql.",aws;bigquery;flow;pandas;python;redshift;snowflake;sql,data_engineering,bi_engineering,Business Intelligence Data Engineer- Indonesia,Data Engineer,Indonesia,Full-time,False,lukebarousse/data_jobs,8
1192,Senior Reporting Analyst,Michael Page,"Amsterdam, Netherlands","Title short: Senior Data Analyst. Schedule: Full-time. Remote: False. Country: Netherlands. Skills: python, sql, vba.",python;sql;vba,bi,bi_reporting,Senior Reporting Analyst,Senior Data Analyst,Netherlands,Full-time,False,lukebarousse/data_jobs,3
1193,EY - AWS Data Engineer - Business Intelligence/Analytics,Ernst Young,West Bengal,"Title short: Data Engineer. Schedule: Full-time. Remote: False. Country: India. Skills: aws, numpy, pandas, pyspark, python, redshift, scala, snowflake, sql, t-sql.",aws;numpy;pandas;pyspark;python;redshift;scala;snowflake;sql;t-sql,data_engineering,general_data_engineering,EY - AWS Data Engineer - Business Intelligence/Analytics,Data Engineer,India,Full-time,False,lukebarousse/data_jobs,10
1194,Data Engineer - Business Intelligence (m/w/d),Michael Page,"Munich, Germany","Title short: Data Engineer. Schedule: Full-time. Remote: False. Country: Germany. Skills: docker, java, kafka, kubernetes, python, spring.",docker;java;kafka;kubernetes;python;spring,data_engineering,general_data_engineering,Data Engineer - Business Intelligence (m/w/d),Data Engineer,Germany,Full-time,False,lukebarousse/data_jobs,6
1195,Business Intelligence Senior Data Analyst,Savills España,"Madrid, Spain","Title short: Senior Data Analyst. Schedule: Full-time. Remote: False. Country: Spain. Skills: azure, dax, postgresql, python, r, sql, sql server, t-sql, tableau.",azure;dax;postgresql;python;r;sql;sql server;t-sql;tableau,analytics,general_analytics,Business Intelligence Senior Data Analyst,Senior Data Analyst,Spain,Full-time,False,lukebarousse/data_jobs,9
1196,Data Engineer Business Intelligence,Overstock,"Sligo, Ireland","Title short: Data Engineer. Schedule: Full-time. Remote: False. Country: Ireland. Skills: airflow, bigquery, c++, cassandra, flow, gcp, hadoop, java, kafka, linux, nosql, python, scala, spark, sql.",airflow;bigquery;c++;cassandra;flow;gcp;hadoop;java;kafka;linux;nosql;python;scala;spark;sql,data_engineering,bi_engineering,Data Engineer Business Intelligence,Data Engineer,Ireland,Full-time,False,lukebarousse/data_jobs,15
1197,Data Engineer: Business Intelligence,IBM,"Mumbai, Maharashtra, India","Title short: Data Engineer. Schedule: Full-time. Remote: False. Country: India. Skills: aws, azure, cognos, ibm cloud, sql, t-sql, tableau.",aws;azure;cognos;ibm cloud;sql;t-sql;tableau,data_engineering,general_data_engineering,Data Engineer: Business Intelligence,Data Engineer,India,Full-time,False,lukebarousse/data_jobs,7
1198,Senior Reporting Analyst,Oranga Tamariki—Ministry for Children,"Paraparaumu, New Zealand","Title short: Senior Data Analyst. Schedule: Full-time. Remote: False. Country: New Zealand. Skills: excel, power bi, python, r, sas, sharepoint, sql.",excel;power bi;python;r;sas;sharepoint;sql,bi,bi_reporting,Senior Reporting Analyst,Senior Data Analyst,New Zealand,Full-time,False,lukebarousse/data_jobs,7
1199,Senior Data and Reporting Analyst (2 year contract - with option...,Adecco,"Sofia, Bulgaria","Title short: Senior Data Analyst. Schedule: Full-time. Remote: False. Country: Bulgaria. Skills: excel, sharepoint, sql.",excel;sharepoint;sql,bi,bi_reporting,Senior Data and Reporting Analyst (2 year contract - with option...,Senior Data Analyst,Bulgaria,Full-time,False,lukebarousse/data_jobs,3
1200,Data Engineer Business Intelligence,Hendrix Genetics BV,"Boxmeer, Netherlands","Title short: Data Engineer. Schedule: Full-time. Remote: False. Country: Netherlands. Skills: azure, databricks, dax, power bi, sql, sql server.",azure;databricks;dax;power bi;sql;sql server,data_engineering,bi_engineering,Data Engineer Business Intelligence,Data Engineer,Netherlands,Full-time,False,lukebarousse/data_jobs,6
1201,Senior Reporting Analyst,Experian,"Heredia Province, Heredia, Costa Rica","Title short: Senior Data Analyst. Schedule: Full-time. Remote: False. Country: Costa Rica. Skills: alteryx, oracle, sap, tableau.",alteryx;oracle;sap;tableau,bi,bi_reporting,Senior Reporting Analyst,Senior Data Analyst,Costa Rica,Full-time,False,lukebarousse/data_jobs,4
1202,"Data Reporting Analyst, Sr- Business Services",Broadbean,"Atlanta, GA","Title short: Senior Data Analyst. Schedule: Full-time. Remote: False. Country: United States. Skills: excel, flow, power bi, python, r, sql, visual basic, word.",excel;flow;power bi;python;r;sql;visual basic;word,bi,bi_reporting,"Data Reporting Analyst, Sr- Business Services",Senior Data Analyst,United States,Full-time,False,lukebarousse/data_jobs,8
1203,Data Engineer - Business Intelligence (Hybrid - BGC),Hunter's Hub Inc.,"Taguig, Metro Manila, Philippines","Title short: Data Engineer. Schedule: Full-time. Remote: False. Country: Philippines. Skills: hadoop, java, python, r, scala, sql.",hadoop;java;python;r;scala;sql,data_engineering,general_data_engineering,Data Engineer - Business Intelligence (Hybrid - BGC),Data Engineer,Philippines,Full-time,False,lukebarousse/data_jobs,6
1204,"Senior Power BI Analyst Pomorskie Power Bi, SQL",Emprego,"Cajamarca, Peru","Title short: Senior Data Analyst. Schedule: Full-time. Remote: False. Country: Peru. Skills: dax, power bi, sql.",dax;power bi;sql,bi,bi_reporting,"Senior Power BI Analyst Pomorskie Power Bi, SQL",Senior Data Analyst,Peru,Full-time,False,lukebarousse/data_jobs,3
1205,Senior Business Intelligence Developer to join our exciting data...,NNIT,"Copenhagen, Denmark","Title short: Senior Data Scientist. Schedule: Full-time. Remote: False. Country: Denmark. Skills: azure, c#, git, powershell, sql, sql server, ssis, t-sql.",azure;c#;git;powershell;sql;sql server;ssis;t-sql,data_engineering,bi_engineering,Senior Business Intelligence Developer to join our exciting data...,Senior Data Scientist,Denmark,Full-time,False,lukebarousse/data_jobs,8
1206,"Principal Data Analyst/Sr. Data Analyst, Business Intelligence...",Boston Scientific,"Balik Pulau, Penang, Malaysia","Title short: Senior Data Analyst. Schedule: nan. Remote: False. Country: Malaysia. Skills: alteryx, flow, power bi, sap, tableau.",alteryx;flow;power bi;sap;tableau,bi,bi_reporting,"Principal Data Analyst/Sr. Data Analyst, Business Intelligence...",Senior Data Analyst,Malaysia,,False,lukebarousse/data_jobs,5
1207,Business intelligence data developer,GH intérim Wiltz,Luxembourg,"Title short: Data Engineer. Schedule: Full-time. Remote: False. Country: Luxembourg. Skills: sql, ssis, ssrs, t-sql.",sql;ssis;ssrs;t-sql,data_engineering,general_data_engineering,Business intelligence data developer,Data Engineer,Luxembourg,Full-time,False,lukebarousse/data_jobs,4
1208,Data Engineer Business Intelligence,Overstock,Ireland,"Title short: Data Engineer. Schedule: Full-time. Remote: False. Country: Ireland. Skills: airflow, bigquery, c++, cassandra, flow, gcp, hadoop, java, kafka, linux, nosql, python, scala, spark, sql.",airflow;bigquery;c++;cassandra;flow;gcp;hadoop;java;kafka;linux;nosql;python;scala;spark;sql,data_engineering,bi_engineering,Data Engineer Business Intelligence,Data Engineer,Ireland,Full-time,False,lukebarousse/data_jobs,15
1209,Business Intelligence Engineer (Data Warehouse and Visualization),Full Potential Solutions,"Davao City, Davao del Sur, Philippines","Title short: Data Engineer. Schedule: Full-time. Remote: False. Country: Philippines. Skills: aws, javascript, mysql, postgresql, power bi, python, redshift, snowflake, spark, sql, tableau.",aws;javascript;mysql;postgresql;power bi;python;redshift;snowflake;spark;sql;tableau,data_engineering,general_data_engineering,Business Intelligence Engineer (Data Warehouse and Visualization),Data Engineer,Philippines,Full-time,False,lukebarousse/data_jobs,11
1210,"Senior Data Analyst, Business Intelligence",Universal Orlando Resort,"Orlando, FL","Title short: Senior Data Analyst. Schedule: Full-time. Remote: False. Country: United States. Skills: alteryx, cognos, python, r, sql, tableau.",alteryx;cognos;python;r;sql;tableau,bi,bi_reporting,"Senior Data Analyst, Business Intelligence",Senior Data Analyst,United States,Full-time,False,lukebarousse/data_jobs,6
1211,Tableau Developer - Data Warehousing/Business Intelligence,Sun Consultants,India,"Title short: Data Engineer. Schedule: Full-time. Remote: False. Country: India. Skills: cassandra, hadoop, java, javascript, linux, mongodb, nosql, power bi, python, sql, tableau.",cassandra;hadoop;java;javascript;linux;mongodb;nosql;power bi;python;sql;tableau,data_engineering,general_data_engineering,Tableau Developer - Data Warehousing/Business Intelligence,Data Engineer,India,Full-time,False,lukebarousse/data_jobs,11
1212,Azure Data Engineer - Big Data/Business Intelligence,Kadel Labs,"Udaipur, Rajasthan, India","Title short: Data Engineer. Schedule: Full-time. Remote: False. Country: India. Skills: azure, flow, pyspark, python, sql, sql server.",azure;flow;pyspark;python;sql;sql server,data_engineering,general_data_engineering,Azure Data Engineer - Big Data/Business Intelligence,Data Engineer,India,Full-time,False,lukebarousse/data_jobs,6
1213,Business Intelligence and Data Analytics Engineer,CPL Recruitment,Ireland,"Title short: Data Engineer. Schedule: Full-time. Remote: False. Country: Ireland. Skills: css, java, javascript, python, sap, sql, tableau.",css;java;javascript;python;sap;sql;tableau,data_engineering,analytics_engineering,Business Intelligence and Data Analytics Engineer,Data Engineer,Ireland,Full-time,False,lukebarousse/data_jobs,7
1214,Mid level Data Engineer-Business Intelligence,RELX,"Chennai, Tamil Nadu, India","Title short: Data Engineer. Schedule: Full-time. Remote: False. Country: India. Skills: airflow, aws, python, snowflake, sql.",airflow;aws;python;snowflake;sql,data_engineering,general_data_engineering,Mid level Data Engineer-Business Intelligence,Data Engineer,India,Full-time,False,lukebarousse/data_jobs,5
1215,SVP KYC Operations Senior Data Analytics & Business Intelligence...,"Citigroup, Inc","Fort Lauderdale, FL","Title short: Senior Data Analyst. Schedule: Full-time. Remote: False. Country: United States. Skills: css, excel, html, jquery, sas, spss, sql.",css;excel;html;jquery;sas;spss;sql,analytics,general_analytics,SVP KYC Operations Senior Data Analytics & Business Intelligence...,Senior Data Analyst,United States,Full-time,False,lukebarousse/data_jobs,7
1216,Data Reporting Analyst Senior First Line Defense,City National Bank,"Los Angeles, CA","Title short: Senior Data Analyst. Schedule: Full-time. Remote: False. Country: United States. Skills: crystal, express, ms access, mysql, sap, sas, sharepoint, sql, t-sql, tableau.",crystal;express;ms access;mysql;sap;sas;sharepoint;sql;t-sql;tableau,bi,bi_reporting,Data Reporting Analyst Senior First Line Defense,Senior Data Analyst,United States,Full-time,False,lukebarousse/data_jobs,10
1217,Sr. Business Data & Reporting Analyst,State of Georgia,"Atlanta, GA","Title short: Senior Data Analyst. Schedule: Full-time. Remote: False. Country: United States. Skills: crystal, sharepoint, sql, sql server, ssrs.",crystal;sharepoint;sql;sql server;ssrs,bi,bi_reporting,Sr. Business Data & Reporting Analyst,Senior Data Analyst,United States,Full-time,False,lukebarousse/data_jobs,5
1218,Senior Data Engineer & Business Intelligence Consultant,Harvey Nash,"Birmingham, UK","Title short: Senior Data Engineer. Schedule: Full-time. Remote: False. Country: United Kingdom. Skills: azure, databricks, dax, power bi, sql, ssis.",azure;databricks;dax;power bi;sql;ssis,data_engineering,general_data_engineering,Senior Data Engineer & Business Intelligence Consultant,Senior Data Engineer,United Kingdom,Full-time,False,lukebarousse/data_jobs,6
1219,"Sr. Data Analyst, Business Intelligence",Universal Orlando,"Orlando, FL","Title short: Senior Data Analyst. Schedule: Full-time. Remote: False. Country: United States. Skills: alteryx, cognos, python, r, sql, tableau.",alteryx;cognos;python;r;sql;tableau,bi,bi_reporting,"Sr. Data Analyst, Business Intelligence",Senior Data Analyst,United States,Full-time,False,lukebarousse/data_jobs,6
1220,Data Engineer für Business Intelligence (m/w/d),ROCKEN,"Opfikon, Switzerland","Title short: Data Engineer. Schedule: Full-time. Remote: False. Country: Switzerland. Skills: git, ssis, t-sql.",git;ssis;t-sql,data_engineering,general_data_engineering,Data Engineer für Business Intelligence (m/w/d),Data Engineer,Switzerland,Full-time,False,lukebarousse/data_jobs,3
1221,Business Intelligence Data Engineer,Bell Schweiz AG,"Basel, Switzerland","Title short: Data Engineer. Schedule: Full-time. Remote: False. Country: Switzerland. Skills: azure, dax, sql, sql server.",azure;dax;sql;sql server,data_engineering,bi_engineering,Business Intelligence Data Engineer,Data Engineer,Switzerland,Full-time,False,lukebarousse/data_jobs,4
1222,"Data Engineer, Hospitality Business Intelligence",Amadeus,"Nice, France","Title short: Data Engineer. Schedule: Full-time. Remote: False. Country: France. Skills: airflow, azure, databricks, snowflake, sql.",airflow;azure;databricks;snowflake;sql,data_engineering,general_data_engineering,"Data Engineer, Hospitality Business Intelligence",Data Engineer,France,Full-time,False,lukebarousse/data_jobs,5
1223,Business Intelligence / Data Engineer,Michael Page,"Solihull, UK","Title short: Data Engineer. Schedule: Full-time. Remote: False. Country: United Kingdom. Skills: aws, azure, databricks, flask, gcp, neo4j, pyspark, python, spark, sql.",aws;azure;databricks;flask;gcp;neo4j;pyspark;python;spark;sql,data_engineering,general_data_engineering,Business Intelligence / Data Engineer,Data Engineer,United Kingdom,Full-time,False,lukebarousse/data_jobs,10
1224,Business intelligence data engineer,"KBC Group, Shared Service Center CZ","Brno, Czechia","Title short: Data Engineer. Schedule: Full-time. Remote: False. Country: Czechia. Skills: sap, sql.",sap;sql,data_engineering,bi_engineering,Business intelligence data engineer,Data Engineer,Czechia,Full-time,False,lukebarousse/data_jobs,2
1225,Senior Manager-Data Engineering & Business Intelligence,American Express,"Atlanta, GA","Title short: Senior Data Engineer. Schedule: Full-time. Remote: False. Country: United States. Skills: express, flow, sql, tableau.",express;flow;sql;tableau,data_engineering,general_data_engineering,Senior Manager-Data Engineering & Business Intelligence,Senior Data Engineer,United States,Full-time,False,lukebarousse/data_jobs,4
1226,Data Engineer Business Intelligence (m/w/d),BAUR Versand,"Weismain, Germany","Title short: Data Engineer. Schedule: Full-time. Remote: False. Country: Germany. Skills: airflow, github, python, sql.",airflow;github;python;sql,data_engineering,bi_engineering,Data Engineer Business Intelligence (m/w/d),Data Engineer,Germany,Full-time,False,lukebarousse/data_jobs,4
1227,Data Engineer-Business Intelligence Entwickler bei einem...,Kühn Personalberatung.,"Memmingen, Germany","Title short: Data Engineer. Schedule: Full-time. Remote: False. Country: Germany. Skills: airflow, azure, snowflake, sql.",airflow;azure;snowflake;sql,data_engineering,general_data_engineering,Data Engineer-Business Intelligence Entwickler bei einem...,Data Engineer,Germany,Full-time,False,lukebarousse/data_jobs,4
1228,Sr. Enterprise Reporting Analyst,Thornburg Investment Management,"Santa Fe, NM","Title short: Senior Data Analyst. Schedule: Full-time. Remote: False. Country: Sudan. Skills: excel, power bi, powerpoint, sql, ssrs, word.",excel;power bi;powerpoint;sql;ssrs;word,bi,bi_reporting,Sr. Enterprise Reporting Analyst,Senior Data Analyst,Sudan,Full-time,False,lukebarousse/data_jobs,6
1229,Senior Data and Reporting Analyst,Kforce Inc,"Montebello, CA","Title short: Senior Data Analyst. Schedule: Full-time. Remote: False. Country: United States. Skills: sql, sql server, ssrs, t-sql, tableau.",sql;sql server;ssrs;t-sql;tableau,bi,bi_reporting,Senior Data and Reporting Analyst,Senior Data Analyst,United States,Full-time,False,lukebarousse/data_jobs,5
1230,"Senior Data Engineer, Business Intelligence",Bell,"Montreal, QC, Canada","Title short: Senior Data Engineer. Schedule: Full-time. Remote: False. Country: Canada. Skills: alteryx, c++, hadoop, java, kafka, oracle, python, sas, scala, spark, sql.",alteryx;c++;hadoop;java;kafka;oracle;python;sas;scala;spark;sql,data_engineering,bi_engineering,"Senior Data Engineer, Business Intelligence",Senior Data Engineer,Canada,Full-time,False,lukebarousse/data_jobs,11
1231,"Data Engineer - Process Mining, Masterdata och Business Intelligence",CGI,"Linköping, Sweden","Title short: Data Engineer. Schedule: Full-time. Remote: False. Country: Sweden. Skills: aws, azure, python, qlik, sql, tableau.",aws;azure;python;qlik;sql;tableau,data_engineering,general_data_engineering,"Data Engineer - Process Mining, Masterdata och Business Intelligence",Data Engineer,Sweden,Full-time,False,lukebarousse/data_jobs,6
1232,Senior Business Intelligence Data Analyst,CommerceHub,Anywhere,"Title short: Senior Data Analyst. Schedule: Full-time. Remote: True. Country: United States. Skills: aws, dax, excel, gitlab, power bi, python, redshift, t-sql.",aws;dax;excel;gitlab;power bi;python;redshift;t-sql,bi,bi_reporting,Senior Business Intelligence Data Analyst,Senior Data Analyst,United States,Full-time,True,lukebarousse/data_jobs,8
1233,Data Engineer - Business Intelligence Domain,Decision Tree Analytics,"Gurugram, Haryana, India","Title short: Data Engineer. Schedule: Full-time. Remote: False. Country: India. Skills: aws, azure, excel, nosql, redshift, snowflake, sql.",aws;azure;excel;nosql;redshift;snowflake;sql,data_engineering,general_data_engineering,Data Engineer - Business Intelligence Domain,Data Engineer,India,Full-time,False,lukebarousse/data_jobs,7
1234,Sr. Data Reporting Analyst,PamTen Inc,"San Jose, CA","Title short: Senior Data Analyst. Schedule: Full-time and Contractor. Remote: False. Country: United States. Skills: power bi, sharepoint, sql, sql server, ssis, ssrs, t-sql.",power bi;sharepoint;sql;sql server;ssis;ssrs;t-sql,bi,bi_reporting,Sr. Data Reporting Analyst,Senior Data Analyst,United States,Full-time and Contractor,False,lukebarousse/data_jobs,7
1235,Senior Data & Reporting Analyst,ICON,India,"Title short: Senior Data Analyst. Schedule: Full-time. Remote: False. Country: India. Skills: excel, powerpoint, tableau.",excel;powerpoint;tableau,bi,bi_reporting,Senior Data & Reporting Analyst,Senior Data Analyst,India,Full-time,False,lukebarousse/data_jobs,3
1236,Senior Reporting Analyst,Infodrive Solutions Sdn Bhd,"Kuala Lumpur, Federal Territory of Kuala Lumpur, Malaysia","Title short: Senior Data Analyst. Schedule: Full-time. Remote: False. Country: Malaysia. Skills: excel, gcp, power bi, sap, sql, ssis, vba.",excel;gcp;power bi;sap;sql;ssis;vba,bi,bi_reporting,Senior Reporting Analyst,Senior Data Analyst,Malaysia,Full-time,False,lukebarousse/data_jobs,7
1237,"Data Reporting Analyst, Sr",City of Atlanta,"Atlanta, GA","Title short: Senior Data Analyst. Schedule: Full-time. Remote: False. Country: United States. Skills: flow, python, r, visual basic.",flow;python;r;visual basic,bi,bi_reporting,"Data Reporting Analyst, Sr",Senior Data Analyst,United States,Full-time,False,lukebarousse/data_jobs,4
1238,"Data/Reporting Analyst, Sr.",City of Atlanta,"Atlanta, GA","Title short: Senior Data Analyst. Schedule: Full-time. Remote: False. Country: United States. Skills: excel, flow, oracle, sharepoint.",excel;flow;oracle;sharepoint,bi,bi_reporting,"Data/Reporting Analyst, Sr.",Senior Data Analyst,United States,Full-time,False,lukebarousse/data_jobs,4
1239,Business Intelligence Data Engineer,AXEPTA SA,"Geneva, Switzerland","Title short: Data Engineer. Schedule: Full-time. Remote: False. Country: Switzerland. Skills: airflow, azure, bigquery, databricks, git, gitlab, kafka, snowflake, spark, sql.",airflow;azure;bigquery;databricks;git;gitlab;kafka;snowflake;spark;sql,data_engineering,bi_engineering,Business Intelligence Data Engineer,Data Engineer,Switzerland,Full-time,False,lukebarousse/data_jobs,10
1240,"Senior Reporting Analyst - SQL, Alteryx and Tableau",LabCorp,"Birmingham, AL","Title short: Senior Data Analyst. Schedule: Full-time. Remote: False. Country: United States. Skills: alteryx, sql, tableau.",alteryx;sql;tableau,bi,bi_reporting,"Senior Reporting Analyst - SQL, Alteryx and Tableau",Senior Data Analyst,United States,Full-time,False,lukebarousse/data_jobs,3
1241,Data Engineer-Business Intelligence,IBM,"Quezon City, Metro Manila, Philippines","Title short: Data Engineer. Schedule: Full-time. Remote: False. Country: Philippines. Skills: azure, cognos, ibm cloud, microstrategy, power bi, tableau.",azure;cognos;ibm cloud;microstrategy;power bi;tableau,data_engineering,general_data_engineering,Data Engineer-Business Intelligence,Data Engineer,Philippines,Full-time,False,lukebarousse/data_jobs,6
1242,"Data Engineer (Data Warehouse), Business Intelligence",Shopee,"Jakarta, Indonesia","Title short: Data Engineer. Schedule: Full-time. Remote: False. Country: Indonesia. Skills: python, scala, spark, sql, unix.",python;scala;spark;sql;unix,data_engineering,general_data_engineering,"Data Engineer (Data Warehouse), Business Intelligence",Data Engineer,Indonesia,Full-time,False,lukebarousse/data_jobs,5
1243,Business Intelligence – Data Engineer,Smartedge Solutions Ltd,"Watford, UK","Title short: Data Engineer. Schedule: Full-time and Contractor. Remote: False. Country: United Kingdom. Skills: aws, git, java, jenkins, sap, scala, spark, sql, ssis, terraform.",aws;git;java;jenkins;sap;scala;spark;sql;ssis;terraform,data_engineering,general_data_engineering,Business Intelligence – Data Engineer,Data Engineer,United Kingdom,Full-time and Contractor,False,lukebarousse/data_jobs,10
1244,Senior Data Engineer - Business Intelligence,Basedraw,"Pune, Maharashtra, India","Title short: Senior Data Engineer. Schedule: Full-time. Remote: False. Country: India. Skills: aws, azure, nosql, power bi, snowflake, sql, ssis, tableau.",aws;azure;nosql;power bi;snowflake;sql;ssis;tableau,data_engineering,general_data_engineering,Senior Data Engineer - Business Intelligence,Senior Data Engineer,India,Full-time,False,lukebarousse/data_jobs,8
1245,Data Engineer (w/m/d) Business Intelligence Microsoft,BE-terna GmbH,Germany   (+3 others),"Title short: Data Engineer. Schedule: Full-time. Remote: False. Country: Germany. Skills: dax, power bi, sql.",dax;power bi;sql,data_engineering,general_data_engineering,Data Engineer (w/m/d) Business Intelligence Microsoft,Data Engineer,Germany,Full-time,False,lukebarousse/data_jobs,3
1246,Senior Data and Reporting Analyst,Prime Therapeutics,"Austin, TX","Title short: Senior Data Analyst. Schedule: Full-time. Remote: False. Country: United States. Skills: cognos, crystal, excel, ms access, sas, sql.",cognos;crystal;excel;ms access;sas;sql,bi,bi_reporting,Senior Data and Reporting Analyst,Senior Data Analyst,United States,Full-time,False,lukebarousse/data_jobs,6
1247,Business Intelligence Data Engineer,Eolas Recruitment,"Dublin, Ireland","Title short: Data Engineer. Schedule: Full-time. Remote: False. Country: Ireland. Skills: aws, azure, gcp, hadoop, java, power bi, python, spark, sql, sql server, t-sql, tableau.",aws;azure;gcp;hadoop;java;power bi;python;spark;sql;sql server;t-sql;tableau,data_engineering,bi_engineering,Business Intelligence Data Engineer,Data Engineer,Ireland,Full-time,False,lukebarousse/data_jobs,12
1248,Business Intelligence Developer (Tableau+SSRS),Global Mobility Services,Anywhere,"Title short: Software Engineer. Schedule: Contractor. Remote: True. Country: India. Skills: sql, sql server, ssrs, tableau.",sql;sql server;ssrs;tableau,data_engineering,bi_engineering,Business Intelligence Developer (Tableau+SSRS),Software Engineer,India,Contractor,True,lukebarousse/data_jobs,4
1249,Data Engineer: Business Intelligence,IBM,"Bengaluru, Karnataka, India","Title short: Data Engineer. Schedule: Full-time. Remote: False. Country: India. Skills: ibm cloud, tableau, unix.",ibm cloud;tableau;unix,data_engineering,general_data_engineering,Data Engineer: Business Intelligence,Data Engineer,India,Full-time,False,lukebarousse/data_jobs,3
1250,"Data Warehouse Reporting Analyst, Sr.",Impresiv Health,Anywhere,"Title short: Senior Data Analyst. Schedule: Full-time and Temp work. Remote: True. Country: United States. Skills: cognos, excel, microstrategy, outlook, power bi, powerpoint, sql, sql server, ssrs, tableau, word.",cognos;excel;microstrategy;outlook;power bi;powerpoint;sql;sql server;ssrs;tableau;word,bi,bi_reporting,"Data Warehouse Reporting Analyst, Sr.",Senior Data Analyst,United States,Full-time and Temp work,True,lukebarousse/data_jobs,11
1251,Data Engineer-Business Intelligence (IC),IBM,"Casablanca, Morocco","Title short: Data Engineer. Schedule: Full-time. Remote: False. Country: Morocco. Skills: azure, ibm cloud, jira, power bi, tableau.",azure;ibm cloud;jira;power bi;tableau,data_engineering,general_data_engineering,Data Engineer-Business Intelligence (IC),Data Engineer,Morocco,Full-time,False,lukebarousse/data_jobs,5
1252,"Data Engineer/Scientist/Analyst, Mid or Senior (m/f/x)",ALPHA Augmented Services,"Berlin, Germany","Title short: Data Engineer. Schedule: Full-time. Remote: False. Country: Germany. Skills: airflow, azure, c#, dax, docker, jenkins, kubernetes, python, sql.",airflow;azure;c#;dax;docker;jenkins;kubernetes;python;sql,data_engineering,general_data_engineering,"Data Engineer/Scientist/Analyst, Mid or Senior (m/f/x)",Data Engineer,Germany,Full-time,False,lukebarousse/data_jobs,9
1253,GCP Data Engineer,smart folks inc,Anywhere,"Title short: Data Engineer. Schedule: Contractor and Temp work. Remote: True. Country: United States. Skills: gcp, python, sql.",gcp;python;sql,data_engineering,general_data_engineering,GCP Data Engineer,Data Engineer,United States,Contractor and Temp work,True,lukebarousse/data_jobs,3
1254,Senior Data Engineer  - GCP Cloud,"Miracle Software Systems, Inc","Dearborn, MI","Title short: Senior Data Engineer. Schedule: Full-time. Remote: False. Country: United States. Skills: bigquery, gcp, hadoop, java, python, sql, sql server.",bigquery;gcp;hadoop;java;python;sql;sql server,data_engineering,general_data_engineering,Senior Data Engineer  - GCP Cloud,Senior Data Engineer,United States,Full-time,False,lukebarousse/data_jobs,7
1255,Data Engineer,Zitec,Anywhere,"Title short: Data Engineer. Schedule: Full-time. Remote: True. Country: Romania. Skills: airflow, aws, azure, bigquery, databricks, gcp, kafka, nosql, redshift, spark, sql.",airflow;aws;azure;bigquery;databricks;gcp;kafka;nosql;redshift;spark;sql,data_engineering,general_data_engineering,Data Engineer,Data Engineer,Romania,Full-time,True,lukebarousse/data_jobs,11
1256,Erfahrene*r Data Engineer*in (m/w/d),ROCKEN®,"Basel, Switzerland","Title short: Data Engineer. Schedule: Full-time. Remote: False. Country: Switzerland. Skills: azure, databricks, python, spark.",azure;databricks;python;spark,data_engineering,general_data_engineering,Erfahrene*r Data Engineer*in (m/w/d),Data Engineer,Switzerland,Full-time,False,lukebarousse/data_jobs,4
1257,Data Engineer,Philips,"Colorado Springs, CO   (+3 others)","Title short: Data Engineer. Schedule: Full-time. Remote: False. Country: United States. Skills: python, qlik.",python;qlik,data_engineering,general_data_engineering,Data Engineer,Data Engineer,United States,Full-time,False,lukebarousse/data_jobs,2
1258,Senior Data Engineer,Nayya,"New York, NY","Title short: Senior Data Engineer. Schedule: Full-time. Remote: False. Country: United States. Skills: aws, fastapi, flask, go, javascript, python, ruby, sql, terraform.",aws;fastapi;flask;go;javascript;python;ruby;sql;terraform,data_engineering,general_data_engineering,Senior Data Engineer,Senior Data Engineer,United States,Full-time,False,lukebarousse/data_jobs,9
1259,Data Engineer,Orion Group,"Aberdeen, UK","Title short: Data Engineer. Schedule: Temp work. Remote: False. Country: United Kingdom. Skills: power bi, python, sql.",power bi;python;sql,data_engineering,general_data_engineering,Data Engineer,Data Engineer,United Kingdom,Temp work,False,lukebarousse/data_jobs,3
1260,Big Data Engineer,Hexaware Technologies,"Pune, Maharashtra, India","Title short: Data Engineer. Schedule: Full-time. Remote: False. Country: India. Skills: azure, databricks, mysql, powershell, python, sql, sql server.",azure;databricks;mysql;powershell;python;sql;sql server,data_engineering,general_data_engineering,Big Data Engineer,Data Engineer,India,Full-time,False,lukebarousse/data_jobs,7
1261,Data Engineer / Développeur·euse Big Data F/H,onepoint,"Nantes, France","Title short: Data Engineer. Schedule: Full-time. Remote: False. Country: France. Skills: airflow, aws, azure, cassandra, docker, elasticsearch, gcp, hadoop, java, kafka, kubernetes, mongodb, neo4j, python, scala, spark, sql.",airflow;aws;azure;cassandra;docker;elasticsearch;gcp;hadoop;java;kafka;kubernetes;mongodb;neo4j;python;scala;spark;sql,data_engineering,general_data_engineering,Data Engineer / Développeur·euse Big Data F/H,Data Engineer,France,Full-time,False,lukebarousse/data_jobs,17
1262,"Principal Data Engineer (Lead), Knowledge Graphs and Data Semantics",Altos Labs,"San Francisco, CA","Title short: Data Engineer. Schedule: Full-time. Remote: False. Country: United States. Skills: java, python, r.",java;python;r,data_engineering,general_data_engineering,"Principal Data Engineer (Lead), Knowledge Graphs and Data Semantics",Data Engineer,United States,Full-time,False,lukebarousse/data_jobs,3
1263,Senior Data Engineer (Work from home Eligible),Capital One,"Wilmington, DE","Title short: Senior Data Engineer. Schedule: Full-time. Remote: False. Country: United States. Skills: aws, azure, cassandra, hadoop, kafka, mongo, mysql, nosql, python, redshift, scala, shell, snowflake, spark.",aws;azure;cassandra;hadoop;kafka;mongo;mysql;nosql;python;redshift;scala;shell;snowflake;spark,data_engineering,general_data_engineering,Senior Data Engineer (Work from home Eligible),Senior Data Engineer,United States,Full-time,False,lukebarousse/data_jobs,14
1264,Data Engineer,Eolas Recruitment,"County Westmeath, Ireland","Title short: Data Engineer. Schedule: Full-time. Remote: False. Country: Ireland. Skills: azure, databricks, flow, pyspark, python, r, sql.",azure;databricks;flow;pyspark;python;r;sql,data_engineering,general_data_engineering,Data Engineer,Data Engineer,Ireland,Full-time,False,lukebarousse/data_jobs,7
1265,Data Engineer - Royal Canin,Mars,"St Charles, MO","Title short: Data Engineer. Schedule: Full-time. Remote: False. Country: United States. Skills: azure, databricks, flask, neo4j, pyspark, python, spark, sql.",azure;databricks;flask;neo4j;pyspark;python;spark;sql,data_engineering,general_data_engineering,Data Engineer - Royal Canin,Data Engineer,United States,Full-time,False,lukebarousse/data_jobs,8
1266,Data Engineer,Programmers.io,"Fort Worth, TX","Title short: Data Engineer. Schedule: Full-time. Remote: False. Country: United States. Skills: python, sql.",python;sql,data_engineering,general_data_engineering,Data Engineer,Data Engineer,United States,Full-time,False,lukebarousse/data_jobs,2
1267,"Senior Data Engineer(Python)-1563,1637&1633",CESIT,"Chennai, Tamil Nadu, India","Title short: Senior Data Engineer. Schedule: Full-time. Remote: False. Country: India. Skills: aws, docker, jira, pyspark, python, sql.",aws;docker;jira;pyspark;python;sql,data_engineering,general_data_engineering,"Senior Data Engineer(Python)-1563,1637&1633",Senior Data Engineer,India,Full-time,False,lukebarousse/data_jobs,6
1268,Senior Data Engineering,Agensi Pekerjaan BTC Sdn Bhd,"Kuala Lumpur, Federal Territory of Kuala Lumpur, Malaysia","Title short: Senior Data Engineer. Schedule: Full-time. Remote: False. Country: Malaysia. Skills: c, cognos, hadoop, java, kafka, microstrategy, nosql, power bi, python, sap, scala, spark, sql.",c;cognos;hadoop;java;kafka;microstrategy;nosql;power bi;python;sap;scala;spark;sql,data_engineering,general_data_engineering,Senior Data Engineering,Senior Data Engineer,Malaysia,Full-time,False,lukebarousse/data_jobs,13
1269,Senior Data Engineer,Aditi Consulting,Anywhere,"Title short: Senior Data Engineer. Schedule: Contractor. Remote: True. Country: United States. Skills: aws, databricks, java, python, spark.",aws;databricks;java;python;spark,data_engineering,general_data_engineering,Senior Data Engineer,Senior Data Engineer,United States,Contractor,True,lukebarousse/data_jobs,5
1270,Data Engineer,Verkada,"San Mateo, CA","Title short: Data Engineer. Schedule: Full-time. Remote: False. Country: United States. Skills: aws, looker, python, sql.",aws;looker;python;sql,data_engineering,general_data_engineering,Data Engineer,Data Engineer,United States,Full-time,False,lukebarousse/data_jobs,4
1271,Data and Analytics Engineer,PwC,"San Antonio, TX","Title short: Data Engineer. Schedule: Full-time. Remote: False. Country: United States. Skills: hadoop, qlik, snowflake, spark, tableau.",hadoop;qlik;snowflake;spark;tableau,data_engineering,analytics_engineering,Data and Analytics Engineer,Data Engineer,United States,Full-time,False,lukebarousse/data_jobs,5
1272,Data Engineer,Eightroom,"Montevideo, Montevideo Department, Uruguay","Title short: Data Engineer. Schedule: Full-time. Remote: False. Country: Uruguay. Skills: aws, azure, mysql, postgresql, power bi, sql, sql server, tableau.",aws;azure;mysql;postgresql;power bi;sql;sql server;tableau,data_engineering,general_data_engineering,Data Engineer,Data Engineer,Uruguay,Full-time,False,lukebarousse/data_jobs,8
1273,Data Engineer with Dremio Experience,Iris Software Inc.,"Toronto, ON, Canada","Title short: Data Engineer. Schedule: Contractor. Remote: False. Country: Canada. Skills: hadoop, kubernetes, sql.",hadoop;kubernetes;sql,data_engineering,general_data_engineering,Data Engineer with Dremio Experience,Data Engineer,Canada,Contractor,False,lukebarousse/data_jobs,3
1274,Data Engineer,Divisions Maintenance Group,"Cincinnati, OH","Title short: Data Engineer. Schedule: Full-time. Remote: False. Country: United States. Skills: c++, cassandra, hadoop, java, kafka, nosql, python, scala, spark, sql.",c++;cassandra;hadoop;java;kafka;nosql;python;scala;spark;sql,data_engineering,general_data_engineering,Data Engineer,Data Engineer,United States,Full-time,False,lukebarousse/data_jobs,10
1275,Full Stack Data Engineer,Qptech Ltd,"Limerick, Ireland","Title short: Data Engineer. Schedule: Full-time. Remote: False. Country: Ireland. Skills: aws, azure, docker, dynamodb, gdpr, hadoop, jenkins, kubernetes, mongodb, python, sql.",aws;azure;docker;dynamodb;gdpr;hadoop;jenkins;kubernetes;mongodb;python;sql,data_engineering,general_data_engineering,Full Stack Data Engineer,Data Engineer,Ireland,Full-time,False,lukebarousse/data_jobs,11
1276,Data Engineer,Intelletec,"Arlington, VA","Title short: Data Engineer. Schedule: Full-time. Remote: False. Country: Sudan. Skills: kubernetes, mariadb, mongodb, mysql, oracle, python, r, spark, sql, tableau.",kubernetes;mariadb;mongodb;mysql;oracle;python;r;spark;sql;tableau,data_engineering,general_data_engineering,Data Engineer,Data Engineer,Sudan,Full-time,False,lukebarousse/data_jobs,10
1277,Director - Enterprise Architecture and Data Engineering,Ford Motor Company,"Chennai, Tamil Nadu, India","Title short: Data Engineer. Schedule: Full-time. Remote: False. Country: India. Skills: gcp, graphql, kubernetes.",gcp;graphql;kubernetes,data_engineering,general_data_engineering,Director - Enterprise Architecture and Data Engineering,Data Engineer,India,Full-time,False,lukebarousse/data_jobs,3
1278,Data Engineer,Smartfox LLC,"Ridgefield Park, NJ","Title short: Data Engineer. Schedule: Full-time and Temp work. Remote: False. Country: Sudan. Skills: aws, gcp, hadoop, java, kafka, linux, php, python, shell, spark, sql.",aws;gcp;hadoop;java;kafka;linux;php;python;shell;spark;sql,data_engineering,general_data_engineering,Data Engineer,Data Engineer,Sudan,Full-time and Temp work,False,lukebarousse/data_jobs,11
1279,Senior Data Engineer - Reporting - EG,Gorilla Logic,Anywhere,"Title short: Senior Data Engineer. Schedule: Full-time. Remote: True. Country: Mexico. Skills: angular, aws, azure, bigquery, databricks, java, javascript, jupyter, power bi, python, react, redshift, snowflake, spark, sql, tableau, tensorflow, vue.",angular;aws;azure;bigquery;databricks;java;javascript;jupyter;power bi;python;react;redshift;snowflake;spark;sql;tableau;tensorflow;vue,data_engineering,general_data_engineering,Senior Data Engineer - Reporting - EG,Senior Data Engineer,Mexico,Full-time,True,lukebarousse/data_jobs,18
1280,Senior/Lead Data Engineer,Capital One,"Dover, DE","Title short: Senior Data Engineer. Schedule: Full-time and Part-time. Remote: False. Country: United States. Skills: aws, azure, cassandra, hadoop, java, kafka, linux, mongo, mysql, nosql, python, redshift, scala, shell, snowflake, spark, sql, unix.",aws;azure;cassandra;hadoop;java;kafka;linux;mongo;mysql;nosql;python;redshift;scala;shell;snowflake;spark;sql;unix,data_engineering,general_data_engineering,Senior/Lead Data Engineer,Senior Data Engineer,United States,Full-time and Part-time,False,lukebarousse/data_jobs,18
1281,Remote - Data Engineer - Permanent - W2,Apex Systems,Anywhere,"Title short: Data Engineer. Schedule: Full-time. Remote: True. Country: United States. Skills: python, sql.",python;sql,data_engineering,general_data_engineering,Remote - Data Engineer - Permanent - W2,Data Engineer,United States,Full-time,True,lukebarousse/data_jobs,2
1282,Data Engineer - Cloud Operations,Adobe,"Lehi, UT","Title short: Data Engineer. Schedule: Full-time. Remote: False. Country: United States. Skills: aws, azure, javascript, power bi, python, sql, tableau.",aws;azure;javascript;power bi;python;sql;tableau,data_engineering,general_data_engineering,Data Engineer - Cloud Operations,Data Engineer,United States,Full-time,False,lukebarousse/data_jobs,7
1283,Data Engineer,Crimson Interactive Inc,"Mumbai, Maharashtra, India","Title short: Data Engineer. Schedule: Full-time. Remote: False. Country: India. Skills: docker, elasticsearch, hadoop, kafka, kubernetes, mongodb, mysql, neo4j, nosql, redis, tableau.",docker;elasticsearch;hadoop;kafka;kubernetes;mongodb;mysql;neo4j;nosql;redis;tableau,data_engineering,general_data_engineering,Data Engineer,Data Engineer,India,Full-time,False,lukebarousse/data_jobs,11
1284,Data Engineer,King's Hawaiian,"Torrance, CA","Title short: Data Engineer. Schedule: Full-time. Remote: False. Country: Sudan. Skills: aws, azure, python, r, sap, spark, sql, sql server.",aws;azure;python;r;sap;spark;sql;sql server,data_engineering,general_data_engineering,Data Engineer,Data Engineer,Sudan,Full-time,False,lukebarousse/data_jobs,8
1285,Senior Data Engineer (AWS),MUFG Investor Services,"Toronto, ON, Canada","Title short: Senior Data Engineer. Schedule: Full-time. Remote: False. Country: Canada. Skills: aws, databricks, python, spark.",aws;databricks;python;spark,data_engineering,general_data_engineering,Senior Data Engineer (AWS),Senior Data Engineer,Canada,Full-time,False,lukebarousse/data_jobs,4
1286,Senior/Staff Data Engineer – Apache Spark (Java/Scala) (Bangkok...,Agoda,"Miami, FL","Title short: Data Engineer. Schedule: Full-time. Remote: False. Country: United States. Skills: golang, hadoop, java, linux, react, scala, spark, sql.",golang;hadoop;java;linux;react;scala;spark;sql,data_engineering,general_data_engineering,Senior/Staff Data Engineer – Apache Spark (Java/Scala) (Bangkok...,Data Engineer,United States,Full-time,False,lukebarousse/data_jobs,8
1287,Data Engineering Team Lead,GVT Government Technology Agency (GovTech),Anywhere,"Title short: Data Engineer. Schedule: Full-time. Remote: True. Country: Singapore. Skills: aws, azure, docker, gcp, git, nosql, spark, sql, terraform.",aws;azure;docker;gcp;git;nosql;spark;sql;terraform,data_engineering,general_data_engineering,Data Engineering Team Lead,Data Engineer,Singapore,Full-time,True,lukebarousse/data_jobs,9
1288,Data Engineer H/F,Talan,Anywhere,"Title short: Data Engineer. Schedule: Full-time. Remote: True. Country: France. Skills: ansible, aws, azure, cassandra, gcp, git, jenkins, mongodb, nosql, power bi, python, qlik, sql, tableau.",ansible;aws;azure;cassandra;gcp;git;jenkins;mongodb;nosql;power bi;python;qlik;sql;tableau,data_engineering,general_data_engineering,Data Engineer H/F,Data Engineer,France,Full-time,True,lukebarousse/data_jobs,14
1289,Chapter Lead Data Engineers Poland,Volvo Group,"Wrocław, Poland","Title short: Data Engineer. Schedule: Full-time. Remote: False. Country: Poland. Skills: azure, excel, unity.",azure;excel;unity,data_engineering,general_data_engineering,Chapter Lead Data Engineers Poland,Data Engineer,Poland,Full-time,False,lukebarousse/data_jobs,3
1290,Data Engineer,LEIDOS,"NAVAL SEA SYS, DC","Title short: Data Engineer. Schedule: Full-time. Remote: False. Country: United States. Skills: aws, azure, docker, flow, gcp, hadoop, java, kubernetes, mongodb, mysql, nosql, python, react, spark, sql, tableau.",aws;azure;docker;flow;gcp;hadoop;java;kubernetes;mongodb;mysql;nosql;python;react;spark;sql;tableau,data_engineering,general_data_engineering,Data Engineer,Data Engineer,United States,Full-time,False,lukebarousse/data_jobs,16
1291,Data Engineer,"Zelis Healthcare, LLC","Morristown, NJ","Title short: Data Engineer. Schedule: Full-time. Remote: False. Country: United States. Skills: azure, confluence, git, jira, snowflake, sql, sql server, t-sql.",azure;confluence;git;jira;snowflake;sql;sql server;t-sql,data_engineering,general_data_engineering,Data Engineer,Data Engineer,United States,Full-time,False,lukebarousse/data_jobs,8
1292,Data Engineer Analyst,Guidehouse,"Trenton, AL","Title short: Data Engineer. Schedule: Full-time. Remote: False. Country: United States. Skills: aws, azure, javascript, outlook, power bi, pyspark, python, qlik, r, sql, tableau, typescript.",aws;azure;javascript;outlook;power bi;pyspark;python;qlik;r;sql;tableau;typescript,data_engineering,general_data_engineering,Data Engineer Analyst,Data Engineer,United States,Full-time,False,lukebarousse/data_jobs,12
1293,Senior Azure Data Engineer,Entico,"Antwerp, Belgium","Title short: Senior Data Engineer. Schedule: Full-time. Remote: False. Country: Belgium. Skills: azure, databricks, docker, jupyter, python, spark.",azure;databricks;docker;jupyter;python;spark,data_engineering,general_data_engineering,Senior Azure Data Engineer,Senior Data Engineer,Belgium,Full-time,False,lukebarousse/data_jobs,6
1294,Senior Data Engineer,Data Build Company,"Utrecht, Netherlands","Title short: Senior Data Engineer. Schedule: Full-time. Remote: False. Country: Netherlands. Skills: airflow, ansible, aws, azure, bigquery, docker, gcp, github, gitlab, hadoop, jira, kafka, python, scala, snowflake, spark, sql, terraform.",airflow;ansible;aws;azure;bigquery;docker;gcp;github;gitlab;hadoop;jira;kafka;python;scala;snowflake;spark;sql;terraform,data_engineering,general_data_engineering,Senior Data Engineer,Senior Data Engineer,Netherlands,Full-time,False,lukebarousse/data_jobs,18
1295,Data Engineer,SII Group,"Kraków, Poland","Title short: Data Engineer. Schedule: Full-time. Remote: False. Country: Poland. Skills: aws, python, shell, sql.",aws;python;shell;sql,data_engineering,general_data_engineering,Data Engineer,Data Engineer,Poland,Full-time,False,lukebarousse/data_jobs,4
1296,Data Engineer,Career Search Partners,"New York, NY","Title short: Data Engineer. Schedule: Full-time. Remote: False. Country: United States. Skills: excel, flow, git, python, sql, sql server.",excel;flow;git;python;sql;sql server,data_engineering,general_data_engineering,Data Engineer,Data Engineer,United States,Full-time,False,lukebarousse/data_jobs,6
1297,Snowflake Data Engineer,Get It Recruit - Professional Services,"Plano, TX","Title short: Data Engineer. Schedule: Full-time. Remote: False. Country: United States. Skills: snowflake, sql.",snowflake;sql,data_engineering,general_data_engineering,Snowflake Data Engineer,Data Engineer,United States,Full-time,False,lukebarousse/data_jobs,2
1298,Senior Data Engineer,AppFolio,"Plano, TX","Title short: Senior Data Engineer. Schedule: Full-time. Remote: False. Country: United States. Skills: aws, docker, kafka, kubernetes, python, ruby, snowflake, sql, tableau.",aws;docker;kafka;kubernetes;python;ruby;snowflake;sql;tableau,data_engineering,general_data_engineering,Senior Data Engineer,Senior Data Engineer,United States,Full-time,False,lukebarousse/data_jobs,9
1299,Cloud Data Engineer,Telenet,"Mechelen, Belgium","Title short: Data Engineer. Schedule: Full-time. Remote: False. Country: Belgium. Skills: aws, cassandra, docker, hadoop, kafka, kubernetes, spark, sql, word.",aws;cassandra;docker;hadoop;kafka;kubernetes;spark;sql;word,data_engineering,general_data_engineering,Cloud Data Engineer,Data Engineer,Belgium,Full-time,False,lukebarousse/data_jobs,9
1300,Senior Azure Data Engineer,Ascendion,Anywhere,"Title short: Senior Data Engineer. Schedule: Full-time. Remote: True. Country: United States. Skills: azure, databricks, nosql, power bi, python, sql.",azure;databricks;nosql;power bi;python;sql,data_engineering,general_data_engineering,Senior Azure Data Engineer,Senior Data Engineer,United States,Full-time,True,lukebarousse/data_jobs,6
1301,CDI - Data Engineer (Média) (F/H),La Relève,"Ivry-sur-Seine, France","Title short: Data Engineer. Schedule: Full-time. Remote: False. Country: France. Skills: airflow, aws, hadoop, jira, redshift, scala, snowflake, spark, sql.",airflow;aws;hadoop;jira;redshift;scala;snowflake;spark;sql,data_engineering,general_data_engineering,CDI - Data Engineer (Média) (F/H),Data Engineer,France,Full-time,False,lukebarousse/data_jobs,9
1302,Data Analytics Engineer - Remote | WFH,Get It Recruit - Information Technology,Anywhere,"Title short: Data Engineer. Schedule: Full-time. Remote: True. Country: United States. Skills: git, looker, python, r, snowflake, sql.",git;looker;python;r;snowflake;sql,data_engineering,analytics_engineering,Data Analytics Engineer - Remote | WFH,Data Engineer,United States,Full-time,True,lukebarousse/data_jobs,6
1303,Data Engineer,PG&E Corporation,"Oakland, CA","Title short: Data Engineer. Schedule: Full-time. Remote: False. Country: United States. Skills: aws, pandas, pyspark, python, sap, spark, tableau.",aws;pandas;pyspark;python;sap;spark;tableau,data_engineering,general_data_engineering,Data Engineer,Data Engineer,United States,Full-time,False,lukebarousse/data_jobs,7
1304,Staff Data Engineer,University of Michigan - Ann Arbor,"Ann Arbor, MI","Title short: Data Engineer. Schedule: Full-time. Remote: False. Country: United States. Skills: aws, azure, gcp, oracle, sql, ssis.",aws;azure;gcp;oracle;sql;ssis,data_engineering,general_data_engineering,Staff Data Engineer,Data Engineer,United States,Full-time,False,lukebarousse/data_jobs,6
1305,Data Engineer Graduate (Real Time Communication) - 2024 Start (BS/ MS),ByteDance,"Seattle, WA","Title short: Data Engineer. Schedule: Full-time. Remote: False. Country: United States. Skills: golang, hadoop, java, python, scala, spark.",golang;hadoop;java;python;scala;spark,data_engineering,general_data_engineering,Data Engineer Graduate (Real Time Communication) - 2024 Start (BS/ MS),Data Engineer,United States,Full-time,False,lukebarousse/data_jobs,6
1306,Data Engineering Lead,Axtria - Ingenious Insights,"New Delhi, Delhi, India","Title short: Data Engineer. Schedule: Full-time. Remote: False. Country: India. Skills: aws, azure, confluence, gcp, git, jira, microstrategy, python, qlik, spark, sql, tableau.",aws;azure;confluence;gcp;git;jira;microstrategy;python;qlik;spark;sql;tableau,data_engineering,general_data_engineering,Data Engineering Lead,Data Engineer,India,Full-time,False,lukebarousse/data_jobs,12
1307,Data Engineer,Tech Tammina,United States,"Title short: Data Engineer. Schedule: Full-time. Remote: False. Country: Sudan. Skills: excel, sql.",excel;sql,data_engineering,general_data_engineering,Data Engineer,Data Engineer,Sudan,Full-time,False,lukebarousse/data_jobs,2
1308,Lead Data Engineer/Architect,BizAnalytica,Anywhere,"Title short: Data Engineer. Schedule: Full-time. Remote: True. Country: United States. Skills: aws, azure, databricks, excel, java, python, redshift, scala, snowflake, spark, sql.",aws;azure;databricks;excel;java;python;redshift;scala;snowflake;spark;sql,data_engineering,general_data_engineering,Lead Data Engineer/Architect,Data Engineer,United States,Full-time,True,lukebarousse/data_jobs,11
1309,Data Engineer,Zeelo,"London, UK","Title short: Data Engineer. Schedule: Full-time. Remote: False. Country: United Kingdom. Skills: ansible, aws, bitbucket, django, docker, dynamodb, fastapi, flask, postgresql, python.",ansible;aws;bitbucket;django;docker;dynamodb;fastapi;flask;postgresql;python,data_engineering,general_data_engineering,Data Engineer,Data Engineer,United Kingdom,Full-time,False,lukebarousse/data_jobs,10
1310,Data Engineer,IQVIA,Anywhere,"Title short: Data Engineer. Schedule: Full-time. Remote: True. Country: United States. Skills: postgresql, python, sql.",postgresql;python;sql,data_engineering,general_data_engineering,Data Engineer,Data Engineer,United States,Full-time,True,lukebarousse/data_jobs,3
1311,Data Engineer,Delaware North,"Buffalo, NY","Title short: Data Engineer. Schedule: Full-time. Remote: False. Country: United States. Skills: airflow, aws, django, mongodb, nosql, postgresql, python, redshift, sql.",airflow;aws;django;mongodb;nosql;postgresql;python;redshift;sql,data_engineering,general_data_engineering,Data Engineer,Data Engineer,United States,Full-time,False,lukebarousse/data_jobs,9
1312,Data Engineer Cloud (H/F),EML Consulting,France,"Title short: Data Engineer. Schedule: Full-time. Remote: False. Country: France. Skills: azure, bigquery, databricks, gcp, hadoop, java, python, scala, spark, sql.",azure;bigquery;databricks;gcp;hadoop;java;python;scala;spark;sql,data_engineering,general_data_engineering,Data Engineer Cloud (H/F),Data Engineer,France,Full-time,False,lukebarousse/data_jobs,10
1313,"Data Engineer, Data Architect",Gofore,"Tampere, Finland","Title short: Data Engineer. Schedule: Full-time. Remote: False. Country: Finland. Skills: aws, azure, power bi, sql.",aws;azure;power bi;sql,data_engineering,general_data_engineering,"Data Engineer, Data Architect",Data Engineer,Finland,Full-time,False,lukebarousse/data_jobs,4
1314,Cyber Senior Data Engineer,New York City Office of Technology & Innovation,"New York, NY","Title short: Senior Data Engineer. Schedule: Full-time. Remote: False. Country: United States. Skills: aws, azure, gcp, java, python, r, scikit-learn, terraform, unix.",aws;azure;gcp;java;python;r;scikit-learn;terraform;unix,data_engineering,general_data_engineering,Cyber Senior Data Engineer,Senior Data Engineer,United States,Full-time,False,lukebarousse/data_jobs,9
1315,Data Engineer,Indotronix International Corporation,"Las Vegas, NV","Title short: Data Engineer. Schedule: Full-time. Remote: False. Country: United States. Skills: airflow, azure, databricks, kafka, python, shell.",airflow;azure;databricks;kafka;python;shell,data_engineering,general_data_engineering,Data Engineer,Data Engineer,United States,Full-time,False,lukebarousse/data_jobs,6
1316,Senior Data Engineer,Method-Resourcing,United Kingdom,"Title short: Senior Data Engineer. Schedule: Full-time. Remote: False. Country: United Kingdom. Skills: aws, python, redshift, sql, sql server.",aws;python;redshift;sql;sql server,data_engineering,general_data_engineering,Senior Data Engineer,Senior Data Engineer,United Kingdom,Full-time,False,lukebarousse/data_jobs,5
1317,Cyber Defence System and Data Engineer,Summer-Browning Associates,"Hereford, UK","Title short: Data Engineer. Schedule: Contractor. Remote: False. Country: United Kingdom. Skills: azure, splunk.",azure;splunk,data_engineering,general_data_engineering,Cyber Defence System and Data Engineer,Data Engineer,United Kingdom,Contractor,False,lukebarousse/data_jobs,2
1318,"Manager, Data Engineering",Capital One,"Baltimore, MD","Title short: Data Engineer. Schedule: Full-time. Remote: False. Country: United States. Skills: aws, azure, cassandra, hadoop, java, kafka, mongo, mysql, nosql, python, redshift, scala, shell, snowflake, spark, sql.",aws;azure;cassandra;hadoop;java;kafka;mongo;mysql;nosql;python;redshift;scala;shell;snowflake;spark;sql,data_engineering,general_data_engineering,"Manager, Data Engineering",Data Engineer,United States,Full-time,False,lukebarousse/data_jobs,16
1319,ETL/Data Engineering Specialist,Dennemeyer,Luxembourg,"Title short: Data Engineer. Schedule: Full-time. Remote: False. Country: Luxembourg. Skills: sql, sql server, tableau, visual basic.",sql;sql server;tableau;visual basic,data_engineering,general_data_engineering,ETL/Data Engineering Specialist,Data Engineer,Luxembourg,Full-time,False,lukebarousse/data_jobs,4
1320,Data Engineer – Multimodal Data Integration,Allen Institute for Brain Science,"Seattle, WA","Title short: Data Engineer. Schedule: Full-time. Remote: False. Country: United States. Skills: git, github, python, spark.",git;github;python;spark,data_engineering,general_data_engineering,Data Engineer – Multimodal Data Integration,Data Engineer,United States,Full-time,False,lukebarousse/data_jobs,4
1321,Data Engineer,You.com -,"Enterprise, OR","Title short: Data Engineer. Schedule: Full-time. Remote: False. Country: Sudan. Skills: aws, azure, kafka, python, spark, sql, terraform.",aws;azure;kafka;python;spark;sql;terraform,data_engineering,general_data_engineering,Data Engineer,Data Engineer,Sudan,Full-time,False,lukebarousse/data_jobs,7
1322,Data Engineer,Hexaware Technologies,"Santa Clara, CA","Title short: Data Engineer. Schedule: Full-time. Remote: False. Country: United States. Skills: aws, azure, django, docker, flask, gcp, python, sql.",aws;azure;django;docker;flask;gcp;python;sql,data_engineering,general_data_engineering,Data Engineer,Data Engineer,United States,Full-time,False,lukebarousse/data_jobs,8
1323,Azure Data Engineer,Mississippi Consultants LLP,"Pune, Maharashtra, India","Title short: Data Engineer. Schedule: Full-time. Remote: False. Country: India. Skills: airflow, azure, databricks, pandas, power bi, pyspark, python, sql.",airflow;azure;databricks;pandas;power bi;pyspark;python;sql,data_engineering,general_data_engineering,Azure Data Engineer,Data Engineer,India,Full-time,False,lukebarousse/data_jobs,8
1324,Data Engineer,Leap29,"Eindhoven, Netherlands","Title short: Data Engineer. Schedule: Temp work. Remote: False. Country: Netherlands. Skills: airflow, aws, azure, gcp, kafka, python, spark, sql, tableau.",airflow;aws;azure;gcp;kafka;python;spark;sql;tableau,data_engineering,general_data_engineering,Data Engineer,Data Engineer,Netherlands,Temp work,False,lukebarousse/data_jobs,9
1325,Senior Data Engineer,Zobility,"Bengaluru, Karnataka, India","Title short: Senior Data Engineer. Schedule: Contractor. Remote: False. Country: India. Skills: airflow, aws, gitlab, kafka, pyspark, python, redshift, snowflake, spark, splunk, sql.",airflow;aws;gitlab;kafka;pyspark;python;redshift;snowflake;spark;splunk;sql,data_engineering,general_data_engineering,Senior Data Engineer,Senior Data Engineer,India,Contractor,False,lukebarousse/data_jobs,11
1326,Lead Data Engineer | Blockchain Transaction Monitoring and...,CryptoRecruit,Anywhere,"Title short: Data Engineer. Schedule: Full-time. Remote: True. Country: United States. Skills: airflow, aws, bash, docker, gcp, github, go, python, solidity, spark.",airflow;aws;bash;docker;gcp;github;go;python;solidity;spark,data_engineering,general_data_engineering,Lead Data Engineer | Blockchain Transaction Monitoring and...,Data Engineer,United States,Full-time,True,lukebarousse/data_jobs,10
1327,Senior Data Engineer,NVIDIA,"Guangzhou, Guangdong Province, China","Title short: Senior Data Engineer. Schedule: Full-time. Remote: False. Country: China. Skills: java, kafka, scala, spark.",java;kafka;scala;spark,data_engineering,general_data_engineering,Senior Data Engineer,Senior Data Engineer,China,Full-time,False,lukebarousse/data_jobs,4
1328,Data Engineer with Azure and Analytics,HQ,"Mexico City, CDMX, Mexico","Title short: Data Engineer. Schedule: Full-time. Remote: False. Country: Mexico. Skills: azure, sql, sql server, ssis.",azure;sql;sql server;ssis,data_engineering,general_data_engineering,Data Engineer with Azure and Analytics,Data Engineer,Mexico,Full-time,False,lukebarousse/data_jobs,4
1329,Lead Data Engineer (Blockchain Exchange),CryptoRecruit,Anywhere,"Title short: Data Engineer. Schedule: Full-time. Remote: True. Country: United States. Skills: cassandra, elasticsearch, git, gitlab, hadoop, mongo, python, redis, solidity, sql.",cassandra;elasticsearch;git;gitlab;hadoop;mongo;python;redis;solidity;sql,data_engineering,general_data_engineering,Lead Data Engineer (Blockchain Exchange),Data Engineer,United States,Full-time,True,lukebarousse/data_jobs,10
1330,Senior Data Engineer für die Dateninfrastruktur,Workwise GmbH,"Berlin, Germany","Title short: Senior Data Engineer. Schedule: Full-time. Remote: False. Country: Germany. Skills: aws, kubernetes, python, sql, terraform.",aws;kubernetes;python;sql;terraform,data_engineering,general_data_engineering,Senior Data Engineer für die Dateninfrastruktur,Senior Data Engineer,Germany,Full-time,False,lukebarousse/data_jobs,5
1331,Senior Data Engineer,Kanini,"North Druid Hills, GA","Title short: Senior Data Engineer. Schedule: Contractor. Remote: False. Country: United States. Skills: aws, git, jira, mysql, postgresql, python, snowflake, sql, sql server.",aws;git;jira;mysql;postgresql;python;snowflake;sql;sql server,data_engineering,general_data_engineering,Senior Data Engineer,Senior Data Engineer,United States,Contractor,False,lukebarousse/data_jobs,9
1332,data engineer,ArcelorMittal,Luxembourg,"Title short: Data Engineer. Schedule: Full-time. Remote: False. Country: Luxembourg. Skills: hadoop, kafka, power bi, python, sap, vba.",hadoop;kafka;power bi;python;sap;vba,data_engineering,general_data_engineering,data engineer,Data Engineer,Luxembourg,Full-time,False,lukebarousse/data_jobs,6
1333,Data Engineers,American Express,"Phoenix, AZ","Title short: Data Engineer. Schedule: Full-time. Remote: False. Country: United States. Skills: cassandra, couchbase, express, git, jira, linux, nosql, phoenix, redhat.",cassandra;couchbase;express;git;jira;linux;nosql;phoenix;redhat,data_engineering,general_data_engineering,Data Engineers,Data Engineer,United States,Full-time,False,lukebarousse/data_jobs,9
1334,Senior Associate Data Engineering - Remote | WFH,Get It Recruit - Information Technology,Anywhere,"Title short: Data Engineer. Schedule: Full-time. Remote: True. Country: United States. Skills: aws, azure, java, javascript, nosql, pyspark, python, scala, spark, sql, terraform.",aws;azure;java;javascript;nosql;pyspark;python;scala;spark;sql;terraform,data_engineering,general_data_engineering,Senior Associate Data Engineering - Remote | WFH,Data Engineer,United States,Full-time,True,lukebarousse/data_jobs,11
1335,Data Engineer H/F,LAB 5COM,France,"Title short: Data Engineer. Schedule: Full-time. Remote: False. Country: France. Skills: angular, c, hadoop, ionic, java, javascript, kotlin, php, python, qlik, r, react, spark, spring, swift, symfony, tableau, typescript, yarn.",angular;c;hadoop;ionic;java;javascript;kotlin;php;python;qlik;r;react;spark;spring;swift;symfony;tableau;typescript;yarn,data_engineering,general_data_engineering,Data Engineer H/F,Data Engineer,France,Full-time,False,lukebarousse/data_jobs,19
1336,Data Engineer,Xoriant,"San Jose, CA","Title short: Data Engineer. Schedule: Full-time. Remote: False. Country: Sudan. Skills: spark, sql, tableau.",spark;sql;tableau,data_engineering,general_data_engineering,Data Engineer,Data Engineer,Sudan,Full-time,False,lukebarousse/data_jobs,3
1337,Data Engineer,TechBlocks,"Dallas, TX","Title short: Data Engineer. Schedule: Full-time. Remote: False. Country: Sudan. Skills: airflow, bigquery, gcp, java, python, sql.",airflow;bigquery;gcp;java;python;sql,data_engineering,general_data_engineering,Data Engineer,Data Engineer,Sudan,Full-time,False,lukebarousse/data_jobs,6
1338,Data Engineer,Upwork,Anywhere,"Title short: Data Engineer. Schedule: Contractor and Temp work. Remote: True. Country: United States. Skills: airflow, aws, gcp, java, mysql, postgresql, python, sql.",airflow;aws;gcp;java;mysql;postgresql;python;sql,data_engineering,general_data_engineering,Data Engineer,Data Engineer,United States,Contractor and Temp work,True,lukebarousse/data_jobs,8
1339,Data Engineer,Michael Page,"Barcelona, Spain","Title short: Data Engineer. Schedule: Full-time. Remote: False. Country: Spain. Skills: aws, gcp, linux, postgresql, python, sql.",aws;gcp;linux;postgresql;python;sql,data_engineering,general_data_engineering,Data Engineer,Data Engineer,Spain,Full-time,False,lukebarousse/data_jobs,6
1340,Senior Data Engineer - Data Insights,Cloudbeds,Anywhere,"Title short: Senior Data Engineer. Schedule: Full-time. Remote: True. Country: Canada. Skills: aws, docker, gdpr, github, hadoop, java, kafka, kubernetes, python, spark, sql, yarn.",aws;docker;gdpr;github;hadoop;java;kafka;kubernetes;python;spark;sql;yarn,data_engineering,general_data_engineering,Senior Data Engineer - Data Insights,Senior Data Engineer,Canada,Full-time,True,lukebarousse/data_jobs,12
1341,Data Engineer - REMOTE,Sierra Solutions,Anywhere,"Title short: Data Engineer. Schedule: Contractor. Remote: True. Country: United States. Skills: hadoop, kafka, nosql, python, pytorch, spark, sql, tensorflow.",hadoop;kafka;nosql;python;pytorch;spark;sql;tensorflow,data_engineering,general_data_engineering,Data Engineer - REMOTE,Data Engineer,United States,Contractor,True,lukebarousse/data_jobs,8
1342,Data Engineer,City Electrical Factors,Anywhere,"Title short: Data Engineer. Schedule: Full-time. Remote: True. Country: United Kingdom. Skills: aws, python, redshift, sql, sql server, ssis.",aws;python;redshift;sql;sql server;ssis,data_engineering,general_data_engineering,Data Engineer,Data Engineer,United Kingdom,Full-time,True,lukebarousse/data_jobs,6
1343,Senior Data Engineer,Pontoon,"Warwickshire, UK","Title short: Senior Data Engineer. Schedule: Contractor. Remote: False. Country: United Kingdom. Skills: sap, snowflake, sql.",sap;snowflake;sql,data_engineering,general_data_engineering,Senior Data Engineer,Senior Data Engineer,United Kingdom,Contractor,False,lukebarousse/data_jobs,3
1344,Data Engineer,CyberCoders,"Denver, CO","Title short: Data Engineer. Schedule: Full-time. Remote: False. Country: Sudan. Skills: hadoop, python, spark, sql.",hadoop;python;spark;sql,data_engineering,general_data_engineering,Data Engineer,Data Engineer,Sudan,Full-time,False,lukebarousse/data_jobs,4
1345,Data Engineer Intern,TTX Company,"Chicago, IL","Title short: Data Engineer. Schedule: Full-time. Remote: False. Country: Sudan. Skills: azure, power bi, python, sql, ssis, tableau.",azure;power bi;python;sql;ssis;tableau,data_engineering,general_data_engineering,Data Engineer Intern,Data Engineer,Sudan,Full-time,False,lukebarousse/data_jobs,6
1346,Data Engineer,Decision Group,"Barueri, State of São Paulo, Brazil","Title short: Data Engineer. Schedule: Full-time. Remote: False. Country: Brazil. Skills: aws, gitlab, hadoop, java, nosql, python, scala, spark, sql.",aws;gitlab;hadoop;java;nosql;python;scala;spark;sql,data_engineering,general_data_engineering,Data Engineer,Data Engineer,Brazil,Full-time,False,lukebarousse/data_jobs,9
1347,Data Engineer (DWH Arch),ФЛАУВАУ,Anywhere,"Title short: Data Engineer. Schedule: Full-time. Remote: True. Country: Russia. Skills: airflow, docker, git, go, jira, kafka, kubernetes, python, spark, sql, vue.",airflow;docker;git;go;jira;kafka;kubernetes;python;spark;sql;vue,data_engineering,general_data_engineering,Data Engineer (DWH Arch),Data Engineer,Russia,Full-time,True,lukebarousse/data_jobs,11
1348,Data Engineer- (Conversion*),Citi,"Irving, TX","Title short: Data Engineer. Schedule: Full-time. Remote: False. Country: United States. Skills: aws, azure, bitbucket, gcp, git, java, jira, kafka, nosql, scala, spark, sql.",aws;azure;bitbucket;gcp;git;java;jira;kafka;nosql;scala;spark;sql,data_engineering,general_data_engineering,Data Engineer- (Conversion*),Data Engineer,United States,Full-time,False,lukebarousse/data_jobs,12
1349,Lead Data Engineer,Northwell Health,New York,"Title short: Data Engineer. Schedule: Full-time. Remote: False. Country: United States. Skills: bigquery, gcp, hadoop, javascript, nosql, python, spark, sql.",bigquery;gcp;hadoop;javascript;nosql;python;spark;sql,data_engineering,general_data_engineering,Lead Data Engineer,Data Engineer,United States,Full-time,False,lukebarousse/data_jobs,8
1350,GCP Data Engineer,Virtusa,"Bengaluru, Karnataka, India","Title short: Data Engineer. Schedule: Full-time. Remote: False. Country: India. Skills: ansible, gcp, javascript, perl, python, shell, sql, terraform.",ansible;gcp;javascript;perl;python;shell;sql;terraform,data_engineering,general_data_engineering,GCP Data Engineer,Data Engineer,India,Full-time,False,lukebarousse/data_jobs,8
1351,Data Engineer,Joblift,"Paris, France","Title short: Data Engineer. Schedule: Temp work. Remote: False. Country: France. Skills: ansible, aws, azure, docker, gcp, git, hadoop, java, jenkins, kafka, kubernetes, nosql, python, scala, spark, sql, terraform.",ansible;aws;azure;docker;gcp;git;hadoop;java;jenkins;kafka;kubernetes;nosql;python;scala;spark;sql;terraform,data_engineering,general_data_engineering,Data Engineer,Data Engineer,France,Temp work,False,lukebarousse/data_jobs,17
1352,"Software Engineer - Data Engineer With PL/SQL, Snowflake, Python",Cisco,"Bengaluru, Karnataka, India","Title short: Data Engineer. Schedule: Full-time. Remote: False. Country: India. Skills: bitbucket, confluence, git, jenkins, jira, python, selenium, snowflake.",bitbucket;confluence;git;jenkins;jira;python;selenium;snowflake,data_engineering,general_data_engineering,"Software Engineer - Data Engineer With PL/SQL, Snowflake, Python",Data Engineer,India,Full-time,False,lukebarousse/data_jobs,8
1353,Associate - Data Engineer,Nuveen,"Mumbai, Maharashtra, India","Title short: Data Engineer. Schedule: Full-time. Remote: False. Country: India. Skills: airflow, aws, oracle, pyspark, python, shell, snowflake, spark.",airflow;aws;oracle;pyspark;python;shell;snowflake;spark,data_engineering,general_data_engineering,Associate - Data Engineer,Data Engineer,India,Full-time,False,lukebarousse/data_jobs,8
1354,CDI - Data Engineer (Industry) (F/H),La Relève,"Bagneux, France","Title short: Data Engineer. Schedule: Full-time. Remote: False. Country: France. Skills: airflow, docker, fastapi, git, postgresql, python, sql.",airflow;docker;fastapi;git;postgresql;python;sql,data_engineering,general_data_engineering,CDI - Data Engineer (Industry) (F/H),Data Engineer,France,Full-time,False,lukebarousse/data_jobs,7
1355,Big Data Engineer,Open Systems Inc.,Anywhere,"Title short: Data Engineer. Schedule: Contractor. Remote: True. Country: United States. Skills: aws, cassandra, gcp, git, hadoop, kafka, nosql, python, scala, shell, snowflake, spark, sql.",aws;cassandra;gcp;git;hadoop;kafka;nosql;python;scala;shell;snowflake;spark;sql,data_engineering,general_data_engineering,Big Data Engineer,Data Engineer,United States,Contractor,True,lukebarousse/data_jobs,13
1356,Principal Data Engineer,McKinsey & Company,"Santiago, Chile","Title short: Data Engineer. Schedule: Full-time. Remote: False. Country: Chile. Skills: airflow, aws, azure, databricks, docker, gcp, java, kubernetes, pyspark, python, scala, sql.",airflow;aws;azure;databricks;docker;gcp;java;kubernetes;pyspark;python;scala;sql,data_engineering,general_data_engineering,Principal Data Engineer,Data Engineer,Chile,Full-time,False,lukebarousse/data_jobs,12
1357,Senior Data Engineer - Dublin - Permanent - Hybrid,Eolas Recruitment,"Dublin, Ireland","Title short: Senior Data Engineer. Schedule: Full-time. Remote: False. Country: Ireland. Skills: airflow, aws, hadoop, kafka, pyspark, python, spark.",airflow;aws;hadoop;kafka;pyspark;python;spark,data_engineering,general_data_engineering,Senior Data Engineer - Dublin - Permanent - Hybrid,Senior Data Engineer,Ireland,Full-time,False,lukebarousse/data_jobs,7
1358,Data Engineer,hackajob,"Austin, TX","Title short: Data Engineer. Schedule: Full-time. Remote: False. Country: United States. Skills: nosql, sql.",nosql;sql,data_engineering,general_data_engineering,Data Engineer,Data Engineer,United States,Full-time,False,lukebarousse/data_jobs,2
1359,Senior Data Engineer,Idexcel,"Herndon, VA","Title short: Senior Data Engineer. Schedule: Full-time. Remote: False. Country: United States. Skills: ansible, aws, docker, java, kafka, python, scala, snowflake, spark, terraform.",ansible;aws;docker;java;kafka;python;scala;snowflake;spark;terraform,data_engineering,general_data_engineering,Senior Data Engineer,Senior Data Engineer,United States,Full-time,False,lukebarousse/data_jobs,10
1360,Data Engineer only USC and GC Only,IT KeySource,"Charlotte, NC","Title short: Data Engineer. Schedule: Full-time. Remote: False. Country: United States. Skills: azure, oracle, python, sql, sql server, ssis.",azure;oracle;python;sql;sql server;ssis,data_engineering,general_data_engineering,Data Engineer only USC and GC Only,Data Engineer,United States,Full-time,False,lukebarousse/data_jobs,6
1361,ETL Data Engineer,Eliassen Group,Anywhere,"Title short: Data Engineer. Schedule: Contractor. Remote: True. Country: United States. Skills: azure, cassandra, databricks, db2, linux, oracle, python, shell, sql, sql server.",azure;cassandra;databricks;db2;linux;oracle;python;shell;sql;sql server,data_engineering,general_data_engineering,ETL Data Engineer,Data Engineer,United States,Contractor,True,lukebarousse/data_jobs,10
1362,Senior Data Engineer,Thrive Global,Anywhere,"Title short: Senior Data Engineer. Schedule: Full-time. Remote: True. Country: United States. Skills: azure, gcp, gdpr, go, looker, sql, terraform.",azure;gcp;gdpr;go;looker;sql;terraform,data_engineering,general_data_engineering,Senior Data Engineer,Senior Data Engineer,United States,Full-time,True,lukebarousse/data_jobs,7
1363,Data Engineer,Carnera,"Pune, Maharashtra, India","Title short: Data Engineer. Schedule: Full-time. Remote: False. Country: India. Skills: aws, redshift.",aws;redshift,data_engineering,general_data_engineering,Data Engineer,Data Engineer,India,Full-time,False,lukebarousse/data_jobs,2
1364,Data Engineer,Verisk,"Jersey City, NJ","Title short: Data Engineer. Schedule: Full-time. Remote: False. Country: United States. Skills: aurora, aws, dynamodb, linux, python, redshift, shell, sql, windows.",aurora;aws;dynamodb;linux;python;redshift;shell;sql;windows,data_engineering,general_data_engineering,Data Engineer,Data Engineer,United States,Full-time,False,lukebarousse/data_jobs,9
1365,Cloud Data Engineer,Solution Design Group,"Minneapolis, MN","Title short: Data Engineer. Schedule: Full-time. Remote: False. Country: United States. Skills: aurora, aws, azure, dynamodb, jupyter, mysql, postgresql, python, r, redshift, sql, sql server, ssis, tableau.",aurora;aws;azure;dynamodb;jupyter;mysql;postgresql;python;r;redshift;sql;sql server;ssis;tableau,data_engineering,general_data_engineering,Cloud Data Engineer,Data Engineer,United States,Full-time,False,lukebarousse/data_jobs,14
1366,Data Engineer,AvMed,"Doral, FL","Title short: Data Engineer. Schedule: Full-time. Remote: False. Country: United States. Skills: excel, kafka, no-sql, power bi, powerpoint, qlik, spark, sql, sql server, tableau, word.",excel;kafka;no-sql;power bi;powerpoint;qlik;spark;sql;sql server;tableau;word,data_engineering,general_data_engineering,Data Engineer,Data Engineer,United States,Full-time,False,lukebarousse/data_jobs,11
1367,Data Engineer I,Apex Systems,"Brookhaven, GA","Title short: Data Engineer. Schedule: Contractor. Remote: False. Country: Sudan. Skills: bigquery, snowflake, sql, sql server, tableau.",bigquery;snowflake;sql;sql server;tableau,data_engineering,general_data_engineering,Data Engineer I,Data Engineer,Sudan,Contractor,False,lukebarousse/data_jobs,5
1368,Data Engineer,Kforce Inc,"St. Louis, MO","Title short: Data Engineer. Schedule: Contractor. Remote: False. Country: United States. Skills: python, sql.",python;sql,data_engineering,general_data_engineering,Data Engineer,Data Engineer,United States,Contractor,False,lukebarousse/data_jobs,2
1369,Data Engineer,SoftStandard Solutions,Anywhere,"Title short: Data Engineer. Schedule: Contractor. Remote: True. Country: Sudan. Skills: java, python, sql.",java;python;sql,data_engineering,general_data_engineering,Data Engineer,Data Engineer,Sudan,Contractor,True,lukebarousse/data_jobs,3
1370,Senior Data Engineer IRC203099,Energy Jobline,Anywhere,"Title short: Senior Data Engineer. Schedule: Full-time. Remote: True. Country: United States. Skills: airflow, aws, docker, git, github, java, kubernetes, looker, scala, snowflake, spark, tableau, terraform.",airflow;aws;docker;git;github;java;kubernetes;looker;scala;snowflake;spark;tableau;terraform,data_engineering,general_data_engineering,Senior Data Engineer IRC203099,Senior Data Engineer,United States,Full-time,True,lukebarousse/data_jobs,13
1371,Data Analytics Engineer Intern,SLB,"Stonehouse, UK","Title short: Data Engineer. Schedule: Full-time and Internship. Remote: False. Country: United Kingdom. Skills: matplotlib, numpy, pandas, python, scikit-learn, sql.",matplotlib;numpy;pandas;python;scikit-learn;sql,data_engineering,analytics_engineering,Data Analytics Engineer Intern,Data Engineer,United Kingdom,Full-time and Internship,False,lukebarousse/data_jobs,6
1372,Remote Principal Data Engineer,Talener,Anywhere,"Title short: Data Engineer. Schedule: Full-time. Remote: True. Country: United States. Skills: azure, databricks, java, nosql, python, snowflake, sql.",azure;databricks;java;nosql;python;snowflake;sql,data_engineering,general_data_engineering,Remote Principal Data Engineer,Data Engineer,United States,Full-time,True,lukebarousse/data_jobs,7
1373,Middle Data Engineer,AgileEngine,"Bogotá, Bogota, Colombia","Title short: Data Engineer. Schedule: Full-time. Remote: False. Country: Colombia. Skills: airflow, aws, gitlab, python, redshift, snowflake, spark, sql, tableau.",airflow;aws;gitlab;python;redshift;snowflake;spark;sql;tableau,data_engineering,general_data_engineering,Middle Data Engineer,Data Engineer,Colombia,Full-time,False,lukebarousse/data_jobs,9
1374,Senior Data Engineer,DTE Energy,"Detroit, MI","Title short: Senior Data Engineer. Schedule: Full-time. Remote: False. Country: United States. Skills: java, power bi, python, sql, sql server.",java;power bi;python;sql;sql server,data_engineering,general_data_engineering,Senior Data Engineer,Senior Data Engineer,United States,Full-time,False,lukebarousse/data_jobs,5
1375,Data Engineer,Insight Global,Anywhere,"Title short: Data Engineer. Schedule: Contractor. Remote: True. Country: United States. Skills: aws, python.",aws;python,data_engineering,general_data_engineering,Data Engineer,Data Engineer,United States,Contractor,True,lukebarousse/data_jobs,2
1376,Data Engineer,TALENT Software Services,"San Francisco, CA","Title short: Data Engineer. Schedule: Contractor. Remote: False. Country: United States. Skills: airflow, python, r, scala, spark, sql, tableau.",airflow;python;r;scala;spark;sql;tableau,data_engineering,general_data_engineering,Data Engineer,Data Engineer,United States,Contractor,False,lukebarousse/data_jobs,7
1377,Data Engineer,Tesla,"Austin, TX","Title short: Data Engineer. Schedule: Full-time. Remote: False. Country: United States. Skills: airflow, jira, mysql, nosql, python, sql, sql server, tableau.",airflow;jira;mysql;nosql;python;sql;sql server;tableau,data_engineering,general_data_engineering,Data Engineer,Data Engineer,United States,Full-time,False,lukebarousse/data_jobs,8
1378,"Senior Data Engineer – Python, Java, C++, Scala, Hadoop, Spark, SQL",trg.recruitment,"London, UK","Title short: Senior Data Engineer. Schedule: Full-time. Remote: False. Country: United Kingdom. Skills: aws, azure, c++, gcp, go, java, python.",aws;azure;c++;gcp;go;java;python,data_engineering,general_data_engineering,"Senior Data Engineer – Python, Java, C++, Scala, Hadoop, Spark, SQL",Senior Data Engineer,United Kingdom,Full-time,False,lukebarousse/data_jobs,7
1379,Data Engineer,System One,"Kansas City, MO","Title short: Data Engineer. Schedule: Full-time. Remote: False. Country: Sudan. Skills: aws, docker, oracle, postgresql, python, snowflake, sql, tableau, terraform.",aws;docker;oracle;postgresql;python;snowflake;sql;tableau;terraform,data_engineering,general_data_engineering,Data Engineer,Data Engineer,Sudan,Full-time,False,lukebarousse/data_jobs,9
1380,Snaplogic Data Engineer,KTek Resourcing,"Durham, NC","Title short: Data Engineer. Schedule: Full-time. Remote: False. Country: United States. Skills: python, sql.",python;sql,data_engineering,general_data_engineering,Snaplogic Data Engineer,Data Engineer,United States,Full-time,False,lukebarousse/data_jobs,2
1381,Data Engineer,ENIN System Inc,"Houston, TX","Title short: Data Engineer. Schedule: Contractor. Remote: False. Country: United States. Skills: aws, github, python, redshift, sql.",aws;github;python;redshift;sql,data_engineering,general_data_engineering,Data Engineer,Data Engineer,United States,Contractor,False,lukebarousse/data_jobs,5
1382,"Data Engineer (With Postgres, Aws)",Intellyk Inc.,"Vancouver, BC, Canada","Title short: Data Engineer. Schedule: Contractor. Remote: False. Country: Canada. Skills: airflow, aurora, aws, git, github, jenkins, oracle, python, sql.",airflow;aurora;aws;git;github;jenkins;oracle;python;sql,data_engineering,general_data_engineering,"Data Engineer (With Postgres, Aws)",Data Engineer,Canada,Contractor,False,lukebarousse/data_jobs,9
1383,Data Engineer,Ledgent Technology,"New Ulm, MN","Title short: Data Engineer. Schedule: Full-time. Remote: False. Country: United States. Skills: power bi, python, sql.",power bi;python;sql,data_engineering,general_data_engineering,Data Engineer,Data Engineer,United States,Full-time,False,lukebarousse/data_jobs,3
1384,Senior Python Data Engineer,CARIAD,"Wolfsburg, Germany","Title short: Senior Data Engineer. Schedule: Full-time. Remote: False. Country: Germany. Skills: azure, spark, sql.",azure;spark;sql,data_engineering,general_data_engineering,Senior Python Data Engineer,Senior Data Engineer,Germany,Full-time,False,lukebarousse/data_jobs,3
1385,Data Engineer-Python,"Stamford Technology Solutions LLC, DBA Infinity","Reston, VA","Title short: Data Engineer. Schedule: Contractor. Remote: False. Country: United States. Skills: aws, dynamodb, redshift, sql.",aws;dynamodb;redshift;sql,data_engineering,general_data_engineering,Data Engineer-Python,Data Engineer,United States,Contractor,False,lukebarousse/data_jobs,4
1386,Cloud Data Engineer,Akkodis,Anywhere,"Title short: Data Engineer. Schedule: Contractor. Remote: True. Country: United States. Skills: aws, go, nosql, pyspark, python, redshift, shell, snowflake, spark, sql, unix.",aws;go;nosql;pyspark;python;redshift;shell;snowflake;spark;sql;unix,data_engineering,general_data_engineering,Cloud Data Engineer,Data Engineer,United States,Contractor,True,lukebarousse/data_jobs,11
1387,Data Engineer (Hybrid),T-Stone Technologies Inc,"Houston, TX","Title short: Data Engineer. Schedule: Full-time. Remote: False. Country: United States. Skills: elasticsearch, mongodb, python, sql, sql server.",elasticsearch;mongodb;python;sql;sql server,data_engineering,general_data_engineering,Data Engineer (Hybrid),Data Engineer,United States,Full-time,False,lukebarousse/data_jobs,5
1388,Azure Synapse Data Engineer(W2 Only),Volmatica Inc,"Dallas, TX","Title short: Data Engineer. Schedule: Contractor. Remote: False. Country: United States. Skills: azure, sql.",azure;sql,data_engineering,general_data_engineering,Azure Synapse Data Engineer(W2 Only),Data Engineer,United States,Contractor,False,lukebarousse/data_jobs,2
1389,Senior Data Engineer in SuperAI,Danske Bank,"Copenhagen, Denmark","Title short: Senior Data Engineer. Schedule: Full-time. Remote: False. Country: Denmark. Skills: c#, git, go, hadoop, python, spark, sql.",c#;git;go;hadoop;python;spark;sql,data_engineering,general_data_engineering,Senior Data Engineer in SuperAI,Senior Data Engineer,Denmark,Full-time,False,lukebarousse/data_jobs,7
1390,Data Engineer,Forum talents handicap,"Nantes, France","Title short: Data Engineer. Schedule: Full-time. Remote: False. Country: France. Skills: azure, databricks, hadoop, java, kafka, power bi, python, qlik, r, sap, sas, scala, spark.",azure;databricks;hadoop;java;kafka;power bi;python;qlik;r;sap;sas;scala;spark,data_engineering,general_data_engineering,Data Engineer,Data Engineer,France,Full-time,False,lukebarousse/data_jobs,13
1391,Remote Senior AWS Data Engineer (Terraform/Python/SQL) in Africa,k0deHut,Anywhere,"Title short: Senior Data Engineer. Schedule: Full-time. Remote: True. Country: Côte d'Ivoire. Skills: aws, bash, confluence, docker, dynamodb, jira, kafka, linux, oracle, powershell, python, spark, sql, terraform, unix.",aws;bash;confluence;docker;dynamodb;jira;kafka;linux;oracle;powershell;python;spark;sql;terraform;unix,data_engineering,general_data_engineering,Remote Senior AWS Data Engineer (Terraform/Python/SQL) in Africa,Senior Data Engineer,Côte d'Ivoire,Full-time,True,lukebarousse/data_jobs,15
1392,Cloud Data Engineer,Iwantic,"Valencia, Spain","Title short: Data Engineer. Schedule: Full-time. Remote: False. Country: Spain. Skills: ansible, aws, jenkins, kafka, linux, oracle, postgresql, redis, terraform.",ansible;aws;jenkins;kafka;linux;oracle;postgresql;redis;terraform,data_engineering,general_data_engineering,Cloud Data Engineer,Data Engineer,Spain,Full-time,False,lukebarousse/data_jobs,9
1393,Data Engineer (Third Party & Integration),KNOREX,Anywhere,"Title short: Data Engineer. Schedule: Full-time. Remote: True. Country: India. Skills: mongo, node.js, python.",mongo;node.js;python,data_engineering,general_data_engineering,Data Engineer (Third Party & Integration),Data Engineer,India,Full-time,True,lukebarousse/data_jobs,3
1394,"Future Opportunity- Azure Data Engineer, Manager",Avanade Inc,"Jersey, GA","Title short: Data Engineer. Schedule: Full-time. Remote: False. Country: United States. Skills: azure, databricks.",azure;databricks,data_engineering,general_data_engineering,"Future Opportunity- Azure Data Engineer, Manager",Data Engineer,United States,Full-time,False,lukebarousse/data_jobs,2
1395,Junior Data Engineer domain Data,Intesa San Paolo,"Milan, Metropolitan City of Milan, Italy","Title short: Data Engineer. Schedule: Full-time. Remote: False. Country: Italy. Skills: azure, bigquery, git, hadoop, ibm cloud, java, nosql, oracle, postgresql, pyspark, spark, sql.",azure;bigquery;git;hadoop;ibm cloud;java;nosql;oracle;postgresql;pyspark;spark;sql,data_engineering,general_data_engineering,Junior Data Engineer domain Data,Data Engineer,Italy,Full-time,False,lukebarousse/data_jobs,12
1396,Senior Data Engineer,Aatop personeelsintermediair,"Hilversum, Netherlands","Title short: Senior Data Engineer. Schedule: Full-time. Remote: False. Country: Netherlands. Skills: azure, laravel, php, power bi, python, sql, sql server.",azure;laravel;php;power bi;python;sql;sql server,data_engineering,general_data_engineering,Senior Data Engineer,Senior Data Engineer,Netherlands,Full-time,False,lukebarousse/data_jobs,7
1397,#610 - Azure Data Engineer,Venon Solutions,"Remote, OR","Title short: Data Engineer. Schedule: Full-time and Contractor. Remote: False. Country: United States. Skills: azure, databricks, sql.",azure;databricks;sql,data_engineering,general_data_engineering,#610 - Azure Data Engineer,Data Engineer,United States,Full-time and Contractor,False,lukebarousse/data_jobs,3
1398,Data Engineer - Software Development Industry - Hybrid/Remote ...,Talent Candey,"Cape Town, South Africa  (+1 other)","Title short: Data Engineer. Schedule: Full-time. Remote: False. Country: South Africa. Skills: aws, azure, databricks, hadoop, kafka, spark, sql, ssis.",aws;azure;databricks;hadoop;kafka;spark;sql;ssis,data_engineering,general_data_engineering,Data Engineer - Software Development Industry - Hybrid/Remote ...,Data Engineer,South Africa,Full-time,False,lukebarousse/data_jobs,8
1399,Senior Data Engineer,Milliman,"Florence, Metropolitan City of Florence, Italy","Title short: Senior Data Engineer. Schedule: Full-time. Remote: False. Country: Italy. Skills: azure, databricks, python, spark, sql.",azure;databricks;python;spark;sql,data_engineering,general_data_engineering,Senior Data Engineer,Senior Data Engineer,Italy,Full-time,False,lukebarousse/data_jobs,5
1400,Data Engineer,ELLIOTT MOSS CONSULTING PTE. LTD.,Singapore,"Title short: Data Engineer. Schedule: Full-time. Remote: False. Country: Singapore. Skills: java, postgresql, python, redshift, snowflake, sql, tableau.",java;postgresql;python;redshift;snowflake;sql;tableau,data_engineering,general_data_engineering,Data Engineer,Data Engineer,Singapore,Full-time,False,lukebarousse/data_jobs,7
1401,"Associate/Research Data Engineer, Office of Information Technology","University of Nevada, Reno","Reno, NV","Title short: Data Engineer. Schedule: Full-time. Remote: False. Country: United States. Skills: ansible, c, c++, docker, elasticsearch, git, go, mongodb, mysql, python.",ansible;c;c++;docker;elasticsearch;git;go;mongodb;mysql;python,data_engineering,general_data_engineering,"Associate/Research Data Engineer, Office of Information Technology",Data Engineer,United States,Full-time,False,lukebarousse/data_jobs,10
1402,Senior Data Engineer,Capital One,"Barnesville, MD","Title short: Senior Data Engineer. Schedule: Full-time. Remote: False. Country: Sudan. Skills: aws, azure, cassandra, hadoop, java, kafka, mongo, mysql, nosql, python, redshift, scala, shell, snowflake, spark, sql.",aws;azure;cassandra;hadoop;java;kafka;mongo;mysql;nosql;python;redshift;scala;shell;snowflake;spark;sql,data_engineering,general_data_engineering,Senior Data Engineer,Senior Data Engineer,Sudan,Full-time,False,lukebarousse/data_jobs,16
1403,Data Engineer III,Chewy,"Richardson, TX","Title short: Data Engineer. Schedule: Full-time. Remote: False. Country: United States. Skills: airflow, aws, azure, confluence, gcp, jira, kafka, python, redshift, snowflake, sql.",airflow;aws;azure;confluence;gcp;jira;kafka;python;redshift;snowflake;sql,data_engineering,general_data_engineering,Data Engineer III,Data Engineer,United States,Full-time,False,lukebarousse/data_jobs,11
1404,Data Engineer,Techvilla Solutions,Anywhere,"Title short: Data Engineer. Schedule: Full-time. Remote: True. Country: Sudan. Skills: azure, databricks, graphql, java, javascript, pyspark, python, react, scala, spark, sql.",azure;databricks;graphql;java;javascript;pyspark;python;react;scala;spark;sql,data_engineering,general_data_engineering,Data Engineer,Data Engineer,Sudan,Full-time,True,lukebarousse/data_jobs,11
1405,R&D PMO Manager & Data Engineer | KUKA AG,KUKA,"Budapest, Hungary","Title short: Data Engineer. Schedule: Full-time. Remote: False. Country: Hungary. Skills: sharepoint, sql.",sharepoint;sql,data_engineering,general_data_engineering,R&D PMO Manager & Data Engineer | KUKA AG,Data Engineer,Hungary,Full-time,False,lukebarousse/data_jobs,2
1406,Data Engineer,RMV Workforce Corp,"Faridabad, Haryana, India","Title short: Data Engineer. Schedule: Full-time. Remote: False. Country: India. Skills: aws, azure, bash, gcp, kubernetes, linux, matlab, pyspark, python, r, scala, spark, sql, sql server, windows.",aws;azure;bash;gcp;kubernetes;linux;matlab;pyspark;python;r;scala;spark;sql;sql server;windows,data_engineering,general_data_engineering,Data Engineer,Data Engineer,India,Full-time,False,lukebarousse/data_jobs,15
1407,Data Engineer,Aviasales.ru,"Moscow, Russia","Title short: Data Engineer. Schedule: Full-time. Remote: False. Country: Russia. Skills: aws, go, hadoop, jenkins, jira, kafka, kubernetes, postgresql, python, react, scala, slack, sql, typescript.",aws;go;hadoop;jenkins;jira;kafka;kubernetes;postgresql;python;react;scala;slack;sql;typescript,data_engineering,general_data_engineering,Data Engineer,Data Engineer,Russia,Full-time,False,lukebarousse/data_jobs,14
1408,Data Engineer,BJSS,"Bristol, UK","Title short: Data Engineer. Schedule: Full-time. Remote: False. Country: United Kingdom. Skills: aws, azure, bigquery, databricks, gcp, kafka, python, redshift.",aws;azure;bigquery;databricks;gcp;kafka;python;redshift,data_engineering,general_data_engineering,Data Engineer,Data Engineer,United Kingdom,Full-time,False,lukebarousse/data_jobs,8
1409,Data Engineer,Meta Inc,"Santa Fe, NM","Title short: Data Engineer. Schedule: Full-time. Remote: False. Country: Sudan. Skills: airflow, aws, azure, bigquery, python, redshift, spark, sql.",airflow;aws;azure;bigquery;python;redshift;spark;sql,data_engineering,general_data_engineering,Data Engineer,Data Engineer,Sudan,Full-time,False,lukebarousse/data_jobs,8
1410,Data Engineer/Analyst,Guidehouse,"Madison, AL","Title short: Data Engineer. Schedule: Full-time. Remote: False. Country: United States. Skills: aws, azure, javascript, outlook, power bi, pyspark, python, qlik, r, sql, tableau, typescript.",aws;azure;javascript;outlook;power bi;pyspark;python;qlik;r;sql;tableau;typescript,data_engineering,general_data_engineering,Data Engineer/Analyst,Data Engineer,United States,Full-time,False,lukebarousse/data_jobs,12
1411,Senior Data Engineer,Haleon,"Poznań, Poland","Title short: Senior Data Engineer. Schedule: Full-time. Remote: False. Country: Poland. Skills: azure, confluence, databricks, gcp, go, jira, power bi, python, sql.",azure;confluence;databricks;gcp;go;jira;power bi;python;sql,data_engineering,general_data_engineering,Senior Data Engineer,Senior Data Engineer,Poland,Full-time,False,lukebarousse/data_jobs,9
1412,Data Engineer,AvalonBay Communities,"Arlington, VA","Title short: Data Engineer. Schedule: Full-time. Remote: False. Country: United States. Skills: aws, power bi, python, snowflake, sql.",aws;power bi;python;snowflake;sql,data_engineering,general_data_engineering,Data Engineer,Data Engineer,United States,Full-time,False,lukebarousse/data_jobs,5
1413,Azure Data engineer_ 5 to 10years,Scaleorange Technologies Pvt Ltd,"Bengaluru, Karnataka, India","Title short: Data Engineer. Schedule: Contractor. Remote: False. Country: India. Skills: azure, databricks, pyspark, python, sql.",azure;databricks;pyspark;python;sql,data_engineering,general_data_engineering,Azure Data engineer_ 5 to 10years,Data Engineer,India,Contractor,False,lukebarousse/data_jobs,5
1414,Data Engineer,Paradigm,"Brussels, Belgium","Title short: Data Engineer. Schedule: Full-time. Remote: False. Country: Belgium. Skills: azure, databricks, kafka, oracle, python, r, sap, snowflake, sql.",azure;databricks;kafka;oracle;python;r;sap;snowflake;sql,data_engineering,general_data_engineering,Data Engineer,Data Engineer,Belgium,Full-time,False,lukebarousse/data_jobs,9
1415,Data Engineer / Data Visualization Engineer,Reale Mutua Assicurazioni,"Turin, Metropolitan City of Turin, Italy","Title short: Data Engineer. Schedule: Full-time. Remote: False. Country: Italy. Skills: cognos, oracle, python, qlik, r, sap, sql, sql server, tableau.",cognos;oracle;python;qlik;r;sap;sql;sql server;tableau,data_engineering,general_data_engineering,Data Engineer / Data Visualization Engineer,Data Engineer,Italy,Full-time,False,lukebarousse/data_jobs,9
1416,Data Engineer,Aon,Anywhere,"Title short: Data Engineer. Schedule: Full-time. Remote: True. Country: Poland. Skills: airflow, aws, databricks, pyspark, python, scala, sql, ssis.",airflow;aws;databricks;pyspark;python;scala;sql;ssis,data_engineering,general_data_engineering,Data Engineer,Data Engineer,Poland,Full-time,True,lukebarousse/data_jobs,8
1417,Data Engineer,Motion Recruitment,Anywhere,"Title short: Data Engineer. Schedule: Full-time. Remote: True. Country: United States. Skills: python, pytorch, tensorflow.",python;pytorch;tensorflow,data_engineering,general_data_engineering,Data Engineer,Data Engineer,United States,Full-time,True,lukebarousse/data_jobs,3
1418,IT Data Engineer,AF Group,"Lansing, MI","Title short: Data Engineer. Schedule: Full-time. Remote: False. Country: United States. Skills: aws, azure, snowflake, sql, sql server, ssis, t-sql.",aws;azure;snowflake;sql;sql server;ssis;t-sql,data_engineering,general_data_engineering,IT Data Engineer,Data Engineer,United States,Full-time,False,lukebarousse/data_jobs,7
1419,Ingénieur-Ingénieure Cloud Data Engineer,EDF,"Nanterre, France","Title short: Data Engineer. Schedule: Full-time. Remote: False. Country: France. Skills: aws, gcp, gitlab, jenkins, kubernetes, nosql.",aws;gcp;gitlab;jenkins;kubernetes;nosql,data_engineering,general_data_engineering,Ingénieur-Ingénieure Cloud Data Engineer,Data Engineer,France,Full-time,False,lukebarousse/data_jobs,6
1420,Data Engineer Big Data Solutions SiC (w/m/div.),Bosch Gruppe,"Reutlingen, Germany","Title short: Data Engineer. Schedule: Full-time and Part-time. Remote: False. Country: Germany. Skills: hadoop, python.",hadoop;python,data_engineering,general_data_engineering,Data Engineer Big Data Solutions SiC (w/m/div.),Data Engineer,Germany,Full-time and Part-time,False,lukebarousse/data_jobs,2
1421,"Data Engineer – STR – London, UK",Mediabistro,"London, UK","Title short: Data Engineer. Schedule: Full-time. Remote: False. Country: United Kingdom. Skills: alteryx, aws, azure, bigquery, power bi, python, redshift, sap, snowflake, sql, ssis, ssrs, tableau.",alteryx;aws;azure;bigquery;power bi;python;redshift;sap;snowflake;sql;ssis;ssrs;tableau,data_engineering,general_data_engineering,"Data Engineer – STR – London, UK",Data Engineer,United Kingdom,Full-time,False,lukebarousse/data_jobs,13
1422,Data Engineer,Kforce Inc,"Allentown, PA","Title short: Data Engineer. Schedule: Contractor. Remote: False. Country: Sudan. Skills: aws, nosql, pyspark, python, qlik, redshift, sql, terraform.",aws;nosql;pyspark;python;qlik;redshift;sql;terraform,data_engineering,general_data_engineering,Data Engineer,Data Engineer,Sudan,Contractor,False,lukebarousse/data_jobs,8
1423,Data Engineer,Planet Technology,"Seattle, WA","Title short: Data Engineer. Schedule: Full-time. Remote: False. Country: United States. Skills: aws, python, sql.",aws;python;sql,data_engineering,general_data_engineering,Data Engineer,Data Engineer,United States,Full-time,False,lukebarousse/data_jobs,3
1424,Databricks Data Engineer / Architect,Axiom Global Technologies,"Houston, TX","Title short: Data Engineer. Schedule: Full-time. Remote: False. Country: United States. Skills: azure, databricks, git, numpy, pandas, pyspark, python, spark, sql, terraform, unity.",azure;databricks;git;numpy;pandas;pyspark;python;spark;sql;terraform;unity,data_engineering,general_data_engineering,Databricks Data Engineer / Architect,Data Engineer,United States,Full-time,False,lukebarousse/data_jobs,11
1425,Data Engineer,FullStack Labs,"Manizales, Caldas, Colombia","Title short: Data Engineer. Schedule: Full-time. Remote: False. Country: Colombia. Skills: python, sql, tableau.",python;sql;tableau,data_engineering,general_data_engineering,Data Engineer,Data Engineer,Colombia,Full-time,False,lukebarousse/data_jobs,3
1426,Mid-Senior Data Engineer,IESF Group,Czechia,"Title short: Data Engineer. Schedule: Full-time. Remote: False. Country: Czechia. Skills: aws, azure, dynamodb, python.",aws;azure;dynamodb;python,data_engineering,general_data_engineering,Mid-Senior Data Engineer,Data Engineer,Czechia,Full-time,False,lukebarousse/data_jobs,4
1427,"Principal, Data Engineer",Fidelity Investments,"Westlake, TX","Title short: Data Engineer. Schedule: Full-time. Remote: False. Country: United States. Skills: cassandra, go, hadoop, java, mongodb, nosql, oracle, python, redshift, scala, snowflake, tableau.",cassandra;go;hadoop;java;mongodb;nosql;oracle;python;redshift;scala;snowflake;tableau,data_engineering,general_data_engineering,"Principal, Data Engineer",Data Engineer,United States,Full-time,False,lukebarousse/data_jobs,12
1428,Data Engineer,Planet Technology,"Chicago, IL","Title short: Data Engineer. Schedule: Full-time. Remote: False. Country: United States. Skills: azure, c#, databricks, python, spark, sql.",azure;c#;databricks;python;spark;sql,data_engineering,general_data_engineering,Data Engineer,Data Engineer,United States,Full-time,False,lukebarousse/data_jobs,6
1429,Mid Data Engineer (GCP) (6533 USD/Mes),Listopro,Anywhere,"Title short: Data Engineer. Schedule: Full-time. Remote: True. Country: Peru. Skills: looker, postgresql, python, sql.",looker;postgresql;python;sql,data_engineering,general_data_engineering,Mid Data Engineer (GCP) (6533 USD/Mes),Data Engineer,Peru,Full-time,True,lukebarousse/data_jobs,4
1430,Intermediate Data Engineer,Arcs,South Africa,"Title short: Data Engineer. Schedule: Full-time. Remote: False. Country: South Africa. Skills: git, gitlab, python, sql, terraform.",git;gitlab;python;sql;terraform,data_engineering,general_data_engineering,Intermediate Data Engineer,Data Engineer,South Africa,Full-time,False,lukebarousse/data_jobs,5
1431,Data Engineer,SINO GROUP,Hong Kong,"Title short: Data Engineer. Schedule: Full-time. Remote: False. Country: Hong Kong. Skills: aws, azure, databricks, mysql, power bi, python, sap, shell, sql, sql server.",aws;azure;databricks;mysql;power bi;python;sap;shell;sql;sql server,data_engineering,general_data_engineering,Data Engineer,Data Engineer,Hong Kong,Full-time,False,lukebarousse/data_jobs,10
1432,Data engineer в продукт МТС Маркетолог (Big Data),"«МТС», IT","Moscow, Russia","Title short: Data Engineer. Schedule: Full-time. Remote: False. Country: Russia. Skills: kafka, python, spark, sql.",kafka;python;spark;sql,data_engineering,general_data_engineering,Data engineer в продукт МТС Маркетолог (Big Data),Data Engineer,Russia,Full-time,False,lukebarousse/data_jobs,4
1433,ERP Data Engineer,Venteon,"Lansing, MI","Title short: Data Engineer. Schedule: Full-time. Remote: False. Country: Sudan. Skills: sap, sql.",sap;sql,data_engineering,general_data_engineering,ERP Data Engineer,Data Engineer,Sudan,Full-time,False,lukebarousse/data_jobs,2
1434,Data Engineer - Cassandra,Codvo.ai,Anywhere,"Title short: Data Engineer. Schedule: Full-time. Remote: True. Country: India. Skills: airflow, aws, c++, cassandra, go, hadoop, java, jenkins, jira, kafka, nosql, python, redshift, scala, spark, sql.",airflow;aws;c++;cassandra;go;hadoop;java;jenkins;jira;kafka;nosql;python;redshift;scala;spark;sql,data_engineering,general_data_engineering,Data Engineer - Cassandra,Data Engineer,India,Full-time,True,lukebarousse/data_jobs,16
1435,"Staff Data Engineer, Real Time Analytics and Event Streaming",LTK (formerly rewardStyle & LIKEtoKNOW.it),"New York, NY","Title short: Data Engineer. Schedule: Full-time. Remote: False. Country: United States. Skills: aws, golang, kafka, python, r, redshift, scala, spark, sql.",aws;golang;kafka;python;r;redshift;scala;spark;sql,data_engineering,general_data_engineering,"Staff Data Engineer, Real Time Analytics and Event Streaming",Data Engineer,United States,Full-time,False,lukebarousse/data_jobs,9
1436,Data Engineer,Engtal,"Portland, OR","Title short: Data Engineer. Schedule: Full-time. Remote: False. Country: Sudan. Skills: aws, sql.",aws;sql,data_engineering,general_data_engineering,Data Engineer,Data Engineer,Sudan,Full-time,False,lukebarousse/data_jobs,2
1437,Senior Data Engineer,Cavendish Professionals,"Prague, Czechia","Title short: Senior Data Engineer. Schedule: Contractor. Remote: False. Country: Czechia. Skills: azure, bigquery, databricks, go, sql, terraform.",azure;bigquery;databricks;go;sql;terraform,data_engineering,general_data_engineering,Senior Data Engineer,Senior Data Engineer,Czechia,Contractor,False,lukebarousse/data_jobs,6
1438,Data Engineer IV,Navy Federal Credit Union,"Pensacola, FL","Title short: Data Engineer. Schedule: Full-time. Remote: False. Country: United States. Skills: azure, databricks, nosql, python, sql, word.",azure;databricks;nosql;python;sql;word,data_engineering,general_data_engineering,Data Engineer IV,Data Engineer,United States,Full-time,False,lukebarousse/data_jobs,6
1439,Data Engineer 80%-100% in Mendrisio / Schlieren / St. Gallen,MF Group AG,"St Gallen, Switzerland","Title short: Data Engineer. Schedule: Full-time. Remote: False. Country: Switzerland. Skills: azure, bigquery, databricks, hadoop, kafka, linux, python, shell, spark, sql.",azure;bigquery;databricks;hadoop;kafka;linux;python;shell;spark;sql,data_engineering,general_data_engineering,Data Engineer 80%-100% in Mendrisio / Schlieren / St. Gallen,Data Engineer,Switzerland,Full-time,False,lukebarousse/data_jobs,10
1440,Traveling Data Engineer,NielsenIQ,"Nashville, TN","Title short: Data Engineer. Schedule: Full-time. Remote: False. Country: United States. Skills: aws, snowflake.",aws;snowflake,data_engineering,general_data_engineering,Traveling Data Engineer,Data Engineer,United States,Full-time,False,lukebarousse/data_jobs,2
1441,Cloud Data Engineer,OneMagnify,Michigan,"Title short: Data Engineer. Schedule: Full-time. Remote: False. Country: United States. Skills: aws, azure, flow, gcp, github, hadoop, kafka, python, scala, spark, sql, terraform.",aws;azure;flow;gcp;github;hadoop;kafka;python;scala;spark;sql;terraform,data_engineering,general_data_engineering,Cloud Data Engineer,Data Engineer,United States,Full-time,False,lukebarousse/data_jobs,12
1442,Data Engineer,"Susquehanna International Group, LLP (SIG)",,"Title short: Data Engineer. Schedule: Full-time. Remote: False. Country: United States. Skills: hadoop, linux, mariadb, mysql, oracle, python, shell, spark, unix.",hadoop;linux;mariadb;mysql;oracle;python;shell;spark;unix,data_engineering,general_data_engineering,Data Engineer,Data Engineer,United States,Full-time,False,lukebarousse/data_jobs,9
1443,Tech Lead Cloud & Big Data Engineer - H/F,Talan,"Paris, France","Title short: Cloud Engineer. Schedule: Full-time. Remote: False. Country: France. Skills: aws, azure, c#, cassandra, gcp, gitlab, java, jenkins, kafka, mysql, nosql, postgresql, python, scala, spark, sql.",aws;azure;c#;cassandra;gcp;gitlab;java;jenkins;kafka;mysql;nosql;postgresql;python;scala;spark;sql,data_engineering,general_data_engineering,Tech Lead Cloud & Big Data Engineer - H/F,Cloud Engineer,France,Full-time,False,lukebarousse/data_jobs,16
1444,Data Engineer ETL lnformatica API SQL Engineer (DIRECT HIRE),Robert Half,Anywhere,"Title short: Data Engineer. Schedule: Full-time. Remote: True. Country: United States. Skills: aws, azure, java, python, snowflake, sql.",aws;azure;java;python;snowflake;sql,data_engineering,general_data_engineering,Data Engineer ETL lnformatica API SQL Engineer (DIRECT HIRE),Data Engineer,United States,Full-time,True,lukebarousse/data_jobs,6
1445,Senior Python Data Engineer,Crackajack Solutions,"Wilmington, DE","Title short: Senior Data Engineer. Schedule: Full-time. Remote: False. Country: Sudan. Skills: aws, databricks, hadoop, java, pyspark, python, redshift, spark, sql.",aws;databricks;hadoop;java;pyspark;python;redshift;spark;sql,data_engineering,general_data_engineering,Senior Python Data Engineer,Senior Data Engineer,Sudan,Full-time,False,lukebarousse/data_jobs,9
1446,"Manager, Data Engineering",Balsam Brands,"Redwood City, CA","Title short: Data Engineer. Schedule: Full-time. Remote: False. Country: United States. Skills: aws, azure.",aws;azure,data_engineering,general_data_engineering,"Manager, Data Engineering",Data Engineer,United States,Full-time,False,lukebarousse/data_jobs,2
1447,"Manager, Data Engineering",HaiLa,"Vancouver, BC, Canada","Title short: Data Engineer. Schedule: Full-time. Remote: False. Country: Canada. Skills: flow, oracle, snowflake, sql.",flow;oracle;snowflake;sql,data_engineering,general_data_engineering,"Manager, Data Engineering",Data Engineer,Canada,Full-time,False,lukebarousse/data_jobs,4
1448,Data Engineer,"VMC Soft Technologies, Inc","Salt Lake City, UT","Title short: Data Engineer. Schedule: Contractor. Remote: False. Country: United States. Skills: alteryx, aws, cognos, oracle, power bi, python, qlik, r, snowflake, sql, tableau.",alteryx;aws;cognos;oracle;power bi;python;qlik;r;snowflake;sql;tableau,data_engineering,general_data_engineering,Data Engineer,Data Engineer,United States,Contractor,False,lukebarousse/data_jobs,11
1449,Cloud Data Engineer,Fifty-Five,"New York, NY","Title short: Data Engineer. Schedule: Full-time. Remote: False. Country: United States. Skills: aws, azure, docker, gcp, jupyter, python, snowflake, sql.",aws;azure;docker;gcp;jupyter;python;snowflake;sql,data_engineering,general_data_engineering,Cloud Data Engineer,Data Engineer,United States,Full-time,False,lukebarousse/data_jobs,8
1450,Senior Data Engineer,Careerfit,"Bengaluru, Karnataka, India","Title short: Senior Data Engineer. Schedule: Full-time. Remote: False. Country: India. Skills: aws, azure, gcp, linux.",aws;azure;gcp;linux,data_engineering,general_data_engineering,Senior Data Engineer,Senior Data Engineer,India,Full-time,False,lukebarousse/data_jobs,4
1451,Data Engineer- Kaspr,Kaspr,"Paris, France","Title short: Data Engineer. Schedule: Full-time. Remote: False. Country: France. Skills: git, nosql.",git;nosql,data_engineering,general_data_engineering,Data Engineer- Kaspr,Data Engineer,France,Full-time,False,lukebarousse/data_jobs,2
1452,Data Engineer,Tata Consultancy Services,Anywhere,"Title short: Data Engineer. Schedule: Full-time and Part-time. Remote: True. Country: India. Skills: linux, python, sql.",linux;python;sql,data_engineering,general_data_engineering,Data Engineer,Data Engineer,India,Full-time and Part-time,True,lukebarousse/data_jobs,3
1453,Data Engineer- Canadian Tire Corporation,Canadian Tire Corporation,"Toronto, ON, Canada","Title short: Data Engineer. Schedule: Full-time. Remote: False. Country: Canada. Skills: flow, hadoop, jenkins, kafka, nosql, oracle, pyspark, snowflake, sql.",flow;hadoop;jenkins;kafka;nosql;oracle;pyspark;snowflake;sql,data_engineering,general_data_engineering,Data Engineer- Canadian Tire Corporation,Data Engineer,Canada,Full-time,False,lukebarousse/data_jobs,9
1454,Senior Data Engineer - ETL/SSIS/Snowflake,Spartan Technologies,"Atlanta, GA","Title short: Senior Data Engineer. Schedule: Contractor. Remote: False. Country: United States. Skills: azure, snowflake, sql, sql server, ssis.",azure;snowflake;sql;sql server;ssis,data_engineering,general_data_engineering,Senior Data Engineer - ETL/SSIS/Snowflake,Senior Data Engineer,United States,Contractor,False,lukebarousse/data_jobs,5
1455,Big Data Engineer,Avi Software,Anywhere,"Title short: Data Engineer. Schedule: Full-time. Remote: True. Country: India. Skills: airflow, aws, azure, databricks, gcp, git, hadoop, jenkins, jira, nosql, pyspark, python, redshift, shell, spark, sql.",airflow;aws;azure;databricks;gcp;git;hadoop;jenkins;jira;nosql;pyspark;python;redshift;shell;spark;sql,data_engineering,general_data_engineering,Big Data Engineer,Data Engineer,India,Full-time,True,lukebarousse/data_jobs,16
1456,Senior Data Engineer,Manchester Digital,"Manchester, UK","Title short: Senior Data Engineer. Schedule: Full-time. Remote: False. Country: United Kingdom. Skills: aws, java, linux, nosql, spring.",aws;java;linux;nosql;spring,data_engineering,general_data_engineering,Senior Data Engineer,Senior Data Engineer,United Kingdom,Full-time,False,lukebarousse/data_jobs,5
1457,Data Engineer – Innovation Program,Bosch Car Multimedia Portugal,"Braga, Portugal","Title short: Data Engineer. Schedule: Full-time. Remote: False. Country: Portugal. Skills: power bi, spark, tableau.",power bi;spark;tableau,data_engineering,general_data_engineering,Data Engineer – Innovation Program,Data Engineer,Portugal,Full-time,False,lukebarousse/data_jobs,3
1458,"Data Engineer, Digital Transformation (64216BR)",Harvard Business School,"Boston, MA","Title short: Data Engineer. Schedule: Full-time. Remote: False. Country: United States. Skills: aws, azure, bash, cassandra, gcp, gdpr, hadoop, java, kafka, mongodb, python, redis, scala, spark, sql, unify, zoom.",aws;azure;bash;cassandra;gcp;gdpr;hadoop;java;kafka;mongodb;python;redis;scala;spark;sql;unify;zoom,data_engineering,general_data_engineering,"Data Engineer, Digital Transformation (64216BR)",Data Engineer,United States,Full-time,False,lukebarousse/data_jobs,17
1459,Senior Data Engineer - Houston (in-office 2-3 days per week),Publicis Groupe,"Houston, TX","Title short: Senior Data Engineer. Schedule: Full-time. Remote: False. Country: United States. Skills: aws, azure, dynamodb, java, javascript, mysql, nosql, oracle, pyspark, python, redshift, scala, spark, sql, sql server, terraform.",aws;azure;dynamodb;java;javascript;mysql;nosql;oracle;pyspark;python;redshift;scala;spark;sql;sql server;terraform,data_engineering,general_data_engineering,Senior Data Engineer - Houston (in-office 2-3 days per week),Senior Data Engineer,United States,Full-time,False,lukebarousse/data_jobs,16
1460,Technical Data Engineer Confirmed H/F,Apgar Consulting,"Neuilly-sur-Seine, France","Title short: Data Engineer. Schedule: Full-time. Remote: False. Country: France. Skills: jenkins, oracle, sql, sql server.",jenkins;oracle;sql;sql server,data_engineering,general_data_engineering,Technical Data Engineer Confirmed H/F,Data Engineer,France,Full-time,False,lukebarousse/data_jobs,4
1461,Data Engineer,Nigel Frank International,"Reading, UK","Title short: Data Engineer. Schedule: Full-time. Remote: False. Country: United Kingdom. Skills: azure, power bi, python, sql, sql server.",azure;power bi;python;sql;sql server,data_engineering,general_data_engineering,Data Engineer,Data Engineer,United Kingdom,Full-time,False,lukebarousse/data_jobs,5
1462,GCP Data Engineer-W2 Candidates only,Aorton Inc,Anywhere,"Title short: Data Engineer. Schedule: Contractor. Remote: True. Country: United States. Skills: bigquery, gcp, go, java, kafka, looker, python, scala.",bigquery;gcp;go;java;kafka;looker;python;scala,data_engineering,general_data_engineering,GCP Data Engineer-W2 Candidates only,Data Engineer,United States,Contractor,True,lukebarousse/data_jobs,8
1463,Data Engineer,DFLabs,"Noida, Uttar Pradesh, India","Title short: Data Engineer. Schedule: Full-time. Remote: False. Country: India. Skills: airflow, aws, python, redshift, snowflake, sql, tableau.",airflow;aws;python;redshift;snowflake;sql;tableau,data_engineering,general_data_engineering,Data Engineer,Data Engineer,India,Full-time,False,lukebarousse/data_jobs,7
1464,Data Engineer,cultivate,Malaysia,"Title short: Data Engineer. Schedule: Full-time. Remote: False. Country: Malaysia. Skills: aws, azure, gcp, hadoop, python, spark.",aws;azure;gcp;hadoop;python;spark,data_engineering,general_data_engineering,Data Engineer,Data Engineer,Malaysia,Full-time,False,lukebarousse/data_jobs,6
1465,Senior Data Engineer I,GoodRx,"San Francisco, CA","Title short: Data Engineer. Schedule: Full-time. Remote: False. Country: Sudan. Skills: airflow, aws, docker, excel, github, jira, kafka, kubernetes, pyspark, redshift, spark, sql, terraform.",airflow;aws;docker;excel;github;jira;kafka;kubernetes;pyspark;redshift;spark;sql;terraform,data_engineering,general_data_engineering,Senior Data Engineer I,Data Engineer,Sudan,Full-time,False,lukebarousse/data_jobs,13
1466,Principal Data Engineer,Reperio Human Capital,United States,"Title short: Data Engineer. Schedule: Contractor. Remote: False. Country: United States. Skills: airflow, aws, azure, gcp, hadoop, java, python, scala, spark.",airflow;aws;azure;gcp;hadoop;java;python;scala;spark,data_engineering,general_data_engineering,Principal Data Engineer,Data Engineer,United States,Contractor,False,lukebarousse/data_jobs,9
1467,Data Engineer,Harry International Private Limited,"Ahmedabad, Gujarat, India","Title short: Data Engineer. Schedule: Full-time. Remote: False. Country: India. Skills: golang, java, python, scala, snowflake, spark, sql.",golang;java;python;scala;snowflake;spark;sql,data_engineering,general_data_engineering,Data Engineer,Data Engineer,India,Full-time,False,lukebarousse/data_jobs,7
1468,Senior Data Engineer / SW Engineer with Python,Source Technology,"Hilversum, Netherlands","Title short: Senior Data Engineer. Schedule: nan. Remote: False. Country: Netherlands. Skills: aws, python.",aws;python,data_engineering,general_data_engineering,Senior Data Engineer / SW Engineer with Python,Senior Data Engineer,Netherlands,,False,lukebarousse/data_jobs,2
1469,Data Engineer,Reinsight,"Stockholm, Sweden","Title short: Data Engineer. Schedule: Full-time. Remote: False. Country: Sweden. Skills: azure, python, scala, sql.",azure;python;scala;sql,data_engineering,general_data_engineering,Data Engineer,Data Engineer,Sweden,Full-time,False,lukebarousse/data_jobs,4
1470,Senior Data Engineer | Series D Video Analytics Start-Up (200-250 TC),Coda Search│Staffing,"Culver City, CA","Title short: Senior Data Engineer. Schedule: Full-time. Remote: False. Country: United States. Skills: aws, pandas, python, redshift, scala, spark, sql.",aws;pandas;python;redshift;scala;spark;sql,data_engineering,general_data_engineering,Senior Data Engineer | Series D Video Analytics Start-Up (200-250 TC),Senior Data Engineer,United States,Full-time,False,lukebarousse/data_jobs,7
1471,Data Engineer,Kaufland e-commerce,"Düsseldorf, Germany","Title short: Data Engineer. Schedule: Full-time. Remote: False. Country: Germany. Skills: ansible, kafka, kubernetes, python, terraform.",ansible;kafka;kubernetes;python;terraform,data_engineering,general_data_engineering,Data Engineer,Data Engineer,Germany,Full-time,False,lukebarousse/data_jobs,5
1472,Data Engineer III,Chewy,"Boston, MA","Title short: Data Engineer. Schedule: Full-time. Remote: False. Country: United States. Skills: airflow, ansible, aws, docker, git, hadoop, kafka, kubernetes, no-sql, python, spark, terraform.",airflow;ansible;aws;docker;git;hadoop;kafka;kubernetes;no-sql;python;spark;terraform,data_engineering,general_data_engineering,Data Engineer III,Data Engineer,United States,Full-time,False,lukebarousse/data_jobs,12
1473,Data Engineer,PBT Group,"Cape Town, South Africa","Title short: Data Engineer. Schedule: Full-time. Remote: False. Country: South Africa. Skills: azure, sql, ssis.",azure;sql;ssis,data_engineering,general_data_engineering,Data Engineer,Data Engineer,South Africa,Full-time,False,lukebarousse/data_jobs,3
1474,"Data Engineer (SQL, Spark, Python)",Motion Recruitment,"Los Angeles, CA","Title short: Data Engineer. Schedule: Full-time. Remote: False. Country: United States. Skills: aws, python, spark, sql.",aws;python;spark;sql,data_engineering,general_data_engineering,"Data Engineer (SQL, Spark, Python)",Data Engineer,United States,Full-time,False,lukebarousse/data_jobs,4
1475,Stage Data Engineer start-up à impact,Pyxo,"Lyon, France","Title short: Data Engineer. Schedule: Internship. Remote: False. Country: France. Skills: github, redshift, slack, sql.",github;redshift;slack;sql,data_engineering,general_data_engineering,Stage Data Engineer start-up à impact,Data Engineer,France,Internship,False,lukebarousse/data_jobs,4
1476,Data Engineer,Aspen Insurance Group,"Rocky Hill, CT","Title short: Data Engineer. Schedule: Full-time. Remote: False. Country: United States. Skills: azure, python, sql, ssis, ssrs.",azure;python;sql;ssis;ssrs,data_engineering,general_data_engineering,Data Engineer,Data Engineer,United States,Full-time,False,lukebarousse/data_jobs,5
1477,Lead Data Engineer,BMO,"Toronto, ON, Canada","Title short: Data Engineer. Schedule: Full-time. Remote: False. Country: Canada. Skills: aws, flow, perl, python, r, sas, spark, spss, sql.",aws;flow;perl;python;r;sas;spark;spss;sql,data_engineering,general_data_engineering,Lead Data Engineer,Data Engineer,Canada,Full-time,False,lukebarousse/data_jobs,9
1478,Senior Data Engineer,seQura,Anywhere,"Title short: Senior Data Engineer. Schedule: Full-time. Remote: True. Country: Spain. Skills: airflow, aws, azure, gcp, gdpr, kafka, python, spark, sql, terraform.",airflow;aws;azure;gcp;gdpr;kafka;python;spark;sql;terraform,data_engineering,general_data_engineering,Senior Data Engineer,Senior Data Engineer,Spain,Full-time,True,lukebarousse/data_jobs,10
1479,Data Engineer,Lever,"Manchester, NH","Title short: Data Engineer. Schedule: Full-time. Remote: False. Country: United States. Skills: aws, python, redshift, slack, snowflake.",aws;python;redshift;slack;snowflake,data_engineering,general_data_engineering,Data Engineer,Data Engineer,United States,Full-time,False,lukebarousse/data_jobs,5
1480,Lead Data Engineer,Zimetrics Technologies,"Pune, Maharashtra, India","Title short: Data Engineer. Schedule: Full-time. Remote: False. Country: India. Skills: aws, bash, perl, python, sql.",aws;bash;perl;python;sql,data_engineering,general_data_engineering,Lead Data Engineer,Data Engineer,India,Full-time,False,lukebarousse/data_jobs,5
1481,Big Data Engineer-Sunrise FL or New York NY-Onsite,HUMAC INC.,"Sunrise, FL","Title short: Data Engineer. Schedule: Contractor. Remote: False. Country: United States. Skills: airflow, bigquery, couchbase, docker, git, hadoop, kubernetes, mongodb, nosql, pyspark, python, scala, shell, spark, unix.",airflow;bigquery;couchbase;docker;git;hadoop;kubernetes;mongodb;nosql;pyspark;python;scala;shell;spark;unix,data_engineering,general_data_engineering,Big Data Engineer-Sunrise FL or New York NY-Onsite,Data Engineer,United States,Contractor,False,lukebarousse/data_jobs,15
1482,Data Engineer- Kaspr,Cognism,"Tunis, Tunisia","Title short: Data Engineer. Schedule: Full-time. Remote: False. Country: Tunisia. Skills: git, nosql.",git;nosql,data_engineering,general_data_engineering,Data Engineer- Kaspr,Data Engineer,Tunisia,Full-time,False,lukebarousse/data_jobs,2
1483,Data Analytics Engineer,Bayer Inc.,"St. Louis, MO","Title short: Data Engineer. Schedule: Full-time. Remote: False. Country: Sudan. Skills: aws, elasticsearch, github, java, jenkins, kafka, nosql, python, scala, splunk, sql.",aws;elasticsearch;github;java;jenkins;kafka;nosql;python;scala;splunk;sql,data_engineering,analytics_engineering,Data Analytics Engineer,Data Engineer,Sudan,Full-time,False,lukebarousse/data_jobs,11
1484,"Engineer IV, Principal Data Engineer, Energy Applications",GAF Energy,"San Rafael, CA","Title short: Data Engineer. Schedule: Full-time. Remote: False. Country: United States. Skills: bigquery, graphql, spark, tableau.",bigquery;graphql;spark;tableau,data_engineering,general_data_engineering,"Engineer IV, Principal Data Engineer, Energy Applications",Data Engineer,United States,Full-time,False,lukebarousse/data_jobs,4
1485,Data Engineer,Enact Mortgage Insurance,"Raleigh, NC","Title short: Data Engineer. Schedule: Full-time. Remote: False. Country: United States. Skills: aws, go, python, snowflake, spark, sql, tableau.",aws;go;python;snowflake;spark;sql;tableau,data_engineering,general_data_engineering,Data Engineer,Data Engineer,United States,Full-time,False,lukebarousse/data_jobs,7
1486,Sr. Cloud Data Engineer,FIS,"Newtonsville, OH","Title short: Senior Data Engineer. Schedule: Full-time. Remote: False. Country: United States. Skills: aws, azure, bigquery, gcp, hadoop, redshift, snowflake.",aws;azure;bigquery;gcp;hadoop;redshift;snowflake,data_engineering,general_data_engineering,Sr. Cloud Data Engineer,Senior Data Engineer,United States,Full-time,False,lukebarousse/data_jobs,7
1487,Data Engineer,ENJOY Recruitment Latvia,"Riga, Latvia","Title short: Data Engineer. Schedule: Full-time. Remote: False. Country: Latvia. Skills: sql, tableau.",sql;tableau,data_engineering,general_data_engineering,Data Engineer,Data Engineer,Latvia,Full-time,False,lukebarousse/data_jobs,2
1488,"Data Engineer, Azure",Technical Source,United States,"Title short: Data Engineer. Schedule: Full-time and Contractor. Remote: False. Country: United States. Skills: azure, databricks, python, sql.",azure;databricks;python;sql,data_engineering,general_data_engineering,"Data Engineer, Azure",Data Engineer,United States,Full-time and Contractor,False,lukebarousse/data_jobs,4
1489,"Staff Data Engineer, Real Time Analytics and Event Streaming",LTK (formerly rewardStyle & LIKEtoKNOW.it),Anywhere,"Title short: Data Engineer. Schedule: Full-time. Remote: True. Country: United States. Skills: aws, golang, kafka, python, r, redshift, scala, spark, sql.",aws;golang;kafka;python;r;redshift;scala;spark;sql,data_engineering,general_data_engineering,"Staff Data Engineer, Real Time Analytics and Event Streaming",Data Engineer,United States,Full-time,True,lukebarousse/data_jobs,9
1490,Data Engineer - Remote | WFH,Get It Recruit - Information Technology,Anywhere,"Title short: Data Engineer. Schedule: Full-time. Remote: True. Country: United States. Skills: airflow, aws, hadoop, kafka, python, r, redshift, scala, shell, snowflake, spark, sql.",airflow;aws;hadoop;kafka;python;r;redshift;scala;shell;snowflake;spark;sql,data_engineering,general_data_engineering,Data Engineer - Remote | WFH,Data Engineer,United States,Full-time,True,lukebarousse/data_jobs,12
1491,SQL data engineer,Sakhona HR,"Centurion, South Africa","Title short: Data Engineer. Schedule: Full-time. Remote: False. Country: South Africa. Skills: azure, python, r, sql, ssis.",azure;python;r;sql;ssis,data_engineering,general_data_engineering,SQL data engineer,Data Engineer,South Africa,Full-time,False,lukebarousse/data_jobs,5
1492,Junior BI & Data Engineer,Global Engineering Technologies,"Belgrade, Serbia","Title short: Data Engineer. Schedule: Full-time. Remote: False. Country: Serbia. Skills: atlassian, c#, cognos, java, jira, power bi, python, qlik, r, sap, sql, ssis, ssrs.",atlassian;c#;cognos;java;jira;power bi;python;qlik;r;sap;sql;ssis;ssrs,data_engineering,general_data_engineering,Junior BI & Data Engineer,Data Engineer,Serbia,Full-time,False,lukebarousse/data_jobs,13
1493,Azure Data Engineer,TEKletics,"Scottsdale, AZ","Title short: Data Engineer. Schedule: Full-time. Remote: False. Country: United States. Skills: azure, python, sql.",azure;python;sql,data_engineering,general_data_engineering,Azure Data Engineer,Data Engineer,United States,Full-time,False,lukebarousse/data_jobs,3
1494,Senior Data Engineer,Multi National Company,"Bengaluru, Karnataka, India","Title short: Senior Data Engineer. Schedule: Full-time. Remote: False. Country: India. Skills: azure, power bi, pyspark.",azure;power bi;pyspark,data_engineering,general_data_engineering,Senior Data Engineer,Senior Data Engineer,India,Full-time,False,lukebarousse/data_jobs,3
1495,Senior Data Engineer (Hybrid),Capital One,"Washington, DC","Title short: Senior Data Engineer. Schedule: Full-time. Remote: False. Country: United States. Skills: aws, azure, dynamodb, hadoop, java, kafka, mysql, nosql, python, redshift, scala, shell, snowflake, spark, sql.",aws;azure;dynamodb;hadoop;java;kafka;mysql;nosql;python;redshift;scala;shell;snowflake;spark;sql,data_engineering,general_data_engineering,Senior Data Engineer (Hybrid),Senior Data Engineer,United States,Full-time,False,lukebarousse/data_jobs,15
1496,Machine Learning Data Engineer,"Wurl, LLC",Anywhere,"Title short: Data Engineer. Schedule: Full-time. Remote: True. Country: United States. Skills: aws, databricks, linux, pyspark, python, spark, sql.",aws;databricks;linux;pyspark;python;spark;sql,data_engineering,general_data_engineering,Machine Learning Data Engineer,Data Engineer,United States,Full-time,True,lukebarousse/data_jobs,7
1497,"Data Engineer II/Senior Data Engineer, Cloud Solutions Development",United Therapeutics Corporation,United States,"Title short: Data Engineer. Schedule: Full-time. Remote: False. Country: United States. Skills: azure, sql, sql server, t-sql.",azure;sql;sql server;t-sql,data_engineering,general_data_engineering,"Data Engineer II/Senior Data Engineer, Cloud Solutions Development",Data Engineer,United States,Full-time,False,lukebarousse/data_jobs,4
1498,Senior Data Engineer,X4 Life Sciences,"Oakland, CA","Title short: Senior Data Engineer. Schedule: Full-time. Remote: False. Country: Sudan. Skills: aws, postgresql, python, snowflake, sql, sql server.",aws;postgresql;python;snowflake;sql;sql server,data_engineering,general_data_engineering,Senior Data Engineer,Senior Data Engineer,Sudan,Full-time,False,lukebarousse/data_jobs,6
1499,Senior Data Engineer,Etainement,"Dallas, TX","Title short: Senior Data Engineer. Schedule: Full-time. Remote: False. Country: United States. Skills: aws, azure, gcp, python, r, sql, ssis.",aws;azure;gcp;python;r;sql;ssis,data_engineering,general_data_engineering,Senior Data Engineer,Senior Data Engineer,United States,Full-time,False,lukebarousse/data_jobs,7
1500,Customer Data Engineer,Blu Beem,"Bogotá, Bogota, Colombia","Title short: Data Engineer. Schedule: Full-time. Remote: False. Country: Colombia. Skills: bigquery, java, javascript, matlab, python, r, redshift, sql, tableau.",bigquery;java;javascript;matlab;python;r;redshift;sql;tableau,data_engineering,general_data_engineering,Customer Data Engineer,Data Engineer,Colombia,Full-time,False,lukebarousse/data_jobs,9
1501,Cardo Health - Data Engineer (Contract) - Remote  from Europe,techruiter.,Anywhere,"Title short: Data Engineer. Schedule: Full-time and Contractor. Remote: True. Country: Slovakia. Skills: postgresql, python.",postgresql;python,data_engineering,general_data_engineering,Cardo Health - Data Engineer (Contract) - Remote  from Europe,Data Engineer,Slovakia,Full-time and Contractor,True,lukebarousse/data_jobs,2
1502,"Data Engineer/Architect (ETL/Python/Snowflake) -- Dublin, CA",TechAffinity Inc,"Dublin, CA","Title short: Data Engineer. Schedule: Contractor. Remote: False. Country: United States. Skills: java, python, snowflake.",java;python;snowflake,data_engineering,general_data_engineering,"Data Engineer/Architect (ETL/Python/Snowflake) -- Dublin, CA",Data Engineer,United States,Contractor,False,lukebarousse/data_jobs,3
1503,Data Engineer,TOTAL DIGITAL FACTORY,"Paris, France","Title short: Data Engineer. Schedule: Full-time. Remote: False. Country: France. Skills: aws, azure, python, spark, sql.",aws;azure;python;spark;sql,data_engineering,general_data_engineering,Data Engineer,Data Engineer,France,Full-time,False,lukebarousse/data_jobs,5
1504,Senior Data Engineer,Mirvac,"Sydney NSW, Australia","Title short: Senior Data Engineer. Schedule: Full-time. Remote: False. Country: Australia. Skills: aws, azure, snowflake.",aws;azure;snowflake,data_engineering,general_data_engineering,Senior Data Engineer,Senior Data Engineer,Australia,Full-time,False,lukebarousse/data_jobs,3
1505,"Data Engineer, Big Data Privacy and Security",TikTok,"San Jose, CA","Title short: Data Engineer. Schedule: Full-time. Remote: False. Country: Sudan. Skills: kafka, spark.",kafka;spark,data_engineering,general_data_engineering,"Data Engineer, Big Data Privacy and Security",Data Engineer,Sudan,Full-time,False,lukebarousse/data_jobs,2
1506,DATA ENGINEER,EyeTech Solutions,"Brussels, Belgium","Title short: Data Engineer. Schedule: Full-time. Remote: False. Country: Belgium. Skills: azure, databricks, sql, sql server.",azure;databricks;sql;sql server,data_engineering,general_data_engineering,DATA ENGINEER,Data Engineer,Belgium,Full-time,False,lukebarousse/data_jobs,4
1507,Data Engineer,Hexaware Technologies,"New York, NY","Title short: Data Engineer. Schedule: Full-time. Remote: False. Country: United States. Skills: airflow, aws, dynamodb, looker, python, r, snowflake, sql, ssis, terraform.",airflow;aws;dynamodb;looker;python;r;snowflake;sql;ssis;terraform,data_engineering,general_data_engineering,Data Engineer,Data Engineer,United States,Full-time,False,lukebarousse/data_jobs,10
1508,Staff Data Engineer,AuditBoard,Anywhere,"Title short: Data Engineer. Schedule: Full-time. Remote: True. Country: United States. Skills: airflow, aws, azure, databricks, gcp, kafka, python, snowflake, spark, sql, terraform.",airflow;aws;azure;databricks;gcp;kafka;python;snowflake;spark;sql;terraform,data_engineering,general_data_engineering,Staff Data Engineer,Data Engineer,United States,Full-time,True,lukebarousse/data_jobs,11
1509,Principal Data Engineer,CyberCoders,Anywhere,"Title short: Data Engineer. Schedule: Full-time. Remote: True. Country: United States. Skills: aws, hadoop, microstrategy, python, snowflake, spark, sql, tableau.",aws;hadoop;microstrategy;python;snowflake;spark;sql;tableau,data_engineering,general_data_engineering,Principal Data Engineer,Data Engineer,United States,Full-time,True,lukebarousse/data_jobs,8
1510,Data Engineer,Heimvorteil Harz,"Seeland, Germany","Title short: Data Engineer. Schedule: Full-time. Remote: False. Country: Germany. Skills: databricks, pyspark, python, spark, sql.",databricks;pyspark;python;spark;sql,data_engineering,general_data_engineering,Data Engineer,Data Engineer,Germany,Full-time,False,lukebarousse/data_jobs,5
1511,2023-7064_Data Engineer from Philippines,Arch Global Services (Philippines) Inc.,Anywhere,"Title short: Data Engineer. Schedule: Full-time. Remote: True. Country: Philippines. Skills: arch, azure, c++, databricks, excel, java, nosql, python, r, scala, snowflake, spark, sql, ssis.",arch;azure;c++;databricks;excel;java;nosql;python;r;scala;snowflake;spark;sql;ssis,data_engineering,general_data_engineering,2023-7064_Data Engineer from Philippines,Data Engineer,Philippines,Full-time,True,lukebarousse/data_jobs,14
1512,Hedge Fund - Python Developer/Data Engineer,Octavius Finance,"Geneva, Switzerland","Title short: Data Engineer. Schedule: Full-time. Remote: False. Country: Switzerland. Skills: aws, python.",aws;python,data_engineering,general_data_engineering,Hedge Fund - Python Developer/Data Engineer,Data Engineer,Switzerland,Full-time,False,lukebarousse/data_jobs,2
1513,Data Engineer (Multinational Company),DCS,Lebanon,"Title short: Data Engineer. Schedule: Full-time. Remote: False. Country: Lebanon. Skills: aws, azure, dax, gitlab, power bi, slack, sql, sql server.",aws;azure;dax;gitlab;power bi;slack;sql;sql server,data_engineering,general_data_engineering,Data Engineer (Multinational Company),Data Engineer,Lebanon,Full-time,False,lukebarousse/data_jobs,8
1514,Data Engineer (Entry Level),Pattern Learning AI - Career & Tech Recruitment Reimagined!,Anywhere,"Title short: Data Engineer. Schedule: Full-time. Remote: True. Country: United States. Skills: aws, azure, bigquery, gcp, hadoop, kafka, mysql, postgresql, power bi, python, r, redshift, scala, spark, sql, tableau.",aws;azure;bigquery;gcp;hadoop;kafka;mysql;postgresql;power bi;python;r;redshift;scala;spark;sql;tableau,data_engineering,general_data_engineering,Data Engineer (Entry Level),Data Engineer,United States,Full-time,True,lukebarousse/data_jobs,16
1515,Data Engineer Advisor,Dell Technologies,Anywhere,"Title short: Data Engineer. Schedule: Full-time. Remote: True. Country: Romania. Skills: bash, docker, kafka, kubernetes, postgresql, python.",bash;docker;kafka;kubernetes;postgresql;python,data_engineering,general_data_engineering,Data Engineer Advisor,Data Engineer,Romania,Full-time,True,lukebarousse/data_jobs,6
1516,Data Engineer (Permanent),Ada Meher,"Cambridge, UK","Title short: Data Engineer. Schedule: Full-time. Remote: False. Country: United Kingdom. Skills: airflow, aws, azure, gcp, hadoop, postgresql, python, spark.",airflow;aws;azure;gcp;hadoop;postgresql;python;spark,data_engineering,general_data_engineering,Data Engineer (Permanent),Data Engineer,United Kingdom,Full-time,False,lukebarousse/data_jobs,8
1517,"Data Engineer St. Louis, MO",Ameren,"St. Louis, MO","Title short: Data Engineer. Schedule: Full-time. Remote: False. Country: Sudan. Skills: aws, databricks, github, jenkins, jira, linux, sql.",aws;databricks;github;jenkins;jira;linux;sql,data_engineering,general_data_engineering,"Data Engineer St. Louis, MO",Data Engineer,Sudan,Full-time,False,lukebarousse/data_jobs,7
1518,"Data Engineer, Finance",Notion,"San Francisco, CA","Title short: Data Engineer. Schedule: Full-time. Remote: False. Country: United States. Skills: airflow, aws, azure, gcp, java, notion, python, redshift, scala, snowflake, spark, sql.",airflow;aws;azure;gcp;java;notion;python;redshift;scala;snowflake;spark;sql,data_engineering,general_data_engineering,"Data Engineer, Finance",Data Engineer,United States,Full-time,False,lukebarousse/data_jobs,12
1519,Data Engineer,Coopers Group AG,"Risch-Rotkreuz, Switzerland","Title short: Data Engineer. Schedule: Full-time. Remote: False. Country: Switzerland. Skills: aws, git, python, r, sap, snowflake, sql.",aws;git;python;r;sap;snowflake;sql,data_engineering,general_data_engineering,Data Engineer,Data Engineer,Switzerland,Full-time,False,lukebarousse/data_jobs,7
1520,Data Engineer Senior H/F,AXA Assurances,"Nanterre, France","Title short: Senior Data Engineer. Schedule: Full-time. Remote: False. Country: France. Skills: aws, azure, databricks, gcp, git, jira, nosql, pyspark, python, spark.",aws;azure;databricks;gcp;git;jira;nosql;pyspark;python;spark,data_engineering,general_data_engineering,Data Engineer Senior H/F,Senior Data Engineer,France,Full-time,False,lukebarousse/data_jobs,10
1521,Data Engineer,VBeyond Corporation,Anywhere,"Title short: Data Engineer. Schedule: Full-time. Remote: True. Country: United States. Skills: aws, java.",aws;java,data_engineering,general_data_engineering,Data Engineer,Data Engineer,United States,Full-time,True,lukebarousse/data_jobs,2
1522,Senior Data Engineer,Core Synesis,Anywhere,"Title short: Senior Data Engineer. Schedule: Full-time. Remote: True. Country: Brazil. Skills: gcp, power bi, python.",gcp;power bi;python,data_engineering,general_data_engineering,Senior Data Engineer,Senior Data Engineer,Brazil,Full-time,True,lukebarousse/data_jobs,3
1523,"Data Engineer, Remote Sensing Platform",WINTEG Consultancy Services Pvt. Ltd.,"Bengaluru, Karnataka, India","Title short: Data Engineer. Schedule: Full-time. Remote: False. Country: India. Skills: azure, gcp, git, looker, nosql, numpy, pandas, python, spark, sql, tableau.",azure;gcp;git;looker;nosql;numpy;pandas;python;spark;sql;tableau,data_engineering,general_data_engineering,"Data Engineer, Remote Sensing Platform",Data Engineer,India,Full-time,False,lukebarousse/data_jobs,11
1524,Data Engineer,Zortech Solutions,"Wyoming, MI","Title short: Data Engineer. Schedule: Full-time. Remote: False. Country: United States. Skills: gcp, gitlab, python.",gcp;gitlab;python,data_engineering,general_data_engineering,Data Engineer,Data Engineer,United States,Full-time,False,lukebarousse/data_jobs,3
1525,Senior Data Engineer,"New Resources Consulting, LLC",Wisconsin,"Title short: Senior Data Engineer. Schedule: Contractor. Remote: False. Country: Sudan. Skills: power bi, snowflake, sql, sql server.",power bi;snowflake;sql;sql server,data_engineering,general_data_engineering,Senior Data Engineer,Senior Data Engineer,Sudan,Contractor,False,lukebarousse/data_jobs,4
1526,Lead Data & Analytics Engineer,Cynergy Business Finance,"London, UK","Title short: Data Engineer. Schedule: Full-time. Remote: False. Country: United Kingdom. Skills: power bi, python, sql.",power bi;python;sql,data_engineering,analytics_engineering,Lead Data & Analytics Engineer,Data Engineer,United Kingdom,Full-time,False,lukebarousse/data_jobs,3
1527,RDC Data Engineer,Bristol Myers Squibb,"Cambridge, MA","Title short: Data Engineer. Schedule: Full-time. Remote: False. Country: Sudan. Skills: airflow, aurora, docker, elasticsearch, excel, nosql, python, r, redshift, sql.",airflow;aurora;docker;elasticsearch;excel;nosql;python;r;redshift;sql,data_engineering,general_data_engineering,RDC Data Engineer,Data Engineer,Sudan,Full-time,False,lukebarousse/data_jobs,10
1528,Senior Data Engineer,Excella,"Washington, DC","Title short: Senior Data Engineer. Schedule: Full-time. Remote: False. Country: United States. Skills: aws, git, nosql, python.",aws;git;nosql;python,data_engineering,general_data_engineering,Senior Data Engineer,Senior Data Engineer,United States,Full-time,False,lukebarousse/data_jobs,4
1529,Azure Data Engineer,Jobot,United States,"Title short: Data Engineer. Schedule: Full-time. Remote: False. Country: United States. Skills: azure, c#, github, python, sql, t-sql.",azure;c#;github;python;sql;t-sql,data_engineering,general_data_engineering,Azure Data Engineer,Data Engineer,United States,Full-time,False,lukebarousse/data_jobs,6
1530,Sr. Data Engineer,"RedRiver Systems, LLC",Anywhere,"Title short: Data Engineer. Schedule: Full-time. Remote: True. Country: United States. Skills: airflow, aws, azure, flow, snowflake, sql, tableau.",airflow;aws;azure;flow;snowflake;sql;tableau,data_engineering,general_data_engineering,Sr. Data Engineer,Data Engineer,United States,Full-time,True,lukebarousse/data_jobs,7
1531,Senior Software Data Engineer,Wetility,South Africa,"Title short: Senior Data Engineer. Schedule: Full-time. Remote: False. Country: South Africa. Skills: azure, java, pyspark, python, scala, spark, sql.",azure;java;pyspark;python;scala;spark;sql,data_engineering,general_data_engineering,Senior Software Data Engineer,Senior Data Engineer,South Africa,Full-time,False,lukebarousse/data_jobs,7
1532,Data Engineer,Tencent,"Amsterdam, Netherlands","Title short: Data Engineer. Schedule: Full-time. Remote: False. Country: Netherlands. Skills: golang, java, linux, python, spark, sql.",golang;java;linux;python;spark;sql,data_engineering,general_data_engineering,Data Engineer,Data Engineer,Netherlands,Full-time,False,lukebarousse/data_jobs,6
1533,Data Engineer,Nordex Group,Spain,"Title short: Data Engineer. Schedule: Full-time. Remote: False. Country: Spain. Skills: azure, docker, kubernetes, power bi, python, r, sql.",azure;docker;kubernetes;power bi;python;r;sql,data_engineering,general_data_engineering,Data Engineer,Data Engineer,Spain,Full-time,False,lukebarousse/data_jobs,7
1534,Technical Program Manager – Data Engineering (Vaga afirmativa para...,Experian,"São Paulo, State of São Paulo, Brazil","Title short: Data Engineer. Schedule: Full-time. Remote: False. Country: Brazil. Skills: aws, cassandra, golang, hadoop, kafka, mongodb, python, scala, spark.",aws;cassandra;golang;hadoop;kafka;mongodb;python;scala;spark,data_engineering,general_data_engineering,Technical Program Manager – Data Engineering (Vaga afirmativa para...,Data Engineer,Brazil,Full-time,False,lukebarousse/data_jobs,9
1535,Remote Data Engineer,SnapX.ai,Anywhere,"Title short: Data Engineer. Schedule: Contractor. Remote: True. Country: United States. Skills: azure, python, sql.",azure;python;sql,data_engineering,general_data_engineering,Remote Data Engineer,Data Engineer,United States,Contractor,True,lukebarousse/data_jobs,3
1536,Data Engineer,Angkas,"Manila, Metro Manila, Philippines","Title short: Data Engineer. Schedule: nan. Remote: False. Country: Philippines. Skills: elasticsearch, nosql, sql.",elasticsearch;nosql;sql,data_engineering,general_data_engineering,Data Engineer,Data Engineer,Philippines,,False,lukebarousse/data_jobs,3
1537,Sr Data Engineer (Full-time),"Wells Fargo Bank, N.A., Canadian Branch",Anywhere,"Title short: Data Engineer. Schedule: Full-time and Part-time. Remote: True. Country: United States. Skills: hadoop, jupyter, oracle, plotly, pyspark, python, r, spark, sql, sql server, tableau.",hadoop;jupyter;oracle;plotly;pyspark;python;r;spark;sql;sql server;tableau,data_engineering,general_data_engineering,Sr Data Engineer (Full-time),Data Engineer,United States,Full-time and Part-time,True,lukebarousse/data_jobs,11
1538,Senior Software Development Engineer (Data Engineer),MetLife,"Clayton, NC","Title short: Data Engineer. Schedule: Full-time. Remote: False. Country: United States. Skills: azure, linux, power bi, python, shell, sql, tableau.",azure;linux;power bi;python;shell;sql;tableau,data_engineering,general_data_engineering,Senior Software Development Engineer (Data Engineer),Data Engineer,United States,Full-time,False,lukebarousse/data_jobs,7
1539,Data Engineer,Agility Partners,,"Title short: Data Engineer. Schedule: Full-time. Remote: False. Country: United States. Skills: hadoop, nosql, sql.",hadoop;nosql;sql,data_engineering,general_data_engineering,Data Engineer,Data Engineer,United States,Full-time,False,lukebarousse/data_jobs,3
1540,Data analytics engineer,Boskalis,"Papendrecht, Netherlands","Title short: Data Engineer. Schedule: Full-time. Remote: False. Country: Netherlands. Skills: azure, excel, power bi.",azure;excel;power bi,data_engineering,analytics_engineering,Data analytics engineer,Data Engineer,Netherlands,Full-time,False,lukebarousse/data_jobs,3
1541,Staff Data Engineer,Coupang,"Seoul, South Korea","Title short: Data Engineer. Schedule: Full-time. Remote: False. Country: South Korea. Skills: aws, hadoop, java, kafka, python, redis, scala, spark.",aws;hadoop;java;kafka;python;redis;scala;spark,data_engineering,general_data_engineering,Staff Data Engineer,Data Engineer,South Korea,Full-time,False,lukebarousse/data_jobs,8
1542,Data Engineer,John Hancock,"Boston, MA","Title short: Data Engineer. Schedule: Full-time. Remote: False. Country: Sudan. Skills: angular, azure, databricks, javascript, power bi, python, r, sql.",angular;azure;databricks;javascript;power bi;python;r;sql,data_engineering,general_data_engineering,Data Engineer,Data Engineer,Sudan,Full-time,False,lukebarousse/data_jobs,8
1543,Senior Data Engineer,BISTEC Global Services,"Colombo, Sri Lanka","Title short: Senior Data Engineer. Schedule: Full-time. Remote: False. Country: Sri Lanka. Skills: azure, databricks, pyspark, python, spark, sql, sql server, ssis.",azure;databricks;pyspark;python;spark;sql;sql server;ssis,data_engineering,general_data_engineering,Senior Data Engineer,Senior Data Engineer,Sri Lanka,Full-time,False,lukebarousse/data_jobs,8
1544,"Data Engineer – DataHub, Norlys FiberNet",Norlys,"Šentjernej, Slovenia","Title short: Data Engineer. Schedule: Full-time. Remote: False. Country: Slovenia. Skills: azure, databricks, python, sql, unity.",azure;databricks;python;sql;unity,data_engineering,general_data_engineering,"Data Engineer – DataHub, Norlys FiberNet",Data Engineer,Slovenia,Full-time,False,lukebarousse/data_jobs,5
1545,Senior Data Engineer,Idexcel,"Herndon, VA","Title short: Senior Data Engineer. Schedule: Full-time. Remote: False. Country: United States. Skills: ansible, aws, docker, java, kafka, pyspark, python, scala, snowflake, spark, terraform.",ansible;aws;docker;java;kafka;pyspark;python;scala;snowflake;spark;terraform,data_engineering,general_data_engineering,Senior Data Engineer,Senior Data Engineer,United States,Full-time,False,lukebarousse/data_jobs,11
1546,Senior Data Engineer,IDFC FIRST Bank,"Bengaluru, Karnataka, India","Title short: Senior Data Engineer. Schedule: Full-time. Remote: False. Country: India. Skills: aws, hadoop, python, scala, spark, sql, yarn.",aws;hadoop;python;scala;spark;sql;yarn,data_engineering,general_data_engineering,Senior Data Engineer,Senior Data Engineer,India,Full-time,False,lukebarousse/data_jobs,7
1547,Data Engineer Jr,Randstad Argentina,Argentina,"Title short: Data Engineer. Schedule: Full-time. Remote: False. Country: Argentina. Skills: azure, python.",azure;python,data_engineering,general_data_engineering,Data Engineer Jr,Data Engineer,Argentina,Full-time,False,lukebarousse/data_jobs,2
1548,AWS Data Engineer,Compunnel Inc.,"Jersey City, NJ","Title short: Data Engineer. Schedule: Full-time. Remote: False. Country: United States. Skills: aws, redshift.",aws;redshift,data_engineering,general_data_engineering,AWS Data Engineer,Data Engineer,United States,Full-time,False,lukebarousse/data_jobs,2
1549,Data Engineer II,TEKsystems,"St. Louis, MO","Title short: Data Engineer. Schedule: Full-time. Remote: False. Country: United States. Skills: snowflake, sql, sql server, ssis.",snowflake;sql;sql server;ssis,data_engineering,general_data_engineering,Data Engineer II,Data Engineer,United States,Full-time,False,lukebarousse/data_jobs,4
1550,Lead Data Engineer,carwow,"London, UK","Title short: Data Engineer. Schedule: Full-time. Remote: False. Country: United Kingdom. Skills: airflow, aws, looker, power bi, python, ruby, snowflake, sql, tableau, terraform.",airflow;aws;looker;power bi;python;ruby;snowflake;sql;tableau;terraform,data_engineering,general_data_engineering,Lead Data Engineer,Data Engineer,United Kingdom,Full-time,False,lukebarousse/data_jobs,10
1551,Senior Azure Data Engineer,Pioneer Search,"London, UK","Title short: Senior Data Engineer. Schedule: Full-time. Remote: False. Country: United Kingdom. Skills: azure, databricks, python, sql.",azure;databricks;python;sql,data_engineering,general_data_engineering,Senior Azure Data Engineer,Senior Data Engineer,United Kingdom,Full-time,False,lukebarousse/data_jobs,4
1552,Senior Data Engineer,Tek Tron IT,"Charlotte, NC","Title short: Senior Data Engineer. Schedule: Contractor. Remote: False. Country: United States. Skills: databricks, spark, sql.",databricks;spark;sql,data_engineering,general_data_engineering,Senior Data Engineer,Senior Data Engineer,United States,Contractor,False,lukebarousse/data_jobs,3
1553,Data Engineer,Allegro,Finland,"Title short: Data Engineer. Schedule: Full-time. Remote: False. Country: Finland. Skills: azure, bigquery, c#, gcp, java, python, spark, sql.",azure;bigquery;c#;gcp;java;python;spark;sql,data_engineering,general_data_engineering,Data Engineer,Data Engineer,Finland,Full-time,False,lukebarousse/data_jobs,8
1554,GCP Data Engineer,fleetx.io,"Chennai, Tamil Nadu, India","Title short: Data Engineer. Schedule: Full-time. Remote: False. Country: India. Skills: aws, bigquery, gcp, java, kafka, nosql, python, sql.",aws;bigquery;gcp;java;kafka;nosql;python;sql,data_engineering,general_data_engineering,GCP Data Engineer,Data Engineer,India,Full-time,False,lukebarousse/data_jobs,8
1555,Senior Data Engineer (Commodity Trading)),Opus Recruitment Solutions,Netherlands,"Title short: Senior Data Engineer. Schedule: Full-time. Remote: False. Country: Netherlands. Skills: azure, databricks, hadoop, kafka, python, spark, sql, terraform.",azure;databricks;hadoop;kafka;python;spark;sql;terraform,data_engineering,general_data_engineering,Senior Data Engineer (Commodity Trading)),Senior Data Engineer,Netherlands,Full-time,False,lukebarousse/data_jobs,8
1556,"Data Engineer, Mid to Staff",CommerceHub,Anywhere,"Title short: Data Engineer. Schedule: Full-time. Remote: True. Country: Spain. Skills: aws, python, redshift, scala.",aws;python;redshift;scala,data_engineering,general_data_engineering,"Data Engineer, Mid to Staff",Data Engineer,Spain,Full-time,True,lukebarousse/data_jobs,4
1557,Data Engineer,Poppi Technologies,"Valenzano, Metropolitan City of Bari, Italy","Title short: Data Engineer. Schedule: Full-time. Remote: False. Country: Italy. Skills: airflow, aws, databricks, go, java, kafka, python, scala, spark.",airflow;aws;databricks;go;java;kafka;python;scala;spark,data_engineering,general_data_engineering,Data Engineer,Data Engineer,Italy,Full-time,False,lukebarousse/data_jobs,9
1558,Senior Data Engineer,bp,"Chicago, IL","Title short: Senior Data Engineer. Schedule: Full-time. Remote: False. Country: United States. Skills: aws, c++, java, python, scala, sql.",aws;c++;java;python;scala;sql,data_engineering,general_data_engineering,Senior Data Engineer,Senior Data Engineer,United States,Full-time,False,lukebarousse/data_jobs,6
1559,Data Engineer,Cybernetic Search,"Zürich, Switzerland","Title short: Data Engineer. Schedule: Full-time. Remote: False. Country: Switzerland. Skills: r, sql.",r;sql,data_engineering,general_data_engineering,Data Engineer,Data Engineer,Switzerland,Full-time,False,lukebarousse/data_jobs,2
1560,Senior Data Engineer (Work from home Eligible),Capital One,"Fredericksburg, VA","Title short: Senior Data Engineer. Schedule: Full-time. Remote: False. Country: United States. Skills: aws, azure, cassandra, hadoop, java, kafka, mongo, mysql, nosql, python, redshift, scala, shell, snowflake, spark, sql.",aws;azure;cassandra;hadoop;java;kafka;mongo;mysql;nosql;python;redshift;scala;shell;snowflake;spark;sql,data_engineering,general_data_engineering,Senior Data Engineer (Work from home Eligible),Senior Data Engineer,United States,Full-time,False,lukebarousse/data_jobs,16
1561,Data Engineer,Motorpoint,"Derby, UK","Title short: Data Engineer. Schedule: Full-time. Remote: False. Country: United Kingdom. Skills: aws, azure, databricks, python, snowflake, sql.",aws;azure;databricks;python;snowflake;sql,data_engineering,general_data_engineering,Data Engineer,Data Engineer,United Kingdom,Full-time,False,lukebarousse/data_jobs,6
1562,Data Engineer : Python / Docker / Terraform / Snowflake ou Spark ...,Free-Work (ex Freelance-info Carriere-info),France,"Title short: Data Engineer. Schedule: Full-time. Remote: False. Country: France. Skills: aws, docker, gdpr, gitlab, linux, nosql, python, r, scala, snowflake, spark, splunk, sql, sql server, tableau, terraform.",aws;docker;gdpr;gitlab;linux;nosql;python;r;scala;snowflake;spark;splunk;sql;sql server;tableau;terraform,data_engineering,general_data_engineering,Data Engineer : Python / Docker / Terraform / Snowflake ou Spark ...,Data Engineer,France,Full-time,False,lukebarousse/data_jobs,16
1563,Risk Modeling Services Life - Director - Data Engineer,PwC,"Miami, FL","Title short: Data Engineer. Schedule: Full-time. Remote: False. Country: United States. Skills: azure, c#, databricks, github, node, python, sql, ssis, tableau.",azure;c#;databricks;github;node;python;sql;ssis;tableau,data_engineering,general_data_engineering,Risk Modeling Services Life - Director - Data Engineer,Data Engineer,United States,Full-time,False,lukebarousse/data_jobs,9
1564,AWS Data Engineer,Effectual Inc.,Anywhere,"Title short: Data Engineer. Schedule: Full-time. Remote: True. Country: United States. Skills: airflow, aws, azure, bigquery, hadoop, java, nosql, python, redshift, scala, spark, sql.",airflow;aws;azure;bigquery;hadoop;java;nosql;python;redshift;scala;spark;sql,data_engineering,general_data_engineering,AWS Data Engineer,Data Engineer,United States,Full-time,True,lukebarousse/data_jobs,12
1565,Data Engineer,Feel IT Services,"Chişinău, Moldova","Title short: Data Engineer. Schedule: Full-time. Remote: False. Country: Moldova. Skills: aws, gcp, java, looker, python, scala, sql.",aws;gcp;java;looker;python;scala;sql,data_engineering,general_data_engineering,Data Engineer,Data Engineer,Moldova,Full-time,False,lukebarousse/data_jobs,7
1566,Cloud Data Engineer,Advantis Global,"Cupertino, CA","Title short: Data Engineer. Schedule: Contractor. Remote: False. Country: United States. Skills: aws, gcp, golang, python, sql.",aws;gcp;golang;python;sql,data_engineering,general_data_engineering,Cloud Data Engineer,Data Engineer,United States,Contractor,False,lukebarousse/data_jobs,5
1567,Mid Data Engineer (GCP) (Remote) (6533 USD/Mes) [Chile],Listopro,Anywhere,"Title short: Data Engineer. Schedule: Full-time. Remote: True. Country: Chile. Skills: looker, postgresql, python, sql.",looker;postgresql;python;sql,data_engineering,general_data_engineering,Mid Data Engineer (GCP) (Remote) (6533 USD/Mes) [Chile],Data Engineer,Chile,Full-time,True,lukebarousse/data_jobs,4
1568,Sr Data Engineer (ML),Notified,"Bengaluru, Karnataka, India","Title short: Senior Data Engineer. Schedule: Full-time. Remote: False. Country: India. Skills: ansible, aws, azure, bigquery, docker, gcp, python, redshift, terraform.",ansible;aws;azure;bigquery;docker;gcp;python;redshift;terraform,data_engineering,general_data_engineering,Sr Data Engineer (ML),Senior Data Engineer,India,Full-time,False,lukebarousse/data_jobs,9
1569,"Data Engineer, Jr.",Altamira Technologies Corporation,Virginia,"Title short: Data Engineer. Schedule: Full-time. Remote: False. Country: United States. Skills: airflow, aws, azure, crystal, kubernetes, linux, spark, splunk, unix.",airflow;aws;azure;crystal;kubernetes;linux;spark;splunk;unix,data_engineering,general_data_engineering,"Data Engineer, Jr.",Data Engineer,United States,Full-time,False,lukebarousse/data_jobs,9
1570,Senior Consultant - Data Engineer,"ThoughtWorks, Inc.",Pakistan,"Title short: Data Engineer. Schedule: Full-time. Remote: False. Country: Pakistan. Skills: airflow, aws, azure, cassandra, hadoop, kafka, nosql, spark.",airflow;aws;azure;cassandra;hadoop;kafka;nosql;spark,data_engineering,general_data_engineering,Senior Consultant - Data Engineer,Data Engineer,Pakistan,Full-time,False,lukebarousse/data_jobs,8
1571,Senior Data Engineer,Wizards of the Coast,"Renton, WA","Title short: Senior Data Engineer. Schedule: Full-time. Remote: False. Country: United States. Skills: airflow, aws, kafka, kubernetes, python, redshift, snowflake, sql.",airflow;aws;kafka;kubernetes;python;redshift;snowflake;sql,data_engineering,general_data_engineering,Senior Data Engineer,Senior Data Engineer,United States,Full-time,False,lukebarousse/data_jobs,8
1572,"Data Engineer, Analytics",Meta Inc,"Sunnyvale, CA","Title short: Data Engineer. Schedule: Full-time. Remote: False. Country: United States. Skills: c#, c++, python, scala, sql.",c#;c++;python;scala;sql,data_engineering,general_data_engineering,"Data Engineer, Analytics",Data Engineer,United States,Full-time,False,lukebarousse/data_jobs,5
1573,Data Engineer,"Cognizant Bulgaria, Cognizant Technology Solutions","Sofia, Bulgaria","Title short: Data Engineer. Schedule: Full-time. Remote: False. Country: Bulgaria. Skills: airflow, aws, docker, git, go, jenkins, pyspark, python, unix.",airflow;aws;docker;git;go;jenkins;pyspark;python;unix,data_engineering,general_data_engineering,Data Engineer,Data Engineer,Bulgaria,Full-time,False,lukebarousse/data_jobs,9
1574,Data Engineer,Harnham,"Durham, NC","Title short: Data Engineer. Schedule: Full-time. Remote: False. Country: United States. Skills: aws, databricks, python.",aws;databricks;python,data_engineering,general_data_engineering,Data Engineer,Data Engineer,United States,Full-time,False,lukebarousse/data_jobs,3
1575,Вакансия Data Engineer,Казах Софт Девелопмент,"Astana, Kazakhstan","Title short: Data Engineer. Schedule: Full-time. Remote: False. Country: Kazakhstan. Skills: python, sql, sql server.",python;sql;sql server,data_engineering,general_data_engineering,Вакансия Data Engineer,Data Engineer,Kazakhstan,Full-time,False,lukebarousse/data_jobs,3
1576,Senior Data Engineer,Collabera Digital,India,"Title short: Senior Data Engineer. Schedule: Full-time. Remote: False. Country: India. Skills: hadoop, java, kafka, pyspark, python, scala, spark, sql.",hadoop;java;kafka;pyspark;python;scala;spark;sql,data_engineering,general_data_engineering,Senior Data Engineer,Senior Data Engineer,India,Full-time,False,lukebarousse/data_jobs,8
1577,Senior Data Engineer,Meda Agency Inc.,"Sunnyvale, CA","Title short: Senior Data Engineer. Schedule: Full-time. Remote: False. Country: United States. Skills: airflow, bitbucket, flow, github, hadoop, java, kafka, mongo, postgresql, python, redshift, scala, spark, sql, unify.",airflow;bitbucket;flow;github;hadoop;java;kafka;mongo;postgresql;python;redshift;scala;spark;sql;unify,data_engineering,general_data_engineering,Senior Data Engineer,Senior Data Engineer,United States,Full-time,False,lukebarousse/data_jobs,15
1578,"Experienced Data Engineer - Data Science, Biometrics",Lundbeck,"Copenhagen, Denmark","Title short: Data Engineer. Schedule: Full-time. Remote: False. Country: Denmark. Skills: bash, git, linux, python, r.",bash;git;linux;python;r,data_engineering,general_data_engineering,"Experienced Data Engineer - Data Science, Biometrics",Data Engineer,Denmark,Full-time,False,lukebarousse/data_jobs,5
1579,Data Engineer,A-Line Staffing Solutions,Anywhere,"Title short: Data Engineer. Schedule: Contractor. Remote: True. Country: United States. Skills: asana, azure, excel, jira, ms access, powerpoint, python, sas, spss, sql, visio, word.",asana;azure;excel;jira;ms access;powerpoint;python;sas;spss;sql;visio;word,data_engineering,general_data_engineering,Data Engineer,Data Engineer,United States,Contractor,True,lukebarousse/data_jobs,12
1580,AWS Data Engineer,Rahul,United States,"Title short: Data Engineer. Schedule: Full-time. Remote: False. Country: Sudan. Skills: aws, python, redshift, sql.",aws;python;redshift;sql,data_engineering,general_data_engineering,AWS Data Engineer,Data Engineer,Sudan,Full-time,False,lukebarousse/data_jobs,4
1581,Data Engineer,Datonomy Solutions,"Cape Town, South Africa","Title short: Data Engineer. Schedule: Full-time. Remote: False. Country: South Africa. Skills: aws, c#, dax, powerbi, python, spark, ssis, ssrs, t-sql.",aws;c#;dax;powerbi;python;spark;ssis;ssrs;t-sql,data_engineering,general_data_engineering,Data Engineer,Data Engineer,South Africa,Full-time,False,lukebarousse/data_jobs,9
1582,Senior Data Engineer (Work from home - Eligible),Capital One,"Newark, NJ","Title short: Senior Data Engineer. Schedule: Full-time. Remote: False. Country: United States. Skills: aws, azure, cassandra, hadoop, java, kafka, mongo, mysql, nosql, python, redshift, scala, shell, snowflake, spark, sql.",aws;azure;cassandra;hadoop;java;kafka;mongo;mysql;nosql;python;redshift;scala;shell;snowflake;spark;sql,data_engineering,general_data_engineering,Senior Data Engineer (Work from home - Eligible),Senior Data Engineer,United States,Full-time,False,lukebarousse/data_jobs,16
1583,Data Engineer Level 2,Symantrix Inc,"Blue Ash, OH","Title short: Data Engineer. Schedule: Full-time. Remote: False. Country: Sudan. Skills: ansible, azure, jenkins, puppet, selenium, sql, t-sql.",ansible;azure;jenkins;puppet;selenium;sql;t-sql,data_engineering,general_data_engineering,Data Engineer Level 2,Data Engineer,Sudan,Full-time,False,lukebarousse/data_jobs,7
1584,platform data engineer,Open Systems Technologies Corporation,"Arlington, VA","Title short: Data Engineer. Schedule: Full-time. Remote: False. Country: United States. Skills: aws, java, python, spark, sql.",aws;java;python;spark;sql,data_engineering,general_data_engineering,platform data engineer,Data Engineer,United States,Full-time,False,lukebarousse/data_jobs,5
1585,Azure Data Engineer,Certified Konsult,"Copenhagen, Denmark","Title short: Data Engineer. Schedule: Full-time. Remote: False. Country: Denmark. Skills: azure, git, redshift, snowflake, sql, sql server.",azure;git;redshift;snowflake;sql;sql server,data_engineering,general_data_engineering,Azure Data Engineer,Data Engineer,Denmark,Full-time,False,lukebarousse/data_jobs,6
1586,Data Engineer - Finance,Figma,"San Francisco, CA","Title short: Data Engineer. Schedule: Full-time. Remote: False. Country: United States. Skills: python, snowflake, sql.",python;snowflake;sql,data_engineering,general_data_engineering,Data Engineer - Finance,Data Engineer,United States,Full-time,False,lukebarousse/data_jobs,3
1587,Data Engineer,Accuray,Anywhere,"Title short: Data Engineer. Schedule: Full-time. Remote: True. Country: United States. Skills: aws, azure, github, power bi, python, r, sap, snowflake, tableau.",aws;azure;github;power bi;python;r;sap;snowflake;tableau,data_engineering,general_data_engineering,Data Engineer,Data Engineer,United States,Full-time,True,lukebarousse/data_jobs,9
1588,Data Engineer,Novo Nordisk,"Bagsværd, Denmark","Title short: Data Engineer. Schedule: Full-time. Remote: False. Country: Denmark. Skills: aws, bash, c#, dynamodb, git, java, python, redshift, sql, typescript.",aws;bash;c#;dynamodb;git;java;python;redshift;sql;typescript,data_engineering,general_data_engineering,Data Engineer,Data Engineer,Denmark,Full-time,False,lukebarousse/data_jobs,10
1589,Senior Data Engineer,Juniper Square,Anywhere,"Title short: Senior Data Engineer. Schedule: Full-time. Remote: True. Country: Canada. Skills: aws, bigquery, looker, postgresql, python, redshift, snowflake, sql, tableau.",aws;bigquery;looker;postgresql;python;redshift;snowflake;sql;tableau,data_engineering,general_data_engineering,Senior Data Engineer,Senior Data Engineer,Canada,Full-time,True,lukebarousse/data_jobs,9
1590,Senior Data Engineer,Sun Communities,"Southfield, MI","Title short: Senior Data Engineer. Schedule: Full-time. Remote: False. Country: United States. Skills: azure, c#, databricks, java, javascript, python, sql.",azure;c#;databricks;java;javascript;python;sql,data_engineering,general_data_engineering,Senior Data Engineer,Senior Data Engineer,United States,Full-time,False,lukebarousse/data_jobs,7
1591,Data Engineer,Amida Technology Solutions,"Washington, DC","Title short: Data Engineer. Schedule: Full-time. Remote: False. Country: United States. Skills: azure, databricks, git, github, hadoop, kafka, pyspark, python, scala, spark, sql, sql server.",azure;databricks;git;github;hadoop;kafka;pyspark;python;scala;spark;sql;sql server,data_engineering,general_data_engineering,Data Engineer,Data Engineer,United States,Full-time,False,lukebarousse/data_jobs,12
1592,Senior Data Engineer,Match Group,"Dallas, TX","Title short: Senior Data Engineer. Schedule: Full-time. Remote: False. Country: Sudan. Skills: airflow, aws, python, redshift, spark, sql, sql server, ssis.",airflow;aws;python;redshift;spark;sql;sql server;ssis,data_engineering,general_data_engineering,Senior Data Engineer,Senior Data Engineer,Sudan,Full-time,False,lukebarousse/data_jobs,8
1593,Senior Data Engineer,Tredence Inc.,"Toronto, ON, Canada","Title short: Senior Data Engineer. Schedule: Full-time. Remote: False. Country: Canada. Skills: gcp, scala, spark, sql.",gcp;scala;spark;sql,data_engineering,general_data_engineering,Senior Data Engineer,Senior Data Engineer,Canada,Full-time,False,lukebarousse/data_jobs,4
1594,Senior Data Engineer,Quantify 360 Solutions,Anywhere,"Title short: Senior Data Engineer. Schedule: Full-time. Remote: True. Country: Ecuador. Skills: mongodb, python.",mongodb;python,data_engineering,general_data_engineering,Senior Data Engineer,Senior Data Engineer,Ecuador,Full-time,True,lukebarousse/data_jobs,2
1595,Data Engineer,V Group Inc.,New York,"Title short: Data Engineer. Schedule: Full-time. Remote: False. Country: Sudan. Skills: aws, bitbucket, graphql, java, jupyter, python, redshift, sql, tableau.",aws;bitbucket;graphql;java;jupyter;python;redshift;sql;tableau,data_engineering,general_data_engineering,Data Engineer,Data Engineer,Sudan,Full-time,False,lukebarousse/data_jobs,9
1596,Data Engineer,Brillio,Anywhere,"Title short: Data Engineer. Schedule: Full-time. Remote: True. Country: Romania. Skills: aws, hadoop, nosql, python, snowflake, spark, sql, terraform.",aws;hadoop;nosql;python;snowflake;spark;sql;terraform,data_engineering,general_data_engineering,Data Engineer,Data Engineer,Romania,Full-time,True,lukebarousse/data_jobs,8
1597,Sr. Lead Data Engineer,Capital One,"Cherry Hill, NJ","Title short: Data Engineer. Schedule: Full-time and Part-time. Remote: False. Country: United States. Skills: aws, azure, cassandra, hadoop, java, kafka, mongo, mysql, nosql, python, redshift, scala, shell, snowflake, spark, sql.",aws;azure;cassandra;hadoop;java;kafka;mongo;mysql;nosql;python;redshift;scala;shell;snowflake;spark;sql,data_engineering,general_data_engineering,Sr. Lead Data Engineer,Data Engineer,United States,Full-time and Part-time,False,lukebarousse/data_jobs,16
1598,Big Data Engineer,Tata Consultancy Services,"Irving, TX","Title short: Data Engineer. Schedule: Full-time. Remote: False. Country: Sudan. Skills: hadoop, kafka, python, scala, spark.",hadoop;kafka;python;scala;spark,data_engineering,general_data_engineering,Big Data Engineer,Data Engineer,Sudan,Full-time,False,lukebarousse/data_jobs,5
1599,Data Engineer,C2FO,"Kansas City, MO","Title short: Data Engineer. Schedule: Full-time. Remote: False. Country: United States. Skills: airflow, aws, flow, python, redshift, spark, sql, sql server.",airflow;aws;flow;python;redshift;spark;sql;sql server,data_engineering,general_data_engineering,Data Engineer,Data Engineer,United States,Full-time,False,lukebarousse/data_jobs,8
1600,Senior Cloud Data Engineer - Search,EDWARD JONES,"Devils Elbow, MO","Title short: Senior Data Engineer. Schedule: Full-time. Remote: False. Country: United States. Skills: azure, python.",azure;python,data_engineering,general_data_engineering,Senior Cloud Data Engineer - Search,Senior Data Engineer,United States,Full-time,False,lukebarousse/data_jobs,2
1601,Data Engineer || Full Time || USC or GC only || Remote,ParadigmIT,Anywhere,"Title short: Data Engineer. Schedule: Full-time. Remote: True. Country: United States. Skills: github, snowflake, tableau.",github;snowflake;tableau,data_engineering,general_data_engineering,Data Engineer || Full Time || USC or GC only || Remote,Data Engineer,United States,Full-time,True,lukebarousse/data_jobs,3
1602,Sr. Data Engineer,Deloitte,"Dallas, TX","Title short: Data Engineer. Schedule: Full-time. Remote: False. Country: United States. Skills: airflow, aws, azure, docker, jenkins, kafka, kubernetes, nosql, python, shell, spark, sql.",airflow;aws;azure;docker;jenkins;kafka;kubernetes;nosql;python;shell;spark;sql,data_engineering,general_data_engineering,Sr. Data Engineer,Data Engineer,United States,Full-time,False,lukebarousse/data_jobs,12
1603,Azure Data Engineer,QATOS,"San Ramon, CA","Title short: Data Engineer. Schedule: Full-time. Remote: False. Country: United States. Skills: ansible, azure, databricks, power bi, pyspark, python, sql.",ansible;azure;databricks;power bi;pyspark;python;sql,data_engineering,general_data_engineering,Azure Data Engineer,Data Engineer,United States,Full-time,False,lukebarousse/data_jobs,7
1604,Senior Data Engineer - Internationally-Based Applicants,Toptal,Anywhere,"Title short: Senior Data Engineer. Schedule: Full-time. Remote: True. Country: Ukraine. Skills: airflow, bigquery, pandas, python, scala, sql.",airflow;bigquery;pandas;python;scala;sql,data_engineering,general_data_engineering,Senior Data Engineer - Internationally-Based Applicants,Senior Data Engineer,Ukraine,Full-time,True,lukebarousse/data_jobs,6
1605,Data Engineer,Insight Global,"Boston, MA","Title short: Data Engineer. Schedule: Full-time. Remote: False. Country: United States. Skills: aurora, aws, postgresql, pyspark, python, redshift.",aurora;aws;postgresql;pyspark;python;redshift,data_engineering,general_data_engineering,Data Engineer,Data Engineer,United States,Full-time,False,lukebarousse/data_jobs,6
1606,"Data Engineer, Quantitative Strategy",GovTech Singapore,Singapore,"Title short: Data Engineer. Schedule: Full-time. Remote: False. Country: Singapore. Skills: airflow, aws, azure, bash, docker, git, hadoop, kafka, kubernetes, mongodb, neo4j, python, shell, spark, sql, ssis, terraform.",airflow;aws;azure;bash;docker;git;hadoop;kafka;kubernetes;mongodb;neo4j;python;shell;spark;sql;ssis;terraform,data_engineering,general_data_engineering,"Data Engineer, Quantitative Strategy",Data Engineer,Singapore,Full-time,False,lukebarousse/data_jobs,17
1607,Data Engineer H/F,Proxiel,"Levallois-Perret, France","Title short: Data Engineer. Schedule: Full-time. Remote: False. Country: France. Skills: gcp, pyspark, python.",gcp;pyspark;python,data_engineering,general_data_engineering,Data Engineer H/F,Data Engineer,France,Full-time,False,lukebarousse/data_jobs,3
1608,Data Engineer,Global Job Services,Hong Kong,"Title short: Data Engineer. Schedule: Full-time. Remote: False. Country: Hong Kong. Skills: aws, databricks, kafka, mongodb, nosql, python, spark, sql.",aws;databricks;kafka;mongodb;nosql;python;spark;sql,data_engineering,general_data_engineering,Data Engineer,Data Engineer,Hong Kong,Full-time,False,lukebarousse/data_jobs,8
1609,Data Engineer,Crown Equipment,"Troy, OH","Title short: Data Engineer. Schedule: Full-time. Remote: False. Country: United States. Skills: aws, dynamodb, mysql, nosql, redshift, sql.",aws;dynamodb;mysql;nosql;redshift;sql,data_engineering,general_data_engineering,Data Engineer,Data Engineer,United States,Full-time,False,lukebarousse/data_jobs,6
1610,"Data Engineer, Analytics",Spokeo,Anywhere,"Title short: Data Engineer. Schedule: Full-time. Remote: True. Country: United States. Skills: aws, hadoop, nosql, python, redshift, ruby, spark, sql.",aws;hadoop;nosql;python;redshift;ruby;spark;sql,data_engineering,general_data_engineering,"Data Engineer, Analytics",Data Engineer,United States,Full-time,True,lukebarousse/data_jobs,8
1611,Data Engineer,HAN IT Staffing,"Iselin, NJ","Title short: Data Engineer. Schedule: Full-time. Remote: False. Country: United States. Skills: bash, pyspark, python, shell, spark, sql.",bash;pyspark;python;shell;spark;sql,data_engineering,general_data_engineering,Data Engineer,Data Engineer,United States,Full-time,False,lukebarousse/data_jobs,6
1612,Data Engineer,Epical,"Espoo, Finland","Title short: Data Engineer. Schedule: Full-time. Remote: False. Country: Finland. Skills: azure, power bi, ssis.",azure;power bi;ssis,data_engineering,general_data_engineering,Data Engineer,Data Engineer,Finland,Full-time,False,lukebarousse/data_jobs,3
1613,Data analyst/Data Engineer,Сэльвин,"Minsk, Belarus","Title short: Data Engineer. Schedule: Full-time. Remote: False. Country: Belarus. Skills: airflow, dax, docker, git, gitlab, mysql, nosql, pandas, postgresql, python, sql, sql server, tableau, typescript.",airflow;dax;docker;git;gitlab;mysql;nosql;pandas;postgresql;python;sql;sql server;tableau;typescript,data_engineering,general_data_engineering,Data analyst/Data Engineer,Data Engineer,Belarus,Full-time,False,lukebarousse/data_jobs,14
1614,Senior Data Engineer (remote),Ford Motor Company,Anywhere,"Title short: Senior Data Engineer. Schedule: Full-time. Remote: True. Country: United States. Skills: gcp, kafka.",gcp;kafka,data_engineering,general_data_engineering,Senior Data Engineer (remote),Senior Data Engineer,United States,Full-time,True,lukebarousse/data_jobs,2
1615,Data Engineer,Nexus Staff Inc.,"New York, NY","Title short: Data Engineer. Schedule: Full-time and Contractor. Remote: False. Country: United States. Skills: aws, azure, bigquery, c#, docker, gcp, git, graphql, java, jenkins, jira, kafka, kubernetes, mysql, power bi, python, redshift, scala, snowflake, spark.",aws;azure;bigquery;c#;docker;gcp;git;graphql;java;jenkins;jira;kafka;kubernetes;mysql;power bi;python;redshift;scala;snowflake;spark,data_engineering,general_data_engineering,Data Engineer,Data Engineer,United States,Full-time and Contractor,False,lukebarousse/data_jobs,20
1616,GCP Data Engineer/Data Architect,NTT DATA Italia,"Salerno, SA, Italy","Title short: Data Engineer. Schedule: Full-time. Remote: False. Country: Italy. Skills: bigquery, gcp, hadoop, sql.",bigquery;gcp;hadoop;sql,data_engineering,general_data_engineering,GCP Data Engineer/Data Architect,Data Engineer,Italy,Full-time,False,lukebarousse/data_jobs,4
1617,Principal Data Engineer,Citizens,"Johnston, RI","Title short: Data Engineer. Schedule: Full-time. Remote: False. Country: United States. Skills: aws, bash, c, c++, golang, java, javascript, jenkins, linux, ruby.",aws;bash;c;c++;golang;java;javascript;jenkins;linux;ruby,data_engineering,general_data_engineering,Principal Data Engineer,Data Engineer,United States,Full-time,False,lukebarousse/data_jobs,10
1618,Data Engineer - Remote,Turing,Anywhere,"Title short: Data Engineer. Schedule: Full-time. Remote: True. Country: Guyana. Skills: airflow, aws, bigquery, kafka, postgresql, python, redshift, snowflake, spark, sql.",airflow;aws;bigquery;kafka;postgresql;python;redshift;snowflake;spark;sql,data_engineering,general_data_engineering,Data Engineer - Remote,Data Engineer,Guyana,Full-time,True,lukebarousse/data_jobs,10
1619,Big Data Engineer (Various Levels) - Only W2 & One Man Corp for C2C,Open Systems Inc.,Anywhere,"Title short: Data Engineer. Schedule: Contractor. Remote: True. Country: United States. Skills: aws, azure, bigquery, cassandra, databricks, gcp, git, hadoop, kafka, nosql, python, scala, shell, snowflake, spark, sql, unity.",aws;azure;bigquery;cassandra;databricks;gcp;git;hadoop;kafka;nosql;python;scala;shell;snowflake;spark;sql;unity,data_engineering,general_data_engineering,Big Data Engineer (Various Levels) - Only W2 & One Man Corp for C2C,Data Engineer,United States,Contractor,True,lukebarousse/data_jobs,17
1620,Data engineer,NLB Services,"Plano, TX","Title short: Data Engineer. Schedule: Full-time. Remote: False. Country: United States. Skills: aws, databricks, python, spark, sql.",aws;databricks;python;spark;sql,data_engineering,general_data_engineering,Data engineer,Data Engineer,United States,Full-time,False,lukebarousse/data_jobs,5
1621,Data Engineer,WEX,"Dallas, TX","Title short: Data Engineer. Schedule: Full-time. Remote: False. Country: United States. Skills: go, pyspark, python, spark.",go;pyspark;python;spark,data_engineering,general_data_engineering,Data Engineer,Data Engineer,United States,Full-time,False,lukebarousse/data_jobs,4
1622,Data engineer manufacturing (H/F),Cofabrik RH,France,"Title short: Data Engineer. Schedule: Full-time. Remote: False. Country: France. Skills: git, sql.",git;sql,data_engineering,general_data_engineering,Data engineer manufacturing (H/F),Data Engineer,France,Full-time,False,lukebarousse/data_jobs,2
1623,Senior Data Engineer,Mercedes-Benz Research and Development India Private Limited,"Bengaluru, Karnataka, India","Title short: Senior Data Engineer. Schedule: Full-time. Remote: False. Country: India. Skills: azure, databricks, pyspark.",azure;databricks;pyspark,data_engineering,general_data_engineering,Senior Data Engineer,Senior Data Engineer,India,Full-time,False,lukebarousse/data_jobs,3
1624,"Senior Data Engineer =Bigdata – Hadoop, Spark, Scala (8+ years...",Tata Consultancy Services,"Mumbai, Maharashtra, India","Title short: Senior Data Engineer. Schedule: Full-time. Remote: False. Country: India. Skills: aws, bitbucket, git, hadoop, java, jenkins, linux, python, scala, spark, spring, sql.",aws;bitbucket;git;hadoop;java;jenkins;linux;python;scala;spark;spring;sql,data_engineering,general_data_engineering,"Senior Data Engineer =Bigdata – Hadoop, Spark, Scala (8+ years...",Senior Data Engineer,India,Full-time,False,lukebarousse/data_jobs,12
1625,Data Engineer Process Trainee,Ameriprise,"Gurugram, Haryana, India","Title short: Data Engineer. Schedule: Full-time. Remote: False. Country: India. Skills: aws, excel, linux, power bi, powerpoint, sql, tableau, vba, word.",aws;excel;linux;power bi;powerpoint;sql;tableau;vba;word,data_engineering,general_data_engineering,Data Engineer Process Trainee,Data Engineer,India,Full-time,False,lukebarousse/data_jobs,9
1626,Data Engineer,"ClifyX, INC",New Jersey,"Title short: Data Engineer. Schedule: Full-time. Remote: False. Country: Sudan. Skills: azure, databricks, hadoop, kafka, pyspark, python, scala, spark, sql.",azure;databricks;hadoop;kafka;pyspark;python;scala;spark;sql,data_engineering,general_data_engineering,Data Engineer,Data Engineer,Sudan,Full-time,False,lukebarousse/data_jobs,9
1627,Data Engineer-IBM Datastage/Oracle SQL Developer,Tata Consultancy Services,"Dallas, TX","Title short: Data Engineer. Schedule: Full-time. Remote: False. Country: Sudan. Skills: oracle, sql.",oracle;sql,data_engineering,general_data_engineering,Data Engineer-IBM Datastage/Oracle SQL Developer,Data Engineer,Sudan,Full-time,False,lukebarousse/data_jobs,2
1628,Senior Data Engineer,Verastar,"Manchester, UK","Title short: Senior Data Engineer. Schedule: Full-time. Remote: False. Country: United Kingdom. Skills: azure, power bi, python, sql, sql server, ssis.",azure;power bi;python;sql;sql server;ssis,data_engineering,general_data_engineering,Senior Data Engineer,Senior Data Engineer,United Kingdom,Full-time,False,lukebarousse/data_jobs,6
1629,Data Engineer,Emerald Publishing,Anywhere,"Title short: Data Engineer. Schedule: Full-time. Remote: True. Country: United Kingdom. Skills: azure, c#, dart, databricks, hadoop, mysql, postgresql, powershell, python, sql, sql server, ssis.",azure;c#;dart;databricks;hadoop;mysql;postgresql;powershell;python;sql;sql server;ssis,data_engineering,general_data_engineering,Data Engineer,Data Engineer,United Kingdom,Full-time,True,lukebarousse/data_jobs,12
1630,Data Engineer - Remote,Fox World Travel,Anywhere,"Title short: Data Engineer. Schedule: Full-time. Remote: True. Country: United States. Skills: assembly, mysql, sql.",assembly;mysql;sql,data_engineering,general_data_engineering,Data Engineer - Remote,Data Engineer,United States,Full-time,True,lukebarousse/data_jobs,3
1631,Data Engineer F/H,La Poste,"Saint-Denis, France","Title short: Data Engineer. Schedule: Full-time. Remote: False. Country: France. Skills: oracle, python, sas, sql, unix, windows.",oracle;python;sas;sql;unix;windows,data_engineering,general_data_engineering,Data Engineer F/H,Data Engineer,France,Full-time,False,lukebarousse/data_jobs,6
1632,Data Engineer: Support Analyst & Report Developer,Megan Förg Consulting,"Cape Town, South Africa","Title short: Data Engineer. Schedule: Full-time. Remote: False. Country: South Africa. Skills: alteryx, redshift, sql, tableau.",alteryx;redshift;sql;tableau,data_engineering,general_data_engineering,Data Engineer: Support Analyst & Report Developer,Data Engineer,South Africa,Full-time,False,lukebarousse/data_jobs,4
1633,DATA ENGINEER EXPERIMENTE,OPPBTP,"Boulogne-Billancourt, France","Title short: Data Engineer. Schedule: Full-time. Remote: False. Country: France. Skills: python, spark.",python;spark,data_engineering,general_data_engineering,DATA ENGINEER EXPERIMENTE,Data Engineer,France,Full-time,False,lukebarousse/data_jobs,2
1634,"Data Engineer, Network Design Analytics",Amazon Europe Core,Belgium,"Title short: Data Engineer. Schedule: Full-time. Remote: False. Country: Belgium. Skills: aws, hadoop, java, python, scala, spark, sql, ssis, typescript.",aws;hadoop;java;python;scala;spark;sql;ssis;typescript,data_engineering,general_data_engineering,"Data Engineer, Network Design Analytics",Data Engineer,Belgium,Full-time,False,lukebarousse/data_jobs,9
1635,Data Engineer,Feldschlösschen Getränke AG,Anywhere,"Title short: Data Engineer. Schedule: Full-time. Remote: True. Country: Switzerland. Skills: aws, azure, databricks, power bi, python, sql.",aws;azure;databricks;power bi;python;sql,data_engineering,general_data_engineering,Data Engineer,Data Engineer,Switzerland,Full-time,True,lukebarousse/data_jobs,6
1636,Senior Data Engineer,Intelletec,"San Mateo, CA","Title short: Senior Data Engineer. Schedule: Full-time. Remote: False. Country: Sudan. Skills: aws, python.",aws;python,data_engineering,general_data_engineering,Senior Data Engineer,Senior Data Engineer,Sudan,Full-time,False,lukebarousse/data_jobs,2
1637,Data Engineer,Mutually Human,"Ada, OK","Title short: Data Engineer. Schedule: Full-time. Remote: False. Country: United States. Skills: aws, azure, databricks, docker, gcp, hadoop, java, kubernetes, nosql, python, pytorch, scala, scikit-learn, snowflake, spark, sql, tensorflow.",aws;azure;databricks;docker;gcp;hadoop;java;kubernetes;nosql;python;pytorch;scala;scikit-learn;snowflake;spark;sql;tensorflow,data_engineering,general_data_engineering,Data Engineer,Data Engineer,United States,Full-time,False,lukebarousse/data_jobs,17
1638,Senior Data Engineer,Bayzat,Anywhere,"Title short: Senior Data Engineer. Schedule: Full-time. Remote: True. Country: India. Skills: airflow, bigquery, python, scala, sql.",airflow;bigquery;python;scala;sql,data_engineering,general_data_engineering,Senior Data Engineer,Senior Data Engineer,India,Full-time,True,lukebarousse/data_jobs,5
1639,Data Engineer,Hott Source,"London, UK","Title short: Data Engineer. Schedule: Full-time. Remote: False. Country: United Kingdom. Skills: aws, azure, gcp, python, sql.",aws;azure;gcp;python;sql,data_engineering,general_data_engineering,Data Engineer,Data Engineer,United Kingdom,Full-time,False,lukebarousse/data_jobs,5
1640,GCP Data Engineer,Quess IT Staffing,"Hyderabad, Telangana, India","Title short: Data Engineer. Schedule: Full-time. Remote: False. Country: India. Skills: airflow, bigquery, gcp, sql.",airflow;bigquery;gcp;sql,data_engineering,general_data_engineering,GCP Data Engineer,Data Engineer,India,Full-time,False,lukebarousse/data_jobs,4
1641,Data Engineer,Buscojobs Direct ZA,"Cape Town, South Africa","Title short: Data Engineer. Schedule: Full-time. Remote: False. Country: South Africa. Skills: java, linux, sheets, sql.",java;linux;sheets;sql,data_engineering,general_data_engineering,Data Engineer,Data Engineer,South Africa,Full-time,False,lukebarousse/data_jobs,4
1642,Senior Data Engineer,Inspari A/S,"Lystrup, Denmark","Title short: Senior Data Engineer. Schedule: Full-time. Remote: False. Country: Denmark. Skills: azure, python, sql, sql server, ssis.",azure;python;sql;sql server;ssis,data_engineering,general_data_engineering,Senior Data Engineer,Senior Data Engineer,Denmark,Full-time,False,lukebarousse/data_jobs,5
1643,Data Engineer Jr,CFOTech,"Buenos Aires, Argentina","Title short: Data Engineer. Schedule: Full-time. Remote: False. Country: Argentina. Skills: angular, aws, oracle, sap, sql, tableau.",angular;aws;oracle;sap;sql;tableau,data_engineering,general_data_engineering,Data Engineer Jr,Data Engineer,Argentina,Full-time,False,lukebarousse/data_jobs,6
1644,Data Engineer,FirstParty,Anywhere,"Title short: Data Engineer. Schedule: Full-time. Remote: True. Country: United States. Skills: airflow, aws, ggplot2, linux, looker, matplotlib, plotly, python, r, sql, tableau.",airflow;aws;ggplot2;linux;looker;matplotlib;plotly;python;r;sql;tableau,data_engineering,general_data_engineering,Data Engineer,Data Engineer,United States,Full-time,True,lukebarousse/data_jobs,11
1645,Data Engineer,Sovereign Housing Association,"Basingstoke, UK","Title short: Data Engineer. Schedule: Full-time. Remote: False. Country: United Kingdom. Skills: azure, python, sql, t-sql.",azure;python;sql;t-sql,data_engineering,general_data_engineering,Data Engineer,Data Engineer,United Kingdom,Full-time,False,lukebarousse/data_jobs,4
1646,Senior Data Engineer,REACH,"Brasília - Brasilia, Federal District, Brazil","Title short: Senior Data Engineer. Schedule: Full-time. Remote: False. Country: Brazil. Skills: aws, codecommit, databricks, dynamodb, elasticsearch, hadoop, mysql, nosql, postgresql, pyspark, redis, spark, terraform.",aws;codecommit;databricks;dynamodb;elasticsearch;hadoop;mysql;nosql;postgresql;pyspark;redis;spark;terraform,data_engineering,general_data_engineering,Senior Data Engineer,Senior Data Engineer,Brazil,Full-time,False,lukebarousse/data_jobs,13
1647,Senior Data Engineer,Luxoft,Anywhere,"Title short: Senior Data Engineer. Schedule: Full-time. Remote: True. Country: Poland. Skills: azure, databricks, jupyter, pyspark, python, sql.",azure;databricks;jupyter;pyspark;python;sql,data_engineering,general_data_engineering,Senior Data Engineer,Senior Data Engineer,Poland,Full-time,True,lukebarousse/data_jobs,6
1648,Snowflake Data Engineer (Remote),Shift F5 Limited,United Kingdom,"Title short: Data Engineer. Schedule: Full-time. Remote: False. Country: United Kingdom. Skills: python, pytorch, scala, snowflake, sql, tensorflow.",python;pytorch;scala;snowflake;sql;tensorflow,data_engineering,general_data_engineering,Snowflake Data Engineer (Remote),Data Engineer,United Kingdom,Full-time,False,lukebarousse/data_jobs,6
1649,Data Engineer,GSK,"Dedham, MA","Title short: Data Engineer. Schedule: Full-time. Remote: False. Country: United States. Skills: ansible, azure, c++, elasticsearch, fastapi, go, jenkins, jira, kafka, kubernetes, python, react, scala, spark, splunk, terraform.",ansible;azure;c++;elasticsearch;fastapi;go;jenkins;jira;kafka;kubernetes;python;react;scala;spark;splunk;terraform,data_engineering,general_data_engineering,Data Engineer,Data Engineer,United States,Full-time,False,lukebarousse/data_jobs,16
1650,Data Engineer Consultant (Clearance Required),Deloitte,"Arlington, VA","Title short: Data Engineer. Schedule: Full-time. Remote: False. Country: Sudan. Skills: assembly, azure, databricks, python, sql.",assembly;azure;databricks;python;sql,data_engineering,general_data_engineering,Data Engineer Consultant (Clearance Required),Data Engineer,Sudan,Full-time,False,lukebarousse/data_jobs,5
1651,Data Engineer - Remote,Quad,Anywhere,"Title short: Data Engineer. Schedule: Full-time. Remote: True. Country: United States. Skills: alteryx, pyspark, python, redshift, snowflake, sql, sql server, t-sql.",alteryx;pyspark;python;redshift;snowflake;sql;sql server;t-sql,data_engineering,general_data_engineering,Data Engineer - Remote,Data Engineer,United States,Full-time,True,lukebarousse/data_jobs,8
1652,Data Engineer,Kforce Inc,"Irving, TX","Title short: Data Engineer. Schedule: Contractor. Remote: False. Country: United States. Skills: cassandra, kafka, kubernetes, spark, sql.",cassandra;kafka;kubernetes;spark;sql,data_engineering,general_data_engineering,Data Engineer,Data Engineer,United States,Contractor,False,lukebarousse/data_jobs,5
1653,Senior Data Engineer Trust,Adevinta,"Barcelona, Spain","Title short: Senior Data Engineer. Schedule: Full-time. Remote: False. Country: Spain. Skills: airflow, aws, cassandra, kafka, kubernetes, nosql, redshift, spark.",airflow;aws;cassandra;kafka;kubernetes;nosql;redshift;spark,data_engineering,general_data_engineering,Senior Data Engineer Trust,Senior Data Engineer,Spain,Full-time,False,lukebarousse/data_jobs,8
1654,Data Engineer - Senior Consultant/Manager/Associate Director,KPMG China,Hong Kong,"Title short: Data Engineer. Schedule: Full-time. Remote: False. Country: Hong Kong. Skills: airflow, aws, azure, c++, databricks, java, kafka, python, sas, scala, sql.",airflow;aws;azure;c++;databricks;java;kafka;python;sas;scala;sql,data_engineering,general_data_engineering,Data Engineer - Senior Consultant/Manager/Associate Director,Data Engineer,Hong Kong,Full-time,False,lukebarousse/data_jobs,11
1655,Lead Data Platform Engineer,Lloyds Banking Group,"Bristol, UK","Title short: Data Engineer. Schedule: Full-time. Remote: False. Country: United Kingdom. Skills: c#, gcp, python, sql.",c#;gcp;python;sql,data_engineering,general_data_engineering,Lead Data Platform Engineer,Data Engineer,United Kingdom,Full-time,False,lukebarousse/data_jobs,4
1656,Machine Translation Data Engineer,MindSource,"Seattle, WA","Title short: Data Engineer. Schedule: nan. Remote: False. Country: United States. Skills: java, python, spark.",java;python;spark,data_engineering,general_data_engineering,Machine Translation Data Engineer,Data Engineer,United States,,False,lukebarousse/data_jobs,3
1657,Data Engineer 80-100% (w/m/d),Medgate Schweiz,"Basel, Switzerland","Title short: Data Engineer. Schedule: Full-time. Remote: False. Country: Switzerland. Skills: airflow, aws, azure, databricks, git, power bi, sql, tableau.",airflow;aws;azure;databricks;git;power bi;sql;tableau,data_engineering,general_data_engineering,Data Engineer 80-100% (w/m/d),Data Engineer,Switzerland,Full-time,False,lukebarousse/data_jobs,8
1658,"Expert, Data Engineering (40000062)",Techcombank (TCB),"Hanoi, Hoàn Kiếm, Hanoi, Vietnam","Title short: Data Engineer. Schedule: Full-time. Remote: False. Country: Vietnam. Skills: hadoop, java, kafka, kotlin, nosql, python, r, rust, scala, spark, sql, tableau.",hadoop;java;kafka;kotlin;nosql;python;r;rust;scala;spark;sql;tableau,data_engineering,general_data_engineering,"Expert, Data Engineering (40000062)",Data Engineer,Vietnam,Full-time,False,lukebarousse/data_jobs,12
1659,Lead Analyst- Finance Data Engineering – SAP FICO,Eaton,"Galesburg, MI","Title short: Data Engineer. Schedule: Full-time. Remote: False. Country: United States. Skills: alteryx, java, power bi, python, qlik, r, sap, sql, tableau.",alteryx;java;power bi;python;qlik;r;sap;sql;tableau,data_engineering,general_data_engineering,Lead Analyst- Finance Data Engineering – SAP FICO,Data Engineer,United States,Full-time,False,lukebarousse/data_jobs,9
1660,Data Engineer - Outils de pilotages & reporting (IT) / Freelance,Free-Work (ex Freelance-info Carriere-info),France,"Title short: Data Engineer. Schedule: Full-time. Remote: False. Country: France. Skills: alteryx, chef, tableau.",alteryx;chef;tableau,data_engineering,general_data_engineering,Data Engineer - Outils de pilotages & reporting (IT) / Freelance,Data Engineer,France,Full-time,False,lukebarousse/data_jobs,3
1661,Data Engineer - Downstream Integration,Bristol Myers Squibb,"Tampa, FL","Title short: Data Engineer. Schedule: Full-time. Remote: False. Country: Sudan. Skills: aws, azure, excel, javascript, nosql, python, sql.",aws;azure;excel;javascript;nosql;python;sql,data_engineering,general_data_engineering,Data Engineer - Downstream Integration,Data Engineer,Sudan,Full-time,False,lukebarousse/data_jobs,7
1662,Data Engineer - (East | Hybrid | up to 11k),Tyson Jay,Singapore,"Title short: Data Engineer. Schedule: Full-time. Remote: False. Country: Singapore. Skills: airflow, aws, databricks, datarobot, elasticsearch, kafka, looker, nosql, postgresql, redis, spark, sql, tableau.",airflow;aws;databricks;datarobot;elasticsearch;kafka;looker;nosql;postgresql;redis;spark;sql;tableau,data_engineering,general_data_engineering,Data Engineer - (East | Hybrid | up to 11k),Data Engineer,Singapore,Full-time,False,lukebarousse/data_jobs,13
1663,Data Engineer,PBT Group,"Cape Town, South Africa","Title short: Data Engineer. Schedule: Full-time. Remote: False. Country: South Africa. Skills: aws, c#, db2, dynamodb, f#, hadoop, java, python, r, sas, scala, sql, ssis, ssrs.",aws;c#;db2;dynamodb;f#;hadoop;java;python;r;sas;scala;sql;ssis;ssrs,data_engineering,general_data_engineering,Data Engineer,Data Engineer,South Africa,Full-time,False,lukebarousse/data_jobs,14
1664,Senior Data Engineer,Capital One,"McLean, VA","Title short: Senior Data Engineer. Schedule: Full-time. Remote: False. Country: United States. Skills: aws, azure, cassandra, hadoop, java, kafka, mongo, mysql, nosql, python, redshift, scala, shell, snowflake, spark, sql.",aws;azure;cassandra;hadoop;java;kafka;mongo;mysql;nosql;python;redshift;scala;shell;snowflake;spark;sql,data_engineering,general_data_engineering,Senior Data Engineer,Senior Data Engineer,United States,Full-time,False,lukebarousse/data_jobs,16
1665,Senior Data Engineers,System One,"Cincinnati, OH","Title short: Senior Data Engineer. Schedule: Full-time. Remote: False. Country: United States. Skills: aws, azure, databricks, power bi, pyspark, python, snowflake, sql, t-sql, tableau.",aws;azure;databricks;power bi;pyspark;python;snowflake;sql;t-sql;tableau,data_engineering,general_data_engineering,Senior Data Engineers,Senior Data Engineer,United States,Full-time,False,lukebarousse/data_jobs,10
1666,Data Engineer,Bytesfarms Technologies,"Indore, Madhya Pradesh, India","Title short: Data Engineer. Schedule: Full-time. Remote: False. Country: India. Skills: airflow, bigquery, flow, gcp, python, sql.",airflow;bigquery;flow;gcp;python;sql,data_engineering,general_data_engineering,Data Engineer,Data Engineer,India,Full-time,False,lukebarousse/data_jobs,6
1667,Data Engineer,Gravity IT Resources,Anywhere,"Title short: Data Engineer. Schedule: Full-time. Remote: True. Country: United States. Skills: airflow, python, snowflake, sql.",airflow;python;snowflake;sql,data_engineering,general_data_engineering,Data Engineer,Data Engineer,United States,Full-time,True,lukebarousse/data_jobs,4
1668,"Data Engineer -Hybrid at Dallas, TX- Need locals",Cerebra IT Services Private Limited,"Dallas, TX","Title short: Data Engineer. Schedule: Full-time and Temp work. Remote: False. Country: United States. Skills: gcp, hadoop, java, oracle, power bi, python, react, scala, spark, tableau.",gcp;hadoop;java;oracle;power bi;python;react;scala;spark;tableau,data_engineering,general_data_engineering,"Data Engineer -Hybrid at Dallas, TX- Need locals",Data Engineer,United States,Full-time and Temp work,False,lukebarousse/data_jobs,10
1669,Sr. Data Engineer - Remote,Symetra,Anywhere,"Title short: Data Engineer. Schedule: Full-time. Remote: True. Country: United States. Skills: aws, powershell, sql, sql server, windows.",aws;powershell;sql;sql server;windows,data_engineering,general_data_engineering,Sr. Data Engineer - Remote,Data Engineer,United States,Full-time,True,lukebarousse/data_jobs,5
1670,Data Engineer,JULO,"Jakarta, Indonesia","Title short: Data Engineer. Schedule: Full-time. Remote: False. Country: Indonesia. Skills: airflow, aws, azure, gcp, hadoop, java, kafka, postgresql, python, redshift, spark, sql.",airflow;aws;azure;gcp;hadoop;java;kafka;postgresql;python;redshift;spark;sql,data_engineering,general_data_engineering,Data Engineer,Data Engineer,Indonesia,Full-time,False,lukebarousse/data_jobs,12
1671,Data Engineer Teradata H/F,LCL,"Bréançon, France","Title short: Data Engineer. Schedule: Full-time. Remote: False. Country: France. Skills: git, jira, qlik, sql, unix.",git;jira;qlik;sql;unix,data_engineering,general_data_engineering,Data Engineer Teradata H/F,Data Engineer,France,Full-time,False,lukebarousse/data_jobs,5
1672,TV zoekt Data Engineers,Netflix,"Amsterdam, Netherlands","Title short: Data Engineer. Schedule: Full-time. Remote: False. Country: Netherlands. Skills: python, spark, sql.",python;spark;sql,data_engineering,general_data_engineering,TV zoekt Data Engineers,Data Engineer,Netherlands,Full-time,False,lukebarousse/data_jobs,3
1673,Data Engineer with Active TS/SCI Poly,AceStack LLC,"Chantilly, VA","Title short: Data Engineer. Schedule: Full-time. Remote: False. Country: United States. Skills: aws, git, java, linux, nosql, python, r, scala, sql, unix.",aws;git;java;linux;nosql;python;r;scala;sql;unix,data_engineering,general_data_engineering,Data Engineer with Active TS/SCI Poly,Data Engineer,United States,Full-time,False,lukebarousse/data_jobs,10
1674,Senior Data Engineer,Etiya,"İstanbul, Türkiye","Title short: Senior Data Engineer. Schedule: Full-time. Remote: False. Country: Turkey. Skills: aws, flow, gdpr, kafka, kubernetes, nosql, oracle, postgresql, python, sap, sql, ssis, t-sql, tableau.",aws;flow;gdpr;kafka;kubernetes;nosql;oracle;postgresql;python;sap;sql;ssis;t-sql;tableau,data_engineering,general_data_engineering,Senior Data Engineer,Senior Data Engineer,Turkey,Full-time,False,lukebarousse/data_jobs,14
1675,Principal Data Engineer Python Java Trading Analytics New York,Joseph Harry,"New York, NY","Title short: Data Engineer. Schedule: Full-time. Remote: False. Country: United States. Skills: aws, azure, gcp, java, kafka, python, spark.",aws;azure;gcp;java;kafka;python;spark,data_engineering,general_data_engineering,Principal Data Engineer Python Java Trading Analytics New York,Data Engineer,United States,Full-time,False,lukebarousse/data_jobs,7
1676,Data Engineer,StaffHost Europe,"Stavanger, Norway","Title short: Data Engineer. Schedule: Full-time. Remote: False. Country: Norway. Skills: azure, java, mysql, oracle, perl, python, sql.",azure;java;mysql;oracle;perl;python;sql,data_engineering,general_data_engineering,Data Engineer,Data Engineer,Norway,Full-time,False,lukebarousse/data_jobs,7
1677,"Senior Data Engineer - SQL, Snowflake",CyberCoders,Anywhere,"Title short: Senior Data Engineer. Schedule: Full-time. Remote: True. Country: United States. Skills: aws, pandas, python, redshift, snowflake, sql.",aws;pandas;python;redshift;snowflake;sql,data_engineering,general_data_engineering,"Senior Data Engineer - SQL, Snowflake",Senior Data Engineer,United States,Full-time,True,lukebarousse/data_jobs,6
1678,Senior Data Engineer,Talenting Career Science,"London, UK","Title short: Senior Data Engineer. Schedule: Full-time. Remote: False. Country: United Kingdom. Skills: aws, azure, c, gcp, python, r, scala, spark, sql.",aws;azure;c;gcp;python;r;scala;spark;sql,data_engineering,general_data_engineering,Senior Data Engineer,Senior Data Engineer,United Kingdom,Full-time,False,lukebarousse/data_jobs,9
1679,Associate - Data Engineer,TIAA GBS India,"Mumbai, Maharashtra, India","Title short: Data Engineer. Schedule: Full-time. Remote: False. Country: India. Skills: aws, java, pyspark, python, snowflake, sql, sql server.",aws;java;pyspark;python;snowflake;sql;sql server,data_engineering,general_data_engineering,Associate - Data Engineer,Data Engineer,India,Full-time,False,lukebarousse/data_jobs,7
1680,(Mid/ Senior) Data Engineer,Dialectica,"Athens, Greece","Title short: Data Engineer. Schedule: Full-time. Remote: False. Country: Greece. Skills: aws, flow, python, sql.",aws;flow;python;sql,data_engineering,general_data_engineering,(Mid/ Senior) Data Engineer,Data Engineer,Greece,Full-time,False,lukebarousse/data_jobs,4
1681,"Principal Software Engineer, Cybersecurity (Sr. Data Engineer)",Walmart,"Bentonville, AR","Title short: Senior Data Engineer. Schedule: Full-time. Remote: False. Country: United States. Skills: airflow, cassandra, cobol, flow, git, hadoop, java, kafka, oracle, powershell, python, sap, sql.",airflow;cassandra;cobol;flow;git;hadoop;java;kafka;oracle;powershell;python;sap;sql,data_engineering,general_data_engineering,"Principal Software Engineer, Cybersecurity (Sr. Data Engineer)",Senior Data Engineer,United States,Full-time,False,lukebarousse/data_jobs,13
1682,Sr. Data Engineer,Insight Global,"Indianapolis, IN","Title short: Data Engineer. Schedule: Full-time. Remote: False. Country: United States. Skills: azure, git, powershell, snowflake, spark, sql.",azure;git;powershell;snowflake;spark;sql,data_engineering,general_data_engineering,Sr. Data Engineer,Data Engineer,United States,Full-time,False,lukebarousse/data_jobs,6
1683,Data Engineer Lead (6 to 10 Yrs.),Talent Networks Pvt. Ltd,"Pune, Maharashtra, India","Title short: Data Engineer. Schedule: Full-time. Remote: False. Country: India. Skills: azure, python.",azure;python,data_engineering,general_data_engineering,Data Engineer Lead (6 to 10 Yrs.),Data Engineer,India,Full-time,False,lukebarousse/data_jobs,2
1684,Data engineer - Entry level,HUMAN CAPITAL BV,"Amsterdam, Netherlands","Title short: Data Engineer. Schedule: Full-time. Remote: False. Country: Netherlands. Skills: docker, git, linux, python, sql.",docker;git;linux;python;sql,data_engineering,general_data_engineering,Data engineer - Entry level,Data Engineer,Netherlands,Full-time,False,lukebarousse/data_jobs,5
1685,Azure Data Engineer,Infosys,"Auckland, New Zealand","Title short: Data Engineer. Schedule: Full-time. Remote: False. Country: New Zealand. Skills: azure, python, sql.",azure;python;sql,data_engineering,general_data_engineering,Azure Data Engineer,Data Engineer,New Zealand,Full-time,False,lukebarousse/data_jobs,3
1686,Data Engineer,Robert Half,"San Jose, CA","Title short: Data Engineer. Schedule: nan. Remote: False. Country: United States. Skills: aws, git, jira, python, redshift, snowflake, sql, unix.",aws;git;jira;python;redshift;snowflake;sql;unix,data_engineering,general_data_engineering,Data Engineer,Data Engineer,United States,,False,lukebarousse/data_jobs,8
1687,Data Engineering Team Lead,Vito NV,"Mol, Belgium","Title short: Data Engineer. Schedule: Part-time. Remote: False. Country: Belgium. Skills: python, spark.",python;spark,data_engineering,general_data_engineering,Data Engineering Team Lead,Data Engineer,Belgium,Part-time,False,lukebarousse/data_jobs,2
1688,Staff Data Engineer,DoubleVerify,"Tel Aviv-Yafo, Israel","Title short: Data Engineer. Schedule: Full-time. Remote: False. Country: Israel. Skills: bigquery, databricks, docker, gcp, gitlab, java, kafka, kubernetes, python, scala, spark, sql.",bigquery;databricks;docker;gcp;gitlab;java;kafka;kubernetes;python;scala;spark;sql,data_engineering,general_data_engineering,Staff Data Engineer,Data Engineer,Israel,Full-time,False,lukebarousse/data_jobs,12
1689,Azure Data Engineer,hireful,"Bristol, UK","Title short: Data Engineer. Schedule: Full-time. Remote: False. Country: United Kingdom. Skills: azure, power bi, python, snowflake, sql, swift, tableau.",azure;power bi;python;snowflake;sql;swift;tableau,data_engineering,general_data_engineering,Azure Data Engineer,Data Engineer,United Kingdom,Full-time,False,lukebarousse/data_jobs,7
1690,Senior Data Engineer,AppsTek Corp,"Hyderabad, Telangana, India","Title short: Senior Data Engineer. Schedule: Full-time. Remote: False. Country: India. Skills: azure, git, github, sql, ssis.",azure;git;github;sql;ssis,data_engineering,general_data_engineering,Senior Data Engineer,Senior Data Engineer,India,Full-time,False,lukebarousse/data_jobs,5
1691,SQL Data Engineer,DISYS,Hungary,"Title short: Data Engineer. Schedule: Full-time. Remote: False. Country: Hungary. Skills: azure, github, html, power bi, python, snowflake, sql, sql server, ssis, tableau, windows.",azure;github;html;power bi;python;snowflake;sql;sql server;ssis;tableau;windows,data_engineering,general_data_engineering,SQL Data Engineer,Data Engineer,Hungary,Full-time,False,lukebarousse/data_jobs,11
1692,Data Platform Engineer,CertiK,"Shanghai, China","Title short: Data Engineer. Schedule: Full-time. Remote: False. Country: China. Skills: airflow, aws, azure, bash, bigquery, c++, databricks, git, golang, java, kafka, linux, mongodb, mysql, python, redis, redshift, snowflake, sql, tensorflow.",airflow;aws;azure;bash;bigquery;c++;databricks;git;golang;java;kafka;linux;mongodb;mysql;python;redis;redshift;snowflake;sql;tensorflow,data_engineering,general_data_engineering,Data Platform Engineer,Data Engineer,China,Full-time,False,lukebarousse/data_jobs,20
1693,Staff Data Engineer – Apache Spark (Java/Scala) (Bangkok based...,Agoda,"San Jose, CA","Title short: Data Engineer. Schedule: Full-time. Remote: False. Country: United States. Skills: golang, hadoop, java, linux, react, scala, spark, sql.",golang;hadoop;java;linux;react;scala;spark;sql,data_engineering,general_data_engineering,Staff Data Engineer – Apache Spark (Java/Scala) (Bangkok based...,Data Engineer,United States,Full-time,False,lukebarousse/data_jobs,8
1694,Lead Data Engineer – Azure,Harnham,"Amsterdam, Netherlands","Title short: Data Engineer. Schedule: Full-time. Remote: False. Country: Netherlands. Skills: aws, azure, gcp, hadoop, java, nosql, python, scala, spark, sql.",aws;azure;gcp;hadoop;java;nosql;python;scala;spark;sql,data_engineering,general_data_engineering,Lead Data Engineer – Azure,Data Engineer,Netherlands,Full-time,False,lukebarousse/data_jobs,10
1695,Senior Data Engineer(Need Ex- Walmart Consultants),CDRP Technologies,"Dallas, TX","Title short: Senior Data Engineer. Schedule: Contractor. Remote: False. Country: United States. Skills: airflow, aws, azure, bigquery, gcp, hadoop, kafka, python, scala, spark, sql.",airflow;aws;azure;bigquery;gcp;hadoop;kafka;python;scala;spark;sql,data_engineering,general_data_engineering,Senior Data Engineer(Need Ex- Walmart Consultants),Senior Data Engineer,United States,Contractor,False,lukebarousse/data_jobs,11
1696,Senior Data Engineer,DSV - Global Transport and Logistics,"Warsaw, Poland","Title short: Senior Data Engineer. Schedule: Full-time. Remote: False. Country: Poland. Skills: azure, databricks, dax, kafka, powershell, sql.",azure;databricks;dax;kafka;powershell;sql,data_engineering,general_data_engineering,Senior Data Engineer,Senior Data Engineer,Poland,Full-time,False,lukebarousse/data_jobs,6
1697,Senior Snowflake Data Engineer – Architect,Cognizant,"Riga, Latvia","Title short: Senior Data Engineer. Schedule: Full-time. Remote: False. Country: Latvia. Skills: aws, azure, gcp, snowflake, sql, tableau.",aws;azure;gcp;snowflake;sql;tableau,data_engineering,general_data_engineering,Senior Snowflake Data Engineer – Architect,Senior Data Engineer,Latvia,Full-time,False,lukebarousse/data_jobs,6
1698,"Data Engineer (AWS, Python, SQL)",DISYS Careers,"Durham, NC","Title short: Data Engineer. Schedule: Full-time. Remote: False. Country: United States. Skills: aws, oracle, snowflake.",aws;oracle;snowflake,data_engineering,general_data_engineering,"Data Engineer (AWS, Python, SQL)",Data Engineer,United States,Full-time,False,lukebarousse/data_jobs,3
1699,Senior Data Engineer,RBW Consulting,Anywhere,"Title short: Senior Data Engineer. Schedule: Full-time. Remote: True. Country: United States. Skills: python, sql.",python;sql,data_engineering,general_data_engineering,Senior Data Engineer,Senior Data Engineer,United States,Full-time,True,lukebarousse/data_jobs,2
1700,AWS Data Engineer II,Shift4,"Allentown, PA","Title short: Data Engineer. Schedule: Full-time. Remote: False. Country: Sudan. Skills: aws, confluence, excel, flow, jira, mysql, postgresql, pyspark, python, redshift, sql, sql server, t-sql.",aws;confluence;excel;flow;jira;mysql;postgresql;pyspark;python;redshift;sql;sql server;t-sql,data_engineering,general_data_engineering,AWS Data Engineer II,Data Engineer,Sudan,Full-time,False,lukebarousse/data_jobs,13
1701,Data Engineer,AT&T,"Bedminster, NJ","Title short: Data Engineer. Schedule: Contractor. Remote: False. Country: United States. Skills: azure, databricks, postgresql, pyspark, snowflake, spark.",azure;databricks;postgresql;pyspark;snowflake;spark,data_engineering,general_data_engineering,Data Engineer,Data Engineer,United States,Contractor,False,lukebarousse/data_jobs,6
1702,Data Engineer,JobDost,"Bengaluru, Karnataka, India","Title short: Data Engineer. Schedule: Full-time. Remote: False. Country: India. Skills: airflow, aurora, aws, git, hadoop, pyspark, python, selenium, spark, sql.",airflow;aurora;aws;git;hadoop;pyspark;python;selenium;spark;sql,data_engineering,general_data_engineering,Data Engineer,Data Engineer,India,Full-time,False,lukebarousse/data_jobs,10
1703,Data Engineer,RSA,"Horsham, UK","Title short: Data Engineer. Schedule: Full-time. Remote: False. Country: United Kingdom. Skills: azure, databricks, python, sql.",azure;databricks;python;sql,data_engineering,general_data_engineering,Data Engineer,Data Engineer,United Kingdom,Full-time,False,lukebarousse/data_jobs,4
1704,"Data Engineer, Analytics (Generalist)",Meta,"Des Moines, IA","Title short: Data Engineer. Schedule: Full-time. Remote: False. Country: United States. Skills: python, sql.",python;sql,data_engineering,general_data_engineering,"Data Engineer, Analytics (Generalist)",Data Engineer,United States,Full-time,False,lukebarousse/data_jobs,2
1705,Cyber Security Data Engineer,"Vertek Solutions, Inc.",Anywhere,"Title short: Data Engineer. Schedule: Full-time. Remote: True. Country: Sudan. Skills: airflow, sql.",airflow;sql,data_engineering,general_data_engineering,Cyber Security Data Engineer,Data Engineer,Sudan,Full-time,True,lukebarousse/data_jobs,2
1706,Azure Data Engineer,ACI World - Airports Council International,"Montreal, QC, Canada","Title short: Data Engineer. Schedule: Full-time. Remote: False. Country: Canada. Skills: azure, databricks, flow, java, power bi, python, spark, sql, sql server, ssis, ssrs, t-sql.",azure;databricks;flow;java;power bi;python;spark;sql;sql server;ssis;ssrs;t-sql,data_engineering,general_data_engineering,Azure Data Engineer,Data Engineer,Canada,Full-time,False,lukebarousse/data_jobs,12
1707,Data Engineer,Helm,"Washington, DC","Title short: Data Engineer. Schedule: Full-time. Remote: False. Country: United States. Skills: aws, elasticsearch, flow, java, kafka, python, sql.",aws;elasticsearch;flow;java;kafka;python;sql,data_engineering,general_data_engineering,Data Engineer,Data Engineer,United States,Full-time,False,lukebarousse/data_jobs,7
1708,Data Engineer,"Aroghia Group, LLC",Anywhere,"Title short: Data Engineer. Schedule: Contractor. Remote: True. Country: United States. Skills: docker, jenkins, kubernetes, python, spark, terraform.",docker;jenkins;kubernetes;python;spark;terraform,data_engineering,general_data_engineering,Data Engineer,Data Engineer,United States,Contractor,True,lukebarousse/data_jobs,6
1709,Senior Data Engineer,InterEx Group,Anywhere,"Title short: Senior Data Engineer. Schedule: Contractor. Remote: True. Country: United States. Skills: aws, docker, kubernetes, mysql, postgresql, python, redshift, snowflake, spark, sql.",aws;docker;kubernetes;mysql;postgresql;python;redshift;snowflake;spark;sql,data_engineering,general_data_engineering,Senior Data Engineer,Senior Data Engineer,United States,Contractor,True,lukebarousse/data_jobs,10
1710,Data Engineer,Sophinea Corporation,Anywhere,"Title short: Data Engineer. Schedule: Full-time. Remote: True. Country: United States. Skills: java, python, sql.",java;python;sql,data_engineering,general_data_engineering,Data Engineer,Data Engineer,United States,Full-time,True,lukebarousse/data_jobs,3
1711,Data Engineer Confirmé - Scala (F/H/X),AVIV Group,France,"Title short: Data Engineer. Schedule: Full-time. Remote: False. Country: France. Skills: airflow, aws, git, java, jenkins, kubernetes, python, redshift, scala, spark, sql.",airflow;aws;git;java;jenkins;kubernetes;python;redshift;scala;spark;sql,data_engineering,general_data_engineering,Data Engineer Confirmé - Scala (F/H/X),Data Engineer,France,Full-time,False,lukebarousse/data_jobs,11
1712,Data Engineer,WCF Insurance,"Sandy, UT","Title short: Data Engineer. Schedule: Full-time. Remote: False. Country: United States. Skills: postgresql, sql, sql server, ssis, t-sql.",postgresql;sql;sql server;ssis;t-sql,data_engineering,general_data_engineering,Data Engineer,Data Engineer,United States,Full-time,False,lukebarousse/data_jobs,5
1713,Data Engineer,Tata Consultancy Services,"Sunnyvale, CA","Title short: Data Engineer. Schedule: Full-time. Remote: False. Country: United States. Skills: python, snowflake, sql.",python;snowflake;sql,data_engineering,general_data_engineering,Data Engineer,Data Engineer,United States,Full-time,False,lukebarousse/data_jobs,3
1714,Senior Data Engineer / ETL Developer (SSIS),FNZ Group,"Brno, Czechia","Title short: Senior Data Engineer. Schedule: Full-time. Remote: False. Country: Czechia. Skills: sql, sql server, ssis.",sql;sql server;ssis,data_engineering,general_data_engineering,Senior Data Engineer / ETL Developer (SSIS),Senior Data Engineer,Czechia,Full-time,False,lukebarousse/data_jobs,3
1715,Senior Data Engineer,AWM,"Aliso Viejo, CA","Title short: Senior Data Engineer. Schedule: Full-time. Remote: False. Country: Sudan. Skills: gcp, power bi, python, sql, tableau.",gcp;power bi;python;sql;tableau,data_engineering,general_data_engineering,Senior Data Engineer,Senior Data Engineer,Sudan,Full-time,False,lukebarousse/data_jobs,5
1716,Sr. Data Engineer,MHK TECH INC,"Houston, TX","Title short: Data Engineer. Schedule: Contractor. Remote: False. Country: United States. Skills: aws, azure, docker, flow, gcp, hadoop, java, kafka, kubernetes, nosql, python, scala, spark, sql, yarn.",aws;azure;docker;flow;gcp;hadoop;java;kafka;kubernetes;nosql;python;scala;spark;sql;yarn,data_engineering,general_data_engineering,Sr. Data Engineer,Data Engineer,United States,Contractor,False,lukebarousse/data_jobs,15
1717,Data Engineer - Fast Moving Consumer Goods,NTT DATA Italia,"Rome, Metropolitan City of Rome Capital, Italy","Title short: Data Engineer. Schedule: Full-time. Remote: False. Country: Italy. Skills: azure, dax, power bi, qlik, sql, sql server.",azure;dax;power bi;qlik;sql;sql server,data_engineering,general_data_engineering,Data Engineer - Fast Moving Consumer Goods,Data Engineer,Italy,Full-time,False,lukebarousse/data_jobs,6
1718,Cloud Data Engineer Data Analytics,IBB,"Buxtehude, Germany","Title short: Cloud Engineer. Schedule: Full-time and Part-time. Remote: False. Country: Germany. Skills: azure, databricks, power bi, sql.",azure;databricks;power bi;sql,data_engineering,general_data_engineering,Cloud Data Engineer Data Analytics,Cloud Engineer,Germany,Full-time and Part-time,False,lukebarousse/data_jobs,4
1719,Data Engineer,Tower Group,"George, South Africa","Title short: Data Engineer. Schedule: Full-time. Remote: False. Country: South Africa. Skills: qlik, snowflake, sql.",qlik;snowflake;sql,data_engineering,general_data_engineering,Data Engineer,Data Engineer,South Africa,Full-time,False,lukebarousse/data_jobs,3
1720,Data Engineer,CONVIOUS,"Amsterdam, Netherlands","Title short: Data Engineer. Schedule: Full-time. Remote: False. Country: Netherlands. Skills: graphql, python, sql.",graphql;python;sql,data_engineering,general_data_engineering,Data Engineer,Data Engineer,Netherlands,Full-time,False,lukebarousse/data_jobs,3
1721,Data Engineer 資料工程師 (Microsoft Azure Platform),英屬維京群島商蔚藍雲數位科技股份有限公司台灣分公司,"Xinyi District, Taipei City, Taiwan","Title short: Data Engineer. Schedule: nan. Remote: False. Country: Taiwan. Skills: airflow, docker, hadoop, java, spark.",airflow;docker;hadoop;java;spark,data_engineering,general_data_engineering,Data Engineer 資料工程師 (Microsoft Azure Platform),Data Engineer,Taiwan,,False,lukebarousse/data_jobs,5
1722,Junior Python Developer / Data Engineer,Smart Design,"St Petersburg, Russia","Title short: Data Engineer. Schedule: Internship. Remote: False. Country: Russia. Skills: aws, centos, django, docker, fastapi, flask, gcp, kubernetes, mongo, mysql, numpy, pandas, postgresql, python, sql, ubuntu.",aws;centos;django;docker;fastapi;flask;gcp;kubernetes;mongo;mysql;numpy;pandas;postgresql;python;sql;ubuntu,data_engineering,general_data_engineering,Junior Python Developer / Data Engineer,Data Engineer,Russia,Internship,False,lukebarousse/data_jobs,16
1723,Data Engineer (Only W2),Torque Technologies LLC,"Deerfield Beach, FL","Title short: Data Engineer. Schedule: Contractor. Remote: False. Country: United States. Skills: azure, flow, go, mongo, python, sql.",azure;flow;go;mongo;python;sql,data_engineering,general_data_engineering,Data Engineer (Only W2),Data Engineer,United States,Contractor,False,lukebarousse/data_jobs,6
1724,Data Engineer,AbbVie,"Concord, NC","Title short: Data Engineer. Schedule: Full-time. Remote: False. Country: United States. Skills: aws, oracle, power bi, qlik, snowflake, tableau.",aws;oracle;power bi;qlik;snowflake;tableau,data_engineering,general_data_engineering,Data Engineer,Data Engineer,United States,Full-time,False,lukebarousse/data_jobs,6
1725,Data Engineer(Azure) 13+ Years Only (Full-Time),"Zodiac Solutions, Inc","Jersey City, NJ","Title short: Data Engineer. Schedule: Full-time. Remote: False. Country: United States. Skills: azure, java, pyspark, scala, spark.",azure;java;pyspark;scala;spark,data_engineering,general_data_engineering,Data Engineer(Azure) 13+ Years Only (Full-Time),Data Engineer,United States,Full-time,False,lukebarousse/data_jobs,5
1726,Senior Analytics Engineer - Remote EMEA,komoot,Anywhere,"Title short: Senior Data Analyst. Schedule: Full-time. Remote: True. Country: Iceland. Skills: airflow, bigquery, git, github, looker, python, redshift, snowflake, sql, tableau.",airflow;bigquery;git;github;looker;python;redshift;snowflake;sql;tableau,data_engineering,analytics_engineering,Senior Analytics Engineer - Remote EMEA,Senior Data Analyst,Iceland,Full-time,True,lukebarousse/data_jobs,10
1727,Big Data Engineer,Apple Inc.,"Austin, TX","Title short: Data Engineer. Schedule: Full-time. Remote: False. Country: United States. Skills: hadoop, java, oracle, python, shell, spark, sql, unix.",hadoop;java;oracle;python;shell;spark;sql;unix,data_engineering,general_data_engineering,Big Data Engineer,Data Engineer,United States,Full-time,False,lukebarousse/data_jobs,8
1728,Senior Data Engineer,Evinced,"Tel Aviv-Yafo, Israel","Title short: Senior Data Engineer. Schedule: Full-time. Remote: False. Country: Israel. Skills: airflow, aws, gcp, java, python.",airflow;aws;gcp;java;python,data_engineering,general_data_engineering,Senior Data Engineer,Senior Data Engineer,Israel,Full-time,False,lukebarousse/data_jobs,5
1729,Capitec Careers Online Application – Data Engineer Product,Capitec Bank,"Cape Town, South Africa","Title short: Data Engineer. Schedule: Full-time. Remote: False. Country: South Africa. Skills: excel, outlook, word.",excel;outlook;word,data_engineering,general_data_engineering,Capitec Careers Online Application – Data Engineer Product,Data Engineer,South Africa,Full-time,False,lukebarousse/data_jobs,3
1730,Info Big Data Engineer,"Hyundai America Technical Center, Inc.","Inman, KS","Title short: Data Engineer. Schedule: Full-time. Remote: False. Country: Sudan. Skills: python, r, scala, shell, sql.",python;r;scala;shell;sql,data_engineering,general_data_engineering,Info Big Data Engineer,Data Engineer,Sudan,Full-time,False,lukebarousse/data_jobs,5
1731,Staff Data Engineer,Sirius XM,New Jersey   (+2 others),"Title short: Data Engineer. Schedule: Full-time. Remote: False. Country: United States. Skills: aws, go, python, redshift, scala, snowflake, spark, sql.",aws;go;python;redshift;scala;snowflake;spark;sql,data_engineering,general_data_engineering,Staff Data Engineer,Data Engineer,United States,Full-time,False,lukebarousse/data_jobs,8
1732,Azure Data Engineer,Arc'teryx,"North Vancouver, BC, Canada","Title short: Data Engineer. Schedule: Full-time. Remote: False. Country: Canada. Skills: azure, flow, sql.",azure;flow;sql,data_engineering,general_data_engineering,Azure Data Engineer,Data Engineer,Canada,Full-time,False,lukebarousse/data_jobs,3
1733,Senior Data Engineer- Remote,ANSYS,"Houston, TX","Title short: Senior Data Engineer. Schedule: Full-time. Remote: False. Country: United States. Skills: java, oracle, snowflake, sql, sql server, t-sql.",java;oracle;snowflake;sql;sql server;t-sql,data_engineering,general_data_engineering,Senior Data Engineer- Remote,Senior Data Engineer,United States,Full-time,False,lukebarousse/data_jobs,6
1734,Data Engineer,Hitachi Solutions Ltd,"San José Province, San José, Costa Rica","Title short: Data Engineer. Schedule: Full-time. Remote: False. Country: Costa Rica. Skills: azure, databricks, power bi, pyspark, spark, sql.",azure;databricks;power bi;pyspark;spark;sql,data_engineering,general_data_engineering,Data Engineer,Data Engineer,Costa Rica,Full-time,False,lukebarousse/data_jobs,6
1735,Data Engineer / Data Analyst in der Bremssystementwicklung (w/m/div.),Bosch Group,"Abstatt, Germany","Title short: Data Engineer. Schedule: Part-time. Remote: False. Country: Germany. Skills: java, python.",java;python,data_engineering,general_data_engineering,Data Engineer / Data Analyst in der Bremssystementwicklung (w/m/div.),Data Engineer,Germany,Part-time,False,lukebarousse/data_jobs,2
1736,"Data Engineer - Python, DBT, AWS, Airflow, SQL",Orbis,"London, UK","Title short: Data Engineer. Schedule: Full-time. Remote: False. Country: United Kingdom. Skills: airflow, aws, gcp, python, sql.",airflow;aws;gcp;python;sql,data_engineering,general_data_engineering,"Data Engineer - Python, DBT, AWS, Airflow, SQL",Data Engineer,United Kingdom,Full-time,False,lukebarousse/data_jobs,5
1737,Data Engineer,DAS,"Amsterdam, Netherlands","Title short: Data Engineer. Schedule: Full-time. Remote: False. Country: Netherlands. Skills: docker, nosql, oracle, python, r, sql.",docker;nosql;oracle;python;r;sql,data_engineering,general_data_engineering,Data Engineer,Data Engineer,Netherlands,Full-time,False,lukebarousse/data_jobs,6
1738,Data Engineer - USA REMOTE WORK,Inclusion Cloud,"Brasília - Brasilia, Federal District, Brazil","Title short: Data Engineer. Schedule: Full-time. Remote: False. Country: Brazil. Skills: airflow, aws, azure, cassandra, hadoop, java, kafka, nosql, python, scala, spark, sql, sql server.",airflow;aws;azure;cassandra;hadoop;java;kafka;nosql;python;scala;spark;sql;sql server,data_engineering,general_data_engineering,Data Engineer - USA REMOTE WORK,Data Engineer,Brazil,Full-time,False,lukebarousse/data_jobs,13
1739,Senior Big Data Engineer,IQ HIRED Consultancy Pvt. Ltd.,"Pune, Maharashtra, India","Title short: Senior Data Engineer. Schedule: Full-time. Remote: False. Country: India. Skills: aws, scala, spark, sql.",aws;scala;spark;sql,data_engineering,general_data_engineering,Senior Big Data Engineer,Senior Data Engineer,India,Full-time,False,lukebarousse/data_jobs,4
1740,Lead Data Engineer,ARAG,"Leusden, Netherlands","Title short: Data Engineer. Schedule: Full-time. Remote: False. Country: Netherlands. Skills: airflow, azure, docker, kubernetes, oracle, pyspark, python, r, spark, t-sql, terraform.",airflow;azure;docker;kubernetes;oracle;pyspark;python;r;spark;t-sql;terraform,data_engineering,general_data_engineering,Lead Data Engineer,Data Engineer,Netherlands,Full-time,False,lukebarousse/data_jobs,11
1741,Sr Data Engineer - Data Warehousing Technologies,Meijer,Michigan,"Title short: Senior Data Engineer. Schedule: Full-time. Remote: False. Country: United States. Skills: azure, databricks, power bi, python.",azure;databricks;power bi;python,data_engineering,general_data_engineering,Sr Data Engineer - Data Warehousing Technologies,Senior Data Engineer,United States,Full-time,False,lukebarousse/data_jobs,4
1742,Data Engineer,DISYS,"Dallas, TX","Title short: Data Engineer. Schedule: Contractor. Remote: False. Country: United States. Skills: aws, hadoop, kafka, nosql, python, spark, sql.",aws;hadoop;kafka;nosql;python;spark;sql,data_engineering,general_data_engineering,Data Engineer,Data Engineer,United States,Contractor,False,lukebarousse/data_jobs,7
1743,GCP Data Engineer,Tata Consultancy Services,"São Paulo, State of São Paulo, Brazil","Title short: Data Engineer. Schedule: Full-time. Remote: False. Country: Brazil. Skills: airflow, databricks, gcp, github, java, python, sap, snowflake, sql, terraform.",airflow;databricks;gcp;github;java;python;sap;snowflake;sql;terraform,data_engineering,general_data_engineering,GCP Data Engineer,Data Engineer,Brazil,Full-time,False,lukebarousse/data_jobs,10
1744,CCL Data Engineer,TEKsystems,"New York, NY","Title short: Data Engineer. Schedule: Full-time. Remote: False. Country: Sudan. Skills: sql, ssis, tableau.",sql;ssis;tableau,data_engineering,general_data_engineering,CCL Data Engineer,Data Engineer,Sudan,Full-time,False,lukebarousse/data_jobs,3
1745,Junior/Medior Data Engineer IRC176220,GlobalLogic,Anywhere,"Title short: Data Engineer. Schedule: Full-time. Remote: True. Country: Slovakia. Skills: azure, databricks, linux, scala, snowflake, spark, sql.",azure;databricks;linux;scala;snowflake;spark;sql,data_engineering,general_data_engineering,Junior/Medior Data Engineer IRC176220,Data Engineer,Slovakia,Full-time,True,lukebarousse/data_jobs,7
1746,Senior Data Engineer,CDL,"Stockport, UK","Title short: Senior Data Engineer. Schedule: Full-time. Remote: False. Country: United Kingdom. Skills: aws, git, linux, nosql, postgresql, python, sql, sql server, terraform.",aws;git;linux;nosql;postgresql;python;sql;sql server;terraform,data_engineering,general_data_engineering,Senior Data Engineer,Senior Data Engineer,United Kingdom,Full-time,False,lukebarousse/data_jobs,9
1747,Data Engineer,Charger Logistics,"Monterrey, Nuevo Leon, Mexico","Title short: Data Engineer. Schedule: Full-time. Remote: False. Country: Mexico. Skills: airflow, django, flask, java, javascript, kafka, nosql, python, redshift, scala, snowflake, sql, sql server, ssis.",airflow;django;flask;java;javascript;kafka;nosql;python;redshift;scala;snowflake;sql;sql server;ssis,data_engineering,general_data_engineering,Data Engineer,Data Engineer,Mexico,Full-time,False,lukebarousse/data_jobs,14
1748,GCP Data Engineer,Cerebra IT Services Private Limited,"Bolingbrook, IL","Title short: Data Engineer. Schedule: Full-time and Temp work. Remote: False. Country: Sudan. Skills: airflow, gcp, git, kafka, oracle, python, sql, unix, windows.",airflow;gcp;git;kafka;oracle;python;sql;unix;windows,data_engineering,general_data_engineering,GCP Data Engineer,Data Engineer,Sudan,Full-time and Temp work,False,lukebarousse/data_jobs,9
1749,Data Analytics Engineer,The Workshop - Inventors of Play,Spain,"Title short: Data Engineer. Schedule: Full-time. Remote: False. Country: Spain. Skills: excel, jira, python, sql, tableau.",excel;jira;python;sql;tableau,data_engineering,analytics_engineering,Data Analytics Engineer,Data Engineer,Spain,Full-time,False,lukebarousse/data_jobs,5
1750,Sr. Data Engineer,TriCom Technical Services,"Kansas City, MO","Title short: Data Engineer. Schedule: Contractor. Remote: False. Country: United States. Skills: databricks, java, kafka, python, redshift, snowflake, spark, sql.",databricks;java;kafka;python;redshift;snowflake;spark;sql,data_engineering,general_data_engineering,Sr. Data Engineer,Data Engineer,United States,Contractor,False,lukebarousse/data_jobs,8
1751,Data Engineer,Secureworks,"Hyderabad, Telangana, India","Title short: Data Engineer. Schedule: Full-time. Remote: False. Country: India. Skills: aws, jenkins, sql.",aws;jenkins;sql,data_engineering,general_data_engineering,Data Engineer,Data Engineer,India,Full-time,False,lukebarousse/data_jobs,3
1752,Sr. Data Engineer,Raas Infotek,Anywhere,"Title short: Data Engineer. Schedule: Contractor and Temp work. Remote: True. Country: Sudan. Skills: aws, azure, databricks, gcp, kubernetes, mariadb, mongodb, mysql, oracle, power bi, spark, tableau.",aws;azure;databricks;gcp;kubernetes;mariadb;mongodb;mysql;oracle;power bi;spark;tableau,data_engineering,general_data_engineering,Sr. Data Engineer,Data Engineer,Sudan,Contractor and Temp work,True,lukebarousse/data_jobs,12
1753,"Senior Data Engineer, Infrastructure-Dallas, Austin, or San...",H-E-B,"San Antonio, TX","Title short: Senior Data Engineer. Schedule: Full-time. Remote: False. Country: United States. Skills: ansible, aws, azure, chef, databricks, gcp, gitlab, go, java, jenkins, kafka, kubernetes, linux, pulumi, puppet, python, ruby, snowflake, spark, splunk.",ansible;aws;azure;chef;databricks;gcp;gitlab;go;java;jenkins;kafka;kubernetes;linux;pulumi;puppet;python;ruby;snowflake;spark;splunk,data_engineering,general_data_engineering,"Senior Data Engineer, Infrastructure-Dallas, Austin, or San...",Senior Data Engineer,United States,Full-time,False,lukebarousse/data_jobs,20
1754,Lead Data Engineer,KLM Royal Dutch Airlines,Netherlands,"Title short: Data Engineer. Schedule: Full-time. Remote: False. Country: Netherlands. Skills: airflow, azure, power bi, python, sql.",airflow;azure;power bi;python;sql,data_engineering,general_data_engineering,Lead Data Engineer,Data Engineer,Netherlands,Full-time,False,lukebarousse/data_jobs,5
1755,Data Engineer with Frontend Development Skills,FullStack Labs,"Chiclayo, Peru","Title short: Data Engineer. Schedule: Full-time. Remote: False. Country: Peru. Skills: angular, aws, azure, gcp, git, javascript, matplotlib, numpy, pandas, python, react, svelte, vue.",angular;aws;azure;gcp;git;javascript;matplotlib;numpy;pandas;python;react;svelte;vue,data_engineering,general_data_engineering,Data Engineer with Frontend Development Skills,Data Engineer,Peru,Full-time,False,lukebarousse/data_jobs,13
1756,Data Engineer,Saxon Global,"Philadelphia, PA","Title short: Data Engineer. Schedule: Full-time and Temp work. Remote: False. Country: United States. Skills: jenkins, kafka, python, scala, spark, sql.",jenkins;kafka;python;scala;spark;sql,data_engineering,general_data_engineering,Data Engineer,Data Engineer,United States,Full-time and Temp work,False,lukebarousse/data_jobs,6
1757,Data Engineer - SAP HANA (Remote United States),Stage 4 Solutions,Anywhere,"Title short: Data Engineer. Schedule: Contractor. Remote: True. Country: Sudan. Skills: git, python, r, sap, sql, tableau.",git;python;r;sap;sql;tableau,data_engineering,general_data_engineering,Data Engineer - SAP HANA (Remote United States),Data Engineer,Sudan,Contractor,True,lukebarousse/data_jobs,6
1758,Senior Data Engineer - Remote | WFH,Get It Recruit - Information Technology,Anywhere,"Title short: Senior Data Engineer. Schedule: Full-time. Remote: True. Country: United States. Skills: aws, azure, git, java, nosql, power bi, python, sql, tableau.",aws;azure;git;java;nosql;power bi;python;sql;tableau,data_engineering,general_data_engineering,Senior Data Engineer - Remote | WFH,Senior Data Engineer,United States,Full-time,True,lukebarousse/data_jobs,9
1759,Senior Data Engineer,Menschen Consulting Pvt. Ltd.,"Utrecht, Netherlands","Title short: Senior Data Engineer. Schedule: Contractor and Temp work. Remote: False. Country: Netherlands. Skills: airflow, azure, powershell, python, sql.",airflow;azure;powershell;python;sql,data_engineering,general_data_engineering,Senior Data Engineer,Senior Data Engineer,Netherlands,Contractor and Temp work,False,lukebarousse/data_jobs,5
1760,Senior Data Engineer - Power BI,Tiger Analytics,"Chennai, Tamil Nadu, India","Title short: Senior Data Engineer. Schedule: Full-time. Remote: False. Country: India. Skills: azure, dax, power bi, sql.",azure;dax;power bi;sql,data_engineering,general_data_engineering,Senior Data Engineer - Power BI,Senior Data Engineer,India,Full-time,False,lukebarousse/data_jobs,4
1761,Lead Data Engineer (REMOTE),Dick's Sporting Goods,Anywhere,"Title short: Data Engineer. Schedule: Full-time. Remote: True. Country: United States. Skills: aws, azure, bigquery, c, confluence, db2, gcp, github, java, jira, looker, microstrategy, nosql, oracle, python, qlik, redshift, scala, snowflake, spark.",aws;azure;bigquery;c;confluence;db2;gcp;github;java;jira;looker;microstrategy;nosql;oracle;python;qlik;redshift;scala;snowflake;spark,data_engineering,general_data_engineering,Lead Data Engineer (REMOTE),Data Engineer,United States,Full-time,True,lukebarousse/data_jobs,20
1762,Data Engineer (Healthcare),Motion Recruitment,"Irvine, CA","Title short: Data Engineer. Schedule: Full-time. Remote: False. Country: United States. Skills: numpy, pandas, python, sql.",numpy;pandas;python;sql,data_engineering,general_data_engineering,Data Engineer (Healthcare),Data Engineer,United States,Full-time,False,lukebarousse/data_jobs,4
1763,Big Data Engineer (Remote) 8+ yrs Exp.,Mantras2Success.com,Anywhere,"Title short: Data Engineer. Schedule: Full-time. Remote: True. Country: India. Skills: cassandra, docker, java, kubernetes, mysql, spring.",cassandra;docker;java;kubernetes;mysql;spring,data_engineering,general_data_engineering,Big Data Engineer (Remote) 8+ yrs Exp.,Data Engineer,India,Full-time,True,lukebarousse/data_jobs,6
1764,Data Engineer,Macquarie,"London, UK","Title short: Data Engineer. Schedule: Full-time. Remote: False. Country: United Kingdom. Skills: aws, bash, power bi, python, sql, tableau.",aws;bash;power bi;python;sql;tableau,data_engineering,general_data_engineering,Data Engineer,Data Engineer,United Kingdom,Full-time,False,lukebarousse/data_jobs,6
1765,Data Engineer,ScrumLaunch,Anywhere,"Title short: Data Engineer. Schedule: Full-time. Remote: True. Country: Brazil. Skills: airflow, github, snowflake, spark, sql.",airflow;github;snowflake;spark;sql,data_engineering,general_data_engineering,Data Engineer,Data Engineer,Brazil,Full-time,True,lukebarousse/data_jobs,5
1766,Interim Senior Data Engineer (temporary),BuyBay,"Amsterdam, Netherlands","Title short: Data Engineer. Schedule: Full-time. Remote: False. Country: Netherlands. Skills: airflow, aws, sql.",airflow;aws;sql,data_engineering,general_data_engineering,Interim Senior Data Engineer (temporary),Data Engineer,Netherlands,Full-time,False,lukebarousse/data_jobs,3
1767,Data Engineer & BI Developer,Yapı Kredi Teknoloji,"İzmit, Kocaeli, Türkiye","Title short: Data Engineer. Schedule: Full-time. Remote: False. Country: Turkey. Skills: oracle, power bi, sql, sql server, ssis.",oracle;power bi;sql;sql server;ssis,data_engineering,bi_engineering,Data Engineer & BI Developer,Data Engineer,Turkey,Full-time,False,lukebarousse/data_jobs,5
1768,Data Engineer (ETL),Dev Technology Group,"Ashburn, VA","Title short: Data Engineer. Schedule: Full-time. Remote: False. Country: United States. Skills: cassandra, databricks, db2, dynamodb, hadoop, jupyter, oracle, pandas, python, sap, spark, splunk, sql.",cassandra;databricks;db2;dynamodb;hadoop;jupyter;oracle;pandas;python;sap;spark;splunk;sql,data_engineering,general_data_engineering,Data Engineer (ETL),Data Engineer,United States,Full-time,False,lukebarousse/data_jobs,13
1769,Data Engineer (m/f/n),Enovos Luxembourg,"Esch-sur-Alzette, Luxembourg","Title short: Data Engineer. Schedule: Full-time. Remote: False. Country: Luxembourg. Skills: airflow, aws, cassandra, lua, node.js, nosql, python, scala, spark, sql, tableau.",airflow;aws;cassandra;lua;node.js;nosql;python;scala;spark;sql;tableau,data_engineering,general_data_engineering,Data Engineer (m/f/n),Data Engineer,Luxembourg,Full-time,False,lukebarousse/data_jobs,11
1770,Data Engineer / Data Science LLM,Frank Recruitment Group,Spain,"Title short: Data Engineer. Schedule: Full-time. Remote: False. Country: Spain. Skills: aws, azure, python, pytorch, tensorflow.",aws;azure;python;pytorch;tensorflow,data_engineering,general_data_engineering,Data Engineer / Data Science LLM,Data Engineer,Spain,Full-time,False,lukebarousse/data_jobs,5
1771,W2 Position :: Data Engineer / Architect at (Hybrid),"Bitsoft International, Inc.","Charlotte, NC","Title short: Data Engineer. Schedule: Full-time. Remote: False. Country: United States. Skills: airflow, azure, cassandra, github, hadoop, jira, kafka, phoenix, python, scala, spark, sql.",airflow;azure;cassandra;github;hadoop;jira;kafka;phoenix;python;scala;spark;sql,data_engineering,general_data_engineering,W2 Position :: Data Engineer / Architect at (Hybrid),Data Engineer,United States,Full-time,False,lukebarousse/data_jobs,12
1772,Staff Data Engineer,Walmart,"Bentonville, AR","Title short: Data Engineer. Schedule: Full-time. Remote: False. Country: United States. Skills: azure, c++, git, java, jenkins, nosql, python, r, scala, spark, sql.",azure;c++;git;java;jenkins;nosql;python;r;scala;spark;sql,data_engineering,general_data_engineering,Staff Data Engineer,Data Engineer,United States,Full-time,False,lukebarousse/data_jobs,11
1773,Data Engineer,kattechsystems,"Minneota, MN","Title short: Data Engineer. Schedule: Full-time. Remote: False. Country: United States. Skills: aws, looker, python, redshift, snowflake, sql, tableau.",aws;looker;python;redshift;snowflake;sql;tableau,data_engineering,general_data_engineering,Data Engineer,Data Engineer,United States,Full-time,False,lukebarousse/data_jobs,7
1774,Senior Data Engineer,Capgemini,"Stavanger, Norway","Title short: Senior Data Engineer. Schedule: Full-time. Remote: False. Country: Norway. Skills: aws, azure, databricks, gcp, snowflake, tableau.",aws;azure;databricks;gcp;snowflake;tableau,data_engineering,general_data_engineering,Senior Data Engineer,Senior Data Engineer,Norway,Full-time,False,lukebarousse/data_jobs,6
1775,Data Engineer,Velocity Staff,"Olathe, KS","Title short: Data Engineer. Schedule: Full-time. Remote: False. Country: United States. Skills: aws, docker, elasticsearch, excel, git, kafka, mongodb, nosql, python, redshift, spark, terraform.",aws;docker;elasticsearch;excel;git;kafka;mongodb;nosql;python;redshift;spark;terraform,data_engineering,general_data_engineering,Data Engineer,Data Engineer,United States,Full-time,False,lukebarousse/data_jobs,12
1776,Big Data Engineer,"Pyramid Consulting, Inc","Charlotte, NC","Title short: Data Engineer. Schedule: Contractor. Remote: False. Country: United States. Skills: hadoop, java, kafka, linux, python, r, spark, sql, tableau.",hadoop;java;kafka;linux;python;r;spark;sql;tableau,data_engineering,general_data_engineering,Big Data Engineer,Data Engineer,United States,Contractor,False,lukebarousse/data_jobs,9
1777,Data Engineer,VARITE INC,"Hyderabad, Telangana, India","Title short: Data Engineer. Schedule: Contractor. Remote: False. Country: India. Skills: aws, azure, bigquery, gcp, python, redshift, sql, tableau.",aws;azure;bigquery;gcp;python;redshift;sql;tableau,data_engineering,general_data_engineering,Data Engineer,Data Engineer,India,Contractor,False,lukebarousse/data_jobs,8
1778,Azure Data Engineer architect Synapse Analytics,Wafts Solutions,"Merrifield, VA","Title short: Data Engineer. Schedule: Contractor. Remote: False. Country: United States. Skills: azure, databricks, flow, spark, sql.",azure;databricks;flow;spark;sql,data_engineering,general_data_engineering,Azure Data Engineer architect Synapse Analytics,Data Engineer,United States,Contractor,False,lukebarousse/data_jobs,5
1779,Freelance Project-based Analytics & Data Engineer,Upwork,Anywhere,"Title short: Data Engineer. Schedule: Contractor and Temp work. Remote: True. Country: United States. Skills: bigquery, looker, redshift, snowflake, sql, tableau.",bigquery;looker;redshift;snowflake;sql;tableau,data_engineering,general_data_engineering,Freelance Project-based Analytics & Data Engineer,Data Engineer,United States,Contractor and Temp work,True,lukebarousse/data_jobs,6
1780,Azure Data Engineer (12+ Yrs needed),United IT Solutions,"Minneapolis, MN","Title short: Data Engineer. Schedule: Contractor. Remote: False. Country: United States. Skills: azure, java, python, scala, snowflake, spark, spring.",azure;java;python;scala;snowflake;spark;spring,data_engineering,general_data_engineering,Azure Data Engineer (12+ Yrs needed),Data Engineer,United States,Contractor,False,lukebarousse/data_jobs,7
1781,Data Engineer – Big Data,Incedo Inc.,"Dallas, TX","Title short: Data Engineer. Schedule: Full-time. Remote: False. Country: Sudan. Skills: databricks, git, nosql, pyspark, python, scala, shell, spark, sql, unix.",databricks;git;nosql;pyspark;python;scala;shell;spark;sql;unix,data_engineering,general_data_engineering,Data Engineer – Big Data,Data Engineer,Sudan,Full-time,False,lukebarousse/data_jobs,10
1782,GCP Data Engineer,Virtusa,"Pune, Maharashtra, India","Title short: Data Engineer. Schedule: Full-time. Remote: False. Country: India. Skills: gcp, java, sap.",gcp;java;sap,data_engineering,general_data_engineering,GCP Data Engineer,Data Engineer,India,Full-time,False,lukebarousse/data_jobs,3
1783,Data Engineer,"Tesla, Inc.","San Jose, CA","Title short: Data Engineer. Schedule: Full-time. Remote: False. Country: United States. Skills: bash, docker, git, github, graphql, jenkins, kubernetes, python, sql.",bash;docker;git;github;graphql;jenkins;kubernetes;python;sql,data_engineering,general_data_engineering,Data Engineer,Data Engineer,United States,Full-time,False,lukebarousse/data_jobs,9
1784,Data Engineer - Nne est - Metz H/F,Sopra Steria,Anywhere,"Title short: Data Engineer. Schedule: Full-time. Remote: True. Country: France. Skills: power bi, sap, spark, sql, sql server.",power bi;sap;spark;sql;sql server,data_engineering,general_data_engineering,Data Engineer - Nne est - Metz H/F,Data Engineer,France,Full-time,True,lukebarousse/data_jobs,5
1785,DP-203: Azure Data Engineering Trainer,RedAllianz,Anywhere,"Title short: Data Engineer. Schedule: Part-time. Remote: True. Country: India. Skills: azure, databricks, power bi, spark, sql.",azure;databricks;power bi;spark;sql,data_engineering,general_data_engineering,DP-203: Azure Data Engineering Trainer,Data Engineer,India,Part-time,True,lukebarousse/data_jobs,5
1786,"Senior Data Engineer, Emerging Risk",Fidelity Investments,"Denver, CO","Title short: Senior Data Engineer. Schedule: Full-time. Remote: False. Country: United States. Skills: jira, python, sql, tableau.",jira;python;sql;tableau,data_engineering,general_data_engineering,"Senior Data Engineer, Emerging Risk",Senior Data Engineer,United States,Full-time,False,lukebarousse/data_jobs,4
1787,Data Engineer,Verisure,"Rome, Metropolitan City of Rome Capital, Italy","Title short: Data Engineer. Schedule: Full-time. Remote: False. Country: Italy. Skills: sql, ssis.",sql;ssis,data_engineering,general_data_engineering,Data Engineer,Data Engineer,Italy,Full-time,False,lukebarousse/data_jobs,2
1788,Data Engineer,Alliance Resourcing Services,"Dublin, Ireland","Title short: Data Engineer. Schedule: Full-time. Remote: False. Country: Ireland. Skills: azure, git, jenkins, oracle, python, sql, ssis.",azure;git;jenkins;oracle;python;sql;ssis,data_engineering,general_data_engineering,Data Engineer,Data Engineer,Ireland,Full-time,False,lukebarousse/data_jobs,7
1789,GIS Data Engineer,Peaple Talent,"London, UK","Title short: Data Engineer. Schedule: Full-time. Remote: False. Country: United Kingdom. Skills: azure, python, r, sql.",azure;python;r;sql,data_engineering,general_data_engineering,GIS Data Engineer,Data Engineer,United Kingdom,Full-time,False,lukebarousse/data_jobs,4
1790,Azure Data Engineer,Conneqt Digital,"Bengaluru, Karnataka, India","Title short: Data Engineer. Schedule: Full-time. Remote: False. Country: India. Skills: azure, databricks, power bi, pyspark, sql, sql server, tableau.",azure;databricks;power bi;pyspark;sql;sql server;tableau,data_engineering,general_data_engineering,Azure Data Engineer,Data Engineer,India,Full-time,False,lukebarousse/data_jobs,7
1791,BACKFILL LEAD DATA ENGINEER,Skiltrek,"Bedminster, NJ","Title short: Data Engineer. Schedule: Contractor. Remote: False. Country: United States. Skills: airflow, aws, java, python, shell, snowflake, sql.",airflow;aws;java;python;shell;snowflake;sql,data_engineering,general_data_engineering,BACKFILL LEAD DATA ENGINEER,Data Engineer,United States,Contractor,False,lukebarousse/data_jobs,7
1792,Data Engineer impacting climate change,Darwin Recruitment,Italy,"Title short: Data Engineer. Schedule: Full-time. Remote: False. Country: Italy. Skills: airflow, aws, no-sql, pandas, python, sql.",airflow;aws;no-sql;pandas;python;sql,data_engineering,general_data_engineering,Data Engineer impacting climate change,Data Engineer,Italy,Full-time,False,lukebarousse/data_jobs,6
1793,Data Engineer Expérimenté H/F,DAVRICOURT | Certified Positive Company®,"Lille, France","Title short: Data Engineer. Schedule: Full-time. Remote: False. Country: France. Skills: airflow, aws, gcp, jenkins, python, scala, spark.",airflow;aws;gcp;jenkins;python;scala;spark,data_engineering,general_data_engineering,Data Engineer Expérimenté H/F,Data Engineer,France,Full-time,False,lukebarousse/data_jobs,7
1794,Data Engineer - 11561,Enlighten,"San Antonio, TX","Title short: Data Engineer. Schedule: Full-time. Remote: False. Country: United States. Skills: aws, elasticsearch, excel, flow, java, kafka, nosql, python.",aws;elasticsearch;excel;flow;java;kafka;nosql;python,data_engineering,general_data_engineering,Data Engineer - 11561,Data Engineer,United States,Full-time,False,lukebarousse/data_jobs,8
1795,Data Engineer,amdocs,"Guadalajara, Jalisco, Mexico","Title short: Data Engineer. Schedule: Full-time. Remote: False. Country: Mexico. Skills: airflow, aws, docker, git, jenkins, jira, kubernetes, python, scala, shell, snowflake, spark, sql.",airflow;aws;docker;git;jenkins;jira;kubernetes;python;scala;shell;snowflake;spark;sql,data_engineering,general_data_engineering,Data Engineer,Data Engineer,Mexico,Full-time,False,lukebarousse/data_jobs,13
1796,Senior Cloud Data Engineer,Kforce Inc,"Monona, WI","Title short: Senior Data Engineer. Schedule: Contractor. Remote: False. Country: United States. Skills: azure, databricks, python, scala, sql.",azure;databricks;python;scala;sql,data_engineering,general_data_engineering,Senior Cloud Data Engineer,Senior Data Engineer,United States,Contractor,False,lukebarousse/data_jobs,5
1797,SQL Data Engineer,"IQ Clarity, LLC","Irving, TX","Title short: Data Engineer. Schedule: Full-time. Remote: False. Country: United States. Skills: sql, ssis.",sql;ssis,data_engineering,general_data_engineering,SQL Data Engineer,Data Engineer,United States,Full-time,False,lukebarousse/data_jobs,2
1798,Senior Data Engineer (Ecosystem),"Docker, Inc",Anywhere,"Title short: Senior Data Engineer. Schedule: Full-time. Remote: True. Country: Netherlands. Skills: bigquery, c, docker, golang, looker, power bi, python, redshift, snowflake, sql, tableau.",bigquery;c;docker;golang;looker;power bi;python;redshift;snowflake;sql;tableau,data_engineering,general_data_engineering,Senior Data Engineer (Ecosystem),Senior Data Engineer,Netherlands,Full-time,True,lukebarousse/data_jobs,11
1799,Cloud Data Engineer,VNS Health,"New York, NY","Title short: Data Engineer. Schedule: Full-time. Remote: False. Country: United States. Skills: airflow, aws, azure, databricks, dynamodb, gcp, github, mysql, pandas, pyspark, python, snowflake, sql, sql server.",airflow;aws;azure;databricks;dynamodb;gcp;github;mysql;pandas;pyspark;python;snowflake;sql;sql server,data_engineering,general_data_engineering,Cloud Data Engineer,Data Engineer,United States,Full-time,False,lukebarousse/data_jobs,14
1800,Lead Data Engineer / Technical Lead - Master Data Management (MDM),Antal International,"Hyderabad, Telangana, India","Title short: Data Engineer. Schedule: Full-time. Remote: False. Country: India. Skills: gdpr, power bi, python, shell, sql, tableau, unix.",gdpr;power bi;python;shell;sql;tableau;unix,data_engineering,general_data_engineering,Lead Data Engineer / Technical Lead - Master Data Management (MDM),Data Engineer,India,Full-time,False,lukebarousse/data_jobs,7
1801,Data Engineer,Epsilon,"Bellwood, IL","Title short: Data Engineer. Schedule: Full-time. Remote: False. Country: United States. Skills: airflow, aws, cassandra, docker, elasticsearch, hadoop, java, kafka, kubernetes, nosql, python, scala, spark, sql.",airflow;aws;cassandra;docker;elasticsearch;hadoop;java;kafka;kubernetes;nosql;python;scala;spark;sql,data_engineering,general_data_engineering,Data Engineer,Data Engineer,United States,Full-time,False,lukebarousse/data_jobs,14
1802,Sr Data Engineer,"RIT Solutions, Inc.","Austin, TX","Title short: Data Engineer. Schedule: nan. Remote: False. Country: United States. Skills: airflow, pyspark.",airflow;pyspark,data_engineering,general_data_engineering,Sr Data Engineer,Data Engineer,United States,,False,lukebarousse/data_jobs,2
1803,AWS Data Engineer,Wipro,Anywhere,"Title short: Data Engineer. Schedule: Full-time. Remote: True. Country: United States. Skills: aws, docker, gitlab, java, jenkins, spring, terraform.",aws;docker;gitlab;java;jenkins;spring;terraform,data_engineering,general_data_engineering,AWS Data Engineer,Data Engineer,United States,Full-time,True,lukebarousse/data_jobs,7
1804,Sr Data Engineer,Cardinal Health,"Springfield, IL","Title short: Data Engineer. Schedule: Full-time. Remote: False. Country: United States. Skills: gcp, sap, sql, sql server.",gcp;sap;sql;sql server,data_engineering,general_data_engineering,Sr Data Engineer,Data Engineer,United States,Full-time,False,lukebarousse/data_jobs,4
1805,Data Engineer (Network Engineer) 3 - X-Lab,Boecore,"Colorado Springs, CO","Title short: Data Engineer. Schedule: Full-time. Remote: False. Country: United States. Skills: excel, gitlab, go, matlab, pandas, postgresql, python, tableau, windows.",excel;gitlab;go;matlab;pandas;postgresql;python;tableau;windows,data_engineering,general_data_engineering,Data Engineer (Network Engineer) 3 - X-Lab,Data Engineer,United States,Full-time,False,lukebarousse/data_jobs,9
1806,Senior/Lead Data Engineer(Snowflake/ETL),Tide,"Hyderabad, Telangana, India","Title short: Senior Data Engineer. Schedule: Full-time. Remote: False. Country: India. Skills: airflow, aws, git, looker, snowflake, sql.",airflow;aws;git;looker;snowflake;sql,data_engineering,general_data_engineering,Senior/Lead Data Engineer(Snowflake/ETL),Senior Data Engineer,India,Full-time,False,lukebarousse/data_jobs,6
1807,Data Engineer,"International Information Technology Team, Inc.","Newark, NJ","Title short: Data Engineer. Schedule: Contractor. Remote: False. Country: United States. Skills: kafka, keras, numpy, pandas, python, r, scikit-learn, spark, sql, tensorflow, theano.",kafka;keras;numpy;pandas;python;r;scikit-learn;spark;sql;tensorflow;theano,data_engineering,general_data_engineering,Data Engineer,Data Engineer,United States,Contractor,False,lukebarousse/data_jobs,11
1808,"Senior Data Engineer (Richmond, VA)",AgileEngine,"Richmond, VA","Title short: Senior Data Engineer. Schedule: Full-time. Remote: False. Country: United States. Skills: java, python, spring, sql, sql server.",java;python;spring;sql;sql server,data_engineering,general_data_engineering,"Senior Data Engineer (Richmond, VA)",Senior Data Engineer,United States,Full-time,False,lukebarousse/data_jobs,5
1809,Senior Data Engineer,Harnham,"Los Angeles, CA","Title short: Senior Data Engineer. Schedule: Full-time. Remote: False. Country: United States. Skills: aws, python, pytorch.",aws;python;pytorch,data_engineering,general_data_engineering,Senior Data Engineer,Senior Data Engineer,United States,Full-time,False,lukebarousse/data_jobs,3
1810,Data Engineer,Forum talents handicap,"Toulouse, France","Title short: Data Engineer. Schedule: Full-time. Remote: False. Country: France. Skills: chef, hadoop, java, python, spark.",chef;hadoop;java;python;spark,data_engineering,general_data_engineering,Data Engineer,Data Engineer,France,Full-time,False,lukebarousse/data_jobs,5
1811,Data Engineer,Turing,Anywhere,"Title short: Data Engineer. Schedule: Full-time. Remote: True. Country: India. Skills: airflow, azure, databricks, python, snowflake, sql.",airflow;azure;databricks;python;snowflake;sql,data_engineering,general_data_engineering,Data Engineer,Data Engineer,India,Full-time,True,lukebarousse/data_jobs,6
1812,Data Engineer,Lulalend,"Cape Town, South Africa","Title short: Data Engineer. Schedule: Full-time. Remote: False. Country: South Africa. Skills: azure, flow, go, python, sql.",azure;flow;go;python;sql,data_engineering,general_data_engineering,Data Engineer,Data Engineer,South Africa,Full-time,False,lukebarousse/data_jobs,5
1813,Senior GCP Data Engineer (Hybrid),Cognizant Technology Solutions,"Austin, TX","Title short: Senior Data Engineer. Schedule: Full-time. Remote: False. Country: Sudan. Skills: bigquery, gcp, hadoop, scala, spark, unity.",bigquery;gcp;hadoop;scala;spark;unity,data_engineering,general_data_engineering,Senior GCP Data Engineer (Hybrid),Senior Data Engineer,Sudan,Full-time,False,lukebarousse/data_jobs,6
1814,Data Engineer,Clarity,"Madrid, Spain","Title short: Data Engineer. Schedule: Full-time. Remote: False. Country: Spain. Skills: cassandra, elasticsearch, hadoop, kafka, redis, redshift, spark, spring, sql.",cassandra;elasticsearch;hadoop;kafka;redis;redshift;spark;spring;sql,data_engineering,general_data_engineering,Data Engineer,Data Engineer,Spain,Full-time,False,lukebarousse/data_jobs,9
1815,DATA ENGINEER,STX Next,Anywhere,"Title short: Data Engineer. Schedule: Full-time. Remote: True. Country: Poland. Skills: airflow, aws, azure, docker, dynamodb, elasticsearch, gcp, git, github, graphql, hadoop, javascript, kafka, mongodb, mysql, nosql, postgresql, python, react, scala.",airflow;aws;azure;docker;dynamodb;elasticsearch;gcp;git;github;graphql;hadoop;javascript;kafka;mongodb;mysql;nosql;postgresql;python;react;scala,data_engineering,general_data_engineering,DATA ENGINEER,Data Engineer,Poland,Full-time,True,lukebarousse/data_jobs,20
1816,"Data Engineer III, Business Analytics",Pediatric Associates,"Plantation, FL","Title short: Data Engineer. Schedule: Full-time. Remote: False. Country: United States. Skills: azure, databricks, hadoop, kafka, nosql, python, scikit-learn, spark, sql, tensorflow.",azure;databricks;hadoop;kafka;nosql;python;scikit-learn;spark;sql;tensorflow,data_engineering,general_data_engineering,"Data Engineer III, Business Analytics",Data Engineer,United States,Full-time,False,lukebarousse/data_jobs,10
1817,Data Engineer R_0988,Open Source (Pty) Ltd,"Pretoria, South Africa","Title short: Data Engineer. Schedule: Full-time. Remote: False. Country: South Africa. Skills: aws, css, docker, flask, git, go, javascript, jupyter, kubernetes, linux, python, splunk.",aws;css;docker;flask;git;go;javascript;jupyter;kubernetes;linux;python;splunk,data_engineering,general_data_engineering,Data Engineer R_0988,Data Engineer,South Africa,Full-time,False,lukebarousse/data_jobs,12
1818,Junior Data Engineer,Outcoder iO,Anywhere,"Title short: Data Engineer. Schedule: Full-time. Remote: True. Country: United States. Skills: azure, databricks, java, kafka, pyspark, python, sql.",azure;databricks;java;kafka;pyspark;python;sql,data_engineering,general_data_engineering,Junior Data Engineer,Data Engineer,United States,Full-time,True,lukebarousse/data_jobs,7
1819,Data Engineer,Immobiliare.it,Anywhere,"Title short: Data Engineer. Schedule: Full-time. Remote: True. Country: Italy. Skills: airflow, ansible, aws, bash, docker, git, java, kafka, kubernetes, linux, mongodb, mysql, python, spring, terraform.",airflow;ansible;aws;bash;docker;git;java;kafka;kubernetes;linux;mongodb;mysql;python;spring;terraform,data_engineering,general_data_engineering,Data Engineer,Data Engineer,Italy,Full-time,True,lukebarousse/data_jobs,15
1820,Sr. Data Engineer,Uber Freight,"Nuevo Laredo, Tamaulipas, Mexico","Title short: Data Engineer. Schedule: Full-time. Remote: False. Country: Mexico. Skills: css, html, oracle, power bi, sql, sql server, ssrs, tableau.",css;html;oracle;power bi;sql;sql server;ssrs;tableau,data_engineering,general_data_engineering,Sr. Data Engineer,Data Engineer,Mexico,Full-time,False,lukebarousse/data_jobs,8
1821,Data Engineer,"Digitek Software, Inc.","Indianapolis, IN","Title short: Data Engineer. Schedule: Contractor. Remote: False. Country: United States. Skills: aws, azure, c#, docker, javascript, kubernetes, oracle, python, redshift, sql.",aws;azure;c#;docker;javascript;kubernetes;oracle;python;redshift;sql,data_engineering,general_data_engineering,Data Engineer,Data Engineer,United States,Contractor,False,lukebarousse/data_jobs,10
1822,AWS Data Engineer,Corporate Biz Solutions Inc,"Hartford, CT","Title short: Data Engineer. Schedule: Full-time. Remote: False. Country: United States. Skills: aws, pyspark, python, spark, sql.",aws;pyspark;python;spark;sql,data_engineering,general_data_engineering,AWS Data Engineer,Data Engineer,United States,Full-time,False,lukebarousse/data_jobs,5
1823,Data Engineer @ Red Bull Media House GmbH,DEVjobs,Anywhere,"Title short: Data Engineer. Schedule: Full-time. Remote: True. Country: Austria. Skills: aws, azure, databricks, power bi, python, r, sap, scala, snowflake, sql, tableau.",aws;azure;databricks;power bi;python;r;sap;scala;snowflake;sql;tableau,data_engineering,general_data_engineering,Data Engineer @ Red Bull Media House GmbH,Data Engineer,Austria,Full-time,True,lukebarousse/data_jobs,11
1824,Azure Data Engineer Support - Remote | WFH,Get It Recruit - Information Technology,Anywhere,"Title short: Data Engineer. Schedule: Full-time. Remote: True. Country: Sudan. Skills: alteryx, aws, azure, databricks, dynamodb, flow, power bi, sharepoint, splunk, sql, sql server, ssis, swift, windows.",alteryx;aws;azure;databricks;dynamodb;flow;power bi;sharepoint;splunk;sql;sql server;ssis;swift;windows,data_engineering,general_data_engineering,Azure Data Engineer Support - Remote | WFH,Data Engineer,Sudan,Full-time,True,lukebarousse/data_jobs,14
1825,Senior Data Engineer,AgentSync,"Denver, CO","Title short: Senior Data Engineer. Schedule: Full-time. Remote: False. Country: United States. Skills: airflow, aws, kafka, python, spark, sql, terraform.",airflow;aws;kafka;python;spark;sql;terraform,data_engineering,general_data_engineering,Senior Data Engineer,Senior Data Engineer,United States,Full-time,False,lukebarousse/data_jobs,7
1826,Data engineer,Monstarlab Czech Republic s.r.o.,"Prague, Czechia","Title short: Data Engineer. Schedule: Full-time. Remote: False. Country: Czechia. Skills: java, python, sql.",java;python;sql,data_engineering,general_data_engineering,Data engineer,Data Engineer,Czechia,Full-time,False,lukebarousse/data_jobs,3
1827,Data Engineer H/F,ADAY,Anywhere,"Title short: Data Engineer. Schedule: Full-time. Remote: True. Country: France. Skills: debian, elasticsearch, git, gitlab, linux, postgresql, python, pytorch, scikit-learn, sql.",debian;elasticsearch;git;gitlab;linux;postgresql;python;pytorch;scikit-learn;sql,data_engineering,general_data_engineering,Data Engineer H/F,Data Engineer,France,Full-time,True,lukebarousse/data_jobs,10
1828,Data Analytics Engineer (Remote) (5700 USD/Mes),Listopro,Anywhere,"Title short: Data Engineer. Schedule: Full-time. Remote: True. Country: Argentina. Skills: aws, azure, bigquery, gcp, git, looker, python, sql.",aws;azure;bigquery;gcp;git;looker;python;sql,data_engineering,analytics_engineering,Data Analytics Engineer (Remote) (5700 USD/Mes),Data Engineer,Argentina,Full-time,True,lukebarousse/data_jobs,8
1829,Data Engineer,Engage Partners Inc.,"New Ulm, MN","Title short: Data Engineer. Schedule: Full-time. Remote: False. Country: Sudan. Skills: databricks, excel, power bi, python, snowflake, sql, ssis.",databricks;excel;power bi;python;snowflake;sql;ssis,data_engineering,general_data_engineering,Data Engineer,Data Engineer,Sudan,Full-time,False,lukebarousse/data_jobs,7
1830,Senior Data Engineer with Python,Codete,Anywhere,"Title short: Senior Data Engineer. Schedule: Full-time. Remote: True. Country: Poland. Skills: airflow, aws, kafka, neo4j, postgresql, python, sql.",airflow;aws;kafka;neo4j;postgresql;python;sql,data_engineering,general_data_engineering,Senior Data Engineer with Python,Senior Data Engineer,Poland,Full-time,True,lukebarousse/data_jobs,7
1831,"Data Engineer 100% remote (Must have: Azure Data Factory, Azure...",Accion Labs,Anywhere,"Title short: Data Engineer. Schedule: Contractor and Temp work. Remote: True. Country: United States. Skills: azure, c#, databricks, dax, javascript, power bi, python, r, spark, sql, sql server, tableau.",azure;c#;databricks;dax;javascript;power bi;python;r;spark;sql;sql server;tableau,data_engineering,general_data_engineering,"Data Engineer 100% remote (Must have: Azure Data Factory, Azure...",Data Engineer,United States,Contractor and Temp work,True,lukebarousse/data_jobs,12
1832,Data Engineer SAP Reporting (m/w/d),Hays,Germany,"Title short: Data Engineer. Schedule: Full-time. Remote: False. Country: Germany. Skills: confluence, jira, sap.",confluence;jira;sap,data_engineering,general_data_engineering,Data Engineer SAP Reporting (m/w/d),Data Engineer,Germany,Full-time,False,lukebarousse/data_jobs,3
1833,Data Engineer  H/F,Expleo Group,"Montigny-le-Bretonneux, France","Title short: Data Engineer. Schedule: Full-time. Remote: False. Country: France. Skills: aws, azure, docker, gcp, git, hadoop, java, kafka, kubernetes, nosql, python, scala, snowflake, spark, sql.",aws;azure;docker;gcp;git;hadoop;java;kafka;kubernetes;nosql;python;scala;snowflake;spark;sql,data_engineering,general_data_engineering,Data Engineer  H/F,Data Engineer,France,Full-time,False,lukebarousse/data_jobs,15
1834,Data Engineer SQL/Python,Hitachi Solutions America,"Chicago, IL","Title short: Data Engineer. Schedule: Full-time. Remote: False. Country: United States. Skills: airflow, aws, azure, databricks, gcp, python, spark, sql.",airflow;aws;azure;databricks;gcp;python;spark;sql,data_engineering,general_data_engineering,Data Engineer SQL/Python,Data Engineer,United States,Full-time,False,lukebarousse/data_jobs,8
1835,Staff Data Engineer - Activision Blizzard Media,Activision Blizzard,"San Francisco, CA","Title short: Data Engineer. Schedule: Full-time. Remote: False. Country: United States. Skills: cassandra, gcp, hadoop, java, kafka, mysql, nosql, python, spark, sql.",cassandra;gcp;hadoop;java;kafka;mysql;nosql;python;spark;sql,data_engineering,general_data_engineering,Staff Data Engineer - Activision Blizzard Media,Data Engineer,United States,Full-time,False,lukebarousse/data_jobs,10
1836,Data Engineer Sr.,TriWest Healthcare Alliance,"Phoenix, AZ","Title short: Senior Data Engineer. Schedule: Full-time. Remote: False. Country: United States. Skills: azure, python, snowflake, sql, sql server, t-sql.",azure;python;snowflake;sql;sql server;t-sql,data_engineering,general_data_engineering,Data Engineer Sr.,Senior Data Engineer,United States,Full-time,False,lukebarousse/data_jobs,6
1837,CCL Data Engineer (Cerner),TEKsystems,"New York, NY","Title short: Data Engineer. Schedule: Full-time. Remote: False. Country: United States. Skills: sql, ssis, tableau.",sql;ssis;tableau,data_engineering,general_data_engineering,CCL Data Engineer (Cerner),Data Engineer,United States,Full-time,False,lukebarousse/data_jobs,3
1838,Data Engineer - GCP,"Cognizant India, Cognizant Technology Solutions","Pune, Maharashtra, India","Title short: Data Engineer. Schedule: Full-time. Remote: False. Country: India. Skills: bigquery, gcp, java, linux, pyspark, python, ubuntu, windows.",bigquery;gcp;java;linux;pyspark;python;ubuntu;windows,data_engineering,general_data_engineering,Data Engineer - GCP,Data Engineer,India,Full-time,False,lukebarousse/data_jobs,8
1839,"Data Engineer, Hybrid, Vice President",State Street,"Boston, MA","Title short: Data Engineer. Schedule: Full-time. Remote: False. Country: United States. Skills: aws, databricks, git, java, jenkins, python, sql, unix.",aws;databricks;git;java;jenkins;python;sql;unix,data_engineering,general_data_engineering,"Data Engineer, Hybrid, Vice President",Data Engineer,United States,Full-time,False,lukebarousse/data_jobs,8
1840,Senior Data Engineer,Manor Hill Advisors,Anywhere,"Title short: Senior Data Engineer. Schedule: Contractor. Remote: True. Country: United States. Skills: azure, sql, sql server.",azure;sql;sql server,data_engineering,general_data_engineering,Senior Data Engineer,Senior Data Engineer,United States,Contractor,True,lukebarousse/data_jobs,3
1841,Data Engineer (실험/분석 플랫폼),Viva Republica (Toss),South Korea,"Title short: Data Engineer. Schedule: Full-time. Remote: False. Country: South Korea. Skills: java, kafka, kotlin, python, scala, spark.",java;kafka;kotlin;python;scala;spark,data_engineering,general_data_engineering,Data Engineer (실험/분석 플랫폼),Data Engineer,South Korea,Full-time,False,lukebarousse/data_jobs,6
1842,Data Engineer H/F at CRAFT,join.com,"Paris, France","Title short: Data Engineer. Schedule: Full-time. Remote: False. Country: France. Skills: aws, azure, bash, gcp, numpy, pyspark, python, sql.",aws;azure;bash;gcp;numpy;pyspark;python;sql,data_engineering,general_data_engineering,Data Engineer H/F at CRAFT,Data Engineer,France,Full-time,False,lukebarousse/data_jobs,8
1843,Data Engineer,CyberCoders,"Raleigh, NC","Title short: Data Engineer. Schedule: Full-time. Remote: False. Country: United States. Skills: aws, azure, mysql, oracle, python, r, sql, sqlite.",aws;azure;mysql;oracle;python;r;sql;sqlite,data_engineering,general_data_engineering,Data Engineer,Data Engineer,United States,Full-time,False,lukebarousse/data_jobs,8
1844,Sr. Data Engineer,Univision Communications Inc.,"Bogotá, Bogota, Colombia","Title short: Data Engineer. Schedule: Full-time. Remote: False. Country: Colombia. Skills: airflow, gcp, git, python, snowflake, sql.",airflow;gcp;git;python;snowflake;sql,data_engineering,general_data_engineering,Sr. Data Engineer,Data Engineer,Colombia,Full-time,False,lukebarousse/data_jobs,6
1845,Lead Data Engineer,Egon Software Pvt. Ltd.,"Mumbai, Maharashtra, India","Title short: Data Engineer. Schedule: Full-time. Remote: False. Country: India. Skills: asp.net, python, sql.",asp.net;python;sql,data_engineering,general_data_engineering,Lead Data Engineer,Data Engineer,India,Full-time,False,lukebarousse/data_jobs,3
1846,Data Engineer,Baltimore Orioles,"Baltimore, MD","Title short: Data Engineer. Schedule: Full-time. Remote: False. Country: United States. Skills: bigquery, nosql, python, sql.",bigquery;nosql;python;sql,data_engineering,general_data_engineering,Data Engineer,Data Engineer,United States,Full-time,False,lukebarousse/data_jobs,4
1847,"Lead Data Engineer (Baltimore, MD)",AgileEngine,"Baltimore, MD","Title short: Data Engineer. Schedule: Full-time. Remote: False. Country: United States. Skills: java, python, spring, sql, sql server.",java;python;spring;sql;sql server,data_engineering,general_data_engineering,"Lead Data Engineer (Baltimore, MD)",Data Engineer,United States,Full-time,False,lukebarousse/data_jobs,5
1848,Senior Data Engineer,Publicis Sapient,"Virginia, MN","Title short: Senior Data Engineer. Schedule: Full-time. Remote: False. Country: United States. Skills: azure, terraform.",azure;terraform,data_engineering,general_data_engineering,Senior Data Engineer,Senior Data Engineer,United States,Full-time,False,lukebarousse/data_jobs,2
1849,Senior Data Engineer (f/m/o),WienIT GmbH,"Vienna, Austria","Title short: Senior Data Engineer. Schedule: Full-time. Remote: False. Country: Austria. Skills: azure, c#, git, java, nosql, power bi, python, r, sql.",azure;c#;git;java;nosql;power bi;python;r;sql,data_engineering,general_data_engineering,Senior Data Engineer (f/m/o),Senior Data Engineer,Austria,Full-time,False,lukebarousse/data_jobs,9
1850,Big Data Engineer with Scala/Java,Luxoft,Poland,"Title short: Data Engineer. Schedule: Full-time. Remote: False. Country: Poland. Skills: aws, azure, cassandra, databricks, github, java, mongodb, neo4j, nosql, oracle, postgresql, scala, spark, sql, sql server.",aws;azure;cassandra;databricks;github;java;mongodb;neo4j;nosql;oracle;postgresql;scala;spark;sql;sql server,data_engineering,general_data_engineering,Big Data Engineer with Scala/Java,Data Engineer,Poland,Full-time,False,lukebarousse/data_jobs,15
1851,Data Engineer,Adyen,"Amsterdam, Netherlands","Title short: Data Engineer. Schedule: Full-time. Remote: False. Country: Netherlands. Skills: airflow, docker, gitlab, hadoop, java, kafka, kubernetes, neo4j, python, scala, spark, yarn.",airflow;docker;gitlab;hadoop;java;kafka;kubernetes;neo4j;python;scala;spark;yarn,data_engineering,general_data_engineering,Data Engineer,Data Engineer,Netherlands,Full-time,False,lukebarousse/data_jobs,12
1852,"Senior Data Engineer, AdSmart (Scala)",NBCUniversal,"New York, NY","Title short: Senior Data Engineer. Schedule: Full-time. Remote: False. Country: Sudan. Skills: aws, java, kafka, kubernetes, nosql, scala, spark, sql.",aws;java;kafka;kubernetes;nosql;scala;spark;sql,data_engineering,general_data_engineering,"Senior Data Engineer, AdSmart (Scala)",Senior Data Engineer,Sudan,Full-time,False,lukebarousse/data_jobs,8
1853,JPC - 696 - Teradata Data Engineer,Flexon Technologies,"Austin, TX","Title short: Data Engineer. Schedule: Full-time. Remote: False. Country: United States. Skills: hadoop, python, sql.",hadoop;python;sql,data_engineering,general_data_engineering,JPC - 696 - Teradata Data Engineer,Data Engineer,United States,Full-time,False,lukebarousse/data_jobs,3
1854,Senior Data Engineer,Forsta,Anywhere,"Title short: Senior Data Engineer. Schedule: Full-time. Remote: True. Country: United States. Skills: aws, azure, c, docker, gcp, python, terraform.",aws;azure;c;docker;gcp;python;terraform,data_engineering,general_data_engineering,Senior Data Engineer,Senior Data Engineer,United States,Full-time,True,lukebarousse/data_jobs,7
1855,Tech Lead Data Engineer GCP H/F,Nigel Frank International,"Paris, France","Title short: Data Engineer. Schedule: Full-time. Remote: False. Country: France. Skills: aws, bigquery, gcp, redshift, scala, spark.",aws;bigquery;gcp;redshift;scala;spark,data_engineering,general_data_engineering,Tech Lead Data Engineer GCP H/F,Data Engineer,France,Full-time,False,lukebarousse/data_jobs,6
1856,Senior Data Engineer (H/F),Publicis Sapient France,"Paris, France","Title short: Senior Data Engineer. Schedule: Full-time. Remote: False. Country: France. Skills: airflow, aws, azure, flow, gcp, hadoop, kafka, mongodb, snowflake, spark, sql.",airflow;aws;azure;flow;gcp;hadoop;kafka;mongodb;snowflake;spark;sql,data_engineering,general_data_engineering,Senior Data Engineer (H/F),Senior Data Engineer,France,Full-time,False,lukebarousse/data_jobs,11
1857,Data Engineer,Kitopi,Anywhere,"Title short: Data Engineer. Schedule: Full-time. Remote: True. Country: Poland. Skills: airflow, aws, c, confluence, docker, excel, github, gitlab, jira, kafka, kubernetes, looker, power bi, python, sheets, snowflake, sql, terraform.",airflow;aws;c;confluence;docker;excel;github;gitlab;jira;kafka;kubernetes;looker;power bi;python;sheets;snowflake;sql;terraform,data_engineering,general_data_engineering,Data Engineer,Data Engineer,Poland,Full-time,True,lukebarousse/data_jobs,18
1858,Data Engineer,Vibrant Planet,Anywhere,"Title short: Data Engineer. Schedule: Full-time. Remote: True. Country: Sudan. Skills: airflow, hadoop, jupyter, pandas, python, spark.",airflow;hadoop;jupyter;pandas;python;spark,data_engineering,general_data_engineering,Data Engineer,Data Engineer,Sudan,Full-time,True,lukebarousse/data_jobs,6
1859,Senior Data Engineer,Capital One,"Camden, NJ","Title short: Senior Data Engineer. Schedule: Full-time. Remote: False. Country: United States. Skills: aws, azure, cassandra, hadoop, java, kafka, mongo, mysql, nosql, python, redshift, scala, shell, snowflake, spark, sql.",aws;azure;cassandra;hadoop;java;kafka;mongo;mysql;nosql;python;redshift;scala;shell;snowflake;spark;sql,data_engineering,general_data_engineering,Senior Data Engineer,Senior Data Engineer,United States,Full-time,False,lukebarousse/data_jobs,16
1860,Azure Data Engineer,Xurpas Enterprise,"Makati, Metro Manila, Philippines","Title short: Data Engineer. Schedule: nan. Remote: False. Country: Philippines. Skills: azure, python, sql, sql server.",azure;python;sql;sql server,data_engineering,general_data_engineering,Azure Data Engineer,Data Engineer,Philippines,,False,lukebarousse/data_jobs,4
1861,Data Engineer Sports (all genders),adesso SE,"Tasdorf, Germany","Title short: Data Engineer. Schedule: Full-time. Remote: False. Country: Germany. Skills: ansible, aws, azure, gcp, git, hadoop, java, kafka, puppet, python, scala, terraform.",ansible;aws;azure;gcp;git;hadoop;java;kafka;puppet;python;scala;terraform,data_engineering,general_data_engineering,Data Engineer Sports (all genders),Data Engineer,Germany,Full-time,False,lukebarousse/data_jobs,12
1862,Data Engineer/Architect (AI/ML),Snaphyre,Anywhere,"Title short: Data Engineer. Schedule: Full-time. Remote: True. Country: India. Skills: nosql, python.",nosql;python,data_engineering,general_data_engineering,Data Engineer/Architect (AI/ML),Data Engineer,India,Full-time,True,lukebarousse/data_jobs,2
1863,Data Engineer in Metadata Driven Applications (m/f/d),ZEISS,"Munich, Germany","Title short: Data Engineer. Schedule: Full-time. Remote: False. Country: Germany. Skills: azure, excel, python.",azure;excel;python,data_engineering,general_data_engineering,Data Engineer in Metadata Driven Applications (m/f/d),Data Engineer,Germany,Full-time,False,lukebarousse/data_jobs,3
1864,Data Engineer,Tata Consultancy Services,"Chicago, IL","Title short: Data Engineer. Schedule: Full-time. Remote: False. Country: United States. Skills: azure, snowflake, sql.",azure;snowflake;sql,data_engineering,general_data_engineering,Data Engineer,Data Engineer,United States,Full-time,False,lukebarousse/data_jobs,3
1865,Data Engineer - Retail,Freshminds,United Kingdom,"Title short: Data Engineer. Schedule: Contractor and Temp work. Remote: False. Country: United Kingdom. Skills: azure, databricks, pyspark, sql.",azure;databricks;pyspark;sql,data_engineering,general_data_engineering,Data Engineer - Retail,Data Engineer,United Kingdom,Contractor and Temp work,False,lukebarousse/data_jobs,4
1866,Data Engineer - Azure,Pearl Executive Search,"Paris, France","Title short: Data Engineer. Schedule: Full-time. Remote: False. Country: France. Skills: azure, nosql, power bi, python, sql.",azure;nosql;power bi;python;sql,data_engineering,general_data_engineering,Data Engineer - Azure,Data Engineer,France,Full-time,False,lukebarousse/data_jobs,5
1867,Sr. Data Engineer,Ascendo Resources,"West Palm Beach, FL","Title short: Data Engineer. Schedule: Contractor. Remote: False. Country: United States. Skills: azure, sql.",azure;sql,data_engineering,general_data_engineering,Sr. Data Engineer,Data Engineer,United States,Contractor,False,lukebarousse/data_jobs,2
1868,Data Engineer,DXC Technology,"Manila, Metro Manila, Philippines","Title short: Data Engineer. Schedule: nan. Remote: False. Country: Philippines. Skills: aurora, aws, azure, bigquery, databricks, elasticsearch, gcp, hadoop, pyspark, python, redshift, scala, spark, sql.",aurora;aws;azure;bigquery;databricks;elasticsearch;gcp;hadoop;pyspark;python;redshift;scala;spark;sql,data_engineering,general_data_engineering,Data Engineer,Data Engineer,Philippines,,False,lukebarousse/data_jobs,14
1869,Consultant | Data Engineering,Amsterdam Data Collective,"Copenhagen, Denmark","Title short: Data Engineer. Schedule: Full-time. Remote: False. Country: Denmark. Skills: aws, azure, databricks, gcp, python.",aws;azure;databricks;gcp;python,data_engineering,general_data_engineering,Consultant | Data Engineering,Data Engineer,Denmark,Full-time,False,lukebarousse/data_jobs,5
1870,Data Engineer Senior - DWH,Hipoges,"Madrid, Spain","Title short: Senior Data Engineer. Schedule: Full-time. Remote: False. Country: Spain. Skills: excel, mysql, postgresql, sql.",excel;mysql;postgresql;sql,data_engineering,general_data_engineering,Data Engineer Senior - DWH,Senior Data Engineer,Spain,Full-time,False,lukebarousse/data_jobs,4
1871,Senior Data Platform Engineer (Remote) (7500 USD/Mes),Listopro,Anywhere,"Title short: Senior Data Engineer. Schedule: Full-time. Remote: True. Country: Chile. Skills: airflow, bigquery, docker, github, node, postgresql, terraform.",airflow;bigquery;docker;github;node;postgresql;terraform,data_engineering,general_data_engineering,Senior Data Platform Engineer (Remote) (7500 USD/Mes),Senior Data Engineer,Chile,Full-time,True,lukebarousse/data_jobs,7
1872,Lead Data Engineer (Hybrid),Chamberlain Group,"Oak Brook, IL","Title short: Data Engineer. Schedule: Full-time. Remote: False. Country: United States. Skills: azure, databricks, kafka, power bi, python, spark, sql.",azure;databricks;kafka;power bi;python;spark;sql,data_engineering,general_data_engineering,Lead Data Engineer (Hybrid),Data Engineer,United States,Full-time,False,lukebarousse/data_jobs,7
1873,Data Engineer (Kafka & Streaming),Toss Bank(토스뱅크),"Seoul, South Korea","Title short: Data Engineer. Schedule: Full-time. Remote: False. Country: South Korea. Skills: hadoop, kafka.",hadoop;kafka,data_engineering,general_data_engineering,Data Engineer (Kafka & Streaming),Data Engineer,South Korea,Full-time,False,lukebarousse/data_jobs,2
1874,Data Engineering (Data Architect),Be Different Recruitment,South Africa,"Title short: Data Engineer. Schedule: Full-time. Remote: False. Country: South Africa. Skills: aws, azure, hadoop, kafka, spark.",aws;azure;hadoop;kafka;spark,data_engineering,general_data_engineering,Data Engineering (Data Architect),Data Engineer,South Africa,Full-time,False,lukebarousse/data_jobs,5
1875,Data Engineer IV - Spectrum Reach,Spectrum,"Greenwood Village, CO","Title short: Data Engineer. Schedule: Full-time. Remote: False. Country: United States. Skills: airflow, alteryx, javascript, looker, nosql, python, r, shell, snowflake, spark, sql, tableau, windows.",airflow;alteryx;javascript;looker;nosql;python;r;shell;snowflake;spark;sql;tableau;windows,data_engineering,general_data_engineering,Data Engineer IV - Spectrum Reach,Data Engineer,United States,Full-time,False,lukebarousse/data_jobs,13
1876,Senior Big Data Engineer,Datumo,Hungary,"Title short: Senior Data Engineer. Schedule: Full-time. Remote: False. Country: Hungary. Skills: airflow, azure, bigquery, docker, gcp, kafka, kubernetes, python, scala, spark.",airflow;azure;bigquery;docker;gcp;kafka;kubernetes;python;scala;spark,data_engineering,general_data_engineering,Senior Big Data Engineer,Senior Data Engineer,Hungary,Full-time,False,lukebarousse/data_jobs,10
1877,Data Engineer - ETL Developer,PT. IDStar Cipta Teknologi (IDstar),"Jakarta, Indonesia","Title short: Data Engineer. Schedule: Contractor. Remote: False. Country: Indonesia. Skills: kafka, oracle, spark, sql.",kafka;oracle;spark;sql,data_engineering,general_data_engineering,Data Engineer - ETL Developer,Data Engineer,Indonesia,Contractor,False,lukebarousse/data_jobs,4
1878,Data Engineer H/F - Innovative Tech,Devoteam Innovative Tech,"Lille, France","Title short: Data Engineer. Schedule: Full-time. Remote: False. Country: France. Skills: aws, gcp, keras, looker, tableau, tensorflow.",aws;gcp;keras;looker;tableau;tensorflow,data_engineering,general_data_engineering,Data Engineer H/F - Innovative Tech,Data Engineer,France,Full-time,False,lukebarousse/data_jobs,6
1879,Senior Data Engineer,SII Group,"Gdańsk, Poland","Title short: Senior Data Engineer. Schedule: Full-time. Remote: False. Country: Poland. Skills: azure, databricks, python, scala, snowflake, spark, sql.",azure;databricks;python;scala;snowflake;spark;sql,data_engineering,general_data_engineering,Senior Data Engineer,Senior Data Engineer,Poland,Full-time,False,lukebarousse/data_jobs,7
1880,Senior Data Engineer,Capital One,Pennsylvania,"Title short: Senior Data Engineer. Schedule: Full-time. Remote: False. Country: United States. Skills: angular, cassandra, hadoop, java, javascript, mongo, mongodb, nosql, perl, python, scala, shell, spark, sql.",angular;cassandra;hadoop;java;javascript;mongo;mongodb;nosql;perl;python;scala;shell;spark;sql,data_engineering,general_data_engineering,Senior Data Engineer,Senior Data Engineer,United States,Full-time,False,lukebarousse/data_jobs,14
1881,Data Engineer,Oshi Health,"Jersey City, NJ","Title short: Data Engineer. Schedule: Full-time. Remote: False. Country: United States. Skills: aws, css, databricks, excel, go, html, java, node.js, postgresql, react, react.js, tableau.",aws;css;databricks;excel;go;html;java;node.js;postgresql;react;react.js;tableau,data_engineering,general_data_engineering,Data Engineer,Data Engineer,United States,Full-time,False,lukebarousse/data_jobs,12
1882,Data Engineer,INSIGHT,Italy,"Title short: Data Engineer. Schedule: Full-time. Remote: False. Country: Italy. Skills: aws, azure, bash, databricks, git, hadoop, java, jenkins, kafka, linux, python, shell, spark, sql.",aws;azure;bash;databricks;git;hadoop;java;jenkins;kafka;linux;python;shell;spark;sql,data_engineering,general_data_engineering,Data Engineer,Data Engineer,Italy,Full-time,False,lukebarousse/data_jobs,14
1883,Data Engineer,"Enterra Solutions, LLC",Anywhere,"Title short: Data Engineer. Schedule: Full-time. Remote: True. Country: United States. Skills: databricks, hadoop, kafka, python, scala, spark, sql.",databricks;hadoop;kafka;python;scala;spark;sql,data_engineering,general_data_engineering,Data Engineer,Data Engineer,United States,Full-time,True,lukebarousse/data_jobs,7
1884,Quant/Data Engineer - Macro Trading Pod - Hedge Fund - $350k,Paragon Executive Intelligence,,"Title short: Data Engineer. Schedule: Full-time. Remote: False. Country: United States. Skills: airflow, python, sql.",airflow;python;sql,data_engineering,general_data_engineering,Quant/Data Engineer - Macro Trading Pod - Hedge Fund - $350k,Data Engineer,United States,Full-time,False,lukebarousse/data_jobs,3
1885,Data Engineer,Insight Global,Anywhere,"Title short: Data Engineer. Schedule: Full-time. Remote: True. Country: Sudan. Skills: azure, pyspark, python, snowflake, sql.",azure;pyspark;python;snowflake;sql,data_engineering,general_data_engineering,Data Engineer,Data Engineer,Sudan,Full-time,True,lukebarousse/data_jobs,5
1886,"Data Engineer, CRM (m/f/x)",REWE International AG,"Vienna, Austria","Title short: Data Engineer. Schedule: Full-time. Remote: False. Country: Austria. Skills: bigquery, gcp, java, oracle, python, r, snowflake, sql.",bigquery;gcp;java;oracle;python;r;snowflake;sql,data_engineering,general_data_engineering,"Data Engineer, CRM (m/f/x)",Data Engineer,Austria,Full-time,False,lukebarousse/data_jobs,8
1887,Data Engineer (Security),Apex Systems,"Merrifield, VA","Title short: Data Engineer. Schedule: Full-time. Remote: False. Country: United States. Skills: azure, databricks, dax, git, github, matlab, mongo, nosql, pandas, power bi, pyspark, python, pytorch, r, sas, sharepoint, sql, ssis.",azure;databricks;dax;git;github;matlab;mongo;nosql;pandas;power bi;pyspark;python;pytorch;r;sas;sharepoint;sql;ssis,data_engineering,general_data_engineering,Data Engineer (Security),Data Engineer,United States,Full-time,False,lukebarousse/data_jobs,18
1888,Cloud/D&A/Microsoft/AI - AZURE DATA ENGINEER,Vega Intellisoft,"Bengaluru, Karnataka, India","Title short: Data Engineer. Schedule: Full-time. Remote: False. Country: India. Skills: azure, confluence, databricks, jira, power bi, pyspark, python, scala, spark, sql, unity.",azure;confluence;databricks;jira;power bi;pyspark;python;scala;spark;sql;unity,data_engineering,general_data_engineering,Cloud/D&A/Microsoft/AI - AZURE DATA ENGINEER,Data Engineer,India,Full-time,False,lukebarousse/data_jobs,11
1889,Data Engineer,Thelocal,"Madrid, Spain","Title short: Data Engineer. Schedule: Full-time. Remote: False. Country: Spain. Skills: azure, db2, oracle, sql.",azure;db2;oracle;sql,data_engineering,general_data_engineering,Data Engineer,Data Engineer,Spain,Full-time,False,lukebarousse/data_jobs,4
1890,"Un Data Engineer connaissant les technos Scala, Python, Spark...",Smarteo,"Issy-les-Moulineaux, France","Title short: Data Engineer. Schedule: Contractor. Remote: False. Country: France. Skills: airflow, confluence, docker, git, kafka, python, scala, spark.",airflow;confluence;docker;git;kafka;python;scala;spark,data_engineering,general_data_engineering,"Un Data Engineer connaissant les technos Scala, Python, Spark...",Data Engineer,France,Contractor,False,lukebarousse/data_jobs,8
1891,Data Engineer,Crystalintel,United States,"Title short: Data Engineer. Schedule: Full-time. Remote: False. Country: United States. Skills: centos, kafka, python.",centos;kafka;python,data_engineering,general_data_engineering,Data Engineer,Data Engineer,United States,Full-time,False,lukebarousse/data_jobs,3
1892,Manager Data Engineers,Canyon Associates,"Remote, OR","Title short: Data Engineer. Schedule: Full-time. Remote: False. Country: Sudan. Skills: aws, azure, databricks, mongodb, nosql, power bi, python, snowflake, sql, sql server.",aws;azure;databricks;mongodb;nosql;power bi;python;snowflake;sql;sql server,data_engineering,general_data_engineering,Manager Data Engineers,Data Engineer,Sudan,Full-time,False,lukebarousse/data_jobs,10
1893,Data Engineer-Associate,JPMorgan Chase & Co.,"Bengaluru, Karnataka, India","Title short: Data Engineer. Schedule: Full-time. Remote: False. Country: India. Skills: aws, cassandra, hadoop, kafka, python, redshift, spark.",aws;cassandra;hadoop;kafka;python;redshift;spark,data_engineering,general_data_engineering,Data Engineer-Associate,Data Engineer,India,Full-time,False,lukebarousse/data_jobs,7
1894,Senior Data Engineer - VP(K),BNY Mellon,"Pittsburgh, PA","Title short: Senior Data Engineer. Schedule: Full-time. Remote: False. Country: United States. Skills: azure, dax, mysql, oracle, power bi.",azure;dax;mysql;oracle;power bi,data_engineering,general_data_engineering,Senior Data Engineer - VP(K),Senior Data Engineer,United States,Full-time,False,lukebarousse/data_jobs,5
1895,"Senior Consultant, Development-Data Engineering",Infogain,"Gurugram, Haryana, India","Title short: Data Engineer. Schedule: Full-time. Remote: False. Country: India. Skills: airflow, flow, sql.",airflow;flow;sql,data_engineering,general_data_engineering,"Senior Consultant, Development-Data Engineering",Data Engineer,India,Full-time,False,lukebarousse/data_jobs,3
1896,Data Engineer/Python/Java,Technology Partners,"St. Louis, MO","Title short: Data Engineer. Schedule: Full-time. Remote: False. Country: United States. Skills: aws, bash, docker, github, go, graphql, java, javascript, kafka, kubernetes, python, r, scala, spark, sql.",aws;bash;docker;github;go;graphql;java;javascript;kafka;kubernetes;python;r;scala;spark;sql,data_engineering,general_data_engineering,Data Engineer/Python/Java,Data Engineer,United States,Full-time,False,lukebarousse/data_jobs,15
1897,Big Data Engineer (Java),LSEG (London Stock Exchange Group),"New York, NY","Title short: Data Engineer. Schedule: Full-time. Remote: False. Country: United States. Skills: express, git, gitlab, hadoop, java, jenkins, linux, puppet, scala, spark, sql, svn.",express;git;gitlab;hadoop;java;jenkins;linux;puppet;scala;spark;sql;svn,data_engineering,general_data_engineering,Big Data Engineer (Java),Data Engineer,United States,Full-time,False,lukebarousse/data_jobs,12
1898,LatentBridge - Senior Data Engineer - Python/SQL,Latent bridge,India,"Title short: Senior Data Engineer. Schedule: Full-time. Remote: False. Country: India. Skills: airflow, ansible, aws, azure, c++, cassandra, docker, hadoop, java, kafka, kubernetes, mongodb, python, spark, sql, terraform, yarn.",airflow;ansible;aws;azure;c++;cassandra;docker;hadoop;java;kafka;kubernetes;mongodb;python;spark;sql;terraform;yarn,data_engineering,general_data_engineering,LatentBridge - Senior Data Engineer - Python/SQL,Senior Data Engineer,India,Full-time,False,lukebarousse/data_jobs,17
1899,Ssr. Data Engineer,Teladoc Health,Anywhere,"Title short: Data Engineer. Schedule: Contractor. Remote: True. Country: Argentina. Skills: docker, redshift, sql.",docker;redshift;sql,data_engineering,general_data_engineering,Ssr. Data Engineer,Data Engineer,Argentina,Contractor,True,lukebarousse/data_jobs,3
1900,Data Engineer - Systematic Credit - Leading Hedge Fund,Capital Markets Recruitment,"London, UK","Title short: Data Engineer. Schedule: Full-time. Remote: False. Country: United Kingdom. Skills: nosql, python, sql.",nosql;python;sql,data_engineering,general_data_engineering,Data Engineer - Systematic Credit - Leading Hedge Fund,Data Engineer,United Kingdom,Full-time,False,lukebarousse/data_jobs,3
1901,Data Engineer,Indium Software,"Bengaluru, Karnataka, India","Title short: Data Engineer. Schedule: Full-time. Remote: False. Country: India. Skills: python, sql.",python;sql,data_engineering,general_data_engineering,Data Engineer,Data Engineer,India,Full-time,False,lukebarousse/data_jobs,2
1902,Data Engineer (202564),Bull City Talent Group,Anywhere,"Title short: Data Engineer. Schedule: Contractor. Remote: True. Country: United States. Skills: bigquery, gcp, html, oracle, python, sql, unix.",bigquery;gcp;html;oracle;python;sql;unix,data_engineering,general_data_engineering,Data Engineer (202564),Data Engineer,United States,Contractor,True,lukebarousse/data_jobs,7
1903,Senior Big Data Engineer,EPAM Anywhere,Anywhere,"Title short: Senior Data Engineer. Schedule: Full-time. Remote: True. Country: Kazakhstan. Skills: hadoop, python, spark.",hadoop;python;spark,data_engineering,general_data_engineering,Senior Big Data Engineer,Senior Data Engineer,Kazakhstan,Full-time,True,lukebarousse/data_jobs,3
1904,Senior Data Engineer,"Miracle Software Systems, Inc","Dearborn, MI","Title short: Senior Data Engineer. Schedule: Full-time. Remote: False. Country: United States. Skills: bigquery, gcp, hadoop, java, python, sql, sql server.",bigquery;gcp;hadoop;java;python;sql;sql server,data_engineering,general_data_engineering,Senior Data Engineer,Senior Data Engineer,United States,Full-time,False,lukebarousse/data_jobs,7
1905,Senior Data Engineer,EMnify,"London, UK","Title short: Senior Data Engineer. Schedule: Full-time. Remote: False. Country: United Kingdom. Skills: airflow, aws, azure, bigquery, flow, hadoop, java, nosql, python, redshift, scala, spark.",airflow;aws;azure;bigquery;flow;hadoop;java;nosql;python;redshift;scala;spark,data_engineering,general_data_engineering,Senior Data Engineer,Senior Data Engineer,United Kingdom,Full-time,False,lukebarousse/data_jobs,12
1906,Senior Data Engineer,Stott and May,"Prague, Czechia","Title short: Senior Data Engineer. Schedule: Contractor. Remote: False. Country: Czechia. Skills: aws, azure, databricks, kafka, spark.",aws;azure;databricks;kafka;spark,data_engineering,general_data_engineering,Senior Data Engineer,Senior Data Engineer,Czechia,Contractor,False,lukebarousse/data_jobs,5
1907,Sr ML Engineer - Research & NLP (Remote),BenchSci,"Toronto, ON, Canada","Title short: Machine Learning Engineer. Schedule: Full-time. Remote: False. Country: Canada. Skills: pandas, python, pytorch, sql.",pandas;python;pytorch;sql,ml_engineering,general_ml_engineering,Sr ML Engineer - Research & NLP (Remote),Machine Learning Engineer,Canada,Full-time,False,lukebarousse/data_jobs,4
1908,Machine Learning Engineer/Scientist High Performance Computing,Haiper,Anywhere,"Title short: Machine Learning Engineer. Schedule: Full-time. Remote: True. Country: Canada. Skills: python, pytorch.",python;pytorch,ml_engineering,general_ml_engineering,Machine Learning Engineer/Scientist High Performance Computing,Machine Learning Engineer,Canada,Full-time,True,lukebarousse/data_jobs,2
1909,Lead Data Scientist/ Lead Machine Learning Engineer (Bangkok...,Agoda,"Vancouver, BC, Canada","Title short: Machine Learning Engineer. Schedule: Full-time. Remote: False. Country: Canada. Skills: pyspark, python, scala, sql.",pyspark;python;scala;sql,ml_engineering,general_ml_engineering,Lead Data Scientist/ Lead Machine Learning Engineer (Bangkok...,Machine Learning Engineer,Canada,Full-time,False,lukebarousse/data_jobs,4
1910,Machine Learning Engineer,UNICCON Group of Companies,"Abuja, Nigeria","Title short: Machine Learning Engineer. Schedule: Full-time. Remote: False. Country: Nigeria. Skills: c++, docker, kubernetes, nltk, python, pytorch, tensorflow.",c++;docker;kubernetes;nltk;python;pytorch;tensorflow,ml_engineering,general_ml_engineering,Machine Learning Engineer,Machine Learning Engineer,Nigeria,Full-time,False,lukebarousse/data_jobs,7
1911,"Senior Machine Learning Engineer AI, Analytics & Data",H&M Group,"Stockholm, Sweden","Title short: Machine Learning Engineer. Schedule: Full-time. Remote: False. Country: Sweden. Skills: gcp, gdpr, go, java, python.",gcp;gdpr;go;java;python,ml_engineering,general_ml_engineering,"Senior Machine Learning Engineer AI, Analytics & Data",Machine Learning Engineer,Sweden,Full-time,False,lukebarousse/data_jobs,5
1912,Lead Machine Learning Engineer,EPAM Systems,Anywhere,"Title short: Machine Learning Engineer. Schedule: Full-time. Remote: True. Country: Armenia. Skills: aws, azure, docker, gcp, jenkins, kubernetes, python, spark, sql.",aws;azure;docker;gcp;jenkins;kubernetes;python;spark;sql,ml_engineering,general_ml_engineering,Lead Machine Learning Engineer,Machine Learning Engineer,Armenia,Full-time,True,lukebarousse/data_jobs,9
1913,Lead Machine Learning Engineer,fierlo,Singapore,"Title short: Machine Learning Engineer. Schedule: Full-time. Remote: False. Country: Singapore. Skills: aws, keras, numpy, pandas, python, pytorch, scikit-learn.",aws;keras;numpy;pandas;python;pytorch;scikit-learn,ml_engineering,general_ml_engineering,Lead Machine Learning Engineer,Machine Learning Engineer,Singapore,Full-time,False,lukebarousse/data_jobs,7
1914,ML Engineer,Fusemachines,"Lima, Peru","Title short: Machine Learning Engineer. Schedule: Full-time. Remote: False. Country: Peru. Skills: python, pytorch, tensorflow.",python;pytorch;tensorflow,ml_engineering,general_ml_engineering,ML Engineer,Machine Learning Engineer,Peru,Full-time,False,lukebarousse/data_jobs,3
1915,Machine Learning Engineer,SnapHunt Pte Ltd,Singapore,"Title short: Machine Learning Engineer. Schedule: Full-time. Remote: False. Country: Singapore. Skills: c++, opencv, python, tensorflow.",c++;opencv;python;tensorflow,ml_engineering,general_ml_engineering,Machine Learning Engineer,Machine Learning Engineer,Singapore,Full-time,False,lukebarousse/data_jobs,4
1916,Data Science - Machine Learning Engineer,Brooksource,Anywhere,"Title short: Machine Learning Engineer. Schedule: Full-time. Remote: True. Country: United States. Skills: git, github, go, hadoop, nosql, python, r, spark, sql.",git;github;go;hadoop;nosql;python;r;spark;sql,ml_engineering,general_ml_engineering,Data Science - Machine Learning Engineer,Machine Learning Engineer,United States,Full-time,True,lukebarousse/data_jobs,9
1917,Machine Learning Engineer/DevOps Engineer,Sia Partners,"Amsterdam, Netherlands","Title short: Machine Learning Engineer. Schedule: Full-time. Remote: False. Country: Netherlands. Skills: ansible, aws, azure, chef, docker, gcp, kubernetes, mongodb, nosql, postgresql, python, sql, terraform.",ansible;aws;azure;chef;docker;gcp;kubernetes;mongodb;nosql;postgresql;python;sql;terraform,ml_engineering,general_ml_engineering,Machine Learning Engineer/DevOps Engineer,Machine Learning Engineer,Netherlands,Full-time,False,lukebarousse/data_jobs,13
1918,Senior Machine Learning Engineer,Playtika,"Herzliya, Israel","Title short: Machine Learning Engineer. Schedule: Full-time. Remote: False. Country: Israel. Skills: docker, hadoop, kafka, keras, kubernetes, no-sql, pytorch, scikit-learn, spark, sql, tensorflow, word.",docker;hadoop;kafka;keras;kubernetes;no-sql;pytorch;scikit-learn;spark;sql;tensorflow;word,ml_engineering,general_ml_engineering,Senior Machine Learning Engineer,Machine Learning Engineer,Israel,Full-time,False,lukebarousse/data_jobs,12
1919,Machine Learning Engineer,PAYBACK,"Warsaw, Poland","Title short: Machine Learning Engineer. Schedule: Full-time. Remote: False. Country: Poland. Skills: ansible, cassandra, docker, firebase, gcp, java, jenkins, kafka, kubernetes, oracle, python, pytorch, scala, spark, spring, tensorflow.",ansible;cassandra;docker;firebase;gcp;java;jenkins;kafka;kubernetes;oracle;python;pytorch;scala;spark;spring;tensorflow,ml_engineering,general_ml_engineering,Machine Learning Engineer,Machine Learning Engineer,Poland,Full-time,False,lukebarousse/data_jobs,16
1920,Computer Vision Developer (R&D),Bosch Group,"Bengaluru, Karnataka, India","Title short: Machine Learning Engineer. Schedule: Full-time. Remote: False. Country: India. Skills: keras, mxnet, opencv, python, pytorch, tensorflow.",keras;mxnet;opencv;python;pytorch;tensorflow,ml_engineering,general_ml_engineering,Computer Vision Developer (R&D),Machine Learning Engineer,India,Full-time,False,lukebarousse/data_jobs,6
1921,Machine Learning Engineer,IBM,Costa Rica,"Title short: Machine Learning Engineer. Schedule: Full-time. Remote: False. Country: Costa Rica. Skills: c, c++, databricks, hadoop, java, keras, numpy, pandas, python, pytorch, scala, scikit-learn, spark, sql, tensorflow.",c;c++;databricks;hadoop;java;keras;numpy;pandas;python;pytorch;scala;scikit-learn;spark;sql;tensorflow,ml_engineering,general_ml_engineering,Machine Learning Engineer,Machine Learning Engineer,Costa Rica,Full-time,False,lukebarousse/data_jobs,15
1922,Senior Data Engineer/Machine Learning Engineer,Harnham,"Birmingham, UK","Title short: Machine Learning Engineer. Schedule: Full-time. Remote: False. Country: United Kingdom. Skills: python, sql.",python;sql,ml_engineering,general_ml_engineering,Senior Data Engineer/Machine Learning Engineer,Machine Learning Engineer,United Kingdom,Full-time,False,lukebarousse/data_jobs,2
1923,Staff Machine Learning Engineer,Zendesk,"Sobótka, Poland","Title short: Machine Learning Engineer. Schedule: Full-time. Remote: False. Country: Poland. Skills: aurora, aws, docker, elasticsearch, go, java, kafka, kubernetes, mysql, python, pytorch, redis, ruby, scala, slack, spark, tensorflow.",aurora;aws;docker;elasticsearch;go;java;kafka;kubernetes;mysql;python;pytorch;redis;ruby;scala;slack;spark;tensorflow,ml_engineering,general_ml_engineering,Staff Machine Learning Engineer,Machine Learning Engineer,Poland,Full-time,False,lukebarousse/data_jobs,17
1924,Senior NLP/ML Engineer,Exadel,Hungary,"Title short: Machine Learning Engineer. Schedule: Full-time. Remote: False. Country: Hungary. Skills: airflow, aws, hugging face, kafka, pandas, python, pytorch, redshift, spark, sql, tensorflow.",airflow;aws;hugging face;kafka;pandas;python;pytorch;redshift;spark;sql;tensorflow,ml_engineering,general_ml_engineering,Senior NLP/ML Engineer,Machine Learning Engineer,Hungary,Full-time,False,lukebarousse/data_jobs,11
1925,Machine Learning Engineering Lead,Pfizer,"San José Province, Escazu, Costa Rica","Title short: Machine Learning Engineer. Schedule: Full-time. Remote: False. Country: Costa Rica. Skills: aws, github, jenkins, python, snowflake.",aws;github;jenkins;python;snowflake,ml_engineering,general_ml_engineering,Machine Learning Engineering Lead,Machine Learning Engineer,Costa Rica,Full-time,False,lukebarousse/data_jobs,5
1926,Machine Learning Engineer,eMumba,"Islamabad, Pakistan","Title short: Machine Learning Engineer. Schedule: Full-time. Remote: False. Country: Pakistan. Skills: go, pandas, python, scikit-learn.",go;pandas;python;scikit-learn,ml_engineering,general_ml_engineering,Machine Learning Engineer,Machine Learning Engineer,Pakistan,Full-time,False,lukebarousse/data_jobs,4
1927,Senior Machine Learning Engineer (Data Science),sennder,"Berlin, Germany","Title short: Senior Data Scientist. Schedule: Full-time. Remote: False. Country: Germany. Skills: aws, git, go, jira, python.",aws;git;go;jira;python,ml_engineering,general_ml_engineering,Senior Machine Learning Engineer (Data Science),Senior Data Scientist,Germany,Full-time,False,lukebarousse/data_jobs,5
1928,Machine Learning Engineer,Ambush,"Porto Alegre, RS, Brazil","Title short: Machine Learning Engineer. Schedule: Full-time. Remote: False. Country: Brazil. Skills: c, c++, go, jupyter, linux, numpy, pandas, python, pytorch, rust, sql.",c;c++;go;jupyter;linux;numpy;pandas;python;pytorch;rust;sql,ml_engineering,general_ml_engineering,Machine Learning Engineer,Machine Learning Engineer,Brazil,Full-time,False,lukebarousse/data_jobs,11
1929,Mid-Level Data Scientist / Machine Learning Engineer (m/f/d),HeyJobs GmbH,"Berlin, Germany","Title short: Machine Learning Engineer. Schedule: Full-time. Remote: False. Country: Germany. Skills: airflow, aws, docker, git, jupyter, pandas, python, pytorch, sql.",airflow;aws;docker;git;jupyter;pandas;python;pytorch;sql,ml_engineering,general_ml_engineering,Mid-Level Data Scientist / Machine Learning Engineer (m/f/d),Machine Learning Engineer,Germany,Full-time,False,lukebarousse/data_jobs,9
1930,Sr. Data Scientist (Machine Learning Engineering),PetCo,"Austin, TX","Title short: Machine Learning Engineer. Schedule: Full-time. Remote: False. Country: Sudan. Skills: airflow, aws, docker, dynamodb, flask, gcp, git, gitlab, hadoop, kubernetes, nosql, python, pytorch, r, spark, sql, tensorflow.",airflow;aws;docker;dynamodb;flask;gcp;git;gitlab;hadoop;kubernetes;nosql;python;pytorch;r;spark;sql;tensorflow,ml_engineering,general_ml_engineering,Sr. Data Scientist (Machine Learning Engineering),Machine Learning Engineer,Sudan,Full-time,False,lukebarousse/data_jobs,17
1931,MLOps Engineer,Veo,"Copenhagen, Denmark","Title short: Machine Learning Engineer. Schedule: Full-time. Remote: False. Country: Denmark. Skills: aws, azure, docker, elasticsearch, kubernetes, linux, pytorch, tensorflow.",aws;azure;docker;elasticsearch;kubernetes;linux;pytorch;tensorflow,ml_engineering,mlops,MLOps Engineer,Machine Learning Engineer,Denmark,Full-time,False,lukebarousse/data_jobs,8
1932,Principal Machine Learning Engineer,sennder,Anywhere,"Title short: Machine Learning Engineer. Schedule: Full-time. Remote: True. Country: Greece. Skills: docker, flask, git, go, jira, jupyter, kafka, python, terraform.",docker;flask;git;go;jira;jupyter;kafka;python;terraform,ml_engineering,general_ml_engineering,Principal Machine Learning Engineer,Machine Learning Engineer,Greece,Full-time,True,lukebarousse/data_jobs,9
1933,Ingeniera / Ingeniero de Machine Learning,MercadoLibre,"Montevideo, Montevideo Department, Uruguay","Title short: Machine Learning Engineer. Schedule: Full-time. Remote: False. Country: Uruguay. Skills: keras, matplotlib, numpy, pandas, python, pytorch, redshift, scikit-learn, tensorflow.",keras;matplotlib;numpy;pandas;python;pytorch;redshift;scikit-learn;tensorflow,ml_engineering,general_ml_engineering,Ingeniera / Ingeniero de Machine Learning,Machine Learning Engineer,Uruguay,Full-time,False,lukebarousse/data_jobs,9
1934,Machine Learning Engineer - MLOps,Wolt,"Helsinki, Finland","Title short: Machine Learning Engineer. Schedule: Full-time. Remote: False. Country: Finland. Skills: docker, kubernetes, python.",docker;kubernetes;python,ml_engineering,mlops,Machine Learning Engineer - MLOps,Machine Learning Engineer,Finland,Full-time,False,lukebarousse/data_jobs,3
1935,Senior Machine Learning Engineer,Unisys,"Vilnius, Vilnius City Municipality, Lithuania","Title short: Machine Learning Engineer. Schedule: Full-time. Remote: False. Country: Lithuania. Skills: python, spark.",python;spark,ml_engineering,general_ml_engineering,Senior Machine Learning Engineer,Machine Learning Engineer,Lithuania,Full-time,False,lukebarousse/data_jobs,2
1936,Machine Learning Engineer (Computer Vision),Перескоков Владислав Андреевич,"St Petersburg, Russia","Title short: Machine Learning Engineer. Schedule: Full-time. Remote: False. Country: Russia. Skills: git, linux, opencv, pytorch.",git;linux;opencv;pytorch,ml_engineering,general_ml_engineering,Machine Learning Engineer (Computer Vision),Machine Learning Engineer,Russia,Full-time,False,lukebarousse/data_jobs,4
1937,Machine Learning Engineer,Tangspac,Singapore,"Title short: Machine Learning Engineer. Schedule: Full-time. Remote: False. Country: Singapore. Skills: hadoop, python, spark.",hadoop;python;spark,ml_engineering,general_ml_engineering,Machine Learning Engineer,Machine Learning Engineer,Singapore,Full-time,False,lukebarousse/data_jobs,3
1938,ML Engineer,NKU Technologies Pvt.Ltd.,"Lahore, Pakistan","Title short: Machine Learning Engineer. Schedule: Full-time. Remote: False. Country: Pakistan. Skills: java, python, pytorch, r, scikit-learn, tensorflow.",java;python;pytorch;r;scikit-learn;tensorflow,ml_engineering,general_ml_engineering,ML Engineer,Machine Learning Engineer,Pakistan,Full-time,False,lukebarousse/data_jobs,6
1939,Senior Machine Learning Engineer,TRACTIAN,Anywhere,"Title short: Machine Learning Engineer. Schedule: Full-time. Remote: True. Country: Brazil. Skills: c, c++, python, pytorch, scikit-learn, tensorflow.",c;c++;python;pytorch;scikit-learn;tensorflow,ml_engineering,general_ml_engineering,Senior Machine Learning Engineer,Machine Learning Engineer,Brazil,Full-time,True,lukebarousse/data_jobs,6
1940,Data Science/Machine Learning Engineer,Legal Monster ApS,"Copenhagen, Denmark","Title short: Machine Learning Engineer. Schedule: Full-time. Remote: False. Country: Denmark. Skills: docker, gdpr, kubernetes, python, pytorch, scikit-learn, terminal.",docker;gdpr;kubernetes;python;pytorch;scikit-learn;terminal,ml_engineering,general_ml_engineering,Data Science/Machine Learning Engineer,Machine Learning Engineer,Denmark,Full-time,False,lukebarousse/data_jobs,7
1941,MLOps Engineer,SIXT,"Lisbon, Portugal","Title short: Machine Learning Engineer. Schedule: Full-time. Remote: False. Country: Portugal. Skills: aws, docker, gcp, kubernetes, python, terraform.",aws;docker;gcp;kubernetes;python;terraform,ml_engineering,mlops,MLOps Engineer,Machine Learning Engineer,Portugal,Full-time,False,lukebarousse/data_jobs,6
1942,MLOps Engineer (AI),Golden Careers Recruitment,"Limassol, Cyprus","Title short: Machine Learning Engineer. Schedule: Full-time. Remote: False. Country: Cyprus. Skills: azure, docker, elasticsearch, github, golang, jenkins, kafka, kubernetes, mongodb, nosql, postgresql, python, sql, terraform.",azure;docker;elasticsearch;github;golang;jenkins;kafka;kubernetes;mongodb;nosql;postgresql;python;sql;terraform,ml_engineering,mlops,MLOps Engineer (AI),Machine Learning Engineer,Cyprus,Full-time,False,lukebarousse/data_jobs,14
1943,Machine Learning Scientist - NLP,Zenon Analytics,"New Delhi, Delhi, India","Title short: Machine Learning Engineer. Schedule: Full-time. Remote: False. Country: India. Skills: aws, azure, gcp, pytorch, tensorflow.",aws;azure;gcp;pytorch;tensorflow,ml_engineering,general_ml_engineering,Machine Learning Scientist - NLP,Machine Learning Engineer,India,Full-time,False,lukebarousse/data_jobs,5
1944,MLOPS and Data Engineer,Aviva,"Bristol, UK","Title short: Data Engineer. Schedule: Full-time. Remote: False. Country: United Kingdom. Skills: confluence, jira, kubernetes, pyspark, spark.",confluence;jira;kubernetes;pyspark;spark,ml_engineering,mlops,MLOPS and Data Engineer,Data Engineer,United Kingdom,Full-time,False,lukebarousse/data_jobs,5
1945,Machine Learning Engineer,NeuralWorks,"Santiago, Chile","Title short: Machine Learning Engineer. Schedule: Full-time. Remote: False. Country: Chile. Skills: docker, gcp, python, sql, unix.",docker;gcp;python;sql;unix,ml_engineering,general_ml_engineering,Machine Learning Engineer,Machine Learning Engineer,Chile,Full-time,False,lukebarousse/data_jobs,5
1946,Senior Machine Learning Engineer,ZCL | Xerxe,China,"Title short: Machine Learning Engineer. Schedule: Full-time. Remote: False. Country: China. Skills: docker, elasticsearch, git, go, jenkins, kubernetes, postgresql, python, redis, sap, spark.",docker;elasticsearch;git;go;jenkins;kubernetes;postgresql;python;redis;sap;spark,ml_engineering,general_ml_engineering,Senior Machine Learning Engineer,Machine Learning Engineer,China,Full-time,False,lukebarousse/data_jobs,11
1947,Lead Machine Learning Engineer,Recruiting from Scratch,"St Louis, Senegal","Title short: Machine Learning Engineer. Schedule: Full-time. Remote: False. Country: Senegal. Skills: python, pytorch, snowflake, sql, tensorflow.",python;pytorch;snowflake;sql;tensorflow,ml_engineering,general_ml_engineering,Lead Machine Learning Engineer,Machine Learning Engineer,Senegal,Full-time,False,lukebarousse/data_jobs,5
1948,"Machine Learning Scientist, Startups",Alberta Machine Intelligence Institute,"Edmonton, AB, Canada","Title short: Machine Learning Engineer. Schedule: Full-time. Remote: False. Country: Canada. Skills: c++, java, jupyter, keras, pandas, python, pytorch, r, scikit-learn, tensorflow.",c++;java;jupyter;keras;pandas;python;pytorch;r;scikit-learn;tensorflow,ml_engineering,general_ml_engineering,"Machine Learning Scientist, Startups",Machine Learning Engineer,Canada,Full-time,False,lukebarousse/data_jobs,10
1949,Machine Learning Engineer,Happening,"Zagreb, Croatia","Title short: Machine Learning Engineer. Schedule: Full-time. Remote: False. Country: Croatia. Skills: aws, azure, docker, dynamodb, gcp, git, kafka, kubernetes, python, pytorch, scikit-learn, spark, tensorflow.",aws;azure;docker;dynamodb;gcp;git;kafka;kubernetes;python;pytorch;scikit-learn;spark;tensorflow,ml_engineering,general_ml_engineering,Machine Learning Engineer,Machine Learning Engineer,Croatia,Full-time,False,lukebarousse/data_jobs,13
1950,Senior Data Scientist/MLOps (m/w/d),Passion for People GmbH,"Karlsruhe, Germany","Title short: Senior Data Scientist. Schedule: Full-time. Remote: False. Country: Germany. Skills: python, pytorch, sql, tensorflow.",python;pytorch;sql;tensorflow,ml_engineering,mlops,Senior Data Scientist/MLOps (m/w/d),Senior Data Scientist,Germany,Full-time,False,lukebarousse/data_jobs,4
1951,Senior ML Engineer,Honeycomb Software,"Lviv, Lviv Oblast, Ukraine","Title short: Machine Learning Engineer. Schedule: Full-time. Remote: False. Country: Ukraine. Skills: c++, python, pytorch, tensorflow.",c++;python;pytorch;tensorflow,ml_engineering,general_ml_engineering,Senior ML Engineer,Machine Learning Engineer,Ukraine,Full-time,False,lukebarousse/data_jobs,4
1952,ML Engineer,NordAxon,"Malmö, Sweden","Title short: Machine Learning Engineer. Schedule: Full-time. Remote: False. Country: Sweden. Skills: c++, cassandra, docker, fastapi, flask, gcp, git, java, keras, kubernetes, mongodb, neo4j, nosql, pandas, python, pytorch, react, sql, tensorflow, theano.",c++;cassandra;docker;fastapi;flask;gcp;git;java;keras;kubernetes;mongodb;neo4j;nosql;pandas;python;pytorch;react;sql;tensorflow;theano,ml_engineering,general_ml_engineering,ML Engineer,Machine Learning Engineer,Sweden,Full-time,False,lukebarousse/data_jobs,20
1953,Machine Learning Engineer Pleno,Loopt,"Brasília - Brasilia, Federal District, Brazil","Title short: Machine Learning Engineer. Schedule: Full-time. Remote: False. Country: Brazil. Skills: aws, azure, gcp, git, pandas, python, pytorch, scikit-learn, tensorflow.",aws;azure;gcp;git;pandas;python;pytorch;scikit-learn;tensorflow,ml_engineering,general_ml_engineering,Machine Learning Engineer Pleno,Machine Learning Engineer,Brazil,Full-time,False,lukebarousse/data_jobs,9
1954,AI/ML Engineer,Knowesis Inc.,Anywhere,"Title short: Machine Learning Engineer. Schedule: Full-time. Remote: True. Country: United States. Skills: aws, azure, c++, gcp, hadoop, java, keras, python, pytorch, r, spark, tensorflow.",aws;azure;c++;gcp;hadoop;java;keras;python;pytorch;r;spark;tensorflow,ml_engineering,general_ml_engineering,AI/ML Engineer,Machine Learning Engineer,United States,Full-time,True,lukebarousse/data_jobs,12
1955,AI/ML Engineer - ICL - OPEN RANK,Georgia Tech Research Institute,"Atlanta, GA","Title short: Machine Learning Engineer. Schedule: Full-time. Remote: False. Country: United States. Skills: aws, azure, databricks, github, jupyter, matlab, python, r, scala, spark, sql.",aws;azure;databricks;github;jupyter;matlab;python;r;scala;spark;sql,ml_engineering,general_ml_engineering,AI/ML Engineer - ICL - OPEN RANK,Machine Learning Engineer,United States,Full-time,False,lukebarousse/data_jobs,11
1956,NLP Research Engineer,DigitalOwl,"Tel Aviv-Yafo, Israel","Title short: Machine Learning Engineer. Schedule: Full-time. Remote: False. Country: Israel. Skills: python, pytorch, tensorflow.",python;pytorch;tensorflow,ml_engineering,general_ml_engineering,NLP Research Engineer,Machine Learning Engineer,Israel,Full-time,False,lukebarousse/data_jobs,3
1957,Junior Machine Learning Engineer,UN - United Nations,"Beirut, Lebanon","Title short: Machine Learning Engineer. Schedule: nan. Remote: False. Country: Lebanon. Skills: aws, azure, python, r, sql, windows.",aws;azure;python;r;sql;windows,ml_engineering,general_ml_engineering,Junior Machine Learning Engineer,Machine Learning Engineer,Lebanon,,False,lukebarousse/data_jobs,6
1958,Senior Machine Learning Scientist (Poland Remote),Turnitin,Anywhere,"Title short: Machine Learning Engineer. Schedule: Full-time. Remote: True. Country: Poland. Skills: aws, docker, flask, git, github, hugging face, javascript, jupyter, python, pytorch, react, scikit-learn, sql.",aws;docker;flask;git;github;hugging face;javascript;jupyter;python;pytorch;react;scikit-learn;sql,ml_engineering,general_ml_engineering,Senior Machine Learning Scientist (Poland Remote),Machine Learning Engineer,Poland,Full-time,True,lukebarousse/data_jobs,13
1959,Machine Learning Engineer,HiredScore,"Tel Aviv-Yafo, Israel","Title short: Machine Learning Engineer. Schedule: Full-time. Remote: False. Country: Israel. Skills: c, python.",c;python,ml_engineering,general_ml_engineering,Machine Learning Engineer,Machine Learning Engineer,Israel,Full-time,False,lukebarousse/data_jobs,2
1960,Python With ML Engineer,Navtech,"Hyderabad, Telangana, India","Title short: Machine Learning Engineer. Schedule: Full-time. Remote: False. Country: India. Skills: aws, python, pytorch, scikit-learn, tensorflow.",aws;python;pytorch;scikit-learn;tensorflow,ml_engineering,general_ml_engineering,Python With ML Engineer,Machine Learning Engineer,India,Full-time,False,lukebarousse/data_jobs,5
1961,Sr. Machine Learning Engineer,Cardinal Health,"Bengaluru, Karnataka, India","Title short: Machine Learning Engineer. Schedule: Full-time. Remote: False. Country: India. Skills: gcp, jenkins, python, tensorflow.",gcp;jenkins;python;tensorflow,ml_engineering,general_ml_engineering,Sr. Machine Learning Engineer,Machine Learning Engineer,India,Full-time,False,lukebarousse/data_jobs,4
1962,Machine Learning Engineer | Taguig,Ubiquity,"Taguig, Metro Manila, Philippines","Title short: Machine Learning Engineer. Schedule: Full-time. Remote: False. Country: Philippines. Skills: excel, pytorch, tensorflow.",excel;pytorch;tensorflow,ml_engineering,general_ml_engineering,Machine Learning Engineer | Taguig,Machine Learning Engineer,Philippines,Full-time,False,lukebarousse/data_jobs,3
1963,Machine Learning Engineer,Viaplay Group,"Stockholm, Sweden","Title short: Machine Learning Engineer. Schedule: Full-time. Remote: False. Country: Sweden. Skills: aws, go, python, spark, sql.",aws;go;python;spark;sql,ml_engineering,general_ml_engineering,Machine Learning Engineer,Machine Learning Engineer,Sweden,Full-time,False,lukebarousse/data_jobs,5
1964,Computer Vision Scientist,Harnham,"Santa Monica, CA","Title short: Machine Learning Engineer. Schedule: Full-time. Remote: False. Country: United States. Skills: c++, python.",c++;python,ml_engineering,general_ml_engineering,Computer Vision Scientist,Machine Learning Engineer,United States,Full-time,False,lukebarousse/data_jobs,2
1965,"(Senior) Data and Machine Learning Engineer, CSII",The Hong Kong Jockey Club,Hong Kong,"Title short: Senior Data Engineer. Schedule: nan. Remote: False. Country: Hong Kong. Skills: c#, c++, docker, java, kubernetes, python, sql, sql server, vba.",c#;c++;docker;java;kubernetes;python;sql;sql server;vba,ml_engineering,general_ml_engineering,"(Senior) Data and Machine Learning Engineer, CSII",Senior Data Engineer,Hong Kong,,False,lukebarousse/data_jobs,9
1966,ML Ops Engineer,Atura,"Cape Town, South Africa","Title short: Machine Learning Engineer. Schedule: Full-time. Remote: False. Country: South Africa. Skills: aws, azure, docker, git, kubernetes, python, pytorch, scikit-learn, tensorflow.",aws;azure;docker;git;kubernetes;python;pytorch;scikit-learn;tensorflow,ml_engineering,mlops,ML Ops Engineer,Machine Learning Engineer,South Africa,Full-time,False,lukebarousse/data_jobs,9
1967,Kafka Engineer,Sollers Consulting,Italy,"Title short: Machine Learning Engineer. Schedule: Full-time. Remote: False. Country: Italy. Skills: airflow, flow, java, kafka, nosql, python, r, scala, spark.",airflow;flow;java;kafka;nosql;python;r;scala;spark,ml_engineering,general_ml_engineering,Kafka Engineer,Machine Learning Engineer,Italy,Full-time,False,lukebarousse/data_jobs,9
1968,MLOps Engineer,BigData Republic,"Nieuwegein, Netherlands","Title short: Machine Learning Engineer. Schedule: Full-time. Remote: False. Country: Netherlands. Skills: airflow, docker, go, kafka, kubernetes, python, spark, terraform.",airflow;docker;go;kafka;kubernetes;python;spark;terraform,ml_engineering,mlops,MLOps Engineer,Machine Learning Engineer,Netherlands,Full-time,False,lukebarousse/data_jobs,8
1969,Staff Machine Learning Engineer,Intuit,"Petah Tikva, Israel","Title short: Machine Learning Engineer. Schedule: Full-time. Remote: False. Country: Israel. Skills: aws, docker, git, github, java, keras, kubernetes, nltk, numpy, pandas, python, scala, spark, sql, tensorflow.",aws;docker;git;github;java;keras;kubernetes;nltk;numpy;pandas;python;scala;spark;sql;tensorflow,ml_engineering,general_ml_engineering,Staff Machine Learning Engineer,Machine Learning Engineer,Israel,Full-time,False,lukebarousse/data_jobs,15
1970,Lead ML Engineer - PO of MLOps,Novo Nordisk,"Bagsværd, Denmark","Title short: Machine Learning Engineer. Schedule: Full-time. Remote: False. Country: Denmark. Skills: aws, go.",aws;go,ml_engineering,mlops,Lead ML Engineer - PO of MLOps,Machine Learning Engineer,Denmark,Full-time,False,lukebarousse/data_jobs,2
1971,Senior Machine Learning Engineer,Intercom,"Dublin, Ireland","Title short: Machine Learning Engineer. Schedule: Full-time. Remote: False. Country: Ireland. Skills: atlassian, aws, matplotlib, sql.",atlassian;aws;matplotlib;sql,ml_engineering,general_ml_engineering,Senior Machine Learning Engineer,Machine Learning Engineer,Ireland,Full-time,False,lukebarousse/data_jobs,4
1972,Senior ML Engineer,Norlys Denmark,"Aarhus, Denmark","Title short: Machine Learning Engineer. Schedule: Full-time. Remote: False. Country: Denmark. Skills: azure, databricks, flask, python.",azure;databricks;flask;python,ml_engineering,general_ml_engineering,Senior ML Engineer,Machine Learning Engineer,Denmark,Full-time,False,lukebarousse/data_jobs,4
1973,Applied Machine Learning Scientist,Thomson Reuters,"Mexico City, CDMX, Mexico","Title short: Machine Learning Engineer. Schedule: Full-time. Remote: False. Country: Mexico. Skills: java, python, scala.",java;python;scala,ml_engineering,general_ml_engineering,Applied Machine Learning Scientist,Machine Learning Engineer,Mexico,Full-time,False,lukebarousse/data_jobs,3
1974,Machine Learning Engineer,Devoteam,Anywhere,"Title short: Machine Learning Engineer. Schedule: Full-time. Remote: True. Country: Portugal. Skills: azure, c#, databricks, kafka, python, spark.",azure;c#;databricks;kafka;python;spark,ml_engineering,general_ml_engineering,Machine Learning Engineer,Machine Learning Engineer,Portugal,Full-time,True,lukebarousse/data_jobs,6
1975,NLP Engineer,Verisk,"Jersey City, NJ","Title short: Machine Learning Engineer. Schedule: Full-time. Remote: False. Country: United States. Skills: aws, azure, python, pytorch, tensorflow.",aws;azure;python;pytorch;tensorflow,ml_engineering,general_ml_engineering,NLP Engineer,Machine Learning Engineer,United States,Full-time,False,lukebarousse/data_jobs,5
1976,Senior MLOPs Engineer (100% remote),Datrick,Anywhere,"Title short: Machine Learning Engineer. Schedule: Contractor. Remote: True. Country: Hungary. Skills: airflow, aws, bash, cassandra, docker, flask, jenkins, kafka, keras, kubernetes, mysql, oracle, python, pytorch, scala, scikit-learn, spark, spring, sql, tensorflow.",airflow;aws;bash;cassandra;docker;flask;jenkins;kafka;keras;kubernetes;mysql;oracle;python;pytorch;scala;scikit-learn;spark;spring;sql;tensorflow,ml_engineering,mlops,Senior MLOPs Engineer (100% remote),Machine Learning Engineer,Hungary,Contractor,True,lukebarousse/data_jobs,20
1977,ML Engineer,AMK TECHNOLOGY SDN BHD,"Kuala Lumpur, Federal Territory of Kuala Lumpur, Malaysia","Title short: Machine Learning Engineer. Schedule: Full-time. Remote: False. Country: Malaysia. Skills: azure, databricks, python.",azure;databricks;python,ml_engineering,general_ml_engineering,ML Engineer,Machine Learning Engineer,Malaysia,Full-time,False,lukebarousse/data_jobs,3
1978,AI/ML Engineer,VakıfBank,"İstanbul, Türkiye","Title short: Machine Learning Engineer. Schedule: Full-time. Remote: False. Country: Turkey. Skills: docker, kafka, keras, linux, mongodb, nosql, oracle, python, pytorch, sql, tensorflow.",docker;kafka;keras;linux;mongodb;nosql;oracle;python;pytorch;sql;tensorflow,ml_engineering,general_ml_engineering,AI/ML Engineer,Machine Learning Engineer,Turkey,Full-time,False,lukebarousse/data_jobs,11
1979,"Senior Consultant, AI/ML Engineer",Slalom,"Tokyo, Japan","Title short: Machine Learning Engineer. Schedule: Full-time. Remote: False. Country: Japan. Skills: azure, python, r.",azure;python;r,ml_engineering,general_ml_engineering,"Senior Consultant, AI/ML Engineer",Machine Learning Engineer,Japan,Full-time,False,lukebarousse/data_jobs,3
1980,Senior Machine Learning Engineer,"New Relic, Inc.","Tel Aviv-Yafo, Israel","Title short: Machine Learning Engineer. Schedule: Full-time. Remote: False. Country: Israel. Skills: aws, kafka, kotlin, kubernetes, python, spark, tensorflow.",aws;kafka;kotlin;kubernetes;python;spark;tensorflow,ml_engineering,general_ml_engineering,Senior Machine Learning Engineer,Machine Learning Engineer,Israel,Full-time,False,lukebarousse/data_jobs,7
1981,Big Data Engineer or AI/ML Engineer,Tan Check Consolidated Inc.,"Round Rock, TX","Title short: Data Engineer. Schedule: Contractor. Remote: False. Country: United States. Skills: airflow, docker, gitlab, hadoop, kafka, kubernetes, python, redis, spark, sql.",airflow;docker;gitlab;hadoop;kafka;kubernetes;python;redis;spark;sql,ml_engineering,general_ml_engineering,Big Data Engineer or AI/ML Engineer,Data Engineer,United States,Contractor,False,lukebarousse/data_jobs,10
1982,Machine Learning Engineer,ClearML,Anywhere,"Title short: Machine Learning Engineer. Schedule: Full-time. Remote: True. Country: Canada. Skills: kubernetes, python.",kubernetes;python,ml_engineering,general_ml_engineering,Machine Learning Engineer,Machine Learning Engineer,Canada,Full-time,True,lukebarousse/data_jobs,2
1983,MDM Engineer,Wenger & Watson Inc,"Pune, Maharashtra, India","Title short: Machine Learning Engineer. Schedule: Full-time. Remote: False. Country: India. Skills: db2, java, mysql, oracle, python, sap, sql, sql server.",db2;java;mysql;oracle;python;sap;sql;sql server,ml_engineering,general_ml_engineering,MDM Engineer,Machine Learning Engineer,India,Full-time,False,lukebarousse/data_jobs,8
1984,Prompt Engineer/Generative AI Engineer,Joblift,"Paris, France","Title short: Machine Learning Engineer. Schedule: Temp work. Remote: False. Country: France. Skills: nltk, python, pytorch, tensorflow.",nltk;python;pytorch;tensorflow,ml_engineering,general_ml_engineering,Prompt Engineer/Generative AI Engineer,Machine Learning Engineer,France,Temp work,False,lukebarousse/data_jobs,4
1985,MI Analyst,In Technology Group,"Liverpool, UK","Title short: Machine Learning Engineer. Schedule: Full-time. Remote: False. Country: United Kingdom. Skills: excel, sql.",excel;sql,ml_engineering,general_ml_engineering,MI Analyst,Machine Learning Engineer,United Kingdom,Full-time,False,lukebarousse/data_jobs,2
1986,Principal Machine Learning Engineer,Storm5,Anywhere,"Title short: Machine Learning Engineer. Schedule: Full-time. Remote: True. Country: Sudan. Skills: airflow, aws, docker, gcp, java, kubernetes, python, spark, sql.",airflow;aws;docker;gcp;java;kubernetes;python;spark;sql,ml_engineering,general_ml_engineering,Principal Machine Learning Engineer,Machine Learning Engineer,Sudan,Full-time,True,lukebarousse/data_jobs,9
1987,Security Analytics Lead (m/f/x),Dynatrace,"Klagenfurt am Wörthersee, Austria","Title short: Machine Learning Engineer. Schedule: Full-time. Remote: False. Country: Austria. Skills: kubernetes, python.",kubernetes;python,ml_engineering,general_ml_engineering,Security Analytics Lead (m/f/x),Machine Learning Engineer,Austria,Full-time,False,lukebarousse/data_jobs,2
1988,Machine Learning Engineer,CGG,"Calgary, AB, Canada","Title short: Machine Learning Engineer. Schedule: Full-time. Remote: False. Country: Canada. Skills: c, c++, java, python, pytorch, tensorflow.",c;c++;java;python;pytorch;tensorflow,ml_engineering,general_ml_engineering,Machine Learning Engineer,Machine Learning Engineer,Canada,Full-time,False,lukebarousse/data_jobs,6
1989,Automation Analyst,TMF Group,"Kuala Lumpur, Federal Territory of Kuala Lumpur, Malaysia","Title short: Machine Learning Engineer. Schedule: Full-time. Remote: False. Country: Malaysia. Skills: alteryx, excel, sql.",alteryx;excel;sql,ml_engineering,general_ml_engineering,Automation Analyst,Machine Learning Engineer,Malaysia,Full-time,False,lukebarousse/data_jobs,3
1990,ML Engineer Senior,NTT DATA Italia,"Bari, Metropolitan City of Bari, Italy","Title short: Machine Learning Engineer. Schedule: Full-time. Remote: False. Country: Italy. Skills: c++, java, keras, python, pytorch, scala, spark.",c++;java;keras;python;pytorch;scala;spark,ml_engineering,general_ml_engineering,ML Engineer Senior,Machine Learning Engineer,Italy,Full-time,False,lukebarousse/data_jobs,7
1991,ML Engineer,Zurich Insurance Company Ltd.,"Bratislava, Slovakia","Title short: Machine Learning Engineer. Schedule: Full-time. Remote: False. Country: Slovakia. Skills: aws, azure, c++, java, python, pytorch, scikit-learn, spark, tensorflow.",aws;azure;c++;java;python;pytorch;scikit-learn;spark;tensorflow,ml_engineering,general_ml_engineering,ML Engineer,Machine Learning Engineer,Slovakia,Full-time,False,lukebarousse/data_jobs,9
1992,Senior C+ Autosar Adaptive Engineer,Luxoft,"Mexico City, CDMX, Mexico","Title short: Machine Learning Engineer. Schedule: Full-time. Remote: False. Country: Mexico. Skills: c++, git, jira, linux, python.",c++;git;jira;linux;python,ml_engineering,general_ml_engineering,Senior C+ Autosar Adaptive Engineer,Machine Learning Engineer,Mexico,Full-time,False,lukebarousse/data_jobs,5
1993,Machine Learning Scientist,Joblift,"Paris, France","Title short: Machine Learning Engineer. Schedule: Temp work. Remote: False. Country: France. Skills: numpy, opencv, pandas, python, pytorch, sas, tensorflow.",numpy;opencv;pandas;python;pytorch;sas;tensorflow,ml_engineering,general_ml_engineering,Machine Learning Scientist,Machine Learning Engineer,France,Temp work,False,lukebarousse/data_jobs,7
1994,Machine Learning Engineer,Jooble-PT,"Portalegre, Portugal","Title short: Machine Learning Engineer. Schedule: Full-time. Remote: False. Country: Portugal. Skills: aws, docker, fastapi, linux, numpy, pandas, python, sql.",aws;docker;fastapi;linux;numpy;pandas;python;sql,ml_engineering,general_ml_engineering,Machine Learning Engineer,Machine Learning Engineer,Portugal,Full-time,False,lukebarousse/data_jobs,8
1995,Engineer - Process,Shell Oil,"Makati, Metro Manila, Philippines","Title short: Machine Learning Engineer. Schedule: Full-time. Remote: False. Country: Philippines. Skills: flow, outlook.",flow;outlook,ml_engineering,general_ml_engineering,Engineer - Process,Machine Learning Engineer,Philippines,Full-time,False,lukebarousse/data_jobs,2
1996,Data scientist / Machine Learning Engineer,SEO.ai,"Lyngby, Denmark","Title short: Machine Learning Engineer. Schedule: Full-time. Remote: False. Country: Denmark. Skills: php, python, pytorch, r, sql, tensorflow.",php;python;pytorch;r;sql;tensorflow,ml_engineering,general_ml_engineering,Data scientist / Machine Learning Engineer,Machine Learning Engineer,Denmark,Full-time,False,lukebarousse/data_jobs,6
1997,Lead ML Engineer,Novo Nordisk,"Bagsværd, Denmark","Title short: Machine Learning Engineer. Schedule: Full-time. Remote: False. Country: Denmark. Skills: aws, go, python.",aws;go;python,ml_engineering,general_ml_engineering,Lead ML Engineer,Machine Learning Engineer,Denmark,Full-time,False,lukebarousse/data_jobs,3
1998,Stage Machine Learning,Talend,"Nantes, France","Title short: Machine Learning Engineer. Schedule: Full-time. Remote: False. Country: France. Skills: gdpr, git, python, r, sas.",gdpr;git;python;r;sas,ml_engineering,general_ml_engineering,Stage Machine Learning,Machine Learning Engineer,France,Full-time,False,lukebarousse/data_jobs,5
1999,Sr. Machine Learning Engineer,"Align Technology, Inc.",Canada,"Title short: Machine Learning Engineer. Schedule: Full-time. Remote: False. Country: Canada. Skills: atlassian, aws, bitbucket, c#, c++, confluence, git, jira, keras, numpy, pandas, power bi, python, spark, sql, tableau.",atlassian;aws;bitbucket;c#;c++;confluence;git;jira;keras;numpy;pandas;power bi;python;spark;sql;tableau,ml_engineering,general_ml_engineering,Sr. Machine Learning Engineer,Machine Learning Engineer,Canada,Full-time,False,lukebarousse/data_jobs,16
2000,"Machine Learning Engineer, Multimedia Arch Data and Algorithm...",TikTok,Singapore,"Title short: Machine Learning Engineer. Schedule: Full-time. Remote: False. Country: Singapore. Skills: arch, golang, java, mxnet, python, pytorch, tensorflow.",arch;golang;java;mxnet;python;pytorch;tensorflow,ml_engineering,general_ml_engineering,"Machine Learning Engineer, Multimedia Arch Data and Algorithm...",Machine Learning Engineer,Singapore,Full-time,False,lukebarousse/data_jobs,7
2001,Machine Learning Engineer,CPH.AI,"Frederiksberg, Denmark","Title short: Machine Learning Engineer. Schedule: Internship. Remote: False. Country: Denmark. Skills: python, pytorch, spark, tensorflow.",python;pytorch;spark;tensorflow,ml_engineering,general_ml_engineering,Machine Learning Engineer,Machine Learning Engineer,Denmark,Internship,False,lukebarousse/data_jobs,4
2002,Embedded Machine Learning Engineer (C++),Scandit,Anywhere,"Title short: Machine Learning Engineer. Schedule: Full-time. Remote: True. Country: Finland. Skills: c++, go, python.",c++;go;python,ml_engineering,general_ml_engineering,Embedded Machine Learning Engineer (C++),Machine Learning Engineer,Finland,Full-time,True,lukebarousse/data_jobs,3
2003,Senior Machine Learning Engineer - MLOps,IQVIA,Netherlands,"Title short: Machine Learning Engineer. Schedule: Full-time. Remote: False. Country: Netherlands. Skills: aws, azure, docker, gcp, kubernetes, linux, python, pytorch, tensorflow.",aws;azure;docker;gcp;kubernetes;linux;python;pytorch;tensorflow,ml_engineering,mlops,Senior Machine Learning Engineer - MLOps,Machine Learning Engineer,Netherlands,Full-time,False,lukebarousse/data_jobs,9
2004,Machine Learning Engineer,ISenseGroup/ICCS,"Athens, Greece","Title short: Machine Learning Engineer. Schedule: Full-time. Remote: False. Country: Greece. Skills: github, matlab, opencv, python, pytorch, scikit-learn, unity.",github;matlab;opencv;python;pytorch;scikit-learn;unity,ml_engineering,general_ml_engineering,Machine Learning Engineer,Machine Learning Engineer,Greece,Full-time,False,lukebarousse/data_jobs,7
2005,Machine Learning Engineer,Medium,"Madrid, Spain","Title short: Machine Learning Engineer. Schedule: Full-time. Remote: False. Country: Spain. Skills: aws, gcp, mxnet, python, pytorch, spark, tensorflow.",aws;gcp;mxnet;python;pytorch;spark;tensorflow,ml_engineering,general_ml_engineering,Machine Learning Engineer,Machine Learning Engineer,Spain,Full-time,False,lukebarousse/data_jobs,7
2006,Python Machine Learning Engineer,Harnham,"Amsterdam, Netherlands","Title short: Machine Learning Engineer. Schedule: Full-time. Remote: False. Country: Netherlands. Skills: airflow, aws, azure, gcp, hadoop, java, keras, linux, pandas, pyspark, python, scala, spark, tableau, tensorflow, windows, word.",airflow;aws;azure;gcp;hadoop;java;keras;linux;pandas;pyspark;python;scala;spark;tableau;tensorflow;windows;word,ml_engineering,general_ml_engineering,Python Machine Learning Engineer,Machine Learning Engineer,Netherlands,Full-time,False,lukebarousse/data_jobs,17
2007,Machine Learning Engineer,AFFINITY Portugal,"Porto, Portugal","Title short: Machine Learning Engineer. Schedule: Full-time. Remote: False. Country: Portugal. Skills: airflow, aws, python, spark.",airflow;aws;python;spark,ml_engineering,general_ml_engineering,Machine Learning Engineer,Machine Learning Engineer,Portugal,Full-time,False,lukebarousse/data_jobs,4
2008,ML Engineer,Vestas,"Chennai, Tamil Nadu, India","Title short: Machine Learning Engineer. Schedule: Full-time. Remote: False. Country: India. Skills: azure, databricks, django, flask, rshiny, sql.",azure;databricks;django;flask;rshiny;sql,ml_engineering,general_ml_engineering,ML Engineer,Machine Learning Engineer,India,Full-time,False,lukebarousse/data_jobs,6
2009,Data Engineer / MLops-(H/F),Société Générale Assurances,France,"Title short: Data Engineer. Schedule: Full-time. Remote: False. Country: France. Skills: docker, gitlab, hadoop, jenkins, pyspark, python, sas, spark.",docker;gitlab;hadoop;jenkins;pyspark;python;sas;spark,ml_engineering,mlops,Data Engineer / MLops-(H/F),Data Engineer,France,Full-time,False,lukebarousse/data_jobs,8
2010,MLOps  Engineer,Spotos,"Vilnius, Vilnius city municipality, Lithuania","Title short: Machine Learning Engineer. Schedule: Full-time. Remote: False. Country: Lithuania. Skills: airflow, bash, datarobot, docker, gcp, github, gitlab, go, kubernetes, linux, python, pytorch, ruby, scikit-learn, tensorflow.",airflow;bash;datarobot;docker;gcp;github;gitlab;go;kubernetes;linux;python;pytorch;ruby;scikit-learn;tensorflow,ml_engineering,mlops,MLOps  Engineer,Machine Learning Engineer,Lithuania,Full-time,False,lukebarousse/data_jobs,15
2011,Senior ML Engineer,Пану Ольга Германовна,Anywhere,"Title short: Machine Learning Engineer. Schedule: Full-time. Remote: True. Country: Kazakhstan. Skills: c++, git, notion, python, pytorch, rust, slack, tensorflow.",c++;git;notion;python;pytorch;rust;slack;tensorflow,ml_engineering,general_ml_engineering,Senior ML Engineer,Machine Learning Engineer,Kazakhstan,Full-time,True,lukebarousse/data_jobs,8
2012,Senior Learning Analyst,D2L,Anywhere,"Title short: Machine Learning Engineer. Schedule: Full-time. Remote: True. Country: Canada. Skills: sql, tableau.",sql;tableau,ml_engineering,general_ml_engineering,Senior Learning Analyst,Machine Learning Engineer,Canada,Full-time,True,lukebarousse/data_jobs,2
2013,Senior Machine Learning/ AI Engineer (f/m/d) Spain,SIGNA Sports United,"Barcelona, Spain","Title short: Machine Learning Engineer. Schedule: Full-time. Remote: False. Country: Spain. Skills: aws, sql.",aws;sql,ml_engineering,general_ml_engineering,Senior Machine Learning/ AI Engineer (f/m/d) Spain,Machine Learning Engineer,Spain,Full-time,False,lukebarousse/data_jobs,2
2014,ML Engineer,Toss Securities (토스증권),South Korea,"Title short: Machine Learning Engineer. Schedule: Full-time. Remote: False. Country: South Korea. Skills: airflow, elasticsearch, hadoop, kafka, spark.",airflow;elasticsearch;hadoop;kafka;spark,ml_engineering,general_ml_engineering,ML Engineer,Machine Learning Engineer,South Korea,Full-time,False,lukebarousse/data_jobs,5
2015,Machine learning engineer,ЭНИ.РАН,Anywhere,"Title short: Machine Learning Engineer. Schedule: Full-time. Remote: True. Country: Russia. Skills: docker, linux, numpy, python, pytorch.",docker;linux;numpy;python;pytorch,ml_engineering,general_ml_engineering,Machine learning engineer,Machine Learning Engineer,Russia,Full-time,True,lukebarousse/data_jobs,5
2016,Machine Learning Engineer,Pfizer,"San José Province, San José, Costa Rica","Title short: Machine Learning Engineer. Schedule: Full-time. Remote: False. Country: Costa Rica. Skills: aws, github, jenkins, python, r, snowflake, sql.",aws;github;jenkins;python;r;snowflake;sql,ml_engineering,general_ml_engineering,Machine Learning Engineer,Machine Learning Engineer,Costa Rica,Full-time,False,lukebarousse/data_jobs,7
2017,Hiring for Data Modeller - Consultant,Geval6 Inc,Anywhere,"Title short: Machine Learning Engineer. Schedule: Part-time. Remote: True. Country: India. Skills: airflow, azure, flow, python, sap, sql, sql server.",airflow;azure;flow;python;sap;sql;sql server,ml_engineering,general_ml_engineering,Hiring for Data Modeller - Consultant,Machine Learning Engineer,India,Part-time,True,lukebarousse/data_jobs,7
2018,Machine Learning Engineer / Data Scientist (m/w/d),Porsche Deutschland GmbH,"Bietigheim-Bissingen, Germany","Title short: Machine Learning Engineer. Schedule: Full-time. Remote: False. Country: Germany. Skills: aws, azure, python, pytorch, sql, tensorflow.",aws;azure;python;pytorch;sql;tensorflow,ml_engineering,general_ml_engineering,Machine Learning Engineer / Data Scientist (m/w/d),Machine Learning Engineer,Germany,Full-time,False,lukebarousse/data_jobs,6
2019,Machine Learning Developer,AlleyCorp,"Ibagué, Ibague, Tolima, Colombia","Title short: Machine Learning Engineer. Schedule: Full-time. Remote: False. Country: Colombia. Skills: aws, python, pytorch, r, scikit-learn, spark, tensorflow.",aws;python;pytorch;r;scikit-learn;spark;tensorflow,ml_engineering,general_ml_engineering,Machine Learning Developer,Machine Learning Engineer,Colombia,Full-time,False,lukebarousse/data_jobs,7
2020,Machine Learning Engineer (Data Mining) - Global E-Commerce,TikTok,Singapore,"Title short: Machine Learning Engineer. Schedule: Full-time. Remote: False. Country: Singapore. Skills: hadoop, pytorch, spark, tensorflow.",hadoop;pytorch;spark;tensorflow,ml_engineering,general_ml_engineering,Machine Learning Engineer (Data Mining) - Global E-Commerce,Machine Learning Engineer,Singapore,Full-time,False,lukebarousse/data_jobs,4
2021,GDPR and Legal Analyst (m/f/x),Tipico,"St Julian's, Malta","Title short: Machine Learning Engineer. Schedule: Full-time. Remote: False. Country: Malta. Skills: excel, gdpr.",excel;gdpr,ml_engineering,general_ml_engineering,GDPR and Legal Analyst (m/f/x),Machine Learning Engineer,Malta,Full-time,False,lukebarousse/data_jobs,2
2022,Staff Machine Learning Engineer,Zendesk,Portugal,"Title short: Machine Learning Engineer. Schedule: Full-time. Remote: False. Country: Portugal. Skills: aurora, aws, docker, elasticsearch, go, java, kafka, kubernetes, mysql, python, pytorch, redis, ruby, scala, slack, spark, tensorflow.",aurora;aws;docker;elasticsearch;go;java;kafka;kubernetes;mysql;python;pytorch;redis;ruby;scala;slack;spark;tensorflow,ml_engineering,general_ml_engineering,Staff Machine Learning Engineer,Machine Learning Engineer,Portugal,Full-time,False,lukebarousse/data_jobs,17
2023,Senior Machine Learning Engineer,Epsilon India,"Bengaluru, Karnataka, India","Title short: Machine Learning Engineer. Schedule: Full-time. Remote: False. Country: India. Skills: airflow, keras, kubernetes, linux, python, pytorch, tensorflow.",airflow;keras;kubernetes;linux;python;pytorch;tensorflow,ml_engineering,general_ml_engineering,Senior Machine Learning Engineer,Machine Learning Engineer,India,Full-time,False,lukebarousse/data_jobs,7
2024,"Sr. Associate, Machine Learning Engineer",Poudouleveis.gr,"Thessaloniki, Greece","Title short: Machine Learning Engineer. Schedule: Full-time. Remote: False. Country: Greece. Skills: python, r, sql.",python;r;sql,ml_engineering,general_ml_engineering,"Sr. Associate, Machine Learning Engineer",Machine Learning Engineer,Greece,Full-time,False,lukebarousse/data_jobs,3
2025,Power Bi,Tata Consultancy Services,"Rosemont, IL","Title short: Machine Learning Engineer. Schedule: Full-time. Remote: False. Country: United States. Skills: power bi, sql, sql server, tableau.",power bi;sql;sql server;tableau,ml_engineering,general_ml_engineering,Power Bi,Machine Learning Engineer,United States,Full-time,False,lukebarousse/data_jobs,4
2026,ML Engineer,Crayon,"Lisbon, Portugal","Title short: Machine Learning Engineer. Schedule: Full-time. Remote: False. Country: Portugal. Skills: aws, azure, gcp, git, jenkins, keras, kubernetes, linux, python, pytorch, scikit-learn.",aws;azure;gcp;git;jenkins;keras;kubernetes;linux;python;pytorch;scikit-learn,ml_engineering,general_ml_engineering,ML Engineer,Machine Learning Engineer,Portugal,Full-time,False,lukebarousse/data_jobs,11
2027,Machine Learning Engineer,Talent et au-dela,Dubai - United Arab Emirates,"Title short: Machine Learning Engineer. Schedule: Full-time. Remote: False. Country: United Arab Emirates. Skills: pyspark, python, pytorch, sql.",pyspark;python;pytorch;sql,ml_engineering,general_ml_engineering,Machine Learning Engineer,Machine Learning Engineer,United Arab Emirates,Full-time,False,lukebarousse/data_jobs,4
2028,Lead ML Engineer,Digital Waffle,Anywhere,"Title short: Machine Learning Engineer. Schedule: Full-time. Remote: True. Country: United Kingdom. Skills: aws, azure, hugging face, matplotlib, numpy, pandas, python, pytorch, scikit-learn, seaborn, tensorflow.",aws;azure;hugging face;matplotlib;numpy;pandas;python;pytorch;scikit-learn;seaborn;tensorflow,ml_engineering,general_ml_engineering,Lead ML Engineer,Machine Learning Engineer,United Kingdom,Full-time,True,lukebarousse/data_jobs,11
2029,Machine Learning Engineer / Data Scientist (gn)- 100% Remote,workidentity GmbH,Anywhere,"Title short: Machine Learning Engineer. Schedule: Full-time. Remote: True. Country: Germany. Skills: aws, azure, java, python, r, sap.",aws;azure;java;python;r;sap,ml_engineering,general_ml_engineering,Machine Learning Engineer / Data Scientist (gn)- 100% Remote,Machine Learning Engineer,Germany,Full-time,True,lukebarousse/data_jobs,6
2030,Machine Learning Engineer,FPT Software,Anywhere,"Title short: Machine Learning Engineer. Schedule: Full-time. Remote: True. Country: Canada. Skills: c, databricks, hadoop, java, keras, numpy, pandas, python, pytorch, scala, spark, sql, tensorflow.",c;databricks;hadoop;java;keras;numpy;pandas;python;pytorch;scala;spark;sql;tensorflow,ml_engineering,general_ml_engineering,Machine Learning Engineer,Machine Learning Engineer,Canada,Full-time,True,lukebarousse/data_jobs,13
2031,"Applied Machine Learning Engineer, Speech and Audio Systems",Fusemachines,"Buenos Aires, Argentina","Title short: Machine Learning Engineer. Schedule: Full-time. Remote: False. Country: Argentina. Skills: python, pytorch, tensorflow.",python;pytorch;tensorflow,ml_engineering,general_ml_engineering,"Applied Machine Learning Engineer, Speech and Audio Systems",Machine Learning Engineer,Argentina,Full-time,False,lukebarousse/data_jobs,3
2032,Data Scientist/Machine Learning Engineer – Entry/Junior Level,SynergisticIT,"Miami, FL","Title short: Machine Learning Engineer. Schedule: Contractor. Remote: False. Country: United States. Skills: c++, django, go, java, keras, numpy, pandas, python, pytorch, r, scala, scikit-learn, sql, tensorflow.",c++;django;go;java;keras;numpy;pandas;python;pytorch;r;scala;scikit-learn;sql;tensorflow,ml_engineering,general_ml_engineering,Data Scientist/Machine Learning Engineer – Entry/Junior Level,Machine Learning Engineer,United States,Contractor,False,lukebarousse/data_jobs,14
2033,Machine Learning Operations Engineer,Flash Group,"Cape Town, South Africa","Title short: Machine Learning Engineer. Schedule: Full-time. Remote: False. Country: South Africa. Skills: aws, azure, docker, gcp, java, kubernetes, python.",aws;azure;docker;gcp;java;kubernetes;python,ml_engineering,general_ml_engineering,Machine Learning Operations Engineer,Machine Learning Engineer,South Africa,Full-time,False,lukebarousse/data_jobs,7
2034,"Engineer, Machine Learning",First Quantum Minerals,"Colón, Panama","Title short: Machine Learning Engineer. Schedule: Full-time. Remote: False. Country: Panama. Skills: bitbucket, git, gitlab, keras, python, pytorch, r, scikit-learn, spark, svn, tensorflow.",bitbucket;git;gitlab;keras;python;pytorch;r;scikit-learn;spark;svn;tensorflow,ml_engineering,general_ml_engineering,"Engineer, Machine Learning",Machine Learning Engineer,Panama,Full-time,False,lukebarousse/data_jobs,11
2035,Machine Learning Engineer,TDCX,"Kuala Lumpur, Federal Territory of Kuala Lumpur, Malaysia","Title short: Machine Learning Engineer. Schedule: Full-time. Remote: False. Country: Malaysia. Skills: electron, mysql.",electron;mysql,ml_engineering,general_ml_engineering,Machine Learning Engineer,Machine Learning Engineer,Malaysia,Full-time,False,lukebarousse/data_jobs,2
2036,Machine Learning Engineer,SIXT,"Lisbon, Portugal","Title short: Machine Learning Engineer. Schedule: Full-time. Remote: False. Country: Portugal. Skills: aws, gcp, python.",aws;gcp;python,ml_engineering,general_ml_engineering,Machine Learning Engineer,Machine Learning Engineer,Portugal,Full-time,False,lukebarousse/data_jobs,3
2037,MLOps Engineer(NJ),Tiger Analytics,Anywhere,"Title short: Machine Learning Engineer. Schedule: Full-time. Remote: True. Country: Sudan. Skills: airflow, aws, docker, fastapi, flask, hadoop, homebrew, keras, kubernetes, numpy, oracle, pandas, python, spark, tensorflow, terraform.",airflow;aws;docker;fastapi;flask;hadoop;homebrew;keras;kubernetes;numpy;oracle;pandas;python;spark;tensorflow;terraform,ml_engineering,mlops,MLOps Engineer(NJ),Machine Learning Engineer,Sudan,Full-time,True,lukebarousse/data_jobs,16
2038,Applied ML Scientist/ML Engineer,Neural Dsp Technologies Oy,"Helsinki, Finland","Title short: Machine Learning Engineer. Schedule: Full-time. Remote: False. Country: Finland. Skills: aws, c++, git, numpy, pandas, python, pytorch, react, typescript.",aws;c++;git;numpy;pandas;python;pytorch;react;typescript,ml_engineering,general_ml_engineering,Applied ML Scientist/ML Engineer,Machine Learning Engineer,Finland,Full-time,False,lukebarousse/data_jobs,9
2039,Senior Machine Learning Engineer,Cognizant,"Vilnius, Vilnius City Municipality, Lithuania","Title short: Machine Learning Engineer. Schedule: Full-time. Remote: False. Country: Lithuania. Skills: docker, go, kubernetes, python, spark, sql.",docker;go;kubernetes;python;spark;sql,ml_engineering,general_ml_engineering,Senior Machine Learning Engineer,Machine Learning Engineer,Lithuania,Full-time,False,lukebarousse/data_jobs,6
2040,Machine Learning Engineer,ST ENGINEERING IHQ PTE. LTD.,Singapore,"Title short: Machine Learning Engineer. Schedule: Full-time. Remote: False. Country: Singapore. Skills: airflow, aws, azure, docker, hadoop, kafka, kubernetes, mxnet, numpy, pandas, pytorch, spark, tensorflow.",airflow;aws;azure;docker;hadoop;kafka;kubernetes;mxnet;numpy;pandas;pytorch;spark;tensorflow,ml_engineering,general_ml_engineering,Machine Learning Engineer,Machine Learning Engineer,Singapore,Full-time,False,lukebarousse/data_jobs,13
2041,AI/ML Engineer,Samespace,"Mumbai, Maharashtra, India","Title short: Machine Learning Engineer. Schedule: Full-time. Remote: False. Country: India. Skills: numpy, pandas, python, pytorch, tensorflow.",numpy;pandas;python;pytorch;tensorflow,ml_engineering,general_ml_engineering,AI/ML Engineer,Machine Learning Engineer,India,Full-time,False,lukebarousse/data_jobs,5
2042,Senior Machine Learning Engineer,Zendesk,Portugal,"Title short: Machine Learning Engineer. Schedule: Full-time. Remote: False. Country: Portugal. Skills: aurora, aws, docker, elasticsearch, go, java, kafka, kubernetes, mysql, python, pytorch, redis, ruby, scala, slack, spark, tensorflow.",aurora;aws;docker;elasticsearch;go;java;kafka;kubernetes;mysql;python;pytorch;redis;ruby;scala;slack;spark;tensorflow,ml_engineering,general_ml_engineering,Senior Machine Learning Engineer,Machine Learning Engineer,Portugal,Full-time,False,lukebarousse/data_jobs,17
2043,Machine Learning Engineer,Wind Tre,"Rho, Metropolitan City of Milan, Italy","Title short: Machine Learning Engineer. Schedule: Full-time. Remote: False. Country: Italy. Skills: airflow, docker, flask, git, pandas, python, scikit-learn, shell, spark, sql.",airflow;docker;flask;git;pandas;python;scikit-learn;shell;spark;sql,ml_engineering,general_ml_engineering,Machine Learning Engineer,Machine Learning Engineer,Italy,Full-time,False,lukebarousse/data_jobs,10
2044,Full-Stack/Machine Learning Engineer,Turing,"Vienna, Austria","Title short: Machine Learning Engineer. Schedule: Full-time. Remote: False. Country: Austria. Skills: python, ruby.",python;ruby,ml_engineering,general_ml_engineering,Full-Stack/Machine Learning Engineer,Machine Learning Engineer,Austria,Full-time,False,lukebarousse/data_jobs,2
2045,Machine Learning Engineer,CISCO SYSTEMS (Czech Republic) s.r.o.,"Prague, Czechia","Title short: Machine Learning Engineer. Schedule: Full-time. Remote: False. Country: Czechia. Skills: aws, java, kubernetes, python, scala, spark.",aws;java;kubernetes;python;scala;spark,ml_engineering,general_ml_engineering,Machine Learning Engineer,Machine Learning Engineer,Czechia,Full-time,False,lukebarousse/data_jobs,6
2046,ML Engineer - Data & Advanced Analytics,Penske Truck Leasing,"Jenkintown, PA","Title short: Machine Learning Engineer. Schedule: Full-time. Remote: False. Country: United States. Skills: angular, aws, java, javascript, mysql, nosql, python, react, sas, spring, sql.",angular;aws;java;javascript;mysql;nosql;python;react;sas;spring;sql,ml_engineering,general_ml_engineering,ML Engineer - Data & Advanced Analytics,Machine Learning Engineer,United States,Full-time,False,lukebarousse/data_jobs,11
2047,Machine Learning Engineer,ESPRIMO srl,"Catania, Metropolitan city of Catania, Italy","Title short: Machine Learning Engineer. Schedule: Full-time. Remote: False. Country: Italy. Skills: c++, gitlab, opencv, python, tensorflow.",c++;gitlab;opencv;python;tensorflow,ml_engineering,general_ml_engineering,Machine Learning Engineer,Machine Learning Engineer,Italy,Full-time,False,lukebarousse/data_jobs,5
2048,ML Ops Engineer,Sea,"London, UK","Title short: Machine Learning Engineer. Schedule: Full-time. Remote: False. Country: United Kingdom. Skills: azure, databricks, docker, git, kubernetes, nosql, numpy, pandas, power bi, python, spark, sql.",azure;databricks;docker;git;kubernetes;nosql;numpy;pandas;power bi;python;spark;sql,ml_engineering,mlops,ML Ops Engineer,Machine Learning Engineer,United Kingdom,Full-time,False,lukebarousse/data_jobs,12
2049,Data Science - Machine Learning Engineer,LastingSales,"Lahore, Pakistan","Title short: Machine Learning Engineer. Schedule: Full-time. Remote: False. Country: Pakistan. Skills: java, numpy, pandas, python, pytorch, scala, tensorflow.",java;numpy;pandas;python;pytorch;scala;tensorflow,ml_engineering,general_ml_engineering,Data Science - Machine Learning Engineer,Machine Learning Engineer,Pakistan,Full-time,False,lukebarousse/data_jobs,7
2050,Machine Learning Engineer,Adroit People Limited (UK),"Prague, Czechia","Title short: Machine Learning Engineer. Schedule: Contractor. Remote: False. Country: Czechia. Skills: docker, kubernetes.",docker;kubernetes,ml_engineering,general_ml_engineering,Machine Learning Engineer,Machine Learning Engineer,Czechia,Contractor,False,lukebarousse/data_jobs,2
2051,Senior Machine Learning Engineer,PharmiWeb.Jobs: Global Life Science Jobs,China,"Title short: Machine Learning Engineer. Schedule: Full-time. Remote: False. Country: China. Skills: aws, azure, c++, java, python, pytorch, r, scikit-learn, tensorflow.",aws;azure;c++;java;python;pytorch;r;scikit-learn;tensorflow,ml_engineering,general_ml_engineering,Senior Machine Learning Engineer,Machine Learning Engineer,China,Full-time,False,lukebarousse/data_jobs,9
2052,Machine Learning Engineer,IPsoft,"Bengaluru, Karnataka, India","Title short: Machine Learning Engineer. Schedule: Full-time. Remote: False. Country: India. Skills: go, java, julia, nltk, r, scikit-learn, spring, sql, word.",go;java;julia;nltk;r;scikit-learn;spring;sql;word,ml_engineering,general_ml_engineering,Machine Learning Engineer,Machine Learning Engineer,India,Full-time,False,lukebarousse/data_jobs,9
2053,Machine learning scientist or engineer,The Max Delbrück Center for Molecular Medicine (MDC),"Berlin, Germany","Title short: Machine Learning Engineer. Schedule: Full-time. Remote: False. Country: Germany. Skills: python, pytorch, scikit-learn.",python;pytorch;scikit-learn,ml_engineering,general_ml_engineering,Machine learning scientist or engineer,Machine Learning Engineer,Germany,Full-time,False,lukebarousse/data_jobs,3
2054,MLOps Data Engineer f/m/d,AVL,"Graz, Austria","Title short: Data Engineer. Schedule: Full-time. Remote: False. Country: Austria. Skills: aws, azure, bash, gcp, kubernetes, linux, pyspark, python.",aws;azure;bash;gcp;kubernetes;linux;pyspark;python,ml_engineering,mlops,MLOps Data Engineer f/m/d,Data Engineer,Austria,Full-time,False,lukebarousse/data_jobs,8
2055,Machine Learning / LLM Engineer – Data Governance Platforma Dawiso,Dawiso,"Prague, Czechia","Title short: Machine Learning Engineer. Schedule: Full-time. Remote: False. Country: Czechia. Skills: keras, numpy, pandas, python, pytorch, scikit-learn, sql.",keras;numpy;pandas;python;pytorch;scikit-learn;sql,ml_engineering,general_ml_engineering,Machine Learning / LLM Engineer – Data Governance Platforma Dawiso,Machine Learning Engineer,Czechia,Full-time,False,lukebarousse/data_jobs,7
2056,AI/ML Engineer – AWS Data Platform,Greymatter Innovationz,Anywhere,"Title short: Machine Learning Engineer. Schedule: Full-time. Remote: True. Country: India. Skills: aws, c, c++, java, javascript, keras, python, pytorch, r, tensorflow.",aws;c;c++;java;javascript;keras;python;pytorch;r;tensorflow,ml_engineering,general_ml_engineering,AI/ML Engineer – AWS Data Platform,Machine Learning Engineer,India,Full-time,True,lukebarousse/data_jobs,10
2057,Junior Machine Learning,Allinweb,"Lugano, Switzerland","Title short: Machine Learning Engineer. Schedule: Full-time. Remote: False. Country: Switzerland. Skills: angular, hadoop, java, javascript, kafka, kubernetes, python, spark.",angular;hadoop;java;javascript;kafka;kubernetes;python;spark,ml_engineering,general_ml_engineering,Junior Machine Learning,Machine Learning Engineer,Switzerland,Full-time,False,lukebarousse/data_jobs,8
2058,Machine Learning Engineer (Data Science),IRIS Technology Group,"Cornellà de Llobregat, Spain","Title short: Machine Learning Engineer. Schedule: Full-time. Remote: False. Country: Spain. Skills: c#, c++, git, mysql, python, pytorch, sql, sql server.",c#;c++;git;mysql;python;pytorch;sql;sql server,ml_engineering,general_ml_engineering,Machine Learning Engineer (Data Science),Machine Learning Engineer,Spain,Full-time,False,lukebarousse/data_jobs,8
2059,Staff Machine Learning Engineer,PagerDuty,"Lisbon, Portugal","Title short: Machine Learning Engineer. Schedule: Full-time. Remote: False. Country: Portugal. Skills: aws, go, zoom.",aws;go;zoom,ml_engineering,general_ml_engineering,Staff Machine Learning Engineer,Machine Learning Engineer,Portugal,Full-time,False,lukebarousse/data_jobs,3
2060,Senior Machine Learning Engineer,Tooploox,"Warsaw, Poland","Title short: Machine Learning Engineer. Schedule: Full-time. Remote: False. Country: Poland. Skills: keras, python, pytorch, scikit-learn, tensorflow.",keras;python;pytorch;scikit-learn;tensorflow,ml_engineering,general_ml_engineering,Senior Machine Learning Engineer,Machine Learning Engineer,Poland,Full-time,False,lukebarousse/data_jobs,5
2061,MLOps Engineer,RedLight,"Coimbra, Portugal","Title short: Machine Learning Engineer. Schedule: Full-time. Remote: False. Country: Portugal. Skills: aws, docker, kubernetes, nltk, python, pytorch, tensorflow, terraform.",aws;docker;kubernetes;nltk;python;pytorch;tensorflow;terraform,ml_engineering,mlops,MLOps Engineer,Machine Learning Engineer,Portugal,Full-time,False,lukebarousse/data_jobs,8
2062,Data/Machine Learning Engineer,Irdeto,"Wrocław, Poland","Title short: Machine Learning Engineer. Schedule: Full-time. Remote: False. Country: Poland. Skills: aws, azure, docker, elasticsearch, git, go, kafka, python, spark, sql, terraform.",aws;azure;docker;elasticsearch;git;go;kafka;python;spark;sql;terraform,ml_engineering,general_ml_engineering,Data/Machine Learning Engineer,Machine Learning Engineer,Poland,Full-time,False,lukebarousse/data_jobs,11
2063,Machine Learning Engineer,SKIM,"Rotterdam, Netherlands","Title short: Machine Learning Engineer. Schedule: Full-time. Remote: False. Country: Netherlands. Skills: aws, azure, python, r.",aws;azure;python;r,ml_engineering,general_ml_engineering,Machine Learning Engineer,Machine Learning Engineer,Netherlands,Full-time,False,lukebarousse/data_jobs,4
2064,Data Scientist / Machine Learning Engineer (f/m/div.),Bosch Group,"Abstatt, Germany","Title short: Machine Learning Engineer. Schedule: Full-time. Remote: False. Country: Germany. Skills: keras, python, pytorch, spark, tensorflow.",keras;python;pytorch;spark;tensorflow,ml_engineering,general_ml_engineering,Data Scientist / Machine Learning Engineer (f/m/div.),Machine Learning Engineer,Germany,Full-time,False,lukebarousse/data_jobs,5
2065,Machine Learning Engineer,Team Remotely Inc,Anywhere,"Title short: Machine Learning Engineer. Schedule: Full-time. Remote: True. Country: United States. Skills: c++, hadoop, java, python, pytorch, scikit-learn, spark, tensorflow.",c++;hadoop;java;python;pytorch;scikit-learn;spark;tensorflow,ml_engineering,general_ml_engineering,Machine Learning Engineer,Machine Learning Engineer,United States,Full-time,True,lukebarousse/data_jobs,8
2066,Senior NLP Engineer,"Svitla Systems, Inc.","Kyiv, Ukraine","Title short: Machine Learning Engineer. Schedule: Full-time. Remote: False. Country: Ukraine. Skills: aws, docker, keras, python, pytorch, scikit-learn, tensorflow.",aws;docker;keras;python;pytorch;scikit-learn;tensorflow,ml_engineering,general_ml_engineering,Senior NLP Engineer,Machine Learning Engineer,Ukraine,Full-time,False,lukebarousse/data_jobs,7
2067,Machine Learning Engineer,Docler Holding,Luxembourg,"Title short: Machine Learning Engineer. Schedule: Full-time. Remote: False. Country: Luxembourg. Skills: python, pytorch, scikit-learn, tensorflow.",python;pytorch;scikit-learn;tensorflow,ml_engineering,general_ml_engineering,Machine Learning Engineer,Machine Learning Engineer,Luxembourg,Full-time,False,lukebarousse/data_jobs,4
2068,Data And Machine Learning Engineer,Acxiom,"Heroica Veracruz, Ver., Mexico","Title short: Machine Learning Engineer. Schedule: Full-time. Remote: False. Country: Mexico. Skills: hadoop, python, r, sas, sql, tableau.",hadoop;python;r;sas;sql;tableau,ml_engineering,general_ml_engineering,Data And Machine Learning Engineer,Machine Learning Engineer,Mexico,Full-time,False,lukebarousse/data_jobs,6
2069,Solution Architect within Advanced Analytics,SmartGeeks Consulting AB,Sweden,"Title short: Machine Learning Engineer. Schedule: Full-time. Remote: False. Country: Sweden. Skills: angular, azure.",angular;azure,ml_engineering,general_ml_engineering,Solution Architect within Advanced Analytics,Machine Learning Engineer,Sweden,Full-time,False,lukebarousse/data_jobs,2
2070,Senior ML NLP Engineer,AI REV LLC,"Warsaw, Poland","Title short: Machine Learning Engineer. Schedule: Part-time. Remote: False. Country: Poland. Skills: aws, django, docker, flask, git, keras, python, pytorch, scikit-learn, tensorflow, vue.",aws;django;docker;flask;git;keras;python;pytorch;scikit-learn;tensorflow;vue,ml_engineering,general_ml_engineering,Senior ML NLP Engineer,Machine Learning Engineer,Poland,Part-time,False,lukebarousse/data_jobs,11
2071,Machine Learning Engineer,Senarios Pvt Ltd,"Lahore, Pakistan","Title short: Machine Learning Engineer. Schedule: Full-time. Remote: False. Country: Pakistan. Skills: nltk, python, pytorch, scikit-learn, tensorflow.",nltk;python;pytorch;scikit-learn;tensorflow,ml_engineering,general_ml_engineering,Machine Learning Engineer,Machine Learning Engineer,Pakistan,Full-time,False,lukebarousse/data_jobs,5
2072,ML Engineer,Эрливидео,"Moscow, Russia","Title short: Machine Learning Engineer. Schedule: Full-time. Remote: False. Country: Russia. Skills: c++, django, docker, flask, git, github, gitlab, linux, numpy, python, sql.",c++;django;docker;flask;git;github;gitlab;linux;numpy;python;sql,ml_engineering,general_ml_engineering,ML Engineer,Machine Learning Engineer,Russia,Full-time,False,lukebarousse/data_jobs,11
2073,Lead Data Scientist - Machine Learning Engineer,CVS Health,"New York, NY","Title short: Machine Learning Engineer. Schedule: Full-time. Remote: False. Country: United States. Skills: python, sql.",python;sql,ml_engineering,general_ml_engineering,Lead Data Scientist - Machine Learning Engineer,Machine Learning Engineer,United States,Full-time,False,lukebarousse/data_jobs,2
2074,Дата-инженер (группа мониторинга платформы данных),Mediascope,"Moscow, Russia","Title short: Machine Learning Engineer. Schedule: Full-time. Remote: False. Country: Russia. Skills: airflow, hadoop, python, scala, sql.",airflow;hadoop;python;scala;sql,ml_engineering,general_ml_engineering,Дата-инженер (группа мониторинга платформы данных),Machine Learning Engineer,Russia,Full-time,False,lukebarousse/data_jobs,5
2075,Machine Learning Engineer,Predicto,"Moscow, Russia","Title short: Machine Learning Engineer. Schedule: Full-time. Remote: False. Country: Russia. Skills: python, spark, sql.",python;spark;sql,ml_engineering,general_ml_engineering,Machine Learning Engineer,Machine Learning Engineer,Russia,Full-time,False,lukebarousse/data_jobs,3
2076,Machine Learning Engineer,Cafu,"Beirut, Lebanon","Title short: Machine Learning Engineer. Schedule: Full-time. Remote: False. Country: Lebanon. Skills: aws, python, pytorch.",aws;python;pytorch,ml_engineering,general_ml_engineering,Machine Learning Engineer,Machine Learning Engineer,Lebanon,Full-time,False,lukebarousse/data_jobs,3
2077,Senior Machine Learning Engineer (15617) Canada (Remote),Getty Images,Anywhere,"Title short: Machine Learning Engineer. Schedule: Full-time. Remote: True. Country: Canada. Skills: aws, bash, c#, docker, gitlab, java, kafka, python, ruby, spark, splunk, tensorflow.",aws;bash;c#;docker;gitlab;java;kafka;python;ruby;spark;splunk;tensorflow,ml_engineering,general_ml_engineering,Senior Machine Learning Engineer (15617) Canada (Remote),Machine Learning Engineer,Canada,Full-time,True,lukebarousse/data_jobs,12
2078,Machine Learning Engineer - Property,Robert Walters,Hong Kong,"Title short: Machine Learning Engineer. Schedule: Full-time. Remote: False. Country: Hong Kong. Skills: python, sql.",python;sql,ml_engineering,general_ml_engineering,Machine Learning Engineer - Property,Machine Learning Engineer,Hong Kong,Full-time,False,lukebarousse/data_jobs,2
2079,Senior Machine Learning Engineer,SmartRecruiters Inc,Poland,"Title short: Machine Learning Engineer. Schedule: Full-time. Remote: False. Country: Poland. Skills: python, pytorch, tensorflow.",python;pytorch;tensorflow,ml_engineering,general_ml_engineering,Senior Machine Learning Engineer,Machine Learning Engineer,Poland,Full-time,False,lukebarousse/data_jobs,3
2080,Python Developer / ML Engineer,hubQuest,Anywhere,"Title short: Machine Learning Engineer. Schedule: Full-time. Remote: True. Country: Poland. Skills: azure, databricks, go, hadoop, pyspark, python, spark, sql.",azure;databricks;go;hadoop;pyspark;python;spark;sql,ml_engineering,general_ml_engineering,Python Developer / ML Engineer,Machine Learning Engineer,Poland,Full-time,True,lukebarousse/data_jobs,8
2081,Senior Data Scientist / Machine Learning Engineer (m/f/d),HeyJobs GmbH,"Berlin, Germany","Title short: Machine Learning Engineer. Schedule: Full-time. Remote: False. Country: Germany. Skills: airflow, aws, docker, git, jupyter, pandas, python, pytorch, sql.",airflow;aws;docker;git;jupyter;pandas;python;pytorch;sql,ml_engineering,general_ml_engineering,Senior Data Scientist / Machine Learning Engineer (m/f/d),Machine Learning Engineer,Germany,Full-time,False,lukebarousse/data_jobs,9
2082,Senior Data Scientist (Machine Learning Engineer),Walmart,"Dallas, TX","Title short: Senior Data Scientist. Schedule: Full-time. Remote: False. Country: United States. Skills: docker, kubernetes, python, pytorch, r, scala, spark, tensorflow.",docker;kubernetes;python;pytorch;r;scala;spark;tensorflow,ml_engineering,general_ml_engineering,Senior Data Scientist (Machine Learning Engineer),Senior Data Scientist,United States,Full-time,False,lukebarousse/data_jobs,8
2083,AI/ML Engineer (L3/L4),Gather,"San Francisco, CA","Title short: Machine Learning Engineer. Schedule: Full-time. Remote: False. Country: United States. Skills: c++, java, python.",c++;java;python,ml_engineering,general_ml_engineering,AI/ML Engineer (L3/L4),Machine Learning Engineer,United States,Full-time,False,lukebarousse/data_jobs,3
2084,Data Scientist / Machine Learning Engineer - Contract to Hire,Upwork,Anywhere,"Title short: Machine Learning Engineer. Schedule: Contractor and Temp work. Remote: True. Country: United States. Skills: gcp, go, python.",gcp;go;python,ml_engineering,general_ml_engineering,Data Scientist / Machine Learning Engineer - Contract to Hire,Machine Learning Engineer,United States,Contractor and Temp work,True,lukebarousse/data_jobs,3
2085,Senior Machine Learning Engineer,VCC Link,Philippines,"Title short: Machine Learning Engineer. Schedule: nan. Remote: False. Country: Philippines. Skills: numpy, pandas, php, python, r, scala.",numpy;pandas;php;python;r;scala,ml_engineering,general_ml_engineering,Senior Machine Learning Engineer,Machine Learning Engineer,Philippines,,False,lukebarousse/data_jobs,6
2086,Junior/ Middle Machine Learning Engineer,UPSKILLS PTE. LTD.,Singapore,"Title short: Machine Learning Engineer. Schedule: Full-time. Remote: False. Country: Singapore. Skills: angular, aws, azure, docker, gcp, git, hadoop, java, jenkins, kafka, kubernetes, linux, python, r, sql.",angular;aws;azure;docker;gcp;git;hadoop;java;jenkins;kafka;kubernetes;linux;python;r;sql,ml_engineering,general_ml_engineering,Junior/ Middle Machine Learning Engineer,Machine Learning Engineer,Singapore,Full-time,False,lukebarousse/data_jobs,15
2087,Machine Learning Engineer,VA Locator,Anywhere,"Title short: Machine Learning Engineer. Schedule: Full-time. Remote: True. Country: Venezuela. Skills: numpy, opencv, python, pytorch, tensorflow.",numpy;opencv;python;pytorch;tensorflow,ml_engineering,general_ml_engineering,Machine Learning Engineer,Machine Learning Engineer,Venezuela,Full-time,True,lukebarousse/data_jobs,5
2088,Automation Engineer,NTT,"Valencia, Spain","Title short: Machine Learning Engineer. Schedule: Full-time. Remote: False. Country: Spain. Skills: angular, asp.net, asp.net core, bitbucket, c#, drupal, git, javascript, jira, jquery, linux, ms access, mysql, oracle, powershell, python, react, sharepoint, sql, sql server.",angular;asp.net;asp.net core;bitbucket;c#;drupal;git;javascript;jira;jquery;linux;ms access;mysql;oracle;powershell;python;react;sharepoint;sql;sql server,ml_engineering,general_ml_engineering,Automation Engineer,Machine Learning Engineer,Spain,Full-time,False,lukebarousse/data_jobs,20
2089,Senior Machine Learning Engineer,Extreme Networks,"Toronto, ON, Canada","Title short: Machine Learning Engineer. Schedule: Full-time. Remote: False. Country: Canada. Skills: neo4j, python, pytorch, scikit-learn, tensorflow.",neo4j;python;pytorch;scikit-learn;tensorflow,ml_engineering,general_ml_engineering,Senior Machine Learning Engineer,Machine Learning Engineer,Canada,Full-time,False,lukebarousse/data_jobs,5
2090,GIS/EO Machine Learning Scientist,Irish Centre for High-End Computing (ICHEC),"Dublin, Ireland","Title short: Machine Learning Engineer. Schedule: Full-time. Remote: False. Country: Ireland. Skills: python, r.",python;r,ml_engineering,general_ml_engineering,GIS/EO Machine Learning Scientist,Machine Learning Engineer,Ireland,Full-time,False,lukebarousse/data_jobs,2
2091,Huxley Associates Belgium - ML Ops Engineer,Huxley Associates Belgium,"Brussels, Belgium","Title short: Machine Learning Engineer. Schedule: Full-time. Remote: False. Country: Belgium. Skills: docker, git, kubernetes, linux, python.",docker;git;kubernetes;linux;python,ml_engineering,mlops,Huxley Associates Belgium - ML Ops Engineer,Machine Learning Engineer,Belgium,Full-time,False,lukebarousse/data_jobs,5
2092,Junior ML / AI Engineer (initiativ),talentbase.tech,Anywhere,"Title short: Machine Learning Engineer. Schedule: Full-time. Remote: True. Country: Austria. Skills: python, pytorch, tensorflow.",python;pytorch;tensorflow,ml_engineering,general_ml_engineering,Junior ML / AI Engineer (initiativ),Machine Learning Engineer,Austria,Full-time,True,lukebarousse/data_jobs,3
2093,Machine Learning Engineer,OpenX,"Kraków, Poland","Title short: Machine Learning Engineer. Schedule: Full-time. Remote: False. Country: Poland. Skills: gcp, golang, java, python, pytorch, sql, tensorflow.",gcp;golang;java;python;pytorch;sql;tensorflow,ml_engineering,general_ml_engineering,Machine Learning Engineer,Machine Learning Engineer,Poland,Full-time,False,lukebarousse/data_jobs,7
2094,Machine Learning Engineer,Korentec Technologies,"Ra'anana, Israel","Title short: Machine Learning Engineer. Schedule: Full-time. Remote: False. Country: Israel. Skills: aws, python.",aws;python,ml_engineering,general_ml_engineering,Machine Learning Engineer,Machine Learning Engineer,Israel,Full-time,False,lukebarousse/data_jobs,2
2095,Middle MLOps Engineer (Python Developer),Неофлекс,Anywhere,"Title short: Machine Learning Engineer. Schedule: Full-time. Remote: True. Country: Russia. Skills: airflow, aws, azure, cassandra, docker, fastapi, flask, flow, gcp, git, jenkins, kubernetes, linux, postgresql, python, pytorch, scikit-learn, tensorflow, ubuntu.",airflow;aws;azure;cassandra;docker;fastapi;flask;flow;gcp;git;jenkins;kubernetes;linux;postgresql;python;pytorch;scikit-learn;tensorflow;ubuntu,ml_engineering,mlops,Middle MLOps Engineer (Python Developer),Machine Learning Engineer,Russia,Full-time,True,lukebarousse/data_jobs,19
2096,Machine Learning Engineer,illimity Bank S.p.A.,"Faenza, Province of Ravenna, Italy","Title short: Machine Learning Engineer. Schedule: Full-time. Remote: False. Country: Italy. Skills: dynamodb, mongodb, mysql, nosql, postgresql, redshift, snowflake.",dynamodb;mongodb;mysql;nosql;postgresql;redshift;snowflake,ml_engineering,general_ml_engineering,Machine Learning Engineer,Machine Learning Engineer,Italy,Full-time,False,lukebarousse/data_jobs,7
2097,AI Scientist,TMC,"Eindhoven, Netherlands","Title short: Machine Learning Engineer. Schedule: Contractor. Remote: False. Country: Netherlands. Skills: flow, python, pytorch, tensorflow.",flow;python;pytorch;tensorflow,ml_engineering,general_ml_engineering,AI Scientist,Machine Learning Engineer,Netherlands,Contractor,False,lukebarousse/data_jobs,4
2098,"Staff Engineer, Machine Learning",ecobee,Anywhere,"Title short: Machine Learning Engineer. Schedule: Full-time. Remote: True. Country: Canada. Skills: keras, python, pytorch, spark, tensorflow.",keras;python;pytorch;spark;tensorflow,ml_engineering,general_ml_engineering,"Staff Engineer, Machine Learning",Machine Learning Engineer,Canada,Full-time,True,lukebarousse/data_jobs,5
2099,Machine Learning Engineer,Eudinamis S.r.l.,"Rimini, Province of Rimini, Italy","Title short: Machine Learning Engineer. Schedule: Full-time. Remote: False. Country: Italy. Skills: aws, c, c++, excel, java, php, python, sql.",aws;c;c++;excel;java;php;python;sql,ml_engineering,general_ml_engineering,Machine Learning Engineer,Machine Learning Engineer,Italy,Full-time,False,lukebarousse/data_jobs,8
2100,ML Engineer,Toss Bank(토스뱅크),"Seoul, South Korea","Title short: Machine Learning Engineer. Schedule: Full-time. Remote: False. Country: South Korea. Skills: hadoop, kafka, python, sql.",hadoop;kafka;python;sql,ml_engineering,general_ml_engineering,ML Engineer,Machine Learning Engineer,South Korea,Full-time,False,lukebarousse/data_jobs,4
2101,ML engineer (middle\senior),USETECH,"Moscow, Russia","Title short: Machine Learning Engineer. Schedule: Full-time. Remote: False. Country: Russia. Skills: docker, fastapi, git, kafka, linux, postgresql, python.",docker;fastapi;git;kafka;linux;postgresql;python,ml_engineering,general_ml_engineering,ML engineer (middle\senior),Machine Learning Engineer,Russia,Full-time,False,lukebarousse/data_jobs,7
2102,Senior Machine Learning Engineer/Analyst,United Nations Economic and Social Commission for Western Asia,"Beirut, Lebanon","Title short: Machine Learning Engineer. Schedule: Full-time. Remote: False. Country: Lebanon. Skills: aws, azure, git, hadoop, python, pytorch, r, scikit-learn, spark, sql, tensorflow.",aws;azure;git;hadoop;python;pytorch;r;scikit-learn;spark;sql;tensorflow,ml_engineering,general_ml_engineering,Senior Machine Learning Engineer/Analyst,Machine Learning Engineer,Lebanon,Full-time,False,lukebarousse/data_jobs,11
2103,(Senior) MLOPS Engineer,Segula Technologies,Abu Dhabi - United Arab Emirates,"Title short: Machine Learning Engineer. Schedule: Full-time. Remote: False. Country: United Arab Emirates. Skills: c++, java, linux, python, pytorch, spark, tensorflow.",c++;java;linux;python;pytorch;spark;tensorflow,ml_engineering,mlops,(Senior) MLOPS Engineer,Machine Learning Engineer,United Arab Emirates,Full-time,False,lukebarousse/data_jobs,7
2104,Machine Learning Engineer,Pernod Ricard,"Paris, France","Title short: Machine Learning Engineer. Schedule: Full-time. Remote: False. Country: France. Skills: azure, docker, java, pandas, python, pytorch, scala, scikit-learn.",azure;docker;java;pandas;python;pytorch;scala;scikit-learn,ml_engineering,general_ml_engineering,Machine Learning Engineer,Machine Learning Engineer,France,Full-time,False,lukebarousse/data_jobs,8
2105,Senior ML Engineer,Entropik,"Bengaluru, Karnataka, India","Title short: Machine Learning Engineer. Schedule: Full-time. Remote: False. Country: India. Skills: aws, c++, git, keras, matplotlib, numpy, opencv, pandas, python, tensorflow.",aws;c++;git;keras;matplotlib;numpy;opencv;pandas;python;tensorflow,ml_engineering,general_ml_engineering,Senior ML Engineer,Machine Learning Engineer,India,Full-time,False,lukebarousse/data_jobs,10
2106,ML Engineer,iOLAP,Anywhere,"Title short: Machine Learning Engineer. Schedule: Full-time. Remote: True. Country: Mexico. Skills: aws, azure, databricks, git, keras, python, pytorch, sql, tensorflow.",aws;azure;databricks;git;keras;python;pytorch;sql;tensorflow,ml_engineering,general_ml_engineering,ML Engineer,Machine Learning Engineer,Mexico,Full-time,True,lukebarousse/data_jobs,9
2107,Data Analytics and Machine Learning Engineer,Network IT,"Centurion, South Africa","Title short: Machine Learning Engineer. Schedule: Full-time. Remote: False. Country: South Africa. Skills: matlab, python, sql.",matlab;python;sql,ml_engineering,general_ml_engineering,Data Analytics and Machine Learning Engineer,Machine Learning Engineer,South Africa,Full-time,False,lukebarousse/data_jobs,3
2108,ML OPs Engineer,Cognitive AI,Anywhere,"Title short: Machine Learning Engineer. Schedule: Full-time. Remote: True. Country: Canada. Skills: aws, codecommit.",aws;codecommit,ml_engineering,mlops,ML OPs Engineer,Machine Learning Engineer,Canada,Full-time,True,lukebarousse/data_jobs,2
2109,Customer Engineering Specialist Generative AI Mandarin English,Expoint,Taiwan,"Title short: Machine Learning Engineer. Schedule: Contractor. Remote: False. Country: Taiwan. Skills: pytorch, tensorflow.",pytorch;tensorflow,ml_engineering,general_ml_engineering,Customer Engineering Specialist Generative AI Mandarin English,Machine Learning Engineer,Taiwan,Contractor,False,lukebarousse/data_jobs,2
2110,AI/ML Engineer,Systematic A/S,"Aarhus, Denmark","Title short: Machine Learning Engineer. Schedule: Full-time. Remote: False. Country: Denmark. Skills: excel, python.",excel;python,ml_engineering,general_ml_engineering,AI/ML Engineer,Machine Learning Engineer,Denmark,Full-time,False,lukebarousse/data_jobs,2
2111,Data Scientist / Machine Learning Engineer - Remote,Ekinox,Anywhere,"Title short: Machine Learning Engineer. Schedule: Full-time. Remote: True. Country: France. Skills: pytorch, scikit-learn, tensorflow.",pytorch;scikit-learn;tensorflow,ml_engineering,general_ml_engineering,Data Scientist / Machine Learning Engineer - Remote,Machine Learning Engineer,France,Full-time,True,lukebarousse/data_jobs,3
2112,Senior Machine Learning Engineer,Lever,France,"Title short: Machine Learning Engineer. Schedule: Full-time. Remote: False. Country: France. Skills: aws, clojure, github, jenkins, kafka, kubernetes, linux, terraform.",aws;clojure;github;jenkins;kafka;kubernetes;linux;terraform,ml_engineering,general_ml_engineering,Senior Machine Learning Engineer,Machine Learning Engineer,France,Full-time,False,lukebarousse/data_jobs,8
2113,Senior Data/ML Engineer to Advanced Analytics and AI Department,Handelsbanken,"Stockholm, Sweden","Title short: Senior Data Engineer. Schedule: Full-time. Remote: False. Country: Sweden. Skills: azure, linux, python, spark, sql.",azure;linux;python;spark;sql,ml_engineering,general_ml_engineering,Senior Data/ML Engineer to Advanced Analytics and AI Department,Senior Data Engineer,Sweden,Full-time,False,lukebarousse/data_jobs,5
2114,Senior Machine Learning Engineer,Liquidity Group,Abu Dhabi - United Arab Emirates,"Title short: Machine Learning Engineer. Schedule: Full-time. Remote: False. Country: United Arab Emirates. Skills: python, sql.",python;sql,ml_engineering,general_ml_engineering,Senior Machine Learning Engineer,Machine Learning Engineer,United Arab Emirates,Full-time,False,lukebarousse/data_jobs,2
2115,Machine Learning Engineer,Workday,"Pune, Maharashtra, India","Title short: Machine Learning Engineer. Schedule: Full-time. Remote: False. Country: India. Skills: databricks, mysql, pandas, python, spark.",databricks;mysql;pandas;python;spark,ml_engineering,general_ml_engineering,Machine Learning Engineer,Machine Learning Engineer,India,Full-time,False,lukebarousse/data_jobs,5
2116,Machine Learning + Ai Engineer,Tekton Labs,"Buenos Aires, Argentina","Title short: Machine Learning Engineer. Schedule: Full-time. Remote: False. Country: Argentina. Skills: angular, aws, ionic, mysql, node.js.",angular;aws;ionic;mysql;node.js,ml_engineering,general_ml_engineering,Machine Learning + Ai Engineer,Machine Learning Engineer,Argentina,Full-time,False,lukebarousse/data_jobs,5
2117,Machine Learning Engineer,Motopay,"Lagos, Nigeria","Title short: Machine Learning Engineer. Schedule: Full-time. Remote: False. Country: Nigeria. Skills: aws, gcp, pytorch, scikit-learn, tensorflow.",aws;gcp;pytorch;scikit-learn;tensorflow,ml_engineering,general_ml_engineering,Machine Learning Engineer,Machine Learning Engineer,Nigeria,Full-time,False,lukebarousse/data_jobs,5
2118,Machine Learning Engineer (ML Engineer),Ashley Grove Blu Analytics,"Münster, Germany","Title short: Machine Learning Engineer. Schedule: Full-time. Remote: False. Country: Germany. Skills: c++, java, python.",c++;java;python,ml_engineering,general_ml_engineering,Machine Learning Engineer (ML Engineer),Machine Learning Engineer,Germany,Full-time,False,lukebarousse/data_jobs,3
2119,Machine Learning Engineer,Encora,"Mexico City, CDMX, Mexico","Title short: Machine Learning Engineer. Schedule: Full-time. Remote: False. Country: Mexico. Skills: aws, azure, gcp, numpy, pandas, python, scikit-learn, sql.",aws;azure;gcp;numpy;pandas;python;scikit-learn;sql,ml_engineering,general_ml_engineering,Machine Learning Engineer,Machine Learning Engineer,Mexico,Full-time,False,lukebarousse/data_jobs,8
2120,Machine Learning Engineer,Alef Education,Abu Dhabi - United Arab Emirates,"Title short: Machine Learning Engineer. Schedule: Full-time. Remote: False. Country: United Arab Emirates. Skills: aws, cassandra, java, jupyter, kafka, keras, mxnet, nltk, nosql, python, pytorch, r, scala, scikit-learn, spark, tensorflow.",aws;cassandra;java;jupyter;kafka;keras;mxnet;nltk;nosql;python;pytorch;r;scala;scikit-learn;spark;tensorflow,ml_engineering,general_ml_engineering,Machine Learning Engineer,Machine Learning Engineer,United Arab Emirates,Full-time,False,lukebarousse/data_jobs,16
2121,ML Engineer,«UZUM TECHNOLOGIES».,Anywhere,"Title short: Machine Learning Engineer. Schedule: Full-time. Remote: True. Country: Russia. Skills: airflow, elasticsearch, matplotlib, numpy, pandas, postgresql, python, spark, sql.",airflow;elasticsearch;matplotlib;numpy;pandas;postgresql;python;spark;sql,ml_engineering,general_ml_engineering,ML Engineer,Machine Learning Engineer,Russia,Full-time,True,lukebarousse/data_jobs,9
2122,ML Engineering Team Lead,Convizit,"Tel Aviv-Yafo, Israel","Title short: Machine Learning Engineer. Schedule: Full-time. Remote: False. Country: Israel. Skills: aws, nosql, python, sql.",aws;nosql;python;sql,ml_engineering,general_ml_engineering,ML Engineering Team Lead,Machine Learning Engineer,Israel,Full-time,False,lukebarousse/data_jobs,4
2123,Machine Learning Engineer,"Workday, Inc.","Copenhagen, Denmark","Title short: Machine Learning Engineer. Schedule: Full-time. Remote: False. Country: Denmark. Skills: aws, numpy, pandas, python, pytorch, tensorflow.",aws;numpy;pandas;python;pytorch;tensorflow,ml_engineering,general_ml_engineering,Machine Learning Engineer,Machine Learning Engineer,Denmark,Full-time,False,lukebarousse/data_jobs,6
2124,Project Manager  (AI/ML),Ethika Solutions,West Bengal,"Title short: Machine Learning Engineer. Schedule: Full-time. Remote: False. Country: India. Skills: azure, gcp, sql.",azure;gcp;sql,ml_engineering,general_ml_engineering,Project Manager  (AI/ML),Machine Learning Engineer,India,Full-time,False,lukebarousse/data_jobs,3
2125,Stage ingénieur MLOps (H/F) - Janvier 2024,CHANEL,France,"Title short: Machine Learning Engineer. Schedule: Full-time. Remote: False. Country: France. Skills: aws, azure, databricks, gcp, keras, python, pytorch, scikit-learn, tensorflow.",aws;azure;databricks;gcp;keras;python;pytorch;scikit-learn;tensorflow,ml_engineering,mlops,Stage ingénieur MLOps (H/F) - Janvier 2024,Machine Learning Engineer,France,Full-time,False,lukebarousse/data_jobs,9
2126,Junior Machine Learning Engineer,United Nations Economic and Social Commission for Western Asia,"Beirut, Lebanon","Title short: Machine Learning Engineer. Schedule: Full-time. Remote: False. Country: Lebanon. Skills: aws, azure, python, r, sql, windows.",aws;azure;python;r;sql;windows,ml_engineering,general_ml_engineering,Junior Machine Learning Engineer,Machine Learning Engineer,Lebanon,Full-time,False,lukebarousse/data_jobs,6
2127,Sr ML Engineer,SLB,"Bogotá, Bogota, Colombia","Title short: Machine Learning Engineer. Schedule: Full-time. Remote: False. Country: Colombia. Skills: azure, python, sap.",azure;python;sap,ml_engineering,general_ml_engineering,Sr ML Engineer,Machine Learning Engineer,Colombia,Full-time,False,lukebarousse/data_jobs,3
2128,Consultant ETL (H/F),CITECH,"Paris, France","Title short: Machine Learning Engineer. Schedule: Full-time. Remote: False. Country: France. Skills: confluence, oracle, sql, sql server.",confluence;oracle;sql;sql server,ml_engineering,general_ml_engineering,Consultant ETL (H/F),Machine Learning Engineer,France,Full-time,False,lukebarousse/data_jobs,4
2129,Machine Learning Engineer,Deltatre,Italy,"Title short: Machine Learning Engineer. Schedule: Full-time. Remote: False. Country: Italy. Skills: azure, c#, c++, keras, kubernetes, python, pytorch, scikit-learn, tensorflow, watson.",azure;c#;c++;keras;kubernetes;python;pytorch;scikit-learn;tensorflow;watson,ml_engineering,general_ml_engineering,Machine Learning Engineer,Machine Learning Engineer,Italy,Full-time,False,lukebarousse/data_jobs,10
2130,Machine Learning Engineer / Data Scientist - Google Cloud (all...,adesso SE,"Rostock, Germany","Title short: Machine Learning Engineer. Schedule: Full-time. Remote: False. Country: Germany. Skills: go, java, linux, node.js, python, pytorch, scikit-learn, tensorflow.",go;java;linux;node.js;python;pytorch;scikit-learn;tensorflow,ml_engineering,general_ml_engineering,Machine Learning Engineer / Data Scientist - Google Cloud (all...,Machine Learning Engineer,Germany,Full-time,False,lukebarousse/data_jobs,8
2131,Machine Learning Engineer,Rijk Zwaan,"De Lier, Netherlands","Title short: Machine Learning Engineer. Schedule: Full-time. Remote: False. Country: Netherlands. Skills: azure, docker, linux, python.",azure;docker;linux;python,ml_engineering,general_ml_engineering,Machine Learning Engineer,Machine Learning Engineer,Netherlands,Full-time,False,lukebarousse/data_jobs,4
2132,Senior Machine Learning Engineer(Remote),Allergan Data Labs,Anywhere,"Title short: Machine Learning Engineer. Schedule: Full-time. Remote: True. Country: United States. Skills: aws, azure, docker, git, nosql, pandas, python, scikit-learn, spark, sql.",aws;azure;docker;git;nosql;pandas;python;scikit-learn;spark;sql,ml_engineering,general_ml_engineering,Senior Machine Learning Engineer(Remote),Machine Learning Engineer,United States,Full-time,True,lukebarousse/data_jobs,10
2133,Machine Learning Engineer,Arrive Logistics,"Guadalajara, Jalisco, Mexico","Title short: Machine Learning Engineer. Schedule: Full-time. Remote: False. Country: Mexico. Skills: aws, azure, gcp, python, sql.",aws;azure;gcp;python;sql,ml_engineering,general_ml_engineering,Machine Learning Engineer,Machine Learning Engineer,Mexico,Full-time,False,lukebarousse/data_jobs,5
2134,Data/ML Engineer,Culture Guru,United Kingdom,"Title short: Data Engineer. Schedule: Full-time. Remote: False. Country: United Kingdom. Skills: aws, azure, docker, kubernetes, python.",aws;azure;docker;kubernetes;python,ml_engineering,general_ml_engineering,Data/ML Engineer,Data Engineer,United Kingdom,Full-time,False,lukebarousse/data_jobs,5
2135,Machine Learning Engineer,Planet Pharma,"İstanbul, Türkiye","Title short: Machine Learning Engineer. Schedule: Full-time. Remote: False. Country: Turkey. Skills: c++, keras, python, pytorch, tensorflow.",c++;keras;python;pytorch;tensorflow,ml_engineering,general_ml_engineering,Machine Learning Engineer,Machine Learning Engineer,Turkey,Full-time,False,lukebarousse/data_jobs,5
2136,Machine Learning Engineer,ZipRecruiter,"Tel Aviv-Yafo, Israel","Title short: Machine Learning Engineer. Schedule: Full-time. Remote: False. Country: Israel. Skills: aws, java, linux, nltk, python, scala, scikit-learn, tensorflow.",aws;java;linux;nltk;python;scala;scikit-learn;tensorflow,ml_engineering,general_ml_engineering,Machine Learning Engineer,Machine Learning Engineer,Israel,Full-time,False,lukebarousse/data_jobs,8
2137,Machine Learning Engineer,Stellantis,Anywhere,"Title short: Machine Learning Engineer. Schedule: Full-time. Remote: True. Country: Poland. Skills: aws, databricks, docker, kubernetes, pyspark, python, r, scala, scikit-learn, shell, sql.",aws;databricks;docker;kubernetes;pyspark;python;r;scala;scikit-learn;shell;sql,ml_engineering,general_ml_engineering,Machine Learning Engineer,Machine Learning Engineer,Poland,Full-time,True,lukebarousse/data_jobs,11
2138,Junior Machine Learning Engineer,Phoenix Recruitment LLC,Anywhere,"Title short: Machine Learning Engineer. Schedule: Full-time. Remote: True. Country: United States. Skills: c++, hadoop, java, phoenix, python, pytorch, scikit-learn, spark, tensorflow.",c++;hadoop;java;phoenix;python;pytorch;scikit-learn;spark;tensorflow,ml_engineering,general_ml_engineering,Junior Machine Learning Engineer,Machine Learning Engineer,United States,Full-time,True,lukebarousse/data_jobs,9
2139,Software Engineer (MLOps),Nexthink,"Lausanne, Switzerland","Title short: Software Engineer. Schedule: Full-time. Remote: False. Country: Switzerland. Skills: aws, docker, java, kubernetes, python.",aws;docker;java;kubernetes;python,ml_engineering,mlops,Software Engineer (MLOps),Software Engineer,Switzerland,Full-time,False,lukebarousse/data_jobs,5
2140,Machine Learning Engineer,Sardine,Anywhere,"Title short: Machine Learning Engineer. Schedule: Full-time. Remote: True. Country: Canada. Skills: aws, azure, docker, gcp, go, java, kubernetes, python, sql, terraform, typescript.",aws;azure;docker;gcp;go;java;kubernetes;python;sql;terraform;typescript,ml_engineering,general_ml_engineering,Machine Learning Engineer,Machine Learning Engineer,Canada,Full-time,True,lukebarousse/data_jobs,11
2141,Engageret DevOps Engineer til videreudvikling af Machine Learning...,Udviklings- og Forenklingsstyrelsen,"Copenhagen, Denmark","Title short: Machine Learning Engineer. Schedule: Full-time. Remote: False. Country: Denmark. Skills: ansible, docker, github, jenkins, linux, python, r, sql.",ansible;docker;github;jenkins;linux;python;r;sql,ml_engineering,general_ml_engineering,Engageret DevOps Engineer til videreudvikling af Machine Learning...,Machine Learning Engineer,Denmark,Full-time,False,lukebarousse/data_jobs,8
2142,Machine Learning Engineer,Deliveroo,India,"Title short: Machine Learning Engineer. Schedule: Full-time. Remote: False. Country: India. Skills: aws, pytorch.",aws;pytorch,ml_engineering,general_ml_engineering,Machine Learning Engineer,Machine Learning Engineer,India,Full-time,False,lukebarousse/data_jobs,2
2143,Machine Learning Engineer (Mid/Senior),OpenBet,"Athens, Greece","Title short: Machine Learning Engineer. Schedule: Full-time. Remote: False. Country: Greece. Skills: bitbucket, c#, cassandra, confluence, github, gitlab, go, hadoop, jira, keras, matplotlib, mongodb, numpy, pandas, python, pytorch, qlik, scikit-learn, sql, tableau.",bitbucket;c#;cassandra;confluence;github;gitlab;go;hadoop;jira;keras;matplotlib;mongodb;numpy;pandas;python;pytorch;qlik;scikit-learn;sql;tableau,ml_engineering,general_ml_engineering,Machine Learning Engineer (Mid/Senior),Machine Learning Engineer,Greece,Full-time,False,lukebarousse/data_jobs,20
2144,Senior Machine Learning Engineer - Ads Retrieval,Reddit,"Amsterdam, Netherlands","Title short: Machine Learning Engineer. Schedule: Full-time. Remote: False. Country: Netherlands. Skills: c++, golang, java, python.",c++;golang;java;python,ml_engineering,general_ml_engineering,Senior Machine Learning Engineer - Ads Retrieval,Machine Learning Engineer,Netherlands,Full-time,False,lukebarousse/data_jobs,4
2145,Machine Learning Engineer,Mercor,Anywhere,"Title short: Machine Learning Engineer. Schedule: Full-time. Remote: True. Country: India. Skills: aws, c++, hadoop, java, keras, python, pytorch, scikit-learn, spark, tensorflow.",aws;c++;hadoop;java;keras;python;pytorch;scikit-learn;spark;tensorflow,ml_engineering,general_ml_engineering,Machine Learning Engineer,Machine Learning Engineer,India,Full-time,True,lukebarousse/data_jobs,10
2146,Lead Machine Learning Engineer,Brenntag,"Amsterdam, Netherlands","Title short: Machine Learning Engineer. Schedule: Full-time. Remote: False. Country: Netherlands. Skills: c++, java, python, r, sas, scala, terraform.",c++;java;python;r;sas;scala;terraform,ml_engineering,general_ml_engineering,Lead Machine Learning Engineer,Machine Learning Engineer,Netherlands,Full-time,False,lukebarousse/data_jobs,7
2147,AI/ML Engineer,Remedy Intelligent Staffing,Austria,"Title short: Machine Learning Engineer. Schedule: Full-time. Remote: False. Country: Austria. Skills: aws, hugging face, numpy, pandas, python, pytorch, redshift, scikit-learn, tensorflow.",aws;hugging face;numpy;pandas;python;pytorch;redshift;scikit-learn;tensorflow,ml_engineering,general_ml_engineering,AI/ML Engineer,Machine Learning Engineer,Austria,Full-time,False,lukebarousse/data_jobs,9
2148,Senior MLOps Engineer (100% remote),Datrick,Anywhere,"Title short: Machine Learning Engineer. Schedule: Contractor. Remote: True. Country: Moldova. Skills: airflow, aws, bash, cassandra, docker, flask, jenkins, kafka, keras, kubernetes, mysql, oracle, python, pytorch, scala, scikit-learn, spark, spring, sql, tensorflow.",airflow;aws;bash;cassandra;docker;flask;jenkins;kafka;keras;kubernetes;mysql;oracle;python;pytorch;scala;scikit-learn;spark;spring;sql;tensorflow,ml_engineering,mlops,Senior MLOps Engineer (100% remote),Machine Learning Engineer,Moldova,Contractor,True,lukebarousse/data_jobs,20
2149,MLOps engineer in the field of computer vision,Univrses AB,"Stockholm, Sweden","Title short: Machine Learning Engineer. Schedule: Full-time. Remote: False. Country: Sweden. Skills: aws, bash, docker, flow, git, jenkins, kubernetes, linux, python, pytorch, tensorflow.",aws;bash;docker;flow;git;jenkins;kubernetes;linux;python;pytorch;tensorflow,ml_engineering,mlops,MLOps engineer in the field of computer vision,Machine Learning Engineer,Sweden,Full-time,False,lukebarousse/data_jobs,11
2150,Senior Machine Learning Engineer,noimos ag,"Dietikon, Switzerland","Title short: Machine Learning Engineer. Schedule: Full-time. Remote: False. Country: Switzerland. Skills: docker, gcp, github, numpy, opencv, pandas, python, pytorch, sql.",docker;gcp;github;numpy;opencv;pandas;python;pytorch;sql,ml_engineering,general_ml_engineering,Senior Machine Learning Engineer,Machine Learning Engineer,Switzerland,Full-time,False,lukebarousse/data_jobs,9
2151,Binance Accelerator Program - SRE Engineer (Machine Learning...,Binance,Singapore,"Title short: Machine Learning Engineer. Schedule: Full-time. Remote: False. Country: Singapore. Skills: go, hadoop, java, python, scala, spark, spring.",go;hadoop;java;python;scala;spark;spring,ml_engineering,general_ml_engineering,Binance Accelerator Program - SRE Engineer (Machine Learning...,Machine Learning Engineer,Singapore,Full-time,False,lukebarousse/data_jobs,7
2152,Machine Learning Engineer,ZeroNorth,"Copenhagen, Denmark","Title short: Machine Learning Engineer. Schedule: Full-time. Remote: False. Country: Denmark. Skills: aws, dynamodb, fastapi, github, python, pytorch, scikit-learn.",aws;dynamodb;fastapi;github;python;pytorch;scikit-learn,ml_engineering,general_ml_engineering,Machine Learning Engineer,Machine Learning Engineer,Denmark,Full-time,False,lukebarousse/data_jobs,7
2153,ML Engineer,WalkingTree Technologies,"Hyderabad, Telangana, India   (+2 others)","Title short: Machine Learning Engineer. Schedule: Full-time. Remote: False. Country: India. Skills: c++, java, opencv, python, pytorch.",c++;java;opencv;python;pytorch,ml_engineering,general_ml_engineering,ML Engineer,Machine Learning Engineer,India,Full-time,False,lukebarousse/data_jobs,5
2154,Machine Learning Engineer,Consforc LLC.,"Lahore, Pakistan","Title short: Machine Learning Engineer. Schedule: Full-time. Remote: False. Country: Pakistan. Skills: aws, c++, docker, gcp, java, kubernetes, python, pytorch, tensorflow.",aws;c++;docker;gcp;java;kubernetes;python;pytorch;tensorflow,ml_engineering,general_ml_engineering,Machine Learning Engineer,Machine Learning Engineer,Pakistan,Full-time,False,lukebarousse/data_jobs,9
2155,ML Engineer,Crayon,Anywhere,"Title short: Machine Learning Engineer. Schedule: Full-time. Remote: True. Country: Bulgaria. Skills: aws, azure, gcp, git, jenkins, keras, kubernetes, linux, python, pytorch, scikit-learn.",aws;azure;gcp;git;jenkins;keras;kubernetes;linux;python;pytorch;scikit-learn,ml_engineering,general_ml_engineering,ML Engineer,Machine Learning Engineer,Bulgaria,Full-time,True,lukebarousse/data_jobs,11
2156,NLP Engineer,Larus Technologies,"Ottawa, ON, Canada","Title short: Machine Learning Engineer. Schedule: Full-time. Remote: False. Country: Canada. Skills: azure, docker, gcp, git, hugging face, keras, kubernetes, nltk, python, pytorch, tensorflow.",azure;docker;gcp;git;hugging face;keras;kubernetes;nltk;python;pytorch;tensorflow,ml_engineering,general_ml_engineering,NLP Engineer,Machine Learning Engineer,Canada,Full-time,False,lukebarousse/data_jobs,11
2157,Senior Machine Learning Engineer,ironSource,"Tel Aviv-Yafo, Israel","Title short: Machine Learning Engineer. Schedule: Full-time. Remote: False. Country: Israel. Skills: aws, azure, docker, gcp, kafka, nosql, python, spark, sql, unity.",aws;azure;docker;gcp;kafka;nosql;python;spark;sql;unity,ml_engineering,general_ml_engineering,Senior Machine Learning Engineer,Machine Learning Engineer,Israel,Full-time,False,lukebarousse/data_jobs,10
2158,Freelance Engineer || Solution Architect Azure ML,Pixie Recruitment Services Limited,"Brussels, Belgium","Title short: Machine Learning Engineer. Schedule: Contractor. Remote: False. Country: Belgium. Skills: azure, databricks, docker, express, terraform.",azure;databricks;docker;express;terraform,ml_engineering,general_ml_engineering,Freelance Engineer || Solution Architect Azure ML,Machine Learning Engineer,Belgium,Contractor,False,lukebarousse/data_jobs,5
